INSERT INTO AllowedConnections VALUES ('100000', '123460', '123462', 12346, null);

INSERT INTO Child VALUES ('123462', 'Child1', '1child', '2006-02-02', null, null, '../../Pictures/default.jpg', null);

INSERT INTO ChildcareTransaction VALUES ('1000000000', 'Regular Childcare', '100000', '2014-12-15', '12:00:00', '14:00:00', 20.50);

INSERT INTO AllowedConnections VALUES ('100001', '123460', '123463', 12346, null);

INSERT INTO Child VALUES ('123463', 'Child2', '2child', '2006-02-02', null, null, '../../Pictures/default.jpg', null);

INSERT INTO ChildcareTransaction VALUES ('1000000001', 'Regular Childcare', '100001', '2014-01-13', '12:00:00', '14:00:00', 20.50);

INSERT INTO AllowedConnections VALUES ('100002', '123460', '123464', 12346, null);

INSERT INTO Child VALUES ('123464', 'Child3', '3child', '2006-02-02', null, null, '../../Pictures/default.jpg', null);

INSERT INTO ChildcareTransaction VALUES ('1000000002', 'Regular Childcare', '100002', '2014-04-02', '12:00:00', '14:00:00', 20.50);

INSERT INTO AllowedConnections VALUES ('100003', '123460', '123465', 12346, null);

INSERT INTO Child VALUES ('123465', 'Child4', '4child', '2006-02-02', null, null, '../../Pictures/default.jpg', null);

INSERT INTO ChildcareTransaction VALUES ('1000000003', 'Regular Childcare', '100003', '2014-10-13', '12:00:00', '14:00:00', 20.50);

INSERT INTO Guardian VALUES ('123460', '1234', 'Guardian1', '1guardian', '555-555-5555', 'blah@blah.com', '123 nowhere', null, 'Spokane', 'WA', '99999', '../../Pictures/default.jpg', null);

INSERT INTO Family VALUES ('12346', 42);

INSERT INTO Guardian VALUES ('123461', '1234', 'Guardian21', '12guardian', '555-555-5555', 'blah@blah.com', '123 nowhere', null, 'Spokane', 'WA', '99999', '../../Pictures/default.jpg', null);

INSERT INTO AllowedConnections VALUES ('100004', '123470', '123472', 12347, null);

INSERT INTO Child VALUES ('123472', 'Child5', '5child', '2006-02-02', null, null, '../../Pictures/default.jpg', null);

INSERT INTO ChildcareTransaction VALUES ('1000000004', 'Regular Childcare', '100004', '2014-07-15', '12:00:00', '14:00:00', 20.50);

INSERT INTO AllowedConnections VALUES ('100005', '123470', '123473', 12347, null);

INSERT INTO Child VALUES ('123473', 'Child6', '6child', '2006-02-02', null, null, '../../Pictures/default.jpg', null);

INSERT INTO ChildcareTransaction VALUES ('1000000005', 'Regular Childcare', '100005', '2014-11-15', '12:00:00', '14:00:00', 20.50);

INSERT INTO AllowedConnections VALUES ('100006', '123470', '123474', 12347, null);

INSERT INTO Child VALUES ('123474', 'Child7', '7child', '2006-02-02', null, null, '../../Pictures/default.jpg', null);

INSERT INTO ChildcareTransaction VALUES ('1000000006', 'Regular Childcare', '100006', '2014-05-19', '12:00:00', '14:00:00', 20.50);

INSERT INTO AllowedConnections VALUES ('100007', '123470', '123475', 12347, null);

INSERT INTO Child VALUES ('123475', 'Child8', '8child', '2006-02-02', null, null, '../../Pictures/default.jpg', null);

INSERT INTO ChildcareTransaction VALUES ('1000000007', 'Regular Childcare', '100007', '2014-02-27', '12:00:00', '14:00:00', 20.50);

INSERT INTO Guardian VALUES ('123470', '1234', 'Guardian2', '2guardian', '555-555-5555', 'blah@blah.com', '123 nowhere', null, 'Spokane', 'WA', '99999', '../../Pictures/default.jpg', null);

INSERT INTO Family VALUES ('12347', 42);

INSERT INTO Guardian VALUES ('123471', '1234', 'Guardian22', '22guardian', '555-555-5555', 'blah@blah.com', '123 nowhere', null, 'Spokane', 'WA', '99999', '../../Pictures/default.jpg', null);

INSERT INTO AllowedConnections VALUES ('100008', '123480', '123482', 12348, null);

INSERT INTO Child VALUES ('123482', 'Child9', '9child', '2006-02-02', null, null, '../../Pictures/default.jpg', null);

INSERT INTO ChildcareTransaction VALUES ('1000000008', 'Regular Childcare', '100008', '2014-08-08', '12:00:00', '14:00:00', 20.50);

INSERT INTO AllowedConnections VALUES ('100009', '123480', '123483', 12348, null);

INSERT INTO Child VALUES ('123483', 'Child10', '10child', '2006-02-02', null, null, '../../Pictures/default.jpg', null);

INSERT INTO ChildcareTransaction VALUES ('1000000009', 'Regular Childcare', '100009', '2014-04-15', '12:00:00', '14:00:00', 20.50);

INSERT INTO AllowedConnections VALUES ('100010', '123480', '123484', 12348, null);

INSERT INTO Child VALUES ('123484', 'Child11', '11child', '2006-02-02', null, null, '../../Pictures/default.jpg', null);

INSERT INTO ChildcareTransaction VALUES ('1000000010', 'Regular Childcare', '100010', '2014-07-16', '12:00:00', '14:00:00', 20.50);

INSERT INTO AllowedConnections VALUES ('100011', '123480', '123485', 12348, null);

INSERT INTO Child VALUES ('123485', 'Child12', '12child', '2006-02-02', null, null, '../../Pictures/default.jpg', null);

INSERT INTO ChildcareTransaction VALUES ('1000000011', 'Regular Childcare', '100011', '2014-07-10', '12:00:00', '14:00:00', 20.50);

INSERT INTO Guardian VALUES ('123480', '1234', 'Guardian3', '3guardian', '555-555-5555', 'blah@blah.com', '123 nowhere', null, 'Spokane', 'WA', '99999', '../../Pictures/default.jpg', null);

INSERT INTO Family VALUES ('12348', 42);

INSERT INTO Guardian VALUES ('123481', '1234', 'Guardian23', '32guardian', '555-555-5555', 'blah@blah.com', '123 nowhere', null, 'Spokane', 'WA', '99999', '../../Pictures/default.jpg', null);

INSERT INTO AllowedConnections VALUES ('100012', '123490', '123492', 12349, null);

INSERT INTO Child VALUES ('123492', 'Child13', '13child', '2006-02-02', null, null, '../../Pictures/default.jpg', null);

INSERT INTO ChildcareTransaction VALUES ('1000000012', 'Regular Childcare', '100012', '2014-10-11', '12:00:00', '14:00:00', 20.50);

INSERT INTO AllowedConnections VALUES ('100013', '123490', '123493', 12349, null);

INSERT INTO Child VALUES ('123493', 'Child14', '14child', '2006-02-02', null, null, '../../Pictures/default.jpg', null);

INSERT INTO ChildcareTransaction VALUES ('1000000013', 'Regular Childcare', '100013', '2014-07-19', '12:00:00', '14:00:00', 20.50);

INSERT INTO AllowedConnections VALUES ('100014', '123490', '123494', 12349, null);

INSERT INTO Child VALUES ('123494', 'Child15', '15child', '2006-02-02', null, null, '../../Pictures/default.jpg', null);

INSERT INTO ChildcareTransaction VALUES ('1000000014', 'Regular Childcare', '100014', '2014-03-16', '12:00:00', '14:00:00', 20.50);

INSERT INTO AllowedConnections VALUES ('100015', '123490', '123495', 12349, null);

INSERT INTO Child VALUES ('123495', 'Child16', '16child', '2006-02-02', null, null, '../../Pictures/default.jpg', null);

INSERT INTO ChildcareTransaction VALUES ('1000000015', 'Regular Childcare', '100015', '2014-07-03', '12:00:00', '14:00:00', 20.50);

INSERT INTO Guardian VALUES ('123490', '1234', 'Guardian4', '4guardian', '555-555-5555', 'blah@blah.com', '123 nowhere', null, 'Spokane', 'WA', '99999', '../../Pictures/default.jpg', null);

INSERT INTO Family VALUES ('12349', 42);

INSERT INTO Guardian VALUES ('123491', '1234', 'Guardian24', '42guardian', '555-555-5555', 'blah@blah.com', '123 nowhere', null, 'Spokane', 'WA', '99999', '../../Pictures/default.jpg', null);

INSERT INTO AllowedConnections VALUES ('100016', '123500', '123502', 12350, null);

INSERT INTO Child VALUES ('123502', 'Child17', '17child', '2006-02-02', null, null, '../../Pictures/default.jpg', null);

INSERT INTO ChildcareTransaction VALUES ('1000000016', 'Regular Childcare', '100016', '2014-01-14', '12:00:00', '14:00:00', 20.50);

INSERT INTO AllowedConnections VALUES ('100017', '123500', '123503', 12350, null);

INSERT INTO Child VALUES ('123503', 'Child18', '18child', '2006-02-02', null, null, '../../Pictures/default.jpg', null);

INSERT INTO ChildcareTransaction VALUES ('1000000017', 'Regular Childcare', '100017', '2014-09-15', '12:00:00', '14:00:00', 20.50);

INSERT INTO AllowedConnections VALUES ('100018', '123500', '123504', 12350, null);

INSERT INTO Child VALUES ('123504', 'Child19', '19child', '2006-02-02', null, null, '../../Pictures/default.jpg', null);

INSERT INTO ChildcareTransaction VALUES ('1000000018', 'Regular Childcare', '100018', '2014-09-12', '12:00:00', '14:00:00', 20.50);

INSERT INTO AllowedConnections VALUES ('100019', '123500', '123505', 12350, null);

INSERT INTO Child VALUES ('123505', 'Child20', '20child', '2006-02-02', null, null, '../../Pictures/default.jpg', null);

INSERT INTO ChildcareTransaction VALUES ('1000000019', 'Regular Childcare', '100019', '2014-04-15', '12:00:00', '14:00:00', 20.50);

INSERT INTO Guardian VALUES ('123500', '1234', 'Guardian5', '5guardian', '555-555-5555', 'blah@blah.com', '123 nowhere', null, 'Spokane', 'WA', '99999', '../../Pictures/default.jpg', null);

INSERT INTO Family VALUES ('12350', 42);

INSERT INTO Guardian VALUES ('123501', '1234', 'Guardian25', '52guardian', '555-555-5555', 'blah@blah.com', '123 nowhere', null, 'Spokane', 'WA', '99999', '../../Pictures/default.jpg', null);

INSERT INTO AllowedConnections VALUES ('100020', '123510', '123512', 12351, null);

INSERT INTO Child VALUES ('123512', 'Child21', '21child', '2006-02-02', null, null, '../../Pictures/default.jpg', null);

INSERT INTO ChildcareTransaction VALUES ('1000000020', 'Regular Childcare', '100020', '2014-02-08', '12:00:00', '14:00:00', 20.50);

INSERT INTO AllowedConnections VALUES ('100021', '123510', '123513', 12351, null);

INSERT INTO Child VALUES ('123513', 'Child22', '22child', '2006-02-02', null, null, '../../Pictures/default.jpg', null);

INSERT INTO ChildcareTransaction VALUES ('1000000021', 'Regular Childcare', '100021', '2014-06-27', '12:00:00', '14:00:00', 20.50);

INSERT INTO AllowedConnections VALUES ('100022', '123510', '123514', 12351, null);

INSERT INTO Child VALUES ('123514', 'Child23', '23child', '2006-02-02', null, null, '../../Pictures/default.jpg', null);

INSERT INTO ChildcareTransaction VALUES ('1000000022', 'Regular Childcare', '100022', '2014-03-21', '12:00:00', '14:00:00', 20.50);

INSERT INTO AllowedConnections VALUES ('100023', '123510', '123515', 12351, null);

INSERT INTO Child VALUES ('123515', 'Child24', '24child', '2006-02-02', null, null, '../../Pictures/default.jpg', null);

INSERT INTO ChildcareTransaction VALUES ('1000000023', 'Regular Childcare', '100023', '2014-12-11', '12:00:00', '14:00:00', 20.50);

INSERT INTO Guardian VALUES ('123510', '1234', 'Guardian6', '6guardian', '555-555-5555', 'blah@blah.com', '123 nowhere', null, 'Spokane', 'WA', '99999', '../../Pictures/default.jpg', null);

INSERT INTO Family VALUES ('12351', 42);

INSERT INTO Guardian VALUES ('123511', '1234', 'Guardian26', '62guardian', '555-555-5555', 'blah@blah.com', '123 nowhere', null, 'Spokane', 'WA', '99999', '../../Pictures/default.jpg', null);

INSERT INTO AllowedConnections VALUES ('100024', '123520', '123522', 12352, null);

INSERT INTO Child VALUES ('123522', 'Child25', '25child', '2006-02-02', null, null, '../../Pictures/default.jpg', null);

INSERT INTO ChildcareTransaction VALUES ('1000000024', 'Regular Childcare', '100024', '2014-10-08', '12:00:00', '14:00:00', 20.50);

INSERT INTO AllowedConnections VALUES ('100025', '123520', '123523', 12352, null);

INSERT INTO Child VALUES ('123523', 'Child26', '26child', '2006-02-02', null, null, '../../Pictures/default.jpg', null);

INSERT INTO ChildcareTransaction VALUES ('1000000025', 'Regular Childcare', '100025', '2014-09-25', '12:00:00', '14:00:00', 20.50);

INSERT INTO AllowedConnections VALUES ('100026', '123520', '123524', 12352, null);

INSERT INTO Child VALUES ('123524', 'Child27', '27child', '2006-02-02', null, null, '../../Pictures/default.jpg', null);

INSERT INTO ChildcareTransaction VALUES ('1000000026', 'Regular Childcare', '100026', '2014-11-05', '12:00:00', '14:00:00', 20.50);

INSERT INTO AllowedConnections VALUES ('100027', '123520', '123525', 12352, null);

INSERT INTO Child VALUES ('123525', 'Child28', '28child', '2006-02-02', null, null, '../../Pictures/default.jpg', null);

INSERT INTO ChildcareTransaction VALUES ('1000000027', 'Regular Childcare', '100027', '2014-11-15', '12:00:00', '14:00:00', 20.50);

INSERT INTO Guardian VALUES ('123520', '1234', 'Guardian7', '7guardian', '555-555-5555', 'blah@blah.com', '123 nowhere', null, 'Spokane', 'WA', '99999', '../../Pictures/default.jpg', null);

INSERT INTO Family VALUES ('12352', 42);

INSERT INTO Guardian VALUES ('123521', '1234', 'Guardian27', '72guardian', '555-555-5555', 'blah@blah.com', '123 nowhere', null, 'Spokane', 'WA', '99999', '../../Pictures/default.jpg', null);

INSERT INTO AllowedConnections VALUES ('100028', '123530', '123532', 12353, null);

INSERT INTO Child VALUES ('123532', 'Child29', '29child', '2006-02-02', null, null, '../../Pictures/default.jpg', null);

INSERT INTO ChildcareTransaction VALUES ('1000000028', 'Regular Childcare', '100028', '2014-06-24', '12:00:00', '14:00:00', 20.50);

INSERT INTO AllowedConnections VALUES ('100029', '123530', '123533', 12353, null);

INSERT INTO Child VALUES ('123533', 'Child30', '30child', '2006-02-02', null, null, '../../Pictures/default.jpg', null);

INSERT INTO ChildcareTransaction VALUES ('1000000029', 'Regular Childcare', '100029', '2014-03-03', '12:00:00', '14:00:00', 20.50);

INSERT INTO AllowedConnections VALUES ('100030', '123530', '123534', 12353, null);

INSERT INTO Child VALUES ('123534', 'Child31', '31child', '2006-02-02', null, null, '../../Pictures/default.jpg', null);

INSERT INTO ChildcareTransaction VALUES ('1000000030', 'Regular Childcare', '100030', '2014-04-13', '12:00:00', '14:00:00', 20.50);

INSERT INTO AllowedConnections VALUES ('100031', '123530', '123535', 12353, null);

INSERT INTO Child VALUES ('123535', 'Child32', '32child', '2006-02-02', null, null, '../../Pictures/default.jpg', null);

INSERT INTO ChildcareTransaction VALUES ('1000000031', 'Regular Childcare', '100031', '2014-07-09', '12:00:00', '14:00:00', 20.50);

INSERT INTO Guardian VALUES ('123530', '1234', 'Guardian8', '8guardian', '555-555-5555', 'blah@blah.com', '123 nowhere', null, 'Spokane', 'WA', '99999', '../../Pictures/default.jpg', null);

INSERT INTO Family VALUES ('12353', 42);

INSERT INTO Guardian VALUES ('123531', '1234', 'Guardian28', '82guardian', '555-555-5555', 'blah@blah.com', '123 nowhere', null, 'Spokane', 'WA', '99999', '../../Pictures/default.jpg', null);

INSERT INTO AllowedConnections VALUES ('100032', '123540', '123542', 12354, null);

INSERT INTO Child VALUES ('123542', 'Child33', '33child', '2006-02-02', null, null, '../../Pictures/default.jpg', null);

INSERT INTO ChildcareTransaction VALUES ('1000000032', 'Regular Childcare', '100032', '2014-07-09', '12:00:00', '14:00:00', 20.50);

INSERT INTO AllowedConnections VALUES ('100033', '123540', '123543', 12354, null);

INSERT INTO Child VALUES ('123543', 'Child34', '34child', '2006-02-02', null, null, '../../Pictures/default.jpg', null);

INSERT INTO ChildcareTransaction VALUES ('1000000033', 'Regular Childcare', '100033', '2014-11-24', '12:00:00', '14:00:00', 20.50);

INSERT INTO AllowedConnections VALUES ('100034', '123540', '123544', 12354, null);

INSERT INTO Child VALUES ('123544', 'Child35', '35child', '2006-02-02', null, null, '../../Pictures/default.jpg', null);

INSERT INTO ChildcareTransaction VALUES ('1000000034', 'Regular Childcare', '100034', '2014-03-21', '12:00:00', '14:00:00', 20.50);

INSERT INTO AllowedConnections VALUES ('100035', '123540', '123545', 12354, null);

INSERT INTO Child VALUES ('123545', 'Child36', '36child', '2006-02-02', null, null, '../../Pictures/default.jpg', null);

INSERT INTO ChildcareTransaction VALUES ('1000000035', 'Regular Childcare', '100035', '2014-10-15', '12:00:00', '14:00:00', 20.50);

INSERT INTO Guardian VALUES ('123540', '1234', 'Guardian9', '9guardian', '555-555-5555', 'blah@blah.com', '123 nowhere', null, 'Spokane', 'WA', '99999', '../../Pictures/default.jpg', null);

INSERT INTO Family VALUES ('12354', 42);

INSERT INTO Guardian VALUES ('123541', '1234', 'Guardian29', '92guardian', '555-555-5555', 'blah@blah.com', '123 nowhere', null, 'Spokane', 'WA', '99999', '../../Pictures/default.jpg', null);

INSERT INTO AllowedConnections VALUES ('100036', '123550', '123552', 12355, null);

INSERT INTO Child VALUES ('123552', 'Child37', '37child', '2006-02-02', null, null, '../../Pictures/default.jpg', null);

INSERT INTO ChildcareTransaction VALUES ('1000000036', 'Regular Childcare', '100036', '2014-08-17', '12:00:00', '14:00:00', 20.50);

INSERT INTO AllowedConnections VALUES ('100037', '123550', '123553', 12355, null);

INSERT INTO Child VALUES ('123553', 'Child38', '38child', '2006-02-02', null, null, '../../Pictures/default.jpg', null);

INSERT INTO ChildcareTransaction VALUES ('1000000037', 'Regular Childcare', '100037', '2014-08-12', '12:00:00', '14:00:00', 20.50);

INSERT INTO AllowedConnections VALUES ('100038', '123550', '123554', 12355, null);

INSERT INTO Child VALUES ('123554', 'Child39', '39child', '2006-02-02', null, null, '../../Pictures/default.jpg', null);

INSERT INTO ChildcareTransaction VALUES ('1000000038', 'Regular Childcare', '100038', '2014-08-08', '12:00:00', '14:00:00', 20.50);

INSERT INTO AllowedConnections VALUES ('100039', '123550', '123555', 12355, null);

INSERT INTO Child VALUES ('123555', 'Child40', '40child', '2006-02-02', null, null, '../../Pictures/default.jpg', null);

INSERT INTO ChildcareTransaction VALUES ('1000000039', 'Regular Childcare', '100039', '2014-01-03', '12:00:00', '14:00:00', 20.50);

INSERT INTO Guardian VALUES ('123550', '1234', 'Guardian10', '10guardian', '555-555-5555', 'blah@blah.com', '123 nowhere', null, 'Spokane', 'WA', '99999', '../../Pictures/default.jpg', null);

INSERT INTO Family VALUES ('12355', 42);

INSERT INTO Guardian VALUES ('123551', '1234', 'Guardian210', '102guardian', '555-555-5555', 'blah@blah.com', '123 nowhere', null, 'Spokane', 'WA', '99999', '../../Pictures/default.jpg', null);

INSERT INTO AllowedConnections VALUES ('100040', '123560', '123562', 12356, null);

INSERT INTO Child VALUES ('123562', 'Child41', '41child', '2006-02-02', null, null, '../../Pictures/default.jpg', null);

INSERT INTO ChildcareTransaction VALUES ('1000000040', 'Regular Childcare', '100040', '2014-05-26', '12:00:00', '14:00:00', 20.50);

INSERT INTO AllowedConnections VALUES ('100041', '123560', '123563', 12356, null);

INSERT INTO Child VALUES ('123563', 'Child42', '42child', '2006-02-02', null, null, '../../Pictures/default.jpg', null);

INSERT INTO ChildcareTransaction VALUES ('1000000041', 'Regular Childcare', '100041', '2014-06-26', '12:00:00', '14:00:00', 20.50);

INSERT INTO AllowedConnections VALUES ('100042', '123560', '123564', 12356, null);

INSERT INTO Child VALUES ('123564', 'Child43', '43child', '2006-02-02', null, null, '../../Pictures/default.jpg', null);

INSERT INTO ChildcareTransaction VALUES ('1000000042', 'Regular Childcare', '100042', '2014-02-24', '12:00:00', '14:00:00', 20.50);

INSERT INTO AllowedConnections VALUES ('100043', '123560', '123565', 12356, null);

INSERT INTO Child VALUES ('123565', 'Child44', '44child', '2006-02-02', null, null, '../../Pictures/default.jpg', null);

INSERT INTO ChildcareTransaction VALUES ('1000000043', 'Regular Childcare', '100043', '2014-07-22', '12:00:00', '14:00:00', 20.50);

INSERT INTO Guardian VALUES ('123560', '1234', 'Guardian11', '11guardian', '555-555-5555', 'blah@blah.com', '123 nowhere', null, 'Spokane', 'WA', '99999', '../../Pictures/default.jpg', null);

INSERT INTO Family VALUES ('12356', 42);

INSERT INTO Guardian VALUES ('123561', '1234', 'Guardian211', '112guardian', '555-555-5555', 'blah@blah.com', '123 nowhere', null, 'Spokane', 'WA', '99999', '../../Pictures/default.jpg', null);

INSERT INTO AllowedConnections VALUES ('100044', '123570', '123572', 12357, null);

INSERT INTO Child VALUES ('123572', 'Child45', '45child', '2006-02-02', null, null, '../../Pictures/default.jpg', null);

INSERT INTO ChildcareTransaction VALUES ('1000000044', 'Regular Childcare', '100044', '2014-07-06', '12:00:00', '14:00:00', 20.50);

INSERT INTO AllowedConnections VALUES ('100045', '123570', '123573', 12357, null);

INSERT INTO Child VALUES ('123573', 'Child46', '46child', '2006-02-02', null, null, '../../Pictures/default.jpg', null);

INSERT INTO ChildcareTransaction VALUES ('1000000045', 'Regular Childcare', '100045', '2014-03-02', '12:00:00', '14:00:00', 20.50);

INSERT INTO AllowedConnections VALUES ('100046', '123570', '123574', 12357, null);

INSERT INTO Child VALUES ('123574', 'Child47', '47child', '2006-02-02', null, null, '../../Pictures/default.jpg', null);

INSERT INTO ChildcareTransaction VALUES ('1000000046', 'Regular Childcare', '100046', '2014-06-27', '12:00:00', '14:00:00', 20.50);

INSERT INTO AllowedConnections VALUES ('100047', '123570', '123575', 12357, null);

INSERT INTO Child VALUES ('123575', 'Child48', '48child', '2006-02-02', null, null, '../../Pictures/default.jpg', null);

INSERT INTO ChildcareTransaction VALUES ('1000000047', 'Regular Childcare', '100047', '2014-08-26', '12:00:00', '14:00:00', 20.50);

INSERT INTO Guardian VALUES ('123570', '1234', 'Guardian12', '12guardian', '555-555-5555', 'blah@blah.com', '123 nowhere', null, 'Spokane', 'WA', '99999', '../../Pictures/default.jpg', null);

INSERT INTO Family VALUES ('12357', 42);

INSERT INTO Guardian VALUES ('123571', '1234', 'Guardian212', '122guardian', '555-555-5555', 'blah@blah.com', '123 nowhere', null, 'Spokane', 'WA', '99999', '../../Pictures/default.jpg', null);

INSERT INTO AllowedConnections VALUES ('100048', '123580', '123582', 12358, null);

INSERT INTO Child VALUES ('123582', 'Child49', '49child', '2006-02-02', null, null, '../../Pictures/default.jpg', null);

INSERT INTO ChildcareTransaction VALUES ('1000000048', 'Regular Childcare', '100048', '2014-11-24', '12:00:00', '14:00:00', 20.50);

INSERT INTO AllowedConnections VALUES ('100049', '123580', '123583', 12358, null);

INSERT INTO Child VALUES ('123583', 'Child50', '50child', '2006-02-02', null, null, '../../Pictures/default.jpg', null);

INSERT INTO ChildcareTransaction VALUES ('1000000049', 'Regular Childcare', '100049', '2014-11-28', '12:00:00', '14:00:00', 20.50);

INSERT INTO AllowedConnections VALUES ('100050', '123580', '123584', 12358, null);

INSERT INTO Child VALUES ('123584', 'Child51', '51child', '2006-02-02', null, null, '../../Pictures/default.jpg', null);

INSERT INTO ChildcareTransaction VALUES ('1000000050', 'Regular Childcare', '100050', '2014-03-14', '12:00:00', '14:00:00', 20.50);

INSERT INTO AllowedConnections VALUES ('100051', '123580', '123585', 12358, null);

INSERT INTO Child VALUES ('123585', 'Child52', '52child', '2006-02-02', null, null, '../../Pictures/default.jpg', null);

INSERT INTO ChildcareTransaction VALUES ('1000000051', 'Regular Childcare', '100051', '2014-08-23', '12:00:00', '14:00:00', 20.50);

INSERT INTO Guardian VALUES ('123580', '1234', 'Guardian13', '13guardian', '555-555-5555', 'blah@blah.com', '123 nowhere', null, 'Spokane', 'WA', '99999', '../../Pictures/default.jpg', null);

INSERT INTO Family VALUES ('12358', 42);

INSERT INTO Guardian VALUES ('123581', '1234', 'Guardian213', '132guardian', '555-555-5555', 'blah@blah.com', '123 nowhere', null, 'Spokane', 'WA', '99999', '../../Pictures/default.jpg', null);

INSERT INTO AllowedConnections VALUES ('100052', '123590', '123592', 12359, null);

INSERT INTO Child VALUES ('123592', 'Child53', '53child', '2006-02-02', null, null, '../../Pictures/default.jpg', null);

INSERT INTO ChildcareTransaction VALUES ('1000000052', 'Regular Childcare', '100052', '2014-11-15', '12:00:00', '14:00:00', 20.50);

INSERT INTO AllowedConnections VALUES ('100053', '123590', '123593', 12359, null);

INSERT INTO Child VALUES ('123593', 'Child54', '54child', '2006-02-02', null, null, '../../Pictures/default.jpg', null);

INSERT INTO ChildcareTransaction VALUES ('1000000053', 'Regular Childcare', '100053', '2014-02-26', '12:00:00', '14:00:00', 20.50);

INSERT INTO AllowedConnections VALUES ('100054', '123590', '123594', 12359, null);

INSERT INTO Child VALUES ('123594', 'Child55', '55child', '2006-02-02', null, null, '../../Pictures/default.jpg', null);

INSERT INTO ChildcareTransaction VALUES ('1000000054', 'Regular Childcare', '100054', '2014-06-26', '12:00:00', '14:00:00', 20.50);

INSERT INTO AllowedConnections VALUES ('100055', '123590', '123595', 12359, null);

INSERT INTO Child VALUES ('123595', 'Child56', '56child', '2006-02-02', null, null, '../../Pictures/default.jpg', null);

INSERT INTO ChildcareTransaction VALUES ('1000000055', 'Regular Childcare', '100055', '2014-05-03', '12:00:00', '14:00:00', 20.50);

INSERT INTO Guardian VALUES ('123590', '1234', 'Guardian14', '14guardian', '555-555-5555', 'blah@blah.com', '123 nowhere', null, 'Spokane', 'WA', '99999', '../../Pictures/default.jpg', null);

INSERT INTO Family VALUES ('12359', 42);

INSERT INTO Guardian VALUES ('123591', '1234', 'Guardian214', '142guardian', '555-555-5555', 'blah@blah.com', '123 nowhere', null, 'Spokane', 'WA', '99999', '../../Pictures/default.jpg', null);

INSERT INTO AllowedConnections VALUES ('100056', '123600', '123602', 12360, null);

INSERT INTO Child VALUES ('123602', 'Child57', '57child', '2006-02-02', null, null, '../../Pictures/default.jpg', null);

INSERT INTO ChildcareTransaction VALUES ('1000000056', 'Regular Childcare', '100056', '2014-06-04', '12:00:00', '14:00:00', 20.50);

INSERT INTO AllowedConnections VALUES ('100057', '123600', '123603', 12360, null);

INSERT INTO Child VALUES ('123603', 'Child58', '58child', '2006-02-02', null, null, '../../Pictures/default.jpg', null);

INSERT INTO ChildcareTransaction VALUES ('1000000057', 'Regular Childcare', '100057', '2014-03-17', '12:00:00', '14:00:00', 20.50);

INSERT INTO AllowedConnections VALUES ('100058', '123600', '123604', 12360, null);

INSERT INTO Child VALUES ('123604', 'Child59', '59child', '2006-02-02', null, null, '../../Pictures/default.jpg', null);

INSERT INTO ChildcareTransaction VALUES ('1000000058', 'Regular Childcare', '100058', '2014-04-15', '12:00:00', '14:00:00', 20.50);

INSERT INTO AllowedConnections VALUES ('100059', '123600', '123605', 12360, null);

INSERT INTO Child VALUES ('123605', 'Child60', '60child', '2006-02-02', null, null, '../../Pictures/default.jpg', null);

INSERT INTO ChildcareTransaction VALUES ('1000000059', 'Regular Childcare', '100059', '2014-10-01', '12:00:00', '14:00:00', 20.50);

INSERT INTO Guardian VALUES ('123600', '1234', 'Guardian15', '15guardian', '555-555-5555', 'blah@blah.com', '123 nowhere', null, 'Spokane', 'WA', '99999', '../../Pictures/default.jpg', null);

INSERT INTO Family VALUES ('12360', 42);

INSERT INTO Guardian VALUES ('123601', '1234', 'Guardian215', '152guardian', '555-555-5555', 'blah@blah.com', '123 nowhere', null, 'Spokane', 'WA', '99999', '../../Pictures/default.jpg', null);

INSERT INTO AllowedConnections VALUES ('100060', '123610', '123612', 12361, null);

INSERT INTO Child VALUES ('123612', 'Child61', '61child', '2006-02-02', null, null, '../../Pictures/default.jpg', null);

INSERT INTO ChildcareTransaction VALUES ('1000000060', 'Regular Childcare', '100060', '2014-05-26', '12:00:00', '14:00:00', 20.50);

INSERT INTO AllowedConnections VALUES ('100061', '123610', '123613', 12361, null);

INSERT INTO Child VALUES ('123613', 'Child62', '62child', '2006-02-02', null, null, '../../Pictures/default.jpg', null);

INSERT INTO ChildcareTransaction VALUES ('1000000061', 'Regular Childcare', '100061', '2014-11-18', '12:00:00', '14:00:00', 20.50);

INSERT INTO AllowedConnections VALUES ('100062', '123610', '123614', 12361, null);

INSERT INTO Child VALUES ('123614', 'Child63', '63child', '2006-02-02', null, null, '../../Pictures/default.jpg', null);

INSERT INTO ChildcareTransaction VALUES ('1000000062', 'Regular Childcare', '100062', '2014-12-26', '12:00:00', '14:00:00', 20.50);

INSERT INTO AllowedConnections VALUES ('100063', '123610', '123615', 12361, null);

INSERT INTO Child VALUES ('123615', 'Child64', '64child', '2006-02-02', null, null, '../../Pictures/default.jpg', null);

INSERT INTO ChildcareTransaction VALUES ('1000000063', 'Regular Childcare', '100063', '2014-11-28', '12:00:00', '14:00:00', 20.50);

INSERT INTO Guardian VALUES ('123610', '1234', 'Guardian16', '16guardian', '555-555-5555', 'blah@blah.com', '123 nowhere', null, 'Spokane', 'WA', '99999', '../../Pictures/default.jpg', null);

INSERT INTO Family VALUES ('12361', 42);

INSERT INTO Guardian VALUES ('123611', '1234', 'Guardian216', '162guardian', '555-555-5555', 'blah@blah.com', '123 nowhere', null, 'Spokane', 'WA', '99999', '../../Pictures/default.jpg', null);

INSERT INTO AllowedConnections VALUES ('100064', '123620', '123622', 12362, null);

INSERT INTO Child VALUES ('123622', 'Child65', '65child', '2006-02-02', null, null, '../../Pictures/default.jpg', null);

INSERT INTO ChildcareTransaction VALUES ('1000000064', 'Regular Childcare', '100064', '2014-06-22', '12:00:00', '14:00:00', 20.50);

INSERT INTO AllowedConnections VALUES ('100065', '123620', '123623', 12362, null);

INSERT INTO Child VALUES ('123623', 'Child66', '66child', '2006-02-02', null, null, '../../Pictures/default.jpg', null);

INSERT INTO ChildcareTransaction VALUES ('1000000065', 'Regular Childcare', '100065', '2014-11-28', '12:00:00', '14:00:00', 20.50);

INSERT INTO AllowedConnections VALUES ('100066', '123620', '123624', 12362, null);

INSERT INTO Child VALUES ('123624', 'Child67', '67child', '2006-02-02', null, null, '../../Pictures/default.jpg', null);

INSERT INTO ChildcareTransaction VALUES ('1000000066', 'Regular Childcare', '100066', '2014-01-13', '12:00:00', '14:00:00', 20.50);

INSERT INTO AllowedConnections VALUES ('100067', '123620', '123625', 12362, null);

INSERT INTO Child VALUES ('123625', 'Child68', '68child', '2006-02-02', null, null, '../../Pictures/default.jpg', null);

INSERT INTO ChildcareTransaction VALUES ('1000000067', 'Regular Childcare', '100067', '2014-12-08', '12:00:00', '14:00:00', 20.50);

INSERT INTO Guardian VALUES ('123620', '1234', 'Guardian17', '17guardian', '555-555-5555', 'blah@blah.com', '123 nowhere', null, 'Spokane', 'WA', '99999', '../../Pictures/default.jpg', null);

INSERT INTO Family VALUES ('12362', 42);

INSERT INTO Guardian VALUES ('123621', '1234', 'Guardian217', '172guardian', '555-555-5555', 'blah@blah.com', '123 nowhere', null, 'Spokane', 'WA', '99999', '../../Pictures/default.jpg', null);

INSERT INTO AllowedConnections VALUES ('100068', '123630', '123632', 12363, null);

INSERT INTO Child VALUES ('123632', 'Child69', '69child', '2006-02-02', null, null, '../../Pictures/default.jpg', null);

INSERT INTO ChildcareTransaction VALUES ('1000000068', 'Regular Childcare', '100068', '2014-09-01', '12:00:00', '14:00:00', 20.50);

INSERT INTO AllowedConnections VALUES ('100069', '123630', '123633', 12363, null);

INSERT INTO Child VALUES ('123633', 'Child70', '70child', '2006-02-02', null, null, '../../Pictures/default.jpg', null);

INSERT INTO ChildcareTransaction VALUES ('1000000069', 'Regular Childcare', '100069', '2014-07-15', '12:00:00', '14:00:00', 20.50);

INSERT INTO AllowedConnections VALUES ('100070', '123630', '123634', 12363, null);

INSERT INTO Child VALUES ('123634', 'Child71', '71child', '2006-02-02', null, null, '../../Pictures/default.jpg', null);

INSERT INTO ChildcareTransaction VALUES ('1000000070', 'Regular Childcare', '100070', '2014-09-07', '12:00:00', '14:00:00', 20.50);

INSERT INTO AllowedConnections VALUES ('100071', '123630', '123635', 12363, null);

INSERT INTO Child VALUES ('123635', 'Child72', '72child', '2006-02-02', null, null, '../../Pictures/default.jpg', null);

INSERT INTO ChildcareTransaction VALUES ('1000000071', 'Regular Childcare', '100071', '2014-08-18', '12:00:00', '14:00:00', 20.50);

INSERT INTO Guardian VALUES ('123630', '1234', 'Guardian18', '18guardian', '555-555-5555', 'blah@blah.com', '123 nowhere', null, 'Spokane', 'WA', '99999', '../../Pictures/default.jpg', null);

INSERT INTO Family VALUES ('12363', 42);

INSERT INTO Guardian VALUES ('123631', '1234', 'Guardian218', '182guardian', '555-555-5555', 'blah@blah.com', '123 nowhere', null, 'Spokane', 'WA', '99999', '../../Pictures/default.jpg', null);

INSERT INTO AllowedConnections VALUES ('100072', '123640', '123642', 12364, null);

INSERT INTO Child VALUES ('123642', 'Child73', '73child', '2006-02-02', null, null, '../../Pictures/default.jpg', null);

INSERT INTO ChildcareTransaction VALUES ('1000000072', 'Regular Childcare', '100072', '2014-02-07', '12:00:00', '14:00:00', 20.50);

INSERT INTO AllowedConnections VALUES ('100073', '123640', '123643', 12364, null);

INSERT INTO Child VALUES ('123643', 'Child74', '74child', '2006-02-02', null, null, '../../Pictures/default.jpg', null);

INSERT INTO ChildcareTransaction VALUES ('1000000073', 'Regular Childcare', '100073', '2014-03-06', '12:00:00', '14:00:00', 20.50);

INSERT INTO AllowedConnections VALUES ('100074', '123640', '123644', 12364, null);

INSERT INTO Child VALUES ('123644', 'Child75', '75child', '2006-02-02', null, null, '../../Pictures/default.jpg', null);

INSERT INTO ChildcareTransaction VALUES ('1000000074', 'Regular Childcare', '100074', '2014-04-28', '12:00:00', '14:00:00', 20.50);

INSERT INTO AllowedConnections VALUES ('100075', '123640', '123645', 12364, null);

INSERT INTO Child VALUES ('123645', 'Child76', '76child', '2006-02-02', null, null, '../../Pictures/default.jpg', null);

INSERT INTO ChildcareTransaction VALUES ('1000000075', 'Regular Childcare', '100075', '2014-06-25', '12:00:00', '14:00:00', 20.50);

INSERT INTO Guardian VALUES ('123640', '1234', 'Guardian19', '19guardian', '555-555-5555', 'blah@blah.com', '123 nowhere', null, 'Spokane', 'WA', '99999', '../../Pictures/default.jpg', null);

INSERT INTO Family VALUES ('12364', 42);

INSERT INTO Guardian VALUES ('123641', '1234', 'Guardian219', '192guardian', '555-555-5555', 'blah@blah.com', '123 nowhere', null, 'Spokane', 'WA', '99999', '../../Pictures/default.jpg', null);

INSERT INTO AllowedConnections VALUES ('100076', '123650', '123652', 12365, null);

INSERT INTO Child VALUES ('123652', 'Child77', '77child', '2006-02-02', null, null, '../../Pictures/default.jpg', null);

INSERT INTO ChildcareTransaction VALUES ('1000000076', 'Regular Childcare', '100076', '2014-05-25', '12:00:00', '14:00:00', 20.50);

INSERT INTO AllowedConnections VALUES ('100077', '123650', '123653', 12365, null);

INSERT INTO Child VALUES ('123653', 'Child78', '78child', '2006-02-02', null, null, '../../Pictures/default.jpg', null);

INSERT INTO ChildcareTransaction VALUES ('1000000077', 'Regular Childcare', '100077', '2014-09-03', '12:00:00', '14:00:00', 20.50);

INSERT INTO AllowedConnections VALUES ('100078', '123650', '123654', 12365, null);

INSERT INTO Child VALUES ('123654', 'Child79', '79child', '2006-02-02', null, null, '../../Pictures/default.jpg', null);

INSERT INTO ChildcareTransaction VALUES ('1000000078', 'Regular Childcare', '100078', '2014-08-07', '12:00:00', '14:00:00', 20.50);

INSERT INTO AllowedConnections VALUES ('100079', '123650', '123655', 12365, null);

INSERT INTO Child VALUES ('123655', 'Child80', '80child', '2006-02-02', null, null, '../../Pictures/default.jpg', null);

INSERT INTO ChildcareTransaction VALUES ('1000000079', 'Regular Childcare', '100079', '2014-11-08', '12:00:00', '14:00:00', 20.50);

INSERT INTO Guardian VALUES ('123650', '1234', 'Guardian20', '20guardian', '555-555-5555', 'blah@blah.com', '123 nowhere', null, 'Spokane', 'WA', '99999', '../../Pictures/default.jpg', null);

INSERT INTO Family VALUES ('12365', 42);

INSERT INTO Guardian VALUES ('123651', '1234', 'Guardian220', '202guardian', '555-555-5555', 'blah@blah.com', '123 nowhere', null, 'Spokane', 'WA', '99999', '../../Pictures/default.jpg', null);

INSERT INTO AllowedConnections VALUES ('100080', '123660', '123662', 12366, null);

INSERT INTO Child VALUES ('123662', 'Child81', '81child', '2006-02-02', null, null, '../../Pictures/default.jpg', null);

INSERT INTO ChildcareTransaction VALUES ('1000000080', 'Regular Childcare', '100080', '2014-12-12', '12:00:00', '14:00:00', 20.50);

INSERT INTO AllowedConnections VALUES ('100081', '123660', '123663', 12366, null);

INSERT INTO Child VALUES ('123663', 'Child82', '82child', '2006-02-02', null, null, '../../Pictures/default.jpg', null);

INSERT INTO ChildcareTransaction VALUES ('1000000081', 'Regular Childcare', '100081', '2014-03-26', '12:00:00', '14:00:00', 20.50);

INSERT INTO AllowedConnections VALUES ('100082', '123660', '123664', 12366, null);

INSERT INTO Child VALUES ('123664', 'Child83', '83child', '2006-02-02', null, null, '../../Pictures/default.jpg', null);

INSERT INTO ChildcareTransaction VALUES ('1000000082', 'Regular Childcare', '100082', '2014-06-08', '12:00:00', '14:00:00', 20.50);

INSERT INTO AllowedConnections VALUES ('100083', '123660', '123665', 12366, null);

INSERT INTO Child VALUES ('123665', 'Child84', '84child', '2006-02-02', null, null, '../../Pictures/default.jpg', null);

INSERT INTO ChildcareTransaction VALUES ('1000000083', 'Regular Childcare', '100083', '2014-12-16', '12:00:00', '14:00:00', 20.50);

INSERT INTO Guardian VALUES ('123660', '1234', 'Guardian21', '21guardian', '555-555-5555', 'blah@blah.com', '123 nowhere', null, 'Spokane', 'WA', '99999', '../../Pictures/default.jpg', null);

INSERT INTO Family VALUES ('12366', 42);

INSERT INTO Guardian VALUES ('123661', '1234', 'Guardian221', '212guardian', '555-555-5555', 'blah@blah.com', '123 nowhere', null, 'Spokane', 'WA', '99999', '../../Pictures/default.jpg', null);

INSERT INTO AllowedConnections VALUES ('100084', '123670', '123672', 12367, null);

INSERT INTO Child VALUES ('123672', 'Child85', '85child', '2006-02-02', null, null, '../../Pictures/default.jpg', null);

INSERT INTO ChildcareTransaction VALUES ('1000000084', 'Regular Childcare', '100084', '2014-05-15', '12:00:00', '14:00:00', 20.50);

INSERT INTO AllowedConnections VALUES ('100085', '123670', '123673', 12367, null);

INSERT INTO Child VALUES ('123673', 'Child86', '86child', '2006-02-02', null, null, '../../Pictures/default.jpg', null);

INSERT INTO ChildcareTransaction VALUES ('1000000085', 'Regular Childcare', '100085', '2014-05-03', '12:00:00', '14:00:00', 20.50);

INSERT INTO AllowedConnections VALUES ('100086', '123670', '123674', 12367, null);

INSERT INTO Child VALUES ('123674', 'Child87', '87child', '2006-02-02', null, null, '../../Pictures/default.jpg', null);

INSERT INTO ChildcareTransaction VALUES ('1000000086', 'Regular Childcare', '100086', '2014-08-07', '12:00:00', '14:00:00', 20.50);

INSERT INTO AllowedConnections VALUES ('100087', '123670', '123675', 12367, null);

INSERT INTO Child VALUES ('123675', 'Child88', '88child', '2006-02-02', null, null, '../../Pictures/default.jpg', null);

INSERT INTO ChildcareTransaction VALUES ('1000000087', 'Regular Childcare', '100087', '2014-09-28', '12:00:00', '14:00:00', 20.50);

INSERT INTO Guardian VALUES ('123670', '1234', 'Guardian22', '22guardian', '555-555-5555', 'blah@blah.com', '123 nowhere', null, 'Spokane', 'WA', '99999', '../../Pictures/default.jpg', null);

INSERT INTO Family VALUES ('12367', 42);

INSERT INTO Guardian VALUES ('123671', '1234', 'Guardian222', '222guardian', '555-555-5555', 'blah@blah.com', '123 nowhere', null, 'Spokane', 'WA', '99999', '../../Pictures/default.jpg', null);

INSERT INTO AllowedConnections VALUES ('100088', '123680', '123682', 12368, null);

INSERT INTO Child VALUES ('123682', 'Child89', '89child', '2006-02-02', null, null, '../../Pictures/default.jpg', null);

INSERT INTO ChildcareTransaction VALUES ('1000000088', 'Regular Childcare', '100088', '2014-11-21', '12:00:00', '14:00:00', 20.50);

INSERT INTO AllowedConnections VALUES ('100089', '123680', '123683', 12368, null);

INSERT INTO Child VALUES ('123683', 'Child90', '90child', '2006-02-02', null, null, '../../Pictures/default.jpg', null);

INSERT INTO ChildcareTransaction VALUES ('1000000089', 'Regular Childcare', '100089', '2014-07-19', '12:00:00', '14:00:00', 20.50);

INSERT INTO AllowedConnections VALUES ('100090', '123680', '123684', 12368, null);

INSERT INTO Child VALUES ('123684', 'Child91', '91child', '2006-02-02', null, null, '../../Pictures/default.jpg', null);

INSERT INTO ChildcareTransaction VALUES ('1000000090', 'Regular Childcare', '100090', '2014-10-21', '12:00:00', '14:00:00', 20.50);

INSERT INTO AllowedConnections VALUES ('100091', '123680', '123685', 12368, null);

INSERT INTO Child VALUES ('123685', 'Child92', '92child', '2006-02-02', null, null, '../../Pictures/default.jpg', null);

INSERT INTO ChildcareTransaction VALUES ('1000000091', 'Regular Childcare', '100091', '2014-08-05', '12:00:00', '14:00:00', 20.50);

INSERT INTO Guardian VALUES ('123680', '1234', 'Guardian23', '23guardian', '555-555-5555', 'blah@blah.com', '123 nowhere', null, 'Spokane', 'WA', '99999', '../../Pictures/default.jpg', null);

INSERT INTO Family VALUES ('12368', 42);

INSERT INTO Guardian VALUES ('123681', '1234', 'Guardian223', '232guardian', '555-555-5555', 'blah@blah.com', '123 nowhere', null, 'Spokane', 'WA', '99999', '../../Pictures/default.jpg', null);

INSERT INTO AllowedConnections VALUES ('100092', '123690', '123692', 12369, null);

INSERT INTO Child VALUES ('123692', 'Child93', '93child', '2006-02-02', null, null, '../../Pictures/default.jpg', null);

INSERT INTO ChildcareTransaction VALUES ('1000000092', 'Regular Childcare', '100092', '2014-01-22', '12:00:00', '14:00:00', 20.50);

INSERT INTO AllowedConnections VALUES ('100093', '123690', '123693', 12369, null);

INSERT INTO Child VALUES ('123693', 'Child94', '94child', '2006-02-02', null, null, '../../Pictures/default.jpg', null);

INSERT INTO ChildcareTransaction VALUES ('1000000093', 'Regular Childcare', '100093', '2014-07-21', '12:00:00', '14:00:00', 20.50);

INSERT INTO AllowedConnections VALUES ('100094', '123690', '123694', 12369, null);

INSERT INTO Child VALUES ('123694', 'Child95', '95child', '2006-02-02', null, null, '../../Pictures/default.jpg', null);

INSERT INTO ChildcareTransaction VALUES ('1000000094', 'Regular Childcare', '100094', '2014-01-25', '12:00:00', '14:00:00', 20.50);

INSERT INTO AllowedConnections VALUES ('100095', '123690', '123695', 12369, null);

INSERT INTO Child VALUES ('123695', 'Child96', '96child', '2006-02-02', null, null, '../../Pictures/default.jpg', null);

INSERT INTO ChildcareTransaction VALUES ('1000000095', 'Regular Childcare', '100095', '2014-05-17', '12:00:00', '14:00:00', 20.50);

INSERT INTO Guardian VALUES ('123690', '1234', 'Guardian24', '24guardian', '555-555-5555', 'blah@blah.com', '123 nowhere', null, 'Spokane', 'WA', '99999', '../../Pictures/default.jpg', null);

INSERT INTO Family VALUES ('12369', 42);

INSERT INTO Guardian VALUES ('123691', '1234', 'Guardian224', '242guardian', '555-555-5555', 'blah@blah.com', '123 nowhere', null, 'Spokane', 'WA', '99999', '../../Pictures/default.jpg', null);

INSERT INTO AllowedConnections VALUES ('100096', '123700', '123702', 12370, null);

INSERT INTO Child VALUES ('123702', 'Child97', '97child', '2006-02-02', null, null, '../../Pictures/default.jpg', null);

INSERT INTO ChildcareTransaction VALUES ('1000000096', 'Regular Childcare', '100096', '2014-10-27', '12:00:00', '14:00:00', 20.50);

INSERT INTO AllowedConnections VALUES ('100097', '123700', '123703', 12370, null);

INSERT INTO Child VALUES ('123703', 'Child98', '98child', '2006-02-02', null, null, '../../Pictures/default.jpg', null);

INSERT INTO ChildcareTransaction VALUES ('1000000097', 'Regular Childcare', '100097', '2014-06-05', '12:00:00', '14:00:00', 20.50);

INSERT INTO AllowedConnections VALUES ('100098', '123700', '123704', 12370, null);

INSERT INTO Child VALUES ('123704', 'Child99', '99child', '2006-02-02', null, null, '../../Pictures/default.jpg', null);

INSERT INTO ChildcareTransaction VALUES ('1000000098', 'Regular Childcare', '100098', '2014-06-13', '12:00:00', '14:00:00', 20.50);

INSERT INTO AllowedConnections VALUES ('100099', '123700', '123705', 12370, null);

INSERT INTO Child VALUES ('123705', 'Child100', '100child', '2006-02-02', null, null, '../../Pictures/default.jpg', null);

INSERT INTO ChildcareTransaction VALUES ('1000000099', 'Regular Childcare', '100099', '2014-09-28', '12:00:00', '14:00:00', 20.50);

INSERT INTO Guardian VALUES ('123700', '1234', 'Guardian25', '25guardian', '555-555-5555', 'blah@blah.com', '123 nowhere', null, 'Spokane', 'WA', '99999', '../../Pictures/default.jpg', null);

INSERT INTO Family VALUES ('12370', 42);

INSERT INTO Guardian VALUES ('123701', '1234', 'Guardian225', '252guardian', '555-555-5555', 'blah@blah.com', '123 nowhere', null, 'Spokane', 'WA', '99999', '../../Pictures/default.jpg', null);

INSERT INTO AllowedConnections VALUES ('100100', '123710', '123712', 12371, null);

INSERT INTO Child VALUES ('123712', 'Child101', '101child', '2006-02-02', null, null, '../../Pictures/default.jpg', null);

INSERT INTO ChildcareTransaction VALUES ('1000000100', 'Regular Childcare', '100100', '2014-09-20', '12:00:00', '14:00:00', 20.50);

INSERT INTO AllowedConnections VALUES ('100101', '123710', '123713', 12371, null);

INSERT INTO Child VALUES ('123713', 'Child102', '102child', '2006-02-02', null, null, '../../Pictures/default.jpg', null);

INSERT INTO ChildcareTransaction VALUES ('1000000101', 'Regular Childcare', '100101', '2014-01-24', '12:00:00', '14:00:00', 20.50);

INSERT INTO AllowedConnections VALUES ('100102', '123710', '123714', 12371, null);

INSERT INTO Child VALUES ('123714', 'Child103', '103child', '2006-02-02', null, null, '../../Pictures/default.jpg', null);

INSERT INTO ChildcareTransaction VALUES ('1000000102', 'Regular Childcare', '100102', '2014-01-17', '12:00:00', '14:00:00', 20.50);

INSERT INTO AllowedConnections VALUES ('100103', '123710', '123715', 12371, null);

INSERT INTO Child VALUES ('123715', 'Child104', '104child', '2006-02-02', null, null, '../../Pictures/default.jpg', null);

INSERT INTO ChildcareTransaction VALUES ('1000000103', 'Regular Childcare', '100103', '2014-04-27', '12:00:00', '14:00:00', 20.50);

INSERT INTO Guardian VALUES ('123710', '1234', 'Guardian26', '26guardian', '555-555-5555', 'blah@blah.com', '123 nowhere', null, 'Spokane', 'WA', '99999', '../../Pictures/default.jpg', null);

INSERT INTO Family VALUES ('12371', 42);

INSERT INTO Guardian VALUES ('123711', '1234', 'Guardian226', '262guardian', '555-555-5555', 'blah@blah.com', '123 nowhere', null, 'Spokane', 'WA', '99999', '../../Pictures/default.jpg', null);

INSERT INTO AllowedConnections VALUES ('100104', '123720', '123722', 12372, null);

INSERT INTO Child VALUES ('123722', 'Child105', '105child', '2006-02-02', null, null, '../../Pictures/default.jpg', null);

INSERT INTO ChildcareTransaction VALUES ('1000000104', 'Regular Childcare', '100104', '2014-01-20', '12:00:00', '14:00:00', 20.50);

INSERT INTO AllowedConnections VALUES ('100105', '123720', '123723', 12372, null);

INSERT INTO Child VALUES ('123723', 'Child106', '106child', '2006-02-02', null, null, '../../Pictures/default.jpg', null);

INSERT INTO ChildcareTransaction VALUES ('1000000105', 'Regular Childcare', '100105', '2014-12-10', '12:00:00', '14:00:00', 20.50);

INSERT INTO AllowedConnections VALUES ('100106', '123720', '123724', 12372, null);

INSERT INTO Child VALUES ('123724', 'Child107', '107child', '2006-02-02', null, null, '../../Pictures/default.jpg', null);

INSERT INTO ChildcareTransaction VALUES ('1000000106', 'Regular Childcare', '100106', '2014-08-07', '12:00:00', '14:00:00', 20.50);

INSERT INTO AllowedConnections VALUES ('100107', '123720', '123725', 12372, null);

INSERT INTO Child VALUES ('123725', 'Child108', '108child', '2006-02-02', null, null, '../../Pictures/default.jpg', null);

INSERT INTO ChildcareTransaction VALUES ('1000000107', 'Regular Childcare', '100107', '2014-10-10', '12:00:00', '14:00:00', 20.50);

INSERT INTO Guardian VALUES ('123720', '1234', 'Guardian27', '27guardian', '555-555-5555', 'blah@blah.com', '123 nowhere', null, 'Spokane', 'WA', '99999', '../../Pictures/default.jpg', null);

INSERT INTO Family VALUES ('12372', 42);

INSERT INTO Guardian VALUES ('123721', '1234', 'Guardian227', '272guardian', '555-555-5555', 'blah@blah.com', '123 nowhere', null, 'Spokane', 'WA', '99999', '../../Pictures/default.jpg', null);

INSERT INTO AllowedConnections VALUES ('100108', '123730', '123732', 12373, null);

INSERT INTO Child VALUES ('123732', 'Child109', '109child', '2006-02-02', null, null, '../../Pictures/default.jpg', null);

INSERT INTO ChildcareTransaction VALUES ('1000000108', 'Regular Childcare', '100108', '2014-12-22', '12:00:00', '14:00:00', 20.50);

INSERT INTO AllowedConnections VALUES ('100109', '123730', '123733', 12373, null);

INSERT INTO Child VALUES ('123733', 'Child110', '110child', '2006-02-02', null, null, '../../Pictures/default.jpg', null);

INSERT INTO ChildcareTransaction VALUES ('1000000109', 'Regular Childcare', '100109', '2014-07-05', '12:00:00', '14:00:00', 20.50);

INSERT INTO AllowedConnections VALUES ('100110', '123730', '123734', 12373, null);

INSERT INTO Child VALUES ('123734', 'Child111', '111child', '2006-02-02', null, null, '../../Pictures/default.jpg', null);

INSERT INTO ChildcareTransaction VALUES ('1000000110', 'Regular Childcare', '100110', '2014-06-26', '12:00:00', '14:00:00', 20.50);

INSERT INTO AllowedConnections VALUES ('100111', '123730', '123735', 12373, null);

INSERT INTO Child VALUES ('123735', 'Child112', '112child', '2006-02-02', null, null, '../../Pictures/default.jpg', null);

INSERT INTO ChildcareTransaction VALUES ('1000000111', 'Regular Childcare', '100111', '2014-07-11', '12:00:00', '14:00:00', 20.50);

INSERT INTO Guardian VALUES ('123730', '1234', 'Guardian28', '28guardian', '555-555-5555', 'blah@blah.com', '123 nowhere', null, 'Spokane', 'WA', '99999', '../../Pictures/default.jpg', null);

INSERT INTO Family VALUES ('12373', 42);

INSERT INTO Guardian VALUES ('123731', '1234', 'Guardian228', '282guardian', '555-555-5555', 'blah@blah.com', '123 nowhere', null, 'Spokane', 'WA', '99999', '../../Pictures/default.jpg', null);

INSERT INTO AllowedConnections VALUES ('100112', '123740', '123742', 12374, null);

INSERT INTO Child VALUES ('123742', 'Child113', '113child', '2006-02-02', null, null, '../../Pictures/default.jpg', null);

INSERT INTO ChildcareTransaction VALUES ('1000000112', 'Regular Childcare', '100112', '2014-10-24', '12:00:00', '14:00:00', 20.50);

INSERT INTO AllowedConnections VALUES ('100113', '123740', '123743', 12374, null);

INSERT INTO Child VALUES ('123743', 'Child114', '114child', '2006-02-02', null, null, '../../Pictures/default.jpg', null);

INSERT INTO ChildcareTransaction VALUES ('1000000113', 'Regular Childcare', '100113', '2014-06-25', '12:00:00', '14:00:00', 20.50);

INSERT INTO AllowedConnections VALUES ('100114', '123740', '123744', 12374, null);

INSERT INTO Child VALUES ('123744', 'Child115', '115child', '2006-02-02', null, null, '../../Pictures/default.jpg', null);

INSERT INTO ChildcareTransaction VALUES ('1000000114', 'Regular Childcare', '100114', '2014-11-04', '12:00:00', '14:00:00', 20.50);

INSERT INTO AllowedConnections VALUES ('100115', '123740', '123745', 12374, null);

INSERT INTO Child VALUES ('123745', 'Child116', '116child', '2006-02-02', null, null, '../../Pictures/default.jpg', null);

INSERT INTO ChildcareTransaction VALUES ('1000000115', 'Regular Childcare', '100115', '2014-01-24', '12:00:00', '14:00:00', 20.50);

INSERT INTO Guardian VALUES ('123740', '1234', 'Guardian29', '29guardian', '555-555-5555', 'blah@blah.com', '123 nowhere', null, 'Spokane', 'WA', '99999', '../../Pictures/default.jpg', null);

INSERT INTO Family VALUES ('12374', 42);

INSERT INTO Guardian VALUES ('123741', '1234', 'Guardian229', '292guardian', '555-555-5555', 'blah@blah.com', '123 nowhere', null, 'Spokane', 'WA', '99999', '../../Pictures/default.jpg', null);

INSERT INTO AllowedConnections VALUES ('100116', '123750', '123752', 12375, null);

INSERT INTO Child VALUES ('123752', 'Child117', '117child', '2006-02-02', null, null, '../../Pictures/default.jpg', null);

INSERT INTO ChildcareTransaction VALUES ('1000000116', 'Regular Childcare', '100116', '2014-03-15', '12:00:00', '14:00:00', 20.50);

INSERT INTO AllowedConnections VALUES ('100117', '123750', '123753', 12375, null);

INSERT INTO Child VALUES ('123753', 'Child118', '118child', '2006-02-02', null, null, '../../Pictures/default.jpg', null);

INSERT INTO ChildcareTransaction VALUES ('1000000117', 'Regular Childcare', '100117', '2014-07-06', '12:00:00', '14:00:00', 20.50);

INSERT INTO AllowedConnections VALUES ('100118', '123750', '123754', 12375, null);

INSERT INTO Child VALUES ('123754', 'Child119', '119child', '2006-02-02', null, null, '../../Pictures/default.jpg', null);

INSERT INTO ChildcareTransaction VALUES ('1000000118', 'Regular Childcare', '100118', '2014-05-12', '12:00:00', '14:00:00', 20.50);

INSERT INTO AllowedConnections VALUES ('100119', '123750', '123755', 12375, null);

INSERT INTO Child VALUES ('123755', 'Child120', '120child', '2006-02-02', null, null, '../../Pictures/default.jpg', null);

INSERT INTO ChildcareTransaction VALUES ('1000000119', 'Regular Childcare', '100119', '2014-12-09', '12:00:00', '14:00:00', 20.50);

INSERT INTO Guardian VALUES ('123750', '1234', 'Guardian30', '30guardian', '555-555-5555', 'blah@blah.com', '123 nowhere', null, 'Spokane', 'WA', '99999', '../../Pictures/default.jpg', null);

INSERT INTO Family VALUES ('12375', 42);

INSERT INTO Guardian VALUES ('123751', '1234', 'Guardian230', '302guardian', '555-555-5555', 'blah@blah.com', '123 nowhere', null, 'Spokane', 'WA', '99999', '../../Pictures/default.jpg', null);

INSERT INTO AllowedConnections VALUES ('100120', '123760', '123762', 12376, null);

INSERT INTO Child VALUES ('123762', 'Child121', '121child', '2006-02-02', null, null, '../../Pictures/default.jpg', null);

INSERT INTO ChildcareTransaction VALUES ('1000000120', 'Regular Childcare', '100120', '2014-07-21', '12:00:00', '14:00:00', 20.50);

INSERT INTO AllowedConnections VALUES ('100121', '123760', '123763', 12376, null);

INSERT INTO Child VALUES ('123763', 'Child122', '122child', '2006-02-02', null, null, '../../Pictures/default.jpg', null);

INSERT INTO ChildcareTransaction VALUES ('1000000121', 'Regular Childcare', '100121', '2014-06-14', '12:00:00', '14:00:00', 20.50);

INSERT INTO AllowedConnections VALUES ('100122', '123760', '123764', 12376, null);

INSERT INTO Child VALUES ('123764', 'Child123', '123child', '2006-02-02', null, null, '../../Pictures/default.jpg', null);

INSERT INTO ChildcareTransaction VALUES ('1000000122', 'Regular Childcare', '100122', '2014-06-13', '12:00:00', '14:00:00', 20.50);

INSERT INTO AllowedConnections VALUES ('100123', '123760', '123765', 12376, null);

INSERT INTO Child VALUES ('123765', 'Child124', '124child', '2006-02-02', null, null, '../../Pictures/default.jpg', null);

INSERT INTO ChildcareTransaction VALUES ('1000000123', 'Regular Childcare', '100123', '2014-08-06', '12:00:00', '14:00:00', 20.50);

INSERT INTO Guardian VALUES ('123760', '1234', 'Guardian31', '31guardian', '555-555-5555', 'blah@blah.com', '123 nowhere', null, 'Spokane', 'WA', '99999', '../../Pictures/default.jpg', null);

INSERT INTO Family VALUES ('12376', 42);

INSERT INTO Guardian VALUES ('123761', '1234', 'Guardian231', '312guardian', '555-555-5555', 'blah@blah.com', '123 nowhere', null, 'Spokane', 'WA', '99999', '../../Pictures/default.jpg', null);

INSERT INTO AllowedConnections VALUES ('100124', '123770', '123772', 12377, null);

INSERT INTO Child VALUES ('123772', 'Child125', '125child', '2006-02-02', null, null, '../../Pictures/default.jpg', null);

INSERT INTO ChildcareTransaction VALUES ('1000000124', 'Regular Childcare', '100124', '2014-01-02', '12:00:00', '14:00:00', 20.50);

INSERT INTO AllowedConnections VALUES ('100125', '123770', '123773', 12377, null);

INSERT INTO Child VALUES ('123773', 'Child126', '126child', '2006-02-02', null, null, '../../Pictures/default.jpg', null);

INSERT INTO ChildcareTransaction VALUES ('1000000125', 'Regular Childcare', '100125', '2014-03-28', '12:00:00', '14:00:00', 20.50);

INSERT INTO AllowedConnections VALUES ('100126', '123770', '123774', 12377, null);

INSERT INTO Child VALUES ('123774', 'Child127', '127child', '2006-02-02', null, null, '../../Pictures/default.jpg', null);

INSERT INTO ChildcareTransaction VALUES ('1000000126', 'Regular Childcare', '100126', '2014-02-10', '12:00:00', '14:00:00', 20.50);

INSERT INTO AllowedConnections VALUES ('100127', '123770', '123775', 12377, null);

INSERT INTO Child VALUES ('123775', 'Child128', '128child', '2006-02-02', null, null, '../../Pictures/default.jpg', null);

INSERT INTO ChildcareTransaction VALUES ('1000000127', 'Regular Childcare', '100127', '2014-03-10', '12:00:00', '14:00:00', 20.50);

INSERT INTO Guardian VALUES ('123770', '1234', 'Guardian32', '32guardian', '555-555-5555', 'blah@blah.com', '123 nowhere', null, 'Spokane', 'WA', '99999', '../../Pictures/default.jpg', null);

INSERT INTO Family VALUES ('12377', 42);

INSERT INTO Guardian VALUES ('123771', '1234', 'Guardian232', '322guardian', '555-555-5555', 'blah@blah.com', '123 nowhere', null, 'Spokane', 'WA', '99999', '../../Pictures/default.jpg', null);

INSERT INTO AllowedConnections VALUES ('100128', '123780', '123782', 12378, null);

INSERT INTO Child VALUES ('123782', 'Child129', '129child', '2006-02-02', null, null, '../../Pictures/default.jpg', null);

INSERT INTO ChildcareTransaction VALUES ('1000000128', 'Regular Childcare', '100128', '2014-03-14', '12:00:00', '14:00:00', 20.50);

INSERT INTO AllowedConnections VALUES ('100129', '123780', '123783', 12378, null);

INSERT INTO Child VALUES ('123783', 'Child130', '130child', '2006-02-02', null, null, '../../Pictures/default.jpg', null);

INSERT INTO ChildcareTransaction VALUES ('1000000129', 'Regular Childcare', '100129', '2014-09-03', '12:00:00', '14:00:00', 20.50);

INSERT INTO AllowedConnections VALUES ('100130', '123780', '123784', 12378, null);

INSERT INTO Child VALUES ('123784', 'Child131', '131child', '2006-02-02', null, null, '../../Pictures/default.jpg', null);

INSERT INTO ChildcareTransaction VALUES ('1000000130', 'Regular Childcare', '100130', '2014-07-12', '12:00:00', '14:00:00', 20.50);

INSERT INTO AllowedConnections VALUES ('100131', '123780', '123785', 12378, null);

INSERT INTO Child VALUES ('123785', 'Child132', '132child', '2006-02-02', null, null, '../../Pictures/default.jpg', null);

INSERT INTO ChildcareTransaction VALUES ('1000000131', 'Regular Childcare', '100131', '2014-01-08', '12:00:00', '14:00:00', 20.50);

INSERT INTO Guardian VALUES ('123780', '1234', 'Guardian33', '33guardian', '555-555-5555', 'blah@blah.com', '123 nowhere', null, 'Spokane', 'WA', '99999', '../../Pictures/default.jpg', null);

INSERT INTO Family VALUES ('12378', 42);

INSERT INTO Guardian VALUES ('123781', '1234', 'Guardian233', '332guardian', '555-555-5555', 'blah@blah.com', '123 nowhere', null, 'Spokane', 'WA', '99999', '../../Pictures/default.jpg', null);

INSERT INTO AllowedConnections VALUES ('100132', '123790', '123792', 12379, null);

INSERT INTO Child VALUES ('123792', 'Child133', '133child', '2006-02-02', null, null, '../../Pictures/default.jpg', null);

INSERT INTO ChildcareTransaction VALUES ('1000000132', 'Regular Childcare', '100132', '2014-08-18', '12:00:00', '14:00:00', 20.50);

INSERT INTO AllowedConnections VALUES ('100133', '123790', '123793', 12379, null);

INSERT INTO Child VALUES ('123793', 'Child134', '134child', '2006-02-02', null, null, '../../Pictures/default.jpg', null);

INSERT INTO ChildcareTransaction VALUES ('1000000133', 'Regular Childcare', '100133', '2014-01-18', '12:00:00', '14:00:00', 20.50);

INSERT INTO AllowedConnections VALUES ('100134', '123790', '123794', 12379, null);

INSERT INTO Child VALUES ('123794', 'Child135', '135child', '2006-02-02', null, null, '../../Pictures/default.jpg', null);

INSERT INTO ChildcareTransaction VALUES ('1000000134', 'Regular Childcare', '100134', '2014-05-22', '12:00:00', '14:00:00', 20.50);

INSERT INTO AllowedConnections VALUES ('100135', '123790', '123795', 12379, null);

INSERT INTO Child VALUES ('123795', 'Child136', '136child', '2006-02-02', null, null, '../../Pictures/default.jpg', null);

INSERT INTO ChildcareTransaction VALUES ('1000000135', 'Regular Childcare', '100135', '2014-10-01', '12:00:00', '14:00:00', 20.50);

INSERT INTO Guardian VALUES ('123790', '1234', 'Guardian34', '34guardian', '555-555-5555', 'blah@blah.com', '123 nowhere', null, 'Spokane', 'WA', '99999', '../../Pictures/default.jpg', null);

INSERT INTO Family VALUES ('12379', 42);

INSERT INTO Guardian VALUES ('123791', '1234', 'Guardian234', '342guardian', '555-555-5555', 'blah@blah.com', '123 nowhere', null, 'Spokane', 'WA', '99999', '../../Pictures/default.jpg', null);

INSERT INTO AllowedConnections VALUES ('100136', '123800', '123802', 12380, null);

INSERT INTO Child VALUES ('123802', 'Child137', '137child', '2006-02-02', null, null, '../../Pictures/default.jpg', null);

INSERT INTO ChildcareTransaction VALUES ('1000000136', 'Regular Childcare', '100136', '2014-05-16', '12:00:00', '14:00:00', 20.50);

INSERT INTO AllowedConnections VALUES ('100137', '123800', '123803', 12380, null);

INSERT INTO Child VALUES ('123803', 'Child138', '138child', '2006-02-02', null, null, '../../Pictures/default.jpg', null);

INSERT INTO ChildcareTransaction VALUES ('1000000137', 'Regular Childcare', '100137', '2014-08-02', '12:00:00', '14:00:00', 20.50);

INSERT INTO AllowedConnections VALUES ('100138', '123800', '123804', 12380, null);

INSERT INTO Child VALUES ('123804', 'Child139', '139child', '2006-02-02', null, null, '../../Pictures/default.jpg', null);

INSERT INTO ChildcareTransaction VALUES ('1000000138', 'Regular Childcare', '100138', '2014-01-28', '12:00:00', '14:00:00', 20.50);

INSERT INTO AllowedConnections VALUES ('100139', '123800', '123805', 12380, null);

INSERT INTO Child VALUES ('123805', 'Child140', '140child', '2006-02-02', null, null, '../../Pictures/default.jpg', null);

INSERT INTO ChildcareTransaction VALUES ('1000000139', 'Regular Childcare', '100139', '2014-12-07', '12:00:00', '14:00:00', 20.50);

INSERT INTO Guardian VALUES ('123800', '1234', 'Guardian35', '35guardian', '555-555-5555', 'blah@blah.com', '123 nowhere', null, 'Spokane', 'WA', '99999', '../../Pictures/default.jpg', null);

INSERT INTO Family VALUES ('12380', 42);

INSERT INTO Guardian VALUES ('123801', '1234', 'Guardian235', '352guardian', '555-555-5555', 'blah@blah.com', '123 nowhere', null, 'Spokane', 'WA', '99999', '../../Pictures/default.jpg', null);

INSERT INTO AllowedConnections VALUES ('100140', '123810', '123812', 12381, null);

INSERT INTO Child VALUES ('123812', 'Child141', '141child', '2006-02-02', null, null, '../../Pictures/default.jpg', null);

INSERT INTO ChildcareTransaction VALUES ('1000000140', 'Regular Childcare', '100140', '2014-04-14', '12:00:00', '14:00:00', 20.50);

INSERT INTO AllowedConnections VALUES ('100141', '123810', '123813', 12381, null);

INSERT INTO Child VALUES ('123813', 'Child142', '142child', '2006-02-02', null, null, '../../Pictures/default.jpg', null);

INSERT INTO ChildcareTransaction VALUES ('1000000141', 'Regular Childcare', '100141', '2014-09-10', '12:00:00', '14:00:00', 20.50);

INSERT INTO AllowedConnections VALUES ('100142', '123810', '123814', 12381, null);

INSERT INTO Child VALUES ('123814', 'Child143', '143child', '2006-02-02', null, null, '../../Pictures/default.jpg', null);

INSERT INTO ChildcareTransaction VALUES ('1000000142', 'Regular Childcare', '100142', '2014-09-11', '12:00:00', '14:00:00', 20.50);

INSERT INTO AllowedConnections VALUES ('100143', '123810', '123815', 12381, null);

INSERT INTO Child VALUES ('123815', 'Child144', '144child', '2006-02-02', null, null, '../../Pictures/default.jpg', null);

INSERT INTO ChildcareTransaction VALUES ('1000000143', 'Regular Childcare', '100143', '2014-10-09', '12:00:00', '14:00:00', 20.50);

INSERT INTO Guardian VALUES ('123810', '1234', 'Guardian36', '36guardian', '555-555-5555', 'blah@blah.com', '123 nowhere', null, 'Spokane', 'WA', '99999', '../../Pictures/default.jpg', null);

INSERT INTO Family VALUES ('12381', 42);

INSERT INTO Guardian VALUES ('123811', '1234', 'Guardian236', '362guardian', '555-555-5555', 'blah@blah.com', '123 nowhere', null, 'Spokane', 'WA', '99999', '../../Pictures/default.jpg', null);

INSERT INTO AllowedConnections VALUES ('100144', '123820', '123822', 12382, null);

INSERT INTO Child VALUES ('123822', 'Child145', '145child', '2006-02-02', null, null, '../../Pictures/default.jpg', null);

INSERT INTO ChildcareTransaction VALUES ('1000000144', 'Regular Childcare', '100144', '2014-08-06', '12:00:00', '14:00:00', 20.50);

INSERT INTO AllowedConnections VALUES ('100145', '123820', '123823', 12382, null);

INSERT INTO Child VALUES ('123823', 'Child146', '146child', '2006-02-02', null, null, '../../Pictures/default.jpg', null);

INSERT INTO ChildcareTransaction VALUES ('1000000145', 'Regular Childcare', '100145', '2014-02-06', '12:00:00', '14:00:00', 20.50);

INSERT INTO AllowedConnections VALUES ('100146', '123820', '123824', 12382, null);

INSERT INTO Child VALUES ('123824', 'Child147', '147child', '2006-02-02', null, null, '../../Pictures/default.jpg', null);

INSERT INTO ChildcareTransaction VALUES ('1000000146', 'Regular Childcare', '100146', '2014-09-11', '12:00:00', '14:00:00', 20.50);

INSERT INTO AllowedConnections VALUES ('100147', '123820', '123825', 12382, null);

INSERT INTO Child VALUES ('123825', 'Child148', '148child', '2006-02-02', null, null, '../../Pictures/default.jpg', null);

INSERT INTO ChildcareTransaction VALUES ('1000000147', 'Regular Childcare', '100147', '2014-03-15', '12:00:00', '14:00:00', 20.50);

INSERT INTO Guardian VALUES ('123820', '1234', 'Guardian37', '37guardian', '555-555-5555', 'blah@blah.com', '123 nowhere', null, 'Spokane', 'WA', '99999', '../../Pictures/default.jpg', null);

INSERT INTO Family VALUES ('12382', 42);

INSERT INTO Guardian VALUES ('123821', '1234', 'Guardian237', '372guardian', '555-555-5555', 'blah@blah.com', '123 nowhere', null, 'Spokane', 'WA', '99999', '../../Pictures/default.jpg', null);

INSERT INTO AllowedConnections VALUES ('100148', '123830', '123832', 12383, null);

INSERT INTO Child VALUES ('123832', 'Child149', '149child', '2006-02-02', null, null, '../../Pictures/default.jpg', null);

INSERT INTO ChildcareTransaction VALUES ('1000000148', 'Regular Childcare', '100148', '2014-10-01', '12:00:00', '14:00:00', 20.50);

INSERT INTO AllowedConnections VALUES ('100149', '123830', '123833', 12383, null);

INSERT INTO Child VALUES ('123833', 'Child150', '150child', '2006-02-02', null, null, '../../Pictures/default.jpg', null);

INSERT INTO ChildcareTransaction VALUES ('1000000149', 'Regular Childcare', '100149', '2014-05-19', '12:00:00', '14:00:00', 20.50);

INSERT INTO AllowedConnections VALUES ('100150', '123830', '123834', 12383, null);

INSERT INTO Child VALUES ('123834', 'Child151', '151child', '2006-02-02', null, null, '../../Pictures/default.jpg', null);

INSERT INTO ChildcareTransaction VALUES ('1000000150', 'Regular Childcare', '100150', '2014-12-28', '12:00:00', '14:00:00', 20.50);

INSERT INTO AllowedConnections VALUES ('100151', '123830', '123835', 12383, null);

INSERT INTO Child VALUES ('123835', 'Child152', '152child', '2006-02-02', null, null, '../../Pictures/default.jpg', null);

INSERT INTO ChildcareTransaction VALUES ('1000000151', 'Regular Childcare', '100151', '2014-09-05', '12:00:00', '14:00:00', 20.50);

INSERT INTO Guardian VALUES ('123830', '1234', 'Guardian38', '38guardian', '555-555-5555', 'blah@blah.com', '123 nowhere', null, 'Spokane', 'WA', '99999', '../../Pictures/default.jpg', null);

INSERT INTO Family VALUES ('12383', 42);

INSERT INTO Guardian VALUES ('123831', '1234', 'Guardian238', '382guardian', '555-555-5555', 'blah@blah.com', '123 nowhere', null, 'Spokane', 'WA', '99999', '../../Pictures/default.jpg', null);

INSERT INTO AllowedConnections VALUES ('100152', '123840', '123842', 12384, null);

INSERT INTO Child VALUES ('123842', 'Child153', '153child', '2006-02-02', null, null, '../../Pictures/default.jpg', null);

INSERT INTO ChildcareTransaction VALUES ('1000000152', 'Regular Childcare', '100152', '2014-05-02', '12:00:00', '14:00:00', 20.50);

INSERT INTO AllowedConnections VALUES ('100153', '123840', '123843', 12384, null);

INSERT INTO Child VALUES ('123843', 'Child154', '154child', '2006-02-02', null, null, '../../Pictures/default.jpg', null);

INSERT INTO ChildcareTransaction VALUES ('1000000153', 'Regular Childcare', '100153', '2014-07-03', '12:00:00', '14:00:00', 20.50);

INSERT INTO AllowedConnections VALUES ('100154', '123840', '123844', 12384, null);

INSERT INTO Child VALUES ('123844', 'Child155', '155child', '2006-02-02', null, null, '../../Pictures/default.jpg', null);

INSERT INTO ChildcareTransaction VALUES ('1000000154', 'Regular Childcare', '100154', '2014-11-21', '12:00:00', '14:00:00', 20.50);

INSERT INTO AllowedConnections VALUES ('100155', '123840', '123845', 12384, null);

INSERT INTO Child VALUES ('123845', 'Child156', '156child', '2006-02-02', null, null, '../../Pictures/default.jpg', null);

INSERT INTO ChildcareTransaction VALUES ('1000000155', 'Regular Childcare', '100155', '2014-12-26', '12:00:00', '14:00:00', 20.50);

INSERT INTO Guardian VALUES ('123840', '1234', 'Guardian39', '39guardian', '555-555-5555', 'blah@blah.com', '123 nowhere', null, 'Spokane', 'WA', '99999', '../../Pictures/default.jpg', null);

INSERT INTO Family VALUES ('12384', 42);

INSERT INTO Guardian VALUES ('123841', '1234', 'Guardian239', '392guardian', '555-555-5555', 'blah@blah.com', '123 nowhere', null, 'Spokane', 'WA', '99999', '../../Pictures/default.jpg', null);

INSERT INTO AllowedConnections VALUES ('100156', '123850', '123852', 12385, null);

INSERT INTO Child VALUES ('123852', 'Child157', '157child', '2006-02-02', null, null, '../../Pictures/default.jpg', null);

INSERT INTO ChildcareTransaction VALUES ('1000000156', 'Regular Childcare', '100156', '2014-05-21', '12:00:00', '14:00:00', 20.50);

INSERT INTO AllowedConnections VALUES ('100157', '123850', '123853', 12385, null);

INSERT INTO Child VALUES ('123853', 'Child158', '158child', '2006-02-02', null, null, '../../Pictures/default.jpg', null);

INSERT INTO ChildcareTransaction VALUES ('1000000157', 'Regular Childcare', '100157', '2014-01-13', '12:00:00', '14:00:00', 20.50);

INSERT INTO AllowedConnections VALUES ('100158', '123850', '123854', 12385, null);

INSERT INTO Child VALUES ('123854', 'Child159', '159child', '2006-02-02', null, null, '../../Pictures/default.jpg', null);

INSERT INTO ChildcareTransaction VALUES ('1000000158', 'Regular Childcare', '100158', '2014-04-17', '12:00:00', '14:00:00', 20.50);

INSERT INTO AllowedConnections VALUES ('100159', '123850', '123855', 12385, null);

INSERT INTO Child VALUES ('123855', 'Child160', '160child', '2006-02-02', null, null, '../../Pictures/default.jpg', null);

INSERT INTO ChildcareTransaction VALUES ('1000000159', 'Regular Childcare', '100159', '2014-05-10', '12:00:00', '14:00:00', 20.50);

INSERT INTO Guardian VALUES ('123850', '1234', 'Guardian40', '40guardian', '555-555-5555', 'blah@blah.com', '123 nowhere', null, 'Spokane', 'WA', '99999', '../../Pictures/default.jpg', null);

INSERT INTO Family VALUES ('12385', 42);

INSERT INTO Guardian VALUES ('123851', '1234', 'Guardian240', '402guardian', '555-555-5555', 'blah@blah.com', '123 nowhere', null, 'Spokane', 'WA', '99999', '../../Pictures/default.jpg', null);

INSERT INTO AllowedConnections VALUES ('100160', '123860', '123862', 12386, null);

INSERT INTO Child VALUES ('123862', 'Child161', '161child', '2006-02-02', null, null, '../../Pictures/default.jpg', null);

INSERT INTO ChildcareTransaction VALUES ('1000000160', 'Regular Childcare', '100160', '2014-08-15', '12:00:00', '14:00:00', 20.50);

INSERT INTO AllowedConnections VALUES ('100161', '123860', '123863', 12386, null);

INSERT INTO Child VALUES ('123863', 'Child162', '162child', '2006-02-02', null, null, '../../Pictures/default.jpg', null);

INSERT INTO ChildcareTransaction VALUES ('1000000161', 'Regular Childcare', '100161', '2014-02-17', '12:00:00', '14:00:00', 20.50);

INSERT INTO AllowedConnections VALUES ('100162', '123860', '123864', 12386, null);

INSERT INTO Child VALUES ('123864', 'Child163', '163child', '2006-02-02', null, null, '../../Pictures/default.jpg', null);

INSERT INTO ChildcareTransaction VALUES ('1000000162', 'Regular Childcare', '100162', '2014-10-28', '12:00:00', '14:00:00', 20.50);

INSERT INTO AllowedConnections VALUES ('100163', '123860', '123865', 12386, null);

INSERT INTO Child VALUES ('123865', 'Child164', '164child', '2006-02-02', null, null, '../../Pictures/default.jpg', null);

INSERT INTO ChildcareTransaction VALUES ('1000000163', 'Regular Childcare', '100163', '2014-04-05', '12:00:00', '14:00:00', 20.50);

INSERT INTO Guardian VALUES ('123860', '1234', 'Guardian41', '41guardian', '555-555-5555', 'blah@blah.com', '123 nowhere', null, 'Spokane', 'WA', '99999', '../../Pictures/default.jpg', null);

INSERT INTO Family VALUES ('12386', 42);

INSERT INTO Guardian VALUES ('123861', '1234', 'Guardian241', '412guardian', '555-555-5555', 'blah@blah.com', '123 nowhere', null, 'Spokane', 'WA', '99999', '../../Pictures/default.jpg', null);

INSERT INTO AllowedConnections VALUES ('100164', '123870', '123872', 12387, null);

INSERT INTO Child VALUES ('123872', 'Child165', '165child', '2006-02-02', null, null, '../../Pictures/default.jpg', null);

INSERT INTO ChildcareTransaction VALUES ('1000000164', 'Regular Childcare', '100164', '2014-09-13', '12:00:00', '14:00:00', 20.50);

INSERT INTO AllowedConnections VALUES ('100165', '123870', '123873', 12387, null);

INSERT INTO Child VALUES ('123873', 'Child166', '166child', '2006-02-02', null, null, '../../Pictures/default.jpg', null);

INSERT INTO ChildcareTransaction VALUES ('1000000165', 'Regular Childcare', '100165', '2014-02-15', '12:00:00', '14:00:00', 20.50);

INSERT INTO AllowedConnections VALUES ('100166', '123870', '123874', 12387, null);

INSERT INTO Child VALUES ('123874', 'Child167', '167child', '2006-02-02', null, null, '../../Pictures/default.jpg', null);

INSERT INTO ChildcareTransaction VALUES ('1000000166', 'Regular Childcare', '100166', '2014-08-08', '12:00:00', '14:00:00', 20.50);

INSERT INTO AllowedConnections VALUES ('100167', '123870', '123875', 12387, null);

INSERT INTO Child VALUES ('123875', 'Child168', '168child', '2006-02-02', null, null, '../../Pictures/default.jpg', null);

INSERT INTO ChildcareTransaction VALUES ('1000000167', 'Regular Childcare', '100167', '2014-07-11', '12:00:00', '14:00:00', 20.50);

INSERT INTO Guardian VALUES ('123870', '1234', 'Guardian42', '42guardian', '555-555-5555', 'blah@blah.com', '123 nowhere', null, 'Spokane', 'WA', '99999', '../../Pictures/default.jpg', null);

INSERT INTO Family VALUES ('12387', 42);

INSERT INTO Guardian VALUES ('123871', '1234', 'Guardian242', '422guardian', '555-555-5555', 'blah@blah.com', '123 nowhere', null, 'Spokane', 'WA', '99999', '../../Pictures/default.jpg', null);

INSERT INTO AllowedConnections VALUES ('100168', '123880', '123882', 12388, null);

INSERT INTO Child VALUES ('123882', 'Child169', '169child', '2006-02-02', null, null, '../../Pictures/default.jpg', null);

INSERT INTO ChildcareTransaction VALUES ('1000000168', 'Regular Childcare', '100168', '2014-02-12', '12:00:00', '14:00:00', 20.50);

INSERT INTO AllowedConnections VALUES ('100169', '123880', '123883', 12388, null);

INSERT INTO Child VALUES ('123883', 'Child170', '170child', '2006-02-02', null, null, '../../Pictures/default.jpg', null);

INSERT INTO ChildcareTransaction VALUES ('1000000169', 'Regular Childcare', '100169', '2014-11-12', '12:00:00', '14:00:00', 20.50);

INSERT INTO AllowedConnections VALUES ('100170', '123880', '123884', 12388, null);

INSERT INTO Child VALUES ('123884', 'Child171', '171child', '2006-02-02', null, null, '../../Pictures/default.jpg', null);

INSERT INTO ChildcareTransaction VALUES ('1000000170', 'Regular Childcare', '100170', '2014-08-02', '12:00:00', '14:00:00', 20.50);

INSERT INTO AllowedConnections VALUES ('100171', '123880', '123885', 12388, null);

INSERT INTO Child VALUES ('123885', 'Child172', '172child', '2006-02-02', null, null, '../../Pictures/default.jpg', null);

INSERT INTO ChildcareTransaction VALUES ('1000000171', 'Regular Childcare', '100171', '2014-04-24', '12:00:00', '14:00:00', 20.50);

INSERT INTO Guardian VALUES ('123880', '1234', 'Guardian43', '43guardian', '555-555-5555', 'blah@blah.com', '123 nowhere', null, 'Spokane', 'WA', '99999', '../../Pictures/default.jpg', null);

INSERT INTO Family VALUES ('12388', 42);

INSERT INTO Guardian VALUES ('123881', '1234', 'Guardian243', '432guardian', '555-555-5555', 'blah@blah.com', '123 nowhere', null, 'Spokane', 'WA', '99999', '../../Pictures/default.jpg', null);

INSERT INTO AllowedConnections VALUES ('100172', '123890', '123892', 12389, null);

INSERT INTO Child VALUES ('123892', 'Child173', '173child', '2006-02-02', null, null, '../../Pictures/default.jpg', null);

INSERT INTO ChildcareTransaction VALUES ('1000000172', 'Regular Childcare', '100172', '2014-01-21', '12:00:00', '14:00:00', 20.50);

INSERT INTO AllowedConnections VALUES ('100173', '123890', '123893', 12389, null);

INSERT INTO Child VALUES ('123893', 'Child174', '174child', '2006-02-02', null, null, '../../Pictures/default.jpg', null);

INSERT INTO ChildcareTransaction VALUES ('1000000173', 'Regular Childcare', '100173', '2014-07-14', '12:00:00', '14:00:00', 20.50);

INSERT INTO AllowedConnections VALUES ('100174', '123890', '123894', 12389, null);

INSERT INTO Child VALUES ('123894', 'Child175', '175child', '2006-02-02', null, null, '../../Pictures/default.jpg', null);

INSERT INTO ChildcareTransaction VALUES ('1000000174', 'Regular Childcare', '100174', '2014-11-18', '12:00:00', '14:00:00', 20.50);

INSERT INTO AllowedConnections VALUES ('100175', '123890', '123895', 12389, null);

INSERT INTO Child VALUES ('123895', 'Child176', '176child', '2006-02-02', null, null, '../../Pictures/default.jpg', null);

INSERT INTO ChildcareTransaction VALUES ('1000000175', 'Regular Childcare', '100175', '2014-12-11', '12:00:00', '14:00:00', 20.50);

INSERT INTO Guardian VALUES ('123890', '1234', 'Guardian44', '44guardian', '555-555-5555', 'blah@blah.com', '123 nowhere', null, 'Spokane', 'WA', '99999', '../../Pictures/default.jpg', null);

INSERT INTO Family VALUES ('12389', 42);

INSERT INTO Guardian VALUES ('123891', '1234', 'Guardian244', '442guardian', '555-555-5555', 'blah@blah.com', '123 nowhere', null, 'Spokane', 'WA', '99999', '../../Pictures/default.jpg', null);

INSERT INTO AllowedConnections VALUES ('100176', '123900', '123902', 12390, null);

INSERT INTO Child VALUES ('123902', 'Child177', '177child', '2006-02-02', null, null, '../../Pictures/default.jpg', null);

INSERT INTO ChildcareTransaction VALUES ('1000000176', 'Regular Childcare', '100176', '2014-07-23', '12:00:00', '14:00:00', 20.50);

INSERT INTO AllowedConnections VALUES ('100177', '123900', '123903', 12390, null);

INSERT INTO Child VALUES ('123903', 'Child178', '178child', '2006-02-02', null, null, '../../Pictures/default.jpg', null);

INSERT INTO ChildcareTransaction VALUES ('1000000177', 'Regular Childcare', '100177', '2014-07-09', '12:00:00', '14:00:00', 20.50);

INSERT INTO AllowedConnections VALUES ('100178', '123900', '123904', 12390, null);

INSERT INTO Child VALUES ('123904', 'Child179', '179child', '2006-02-02', null, null, '../../Pictures/default.jpg', null);

INSERT INTO ChildcareTransaction VALUES ('1000000178', 'Regular Childcare', '100178', '2014-04-13', '12:00:00', '14:00:00', 20.50);

INSERT INTO AllowedConnections VALUES ('100179', '123900', '123905', 12390, null);

INSERT INTO Child VALUES ('123905', 'Child180', '180child', '2006-02-02', null, null, '../../Pictures/default.jpg', null);

INSERT INTO ChildcareTransaction VALUES ('1000000179', 'Regular Childcare', '100179', '2014-09-12', '12:00:00', '14:00:00', 20.50);

INSERT INTO Guardian VALUES ('123900', '1234', 'Guardian45', '45guardian', '555-555-5555', 'blah@blah.com', '123 nowhere', null, 'Spokane', 'WA', '99999', '../../Pictures/default.jpg', null);

INSERT INTO Family VALUES ('12390', 42);

INSERT INTO Guardian VALUES ('123901', '1234', 'Guardian245', '452guardian', '555-555-5555', 'blah@blah.com', '123 nowhere', null, 'Spokane', 'WA', '99999', '../../Pictures/default.jpg', null);

INSERT INTO AllowedConnections VALUES ('100180', '123910', '123912', 12391, null);

INSERT INTO Child VALUES ('123912', 'Child181', '181child', '2006-02-02', null, null, '../../Pictures/default.jpg', null);

INSERT INTO ChildcareTransaction VALUES ('1000000180', 'Regular Childcare', '100180', '2014-03-20', '12:00:00', '14:00:00', 20.50);

INSERT INTO AllowedConnections VALUES ('100181', '123910', '123913', 12391, null);

INSERT INTO Child VALUES ('123913', 'Child182', '182child', '2006-02-02', null, null, '../../Pictures/default.jpg', null);

INSERT INTO ChildcareTransaction VALUES ('1000000181', 'Regular Childcare', '100181', '2014-06-21', '12:00:00', '14:00:00', 20.50);

INSERT INTO AllowedConnections VALUES ('100182', '123910', '123914', 12391, null);

INSERT INTO Child VALUES ('123914', 'Child183', '183child', '2006-02-02', null, null, '../../Pictures/default.jpg', null);

INSERT INTO ChildcareTransaction VALUES ('1000000182', 'Regular Childcare', '100182', '2014-11-24', '12:00:00', '14:00:00', 20.50);

INSERT INTO AllowedConnections VALUES ('100183', '123910', '123915', 12391, null);

INSERT INTO Child VALUES ('123915', 'Child184', '184child', '2006-02-02', null, null, '../../Pictures/default.jpg', null);

INSERT INTO ChildcareTransaction VALUES ('1000000183', 'Regular Childcare', '100183', '2014-10-11', '12:00:00', '14:00:00', 20.50);

INSERT INTO Guardian VALUES ('123910', '1234', 'Guardian46', '46guardian', '555-555-5555', 'blah@blah.com', '123 nowhere', null, 'Spokane', 'WA', '99999', '../../Pictures/default.jpg', null);

INSERT INTO Family VALUES ('12391', 42);

INSERT INTO Guardian VALUES ('123911', '1234', 'Guardian246', '462guardian', '555-555-5555', 'blah@blah.com', '123 nowhere', null, 'Spokane', 'WA', '99999', '../../Pictures/default.jpg', null);

INSERT INTO AllowedConnections VALUES ('100184', '123920', '123922', 12392, null);

INSERT INTO Child VALUES ('123922', 'Child185', '185child', '2006-02-02', null, null, '../../Pictures/default.jpg', null);

INSERT INTO ChildcareTransaction VALUES ('1000000184', 'Regular Childcare', '100184', '2014-08-15', '12:00:00', '14:00:00', 20.50);

INSERT INTO AllowedConnections VALUES ('100185', '123920', '123923', 12392, null);

INSERT INTO Child VALUES ('123923', 'Child186', '186child', '2006-02-02', null, null, '../../Pictures/default.jpg', null);

INSERT INTO ChildcareTransaction VALUES ('1000000185', 'Regular Childcare', '100185', '2014-01-09', '12:00:00', '14:00:00', 20.50);

INSERT INTO AllowedConnections VALUES ('100186', '123920', '123924', 12392, null);

INSERT INTO Child VALUES ('123924', 'Child187', '187child', '2006-02-02', null, null, '../../Pictures/default.jpg', null);

INSERT INTO ChildcareTransaction VALUES ('1000000186', 'Regular Childcare', '100186', '2014-11-13', '12:00:00', '14:00:00', 20.50);

INSERT INTO AllowedConnections VALUES ('100187', '123920', '123925', 12392, null);

INSERT INTO Child VALUES ('123925', 'Child188', '188child', '2006-02-02', null, null, '../../Pictures/default.jpg', null);

INSERT INTO ChildcareTransaction VALUES ('1000000187', 'Regular Childcare', '100187', '2014-01-20', '12:00:00', '14:00:00', 20.50);

INSERT INTO Guardian VALUES ('123920', '1234', 'Guardian47', '47guardian', '555-555-5555', 'blah@blah.com', '123 nowhere', null, 'Spokane', 'WA', '99999', '../../Pictures/default.jpg', null);

INSERT INTO Family VALUES ('12392', 42);

INSERT INTO Guardian VALUES ('123921', '1234', 'Guardian247', '472guardian', '555-555-5555', 'blah@blah.com', '123 nowhere', null, 'Spokane', 'WA', '99999', '../../Pictures/default.jpg', null);

INSERT INTO AllowedConnections VALUES ('100188', '123930', '123932', 12393, null);

INSERT INTO Child VALUES ('123932', 'Child189', '189child', '2006-02-02', null, null, '../../Pictures/default.jpg', null);

INSERT INTO ChildcareTransaction VALUES ('1000000188', 'Regular Childcare', '100188', '2014-01-03', '12:00:00', '14:00:00', 20.50);

INSERT INTO AllowedConnections VALUES ('100189', '123930', '123933', 12393, null);

INSERT INTO Child VALUES ('123933', 'Child190', '190child', '2006-02-02', null, null, '../../Pictures/default.jpg', null);

INSERT INTO ChildcareTransaction VALUES ('1000000189', 'Regular Childcare', '100189', '2014-06-09', '12:00:00', '14:00:00', 20.50);

INSERT INTO AllowedConnections VALUES ('100190', '123930', '123934', 12393, null);

INSERT INTO Child VALUES ('123934', 'Child191', '191child', '2006-02-02', null, null, '../../Pictures/default.jpg', null);

INSERT INTO ChildcareTransaction VALUES ('1000000190', 'Regular Childcare', '100190', '2014-10-22', '12:00:00', '14:00:00', 20.50);

INSERT INTO AllowedConnections VALUES ('100191', '123930', '123935', 12393, null);

INSERT INTO Child VALUES ('123935', 'Child192', '192child', '2006-02-02', null, null, '../../Pictures/default.jpg', null);

INSERT INTO ChildcareTransaction VALUES ('1000000191', 'Regular Childcare', '100191', '2014-06-27', '12:00:00', '14:00:00', 20.50);

INSERT INTO Guardian VALUES ('123930', '1234', 'Guardian48', '48guardian', '555-555-5555', 'blah@blah.com', '123 nowhere', null, 'Spokane', 'WA', '99999', '../../Pictures/default.jpg', null);

INSERT INTO Family VALUES ('12393', 42);

INSERT INTO Guardian VALUES ('123931', '1234', 'Guardian248', '482guardian', '555-555-5555', 'blah@blah.com', '123 nowhere', null, 'Spokane', 'WA', '99999', '../../Pictures/default.jpg', null);

INSERT INTO AllowedConnections VALUES ('100192', '123940', '123942', 12394, null);

INSERT INTO Child VALUES ('123942', 'Child193', '193child', '2006-02-02', null, null, '../../Pictures/default.jpg', null);

INSERT INTO ChildcareTransaction VALUES ('1000000192', 'Regular Childcare', '100192', '2014-02-22', '12:00:00', '14:00:00', 20.50);

INSERT INTO AllowedConnections VALUES ('100193', '123940', '123943', 12394, null);

INSERT INTO Child VALUES ('123943', 'Child194', '194child', '2006-02-02', null, null, '../../Pictures/default.jpg', null);

INSERT INTO ChildcareTransaction VALUES ('1000000193', 'Regular Childcare', '100193', '2014-05-16', '12:00:00', '14:00:00', 20.50);

INSERT INTO AllowedConnections VALUES ('100194', '123940', '123944', 12394, null);

INSERT INTO Child VALUES ('123944', 'Child195', '195child', '2006-02-02', null, null, '../../Pictures/default.jpg', null);

INSERT INTO ChildcareTransaction VALUES ('1000000194', 'Regular Childcare', '100194', '2014-11-28', '12:00:00', '14:00:00', 20.50);

INSERT INTO AllowedConnections VALUES ('100195', '123940', '123945', 12394, null);

INSERT INTO Child VALUES ('123945', 'Child196', '196child', '2006-02-02', null, null, '../../Pictures/default.jpg', null);

INSERT INTO ChildcareTransaction VALUES ('1000000195', 'Regular Childcare', '100195', '2014-02-07', '12:00:00', '14:00:00', 20.50);

INSERT INTO Guardian VALUES ('123940', '1234', 'Guardian49', '49guardian', '555-555-5555', 'blah@blah.com', '123 nowhere', null, 'Spokane', 'WA', '99999', '../../Pictures/default.jpg', null);

INSERT INTO Family VALUES ('12394', 42);

INSERT INTO Guardian VALUES ('123941', '1234', 'Guardian249', '492guardian', '555-555-5555', 'blah@blah.com', '123 nowhere', null, 'Spokane', 'WA', '99999', '../../Pictures/default.jpg', null);

INSERT INTO AllowedConnections VALUES ('100196', '123950', '123952', 12395, null);

INSERT INTO Child VALUES ('123952', 'Child197', '197child', '2006-02-02', null, null, '../../Pictures/default.jpg', null);

INSERT INTO ChildcareTransaction VALUES ('1000000196', 'Regular Childcare', '100196', '2014-06-05', '12:00:00', '14:00:00', 20.50);

INSERT INTO AllowedConnections VALUES ('100197', '123950', '123953', 12395, null);

INSERT INTO Child VALUES ('123953', 'Child198', '198child', '2006-02-02', null, null, '../../Pictures/default.jpg', null);

INSERT INTO ChildcareTransaction VALUES ('1000000197', 'Regular Childcare', '100197', '2014-06-24', '12:00:00', '14:00:00', 20.50);

INSERT INTO AllowedConnections VALUES ('100198', '123950', '123954', 12395, null);

INSERT INTO Child VALUES ('123954', 'Child199', '199child', '2006-02-02', null, null, '../../Pictures/default.jpg', null);

INSERT INTO ChildcareTransaction VALUES ('1000000198', 'Regular Childcare', '100198', '2014-01-09', '12:00:00', '14:00:00', 20.50);

INSERT INTO AllowedConnections VALUES ('100199', '123950', '123955', 12395, null);

INSERT INTO Child VALUES ('123955', 'Child200', '200child', '2006-02-02', null, null, '../../Pictures/default.jpg', null);

INSERT INTO ChildcareTransaction VALUES ('1000000199', 'Regular Childcare', '100199', '2014-10-22', '12:00:00', '14:00:00', 20.50);

INSERT INTO Guardian VALUES ('123950', '1234', 'Guardian50', '50guardian', '555-555-5555', 'blah@blah.com', '123 nowhere', null, 'Spokane', 'WA', '99999', '../../Pictures/default.jpg', null);

INSERT INTO Family VALUES ('12395', 42);

INSERT INTO Guardian VALUES ('123951', '1234', 'Guardian250', '502guardian', '555-555-5555', 'blah@blah.com', '123 nowhere', null, 'Spokane', 'WA', '99999', '../../Pictures/default.jpg', null);

INSERT INTO AllowedConnections VALUES ('100200', '123960', '123962', 12396, null);

INSERT INTO Child VALUES ('123962', 'Child201', '201child', '2006-02-02', null, null, '../../Pictures/default.jpg', null);

INSERT INTO ChildcareTransaction VALUES ('1000000200', 'Regular Childcare', '100200', '2014-12-09', '12:00:00', '14:00:00', 20.50);

INSERT INTO AllowedConnections VALUES ('100201', '123960', '123963', 12396, null);

INSERT INTO Child VALUES ('123963', 'Child202', '202child', '2006-02-02', null, null, '../../Pictures/default.jpg', null);

INSERT INTO ChildcareTransaction VALUES ('1000000201', 'Regular Childcare', '100201', '2014-03-12', '12:00:00', '14:00:00', 20.50);

INSERT INTO AllowedConnections VALUES ('100202', '123960', '123964', 12396, null);

INSERT INTO Child VALUES ('123964', 'Child203', '203child', '2006-02-02', null, null, '../../Pictures/default.jpg', null);

INSERT INTO ChildcareTransaction VALUES ('1000000202', 'Regular Childcare', '100202', '2014-03-02', '12:00:00', '14:00:00', 20.50);

INSERT INTO AllowedConnections VALUES ('100203', '123960', '123965', 12396, null);

INSERT INTO Child VALUES ('123965', 'Child204', '204child', '2006-02-02', null, null, '../../Pictures/default.jpg', null);

INSERT INTO ChildcareTransaction VALUES ('1000000203', 'Regular Childcare', '100203', '2014-10-10', '12:00:00', '14:00:00', 20.50);

INSERT INTO Guardian VALUES ('123960', '1234', 'Guardian51', '51guardian', '555-555-5555', 'blah@blah.com', '123 nowhere', null, 'Spokane', 'WA', '99999', '../../Pictures/default.jpg', null);

INSERT INTO Family VALUES ('12396', 42);

INSERT INTO Guardian VALUES ('123961', '1234', 'Guardian251', '512guardian', '555-555-5555', 'blah@blah.com', '123 nowhere', null, 'Spokane', 'WA', '99999', '../../Pictures/default.jpg', null);

INSERT INTO AllowedConnections VALUES ('100204', '123970', '123972', 12397, null);

INSERT INTO Child VALUES ('123972', 'Child205', '205child', '2006-02-02', null, null, '../../Pictures/default.jpg', null);

INSERT INTO ChildcareTransaction VALUES ('1000000204', 'Regular Childcare', '100204', '2014-11-19', '12:00:00', '14:00:00', 20.50);

INSERT INTO AllowedConnections VALUES ('100205', '123970', '123973', 12397, null);

INSERT INTO Child VALUES ('123973', 'Child206', '206child', '2006-02-02', null, null, '../../Pictures/default.jpg', null);

INSERT INTO ChildcareTransaction VALUES ('1000000205', 'Regular Childcare', '100205', '2014-05-02', '12:00:00', '14:00:00', 20.50);

INSERT INTO AllowedConnections VALUES ('100206', '123970', '123974', 12397, null);

INSERT INTO Child VALUES ('123974', 'Child207', '207child', '2006-02-02', null, null, '../../Pictures/default.jpg', null);

INSERT INTO ChildcareTransaction VALUES ('1000000206', 'Regular Childcare', '100206', '2014-08-26', '12:00:00', '14:00:00', 20.50);

INSERT INTO AllowedConnections VALUES ('100207', '123970', '123975', 12397, null);

INSERT INTO Child VALUES ('123975', 'Child208', '208child', '2006-02-02', null, null, '../../Pictures/default.jpg', null);

INSERT INTO ChildcareTransaction VALUES ('1000000207', 'Regular Childcare', '100207', '2014-04-11', '12:00:00', '14:00:00', 20.50);

INSERT INTO Guardian VALUES ('123970', '1234', 'Guardian52', '52guardian', '555-555-5555', 'blah@blah.com', '123 nowhere', null, 'Spokane', 'WA', '99999', '../../Pictures/default.jpg', null);

INSERT INTO Family VALUES ('12397', 42);

INSERT INTO Guardian VALUES ('123971', '1234', 'Guardian252', '522guardian', '555-555-5555', 'blah@blah.com', '123 nowhere', null, 'Spokane', 'WA', '99999', '../../Pictures/default.jpg', null);

INSERT INTO AllowedConnections VALUES ('100208', '123980', '123982', 12398, null);

INSERT INTO Child VALUES ('123982', 'Child209', '209child', '2006-02-02', null, null, '../../Pictures/default.jpg', null);

INSERT INTO ChildcareTransaction VALUES ('1000000208', 'Regular Childcare', '100208', '2014-04-27', '12:00:00', '14:00:00', 20.50);

INSERT INTO AllowedConnections VALUES ('100209', '123980', '123983', 12398, null);

INSERT INTO Child VALUES ('123983', 'Child210', '210child', '2006-02-02', null, null, '../../Pictures/default.jpg', null);

INSERT INTO ChildcareTransaction VALUES ('1000000209', 'Regular Childcare', '100209', '2014-10-01', '12:00:00', '14:00:00', 20.50);

INSERT INTO AllowedConnections VALUES ('100210', '123980', '123984', 12398, null);

INSERT INTO Child VALUES ('123984', 'Child211', '211child', '2006-02-02', null, null, '../../Pictures/default.jpg', null);

INSERT INTO ChildcareTransaction VALUES ('1000000210', 'Regular Childcare', '100210', '2014-04-28', '12:00:00', '14:00:00', 20.50);

INSERT INTO AllowedConnections VALUES ('100211', '123980', '123985', 12398, null);

INSERT INTO Child VALUES ('123985', 'Child212', '212child', '2006-02-02', null, null, '../../Pictures/default.jpg', null);

INSERT INTO ChildcareTransaction VALUES ('1000000211', 'Regular Childcare', '100211', '2014-09-14', '12:00:00', '14:00:00', 20.50);

INSERT INTO Guardian VALUES ('123980', '1234', 'Guardian53', '53guardian', '555-555-5555', 'blah@blah.com', '123 nowhere', null, 'Spokane', 'WA', '99999', '../../Pictures/default.jpg', null);

INSERT INTO Family VALUES ('12398', 42);

INSERT INTO Guardian VALUES ('123981', '1234', 'Guardian253', '532guardian', '555-555-5555', 'blah@blah.com', '123 nowhere', null, 'Spokane', 'WA', '99999', '../../Pictures/default.jpg', null);

INSERT INTO AllowedConnections VALUES ('100212', '123990', '123992', 12399, null);

INSERT INTO Child VALUES ('123992', 'Child213', '213child', '2006-02-02', null, null, '../../Pictures/default.jpg', null);

INSERT INTO ChildcareTransaction VALUES ('1000000212', 'Regular Childcare', '100212', '2014-12-04', '12:00:00', '14:00:00', 20.50);

INSERT INTO AllowedConnections VALUES ('100213', '123990', '123993', 12399, null);

INSERT INTO Child VALUES ('123993', 'Child214', '214child', '2006-02-02', null, null, '../../Pictures/default.jpg', null);

INSERT INTO ChildcareTransaction VALUES ('1000000213', 'Regular Childcare', '100213', '2014-10-01', '12:00:00', '14:00:00', 20.50);

INSERT INTO AllowedConnections VALUES ('100214', '123990', '123994', 12399, null);

INSERT INTO Child VALUES ('123994', 'Child215', '215child', '2006-02-02', null, null, '../../Pictures/default.jpg', null);

INSERT INTO ChildcareTransaction VALUES ('1000000214', 'Regular Childcare', '100214', '2014-09-03', '12:00:00', '14:00:00', 20.50);

INSERT INTO AllowedConnections VALUES ('100215', '123990', '123995', 12399, null);

INSERT INTO Child VALUES ('123995', 'Child216', '216child', '2006-02-02', null, null, '../../Pictures/default.jpg', null);

INSERT INTO ChildcareTransaction VALUES ('1000000215', 'Regular Childcare', '100215', '2014-05-22', '12:00:00', '14:00:00', 20.50);

INSERT INTO Guardian VALUES ('123990', '1234', 'Guardian54', '54guardian', '555-555-5555', 'blah@blah.com', '123 nowhere', null, 'Spokane', 'WA', '99999', '../../Pictures/default.jpg', null);

INSERT INTO Family VALUES ('12399', 42);

INSERT INTO Guardian VALUES ('123991', '1234', 'Guardian254', '542guardian', '555-555-5555', 'blah@blah.com', '123 nowhere', null, 'Spokane', 'WA', '99999', '../../Pictures/default.jpg', null);

INSERT INTO AllowedConnections VALUES ('100216', '124000', '124002', 12400, null);

INSERT INTO Child VALUES ('124002', 'Child217', '217child', '2006-02-02', null, null, '../../Pictures/default.jpg', null);

INSERT INTO ChildcareTransaction VALUES ('1000000216', 'Regular Childcare', '100216', '2014-12-19', '12:00:00', '14:00:00', 20.50);

INSERT INTO AllowedConnections VALUES ('100217', '124000', '124003', 12400, null);

INSERT INTO Child VALUES ('124003', 'Child218', '218child', '2006-02-02', null, null, '../../Pictures/default.jpg', null);

INSERT INTO ChildcareTransaction VALUES ('1000000217', 'Regular Childcare', '100217', '2014-08-07', '12:00:00', '14:00:00', 20.50);

INSERT INTO AllowedConnections VALUES ('100218', '124000', '124004', 12400, null);

INSERT INTO Child VALUES ('124004', 'Child219', '219child', '2006-02-02', null, null, '../../Pictures/default.jpg', null);

INSERT INTO ChildcareTransaction VALUES ('1000000218', 'Regular Childcare', '100218', '2014-12-26', '12:00:00', '14:00:00', 20.50);

INSERT INTO AllowedConnections VALUES ('100219', '124000', '124005', 12400, null);

INSERT INTO Child VALUES ('124005', 'Child220', '220child', '2006-02-02', null, null, '../../Pictures/default.jpg', null);

INSERT INTO ChildcareTransaction VALUES ('1000000219', 'Regular Childcare', '100219', '2014-10-13', '12:00:00', '14:00:00', 20.50);

INSERT INTO Guardian VALUES ('124000', '1234', 'Guardian55', '55guardian', '555-555-5555', 'blah@blah.com', '123 nowhere', null, 'Spokane', 'WA', '99999', '../../Pictures/default.jpg', null);

INSERT INTO Family VALUES ('12400', 42);

INSERT INTO Guardian VALUES ('124001', '1234', 'Guardian255', '552guardian', '555-555-5555', 'blah@blah.com', '123 nowhere', null, 'Spokane', 'WA', '99999', '../../Pictures/default.jpg', null);

INSERT INTO AllowedConnections VALUES ('100220', '124010', '124012', 12401, null);

INSERT INTO Child VALUES ('124012', 'Child221', '221child', '2006-02-02', null, null, '../../Pictures/default.jpg', null);

INSERT INTO ChildcareTransaction VALUES ('1000000220', 'Regular Childcare', '100220', '2014-10-25', '12:00:00', '14:00:00', 20.50);

INSERT INTO AllowedConnections VALUES ('100221', '124010', '124013', 12401, null);

INSERT INTO Child VALUES ('124013', 'Child222', '222child', '2006-02-02', null, null, '../../Pictures/default.jpg', null);

INSERT INTO ChildcareTransaction VALUES ('1000000221', 'Regular Childcare', '100221', '2014-10-02', '12:00:00', '14:00:00', 20.50);

INSERT INTO AllowedConnections VALUES ('100222', '124010', '124014', 12401, null);

INSERT INTO Child VALUES ('124014', 'Child223', '223child', '2006-02-02', null, null, '../../Pictures/default.jpg', null);

INSERT INTO ChildcareTransaction VALUES ('1000000222', 'Regular Childcare', '100222', '2014-11-09', '12:00:00', '14:00:00', 20.50);

INSERT INTO AllowedConnections VALUES ('100223', '124010', '124015', 12401, null);

INSERT INTO Child VALUES ('124015', 'Child224', '224child', '2006-02-02', null, null, '../../Pictures/default.jpg', null);

INSERT INTO ChildcareTransaction VALUES ('1000000223', 'Regular Childcare', '100223', '2014-10-17', '12:00:00', '14:00:00', 20.50);

INSERT INTO Guardian VALUES ('124010', '1234', 'Guardian56', '56guardian', '555-555-5555', 'blah@blah.com', '123 nowhere', null, 'Spokane', 'WA', '99999', '../../Pictures/default.jpg', null);

INSERT INTO Family VALUES ('12401', 42);

INSERT INTO Guardian VALUES ('124011', '1234', 'Guardian256', '562guardian', '555-555-5555', 'blah@blah.com', '123 nowhere', null, 'Spokane', 'WA', '99999', '../../Pictures/default.jpg', null);

INSERT INTO AllowedConnections VALUES ('100224', '124020', '124022', 12402, null);

INSERT INTO Child VALUES ('124022', 'Child225', '225child', '2006-02-02', null, null, '../../Pictures/default.jpg', null);

INSERT INTO ChildcareTransaction VALUES ('1000000224', 'Regular Childcare', '100224', '2014-10-20', '12:00:00', '14:00:00', 20.50);

INSERT INTO AllowedConnections VALUES ('100225', '124020', '124023', 12402, null);

INSERT INTO Child VALUES ('124023', 'Child226', '226child', '2006-02-02', null, null, '../../Pictures/default.jpg', null);

INSERT INTO ChildcareTransaction VALUES ('1000000225', 'Regular Childcare', '100225', '2014-10-18', '12:00:00', '14:00:00', 20.50);

INSERT INTO AllowedConnections VALUES ('100226', '124020', '124024', 12402, null);

INSERT INTO Child VALUES ('124024', 'Child227', '227child', '2006-02-02', null, null, '../../Pictures/default.jpg', null);

INSERT INTO ChildcareTransaction VALUES ('1000000226', 'Regular Childcare', '100226', '2014-03-13', '12:00:00', '14:00:00', 20.50);

INSERT INTO AllowedConnections VALUES ('100227', '124020', '124025', 12402, null);

INSERT INTO Child VALUES ('124025', 'Child228', '228child', '2006-02-02', null, null, '../../Pictures/default.jpg', null);

INSERT INTO ChildcareTransaction VALUES ('1000000227', 'Regular Childcare', '100227', '2014-07-16', '12:00:00', '14:00:00', 20.50);

INSERT INTO Guardian VALUES ('124020', '1234', 'Guardian57', '57guardian', '555-555-5555', 'blah@blah.com', '123 nowhere', null, 'Spokane', 'WA', '99999', '../../Pictures/default.jpg', null);

INSERT INTO Family VALUES ('12402', 42);

INSERT INTO Guardian VALUES ('124021', '1234', 'Guardian257', '572guardian', '555-555-5555', 'blah@blah.com', '123 nowhere', null, 'Spokane', 'WA', '99999', '../../Pictures/default.jpg', null);

INSERT INTO AllowedConnections VALUES ('100228', '124030', '124032', 12403, null);

INSERT INTO Child VALUES ('124032', 'Child229', '229child', '2006-02-02', null, null, '../../Pictures/default.jpg', null);

INSERT INTO ChildcareTransaction VALUES ('1000000228', 'Regular Childcare', '100228', '2014-02-10', '12:00:00', '14:00:00', 20.50);

INSERT INTO AllowedConnections VALUES ('100229', '124030', '124033', 12403, null);

INSERT INTO Child VALUES ('124033', 'Child230', '230child', '2006-02-02', null, null, '../../Pictures/default.jpg', null);

INSERT INTO ChildcareTransaction VALUES ('1000000229', 'Regular Childcare', '100229', '2014-03-01', '12:00:00', '14:00:00', 20.50);

INSERT INTO AllowedConnections VALUES ('100230', '124030', '124034', 12403, null);

INSERT INTO Child VALUES ('124034', 'Child231', '231child', '2006-02-02', null, null, '../../Pictures/default.jpg', null);

INSERT INTO ChildcareTransaction VALUES ('1000000230', 'Regular Childcare', '100230', '2014-08-27', '12:00:00', '14:00:00', 20.50);

INSERT INTO AllowedConnections VALUES ('100231', '124030', '124035', 12403, null);

INSERT INTO Child VALUES ('124035', 'Child232', '232child', '2006-02-02', null, null, '../../Pictures/default.jpg', null);

INSERT INTO ChildcareTransaction VALUES ('1000000231', 'Regular Childcare', '100231', '2014-09-18', '12:00:00', '14:00:00', 20.50);

INSERT INTO Guardian VALUES ('124030', '1234', 'Guardian58', '58guardian', '555-555-5555', 'blah@blah.com', '123 nowhere', null, 'Spokane', 'WA', '99999', '../../Pictures/default.jpg', null);

INSERT INTO Family VALUES ('12403', 42);

INSERT INTO Guardian VALUES ('124031', '1234', 'Guardian258', '582guardian', '555-555-5555', 'blah@blah.com', '123 nowhere', null, 'Spokane', 'WA', '99999', '../../Pictures/default.jpg', null);

INSERT INTO AllowedConnections VALUES ('100232', '124040', '124042', 12404, null);

INSERT INTO Child VALUES ('124042', 'Child233', '233child', '2006-02-02', null, null, '../../Pictures/default.jpg', null);

INSERT INTO ChildcareTransaction VALUES ('1000000232', 'Regular Childcare', '100232', '2014-12-05', '12:00:00', '14:00:00', 20.50);

INSERT INTO AllowedConnections VALUES ('100233', '124040', '124043', 12404, null);

INSERT INTO Child VALUES ('124043', 'Child234', '234child', '2006-02-02', null, null, '../../Pictures/default.jpg', null);

INSERT INTO ChildcareTransaction VALUES ('1000000233', 'Regular Childcare', '100233', '2014-03-27', '12:00:00', '14:00:00', 20.50);

INSERT INTO AllowedConnections VALUES ('100234', '124040', '124044', 12404, null);

INSERT INTO Child VALUES ('124044', 'Child235', '235child', '2006-02-02', null, null, '../../Pictures/default.jpg', null);

INSERT INTO ChildcareTransaction VALUES ('1000000234', 'Regular Childcare', '100234', '2014-03-17', '12:00:00', '14:00:00', 20.50);

INSERT INTO AllowedConnections VALUES ('100235', '124040', '124045', 12404, null);

INSERT INTO Child VALUES ('124045', 'Child236', '236child', '2006-02-02', null, null, '../../Pictures/default.jpg', null);

INSERT INTO ChildcareTransaction VALUES ('1000000235', 'Regular Childcare', '100235', '2014-09-07', '12:00:00', '14:00:00', 20.50);

INSERT INTO Guardian VALUES ('124040', '1234', 'Guardian59', '59guardian', '555-555-5555', 'blah@blah.com', '123 nowhere', null, 'Spokane', 'WA', '99999', '../../Pictures/default.jpg', null);

INSERT INTO Family VALUES ('12404', 42);

INSERT INTO Guardian VALUES ('124041', '1234', 'Guardian259', '592guardian', '555-555-5555', 'blah@blah.com', '123 nowhere', null, 'Spokane', 'WA', '99999', '../../Pictures/default.jpg', null);

INSERT INTO AllowedConnections VALUES ('100236', '124050', '124052', 12405, null);

INSERT INTO Child VALUES ('124052', 'Child237', '237child', '2006-02-02', null, null, '../../Pictures/default.jpg', null);

INSERT INTO ChildcareTransaction VALUES ('1000000236', 'Regular Childcare', '100236', '2014-11-20', '12:00:00', '14:00:00', 20.50);

INSERT INTO AllowedConnections VALUES ('100237', '124050', '124053', 12405, null);

INSERT INTO Child VALUES ('124053', 'Child238', '238child', '2006-02-02', null, null, '../../Pictures/default.jpg', null);

INSERT INTO ChildcareTransaction VALUES ('1000000237', 'Regular Childcare', '100237', '2014-09-22', '12:00:00', '14:00:00', 20.50);

INSERT INTO AllowedConnections VALUES ('100238', '124050', '124054', 12405, null);

INSERT INTO Child VALUES ('124054', 'Child239', '239child', '2006-02-02', null, null, '../../Pictures/default.jpg', null);

INSERT INTO ChildcareTransaction VALUES ('1000000238', 'Regular Childcare', '100238', '2014-03-14', '12:00:00', '14:00:00', 20.50);

INSERT INTO AllowedConnections VALUES ('100239', '124050', '124055', 12405, null);

INSERT INTO Child VALUES ('124055', 'Child240', '240child', '2006-02-02', null, null, '../../Pictures/default.jpg', null);

INSERT INTO ChildcareTransaction VALUES ('1000000239', 'Regular Childcare', '100239', '2014-10-28', '12:00:00', '14:00:00', 20.50);

INSERT INTO Guardian VALUES ('124050', '1234', 'Guardian60', '60guardian', '555-555-5555', 'blah@blah.com', '123 nowhere', null, 'Spokane', 'WA', '99999', '../../Pictures/default.jpg', null);

INSERT INTO Family VALUES ('12405', 42);

INSERT INTO Guardian VALUES ('124051', '1234', 'Guardian260', '602guardian', '555-555-5555', 'blah@blah.com', '123 nowhere', null, 'Spokane', 'WA', '99999', '../../Pictures/default.jpg', null);

INSERT INTO AllowedConnections VALUES ('100240', '124060', '124062', 12406, null);

INSERT INTO Child VALUES ('124062', 'Child241', '241child', '2006-02-02', null, null, '../../Pictures/default.jpg', null);

INSERT INTO ChildcareTransaction VALUES ('1000000240', 'Regular Childcare', '100240', '2014-08-22', '12:00:00', '14:00:00', 20.50);

INSERT INTO AllowedConnections VALUES ('100241', '124060', '124063', 12406, null);

INSERT INTO Child VALUES ('124063', 'Child242', '242child', '2006-02-02', null, null, '../../Pictures/default.jpg', null);

INSERT INTO ChildcareTransaction VALUES ('1000000241', 'Regular Childcare', '100241', '2014-12-22', '12:00:00', '14:00:00', 20.50);

INSERT INTO AllowedConnections VALUES ('100242', '124060', '124064', 12406, null);

INSERT INTO Child VALUES ('124064', 'Child243', '243child', '2006-02-02', null, null, '../../Pictures/default.jpg', null);

INSERT INTO ChildcareTransaction VALUES ('1000000242', 'Regular Childcare', '100242', '2014-03-07', '12:00:00', '14:00:00', 20.50);

INSERT INTO AllowedConnections VALUES ('100243', '124060', '124065', 12406, null);

INSERT INTO Child VALUES ('124065', 'Child244', '244child', '2006-02-02', null, null, '../../Pictures/default.jpg', null);

INSERT INTO ChildcareTransaction VALUES ('1000000243', 'Regular Childcare', '100243', '2014-09-10', '12:00:00', '14:00:00', 20.50);

INSERT INTO Guardian VALUES ('124060', '1234', 'Guardian61', '61guardian', '555-555-5555', 'blah@blah.com', '123 nowhere', null, 'Spokane', 'WA', '99999', '../../Pictures/default.jpg', null);

INSERT INTO Family VALUES ('12406', 42);

INSERT INTO Guardian VALUES ('124061', '1234', 'Guardian261', '612guardian', '555-555-5555', 'blah@blah.com', '123 nowhere', null, 'Spokane', 'WA', '99999', '../../Pictures/default.jpg', null);

INSERT INTO AllowedConnections VALUES ('100244', '124070', '124072', 12407, null);

INSERT INTO Child VALUES ('124072', 'Child245', '245child', '2006-02-02', null, null, '../../Pictures/default.jpg', null);

INSERT INTO ChildcareTransaction VALUES ('1000000244', 'Regular Childcare', '100244', '2014-09-01', '12:00:00', '14:00:00', 20.50);

INSERT INTO AllowedConnections VALUES ('100245', '124070', '124073', 12407, null);

INSERT INTO Child VALUES ('124073', 'Child246', '246child', '2006-02-02', null, null, '../../Pictures/default.jpg', null);

INSERT INTO ChildcareTransaction VALUES ('1000000245', 'Regular Childcare', '100245', '2014-06-09', '12:00:00', '14:00:00', 20.50);

INSERT INTO AllowedConnections VALUES ('100246', '124070', '124074', 12407, null);

INSERT INTO Child VALUES ('124074', 'Child247', '247child', '2006-02-02', null, null, '../../Pictures/default.jpg', null);

INSERT INTO ChildcareTransaction VALUES ('1000000246', 'Regular Childcare', '100246', '2014-07-17', '12:00:00', '14:00:00', 20.50);

INSERT INTO AllowedConnections VALUES ('100247', '124070', '124075', 12407, null);

INSERT INTO Child VALUES ('124075', 'Child248', '248child', '2006-02-02', null, null, '../../Pictures/default.jpg', null);

INSERT INTO ChildcareTransaction VALUES ('1000000247', 'Regular Childcare', '100247', '2014-03-07', '12:00:00', '14:00:00', 20.50);

INSERT INTO Guardian VALUES ('124070', '1234', 'Guardian62', '62guardian', '555-555-5555', 'blah@blah.com', '123 nowhere', null, 'Spokane', 'WA', '99999', '../../Pictures/default.jpg', null);

INSERT INTO Family VALUES ('12407', 42);

INSERT INTO Guardian VALUES ('124071', '1234', 'Guardian262', '622guardian', '555-555-5555', 'blah@blah.com', '123 nowhere', null, 'Spokane', 'WA', '99999', '../../Pictures/default.jpg', null);

INSERT INTO AllowedConnections VALUES ('100248', '124080', '124082', 12408, null);

INSERT INTO Child VALUES ('124082', 'Child249', '249child', '2006-02-02', null, null, '../../Pictures/default.jpg', null);

INSERT INTO ChildcareTransaction VALUES ('1000000248', 'Regular Childcare', '100248', '2014-08-12', '12:00:00', '14:00:00', 20.50);

INSERT INTO AllowedConnections VALUES ('100249', '124080', '124083', 12408, null);

INSERT INTO Child VALUES ('124083', 'Child250', '250child', '2006-02-02', null, null, '../../Pictures/default.jpg', null);

INSERT INTO ChildcareTransaction VALUES ('1000000249', 'Regular Childcare', '100249', '2014-12-22', '12:00:00', '14:00:00', 20.50);

INSERT INTO AllowedConnections VALUES ('100250', '124080', '124084', 12408, null);

INSERT INTO Child VALUES ('124084', 'Child251', '251child', '2006-02-02', null, null, '../../Pictures/default.jpg', null);

INSERT INTO ChildcareTransaction VALUES ('1000000250', 'Regular Childcare', '100250', '2014-12-14', '12:00:00', '14:00:00', 20.50);

INSERT INTO AllowedConnections VALUES ('100251', '124080', '124085', 12408, null);

INSERT INTO Child VALUES ('124085', 'Child252', '252child', '2006-02-02', null, null, '../../Pictures/default.jpg', null);

INSERT INTO ChildcareTransaction VALUES ('1000000251', 'Regular Childcare', '100251', '2014-05-22', '12:00:00', '14:00:00', 20.50);

INSERT INTO Guardian VALUES ('124080', '1234', 'Guardian63', '63guardian', '555-555-5555', 'blah@blah.com', '123 nowhere', null, 'Spokane', 'WA', '99999', '../../Pictures/default.jpg', null);

INSERT INTO Family VALUES ('12408', 42);

INSERT INTO Guardian VALUES ('124081', '1234', 'Guardian263', '632guardian', '555-555-5555', 'blah@blah.com', '123 nowhere', null, 'Spokane', 'WA', '99999', '../../Pictures/default.jpg', null);

INSERT INTO AllowedConnections VALUES ('100252', '124090', '124092', 12409, null);

INSERT INTO Child VALUES ('124092', 'Child253', '253child', '2006-02-02', null, null, '../../Pictures/default.jpg', null);

INSERT INTO ChildcareTransaction VALUES ('1000000252', 'Regular Childcare', '100252', '2014-11-21', '12:00:00', '14:00:00', 20.50);

INSERT INTO AllowedConnections VALUES ('100253', '124090', '124093', 12409, null);

INSERT INTO Child VALUES ('124093', 'Child254', '254child', '2006-02-02', null, null, '../../Pictures/default.jpg', null);

INSERT INTO ChildcareTransaction VALUES ('1000000253', 'Regular Childcare', '100253', '2014-04-07', '12:00:00', '14:00:00', 20.50);

INSERT INTO AllowedConnections VALUES ('100254', '124090', '124094', 12409, null);

INSERT INTO Child VALUES ('124094', 'Child255', '255child', '2006-02-02', null, null, '../../Pictures/default.jpg', null);

INSERT INTO ChildcareTransaction VALUES ('1000000254', 'Regular Childcare', '100254', '2014-02-26', '12:00:00', '14:00:00', 20.50);

INSERT INTO AllowedConnections VALUES ('100255', '124090', '124095', 12409, null);

INSERT INTO Child VALUES ('124095', 'Child256', '256child', '2006-02-02', null, null, '../../Pictures/default.jpg', null);

INSERT INTO ChildcareTransaction VALUES ('1000000255', 'Regular Childcare', '100255', '2014-10-27', '12:00:00', '14:00:00', 20.50);

INSERT INTO Guardian VALUES ('124090', '1234', 'Guardian64', '64guardian', '555-555-5555', 'blah@blah.com', '123 nowhere', null, 'Spokane', 'WA', '99999', '../../Pictures/default.jpg', null);

INSERT INTO Family VALUES ('12409', 42);

INSERT INTO Guardian VALUES ('124091', '1234', 'Guardian264', '642guardian', '555-555-5555', 'blah@blah.com', '123 nowhere', null, 'Spokane', 'WA', '99999', '../../Pictures/default.jpg', null);

INSERT INTO AllowedConnections VALUES ('100256', '124100', '124102', 12410, null);

INSERT INTO Child VALUES ('124102', 'Child257', '257child', '2006-02-02', null, null, '../../Pictures/default.jpg', null);

INSERT INTO ChildcareTransaction VALUES ('1000000256', 'Regular Childcare', '100256', '2014-04-27', '12:00:00', '14:00:00', 20.50);

INSERT INTO AllowedConnections VALUES ('100257', '124100', '124103', 12410, null);

INSERT INTO Child VALUES ('124103', 'Child258', '258child', '2006-02-02', null, null, '../../Pictures/default.jpg', null);

INSERT INTO ChildcareTransaction VALUES ('1000000257', 'Regular Childcare', '100257', '2014-01-22', '12:00:00', '14:00:00', 20.50);

INSERT INTO AllowedConnections VALUES ('100258', '124100', '124104', 12410, null);

INSERT INTO Child VALUES ('124104', 'Child259', '259child', '2006-02-02', null, null, '../../Pictures/default.jpg', null);

INSERT INTO ChildcareTransaction VALUES ('1000000258', 'Regular Childcare', '100258', '2014-10-17', '12:00:00', '14:00:00', 20.50);

INSERT INTO AllowedConnections VALUES ('100259', '124100', '124105', 12410, null);

INSERT INTO Child VALUES ('124105', 'Child260', '260child', '2006-02-02', null, null, '../../Pictures/default.jpg', null);

INSERT INTO ChildcareTransaction VALUES ('1000000259', 'Regular Childcare', '100259', '2014-05-28', '12:00:00', '14:00:00', 20.50);

INSERT INTO Guardian VALUES ('124100', '1234', 'Guardian65', '65guardian', '555-555-5555', 'blah@blah.com', '123 nowhere', null, 'Spokane', 'WA', '99999', '../../Pictures/default.jpg', null);

INSERT INTO Family VALUES ('12410', 42);

INSERT INTO Guardian VALUES ('124101', '1234', 'Guardian265', '652guardian', '555-555-5555', 'blah@blah.com', '123 nowhere', null, 'Spokane', 'WA', '99999', '../../Pictures/default.jpg', null);

INSERT INTO AllowedConnections VALUES ('100260', '124110', '124112', 12411, null);

INSERT INTO Child VALUES ('124112', 'Child261', '261child', '2006-02-02', null, null, '../../Pictures/default.jpg', null);

INSERT INTO ChildcareTransaction VALUES ('1000000260', 'Regular Childcare', '100260', '2014-05-14', '12:00:00', '14:00:00', 20.50);

INSERT INTO AllowedConnections VALUES ('100261', '124110', '124113', 12411, null);

INSERT INTO Child VALUES ('124113', 'Child262', '262child', '2006-02-02', null, null, '../../Pictures/default.jpg', null);

INSERT INTO ChildcareTransaction VALUES ('1000000261', 'Regular Childcare', '100261', '2014-03-27', '12:00:00', '14:00:00', 20.50);

INSERT INTO AllowedConnections VALUES ('100262', '124110', '124114', 12411, null);

INSERT INTO Child VALUES ('124114', 'Child263', '263child', '2006-02-02', null, null, '../../Pictures/default.jpg', null);

INSERT INTO ChildcareTransaction VALUES ('1000000262', 'Regular Childcare', '100262', '2014-07-20', '12:00:00', '14:00:00', 20.50);

INSERT INTO AllowedConnections VALUES ('100263', '124110', '124115', 12411, null);

INSERT INTO Child VALUES ('124115', 'Child264', '264child', '2006-02-02', null, null, '../../Pictures/default.jpg', null);

INSERT INTO ChildcareTransaction VALUES ('1000000263', 'Regular Childcare', '100263', '2014-05-01', '12:00:00', '14:00:00', 20.50);

INSERT INTO Guardian VALUES ('124110', '1234', 'Guardian66', '66guardian', '555-555-5555', 'blah@blah.com', '123 nowhere', null, 'Spokane', 'WA', '99999', '../../Pictures/default.jpg', null);

INSERT INTO Family VALUES ('12411', 42);

INSERT INTO Guardian VALUES ('124111', '1234', 'Guardian266', '662guardian', '555-555-5555', 'blah@blah.com', '123 nowhere', null, 'Spokane', 'WA', '99999', '../../Pictures/default.jpg', null);

INSERT INTO AllowedConnections VALUES ('100264', '124120', '124122', 12412, null);

INSERT INTO Child VALUES ('124122', 'Child265', '265child', '2006-02-02', null, null, '../../Pictures/default.jpg', null);

INSERT INTO ChildcareTransaction VALUES ('1000000264', 'Regular Childcare', '100264', '2014-04-08', '12:00:00', '14:00:00', 20.50);

INSERT INTO AllowedConnections VALUES ('100265', '124120', '124123', 12412, null);

INSERT INTO Child VALUES ('124123', 'Child266', '266child', '2006-02-02', null, null, '../../Pictures/default.jpg', null);

INSERT INTO ChildcareTransaction VALUES ('1000000265', 'Regular Childcare', '100265', '2014-11-09', '12:00:00', '14:00:00', 20.50);

INSERT INTO AllowedConnections VALUES ('100266', '124120', '124124', 12412, null);

INSERT INTO Child VALUES ('124124', 'Child267', '267child', '2006-02-02', null, null, '../../Pictures/default.jpg', null);

INSERT INTO ChildcareTransaction VALUES ('1000000266', 'Regular Childcare', '100266', '2014-04-07', '12:00:00', '14:00:00', 20.50);

INSERT INTO AllowedConnections VALUES ('100267', '124120', '124125', 12412, null);

INSERT INTO Child VALUES ('124125', 'Child268', '268child', '2006-02-02', null, null, '../../Pictures/default.jpg', null);

INSERT INTO ChildcareTransaction VALUES ('1000000267', 'Regular Childcare', '100267', '2014-08-01', '12:00:00', '14:00:00', 20.50);

INSERT INTO Guardian VALUES ('124120', '1234', 'Guardian67', '67guardian', '555-555-5555', 'blah@blah.com', '123 nowhere', null, 'Spokane', 'WA', '99999', '../../Pictures/default.jpg', null);

INSERT INTO Family VALUES ('12412', 42);

INSERT INTO Guardian VALUES ('124121', '1234', 'Guardian267', '672guardian', '555-555-5555', 'blah@blah.com', '123 nowhere', null, 'Spokane', 'WA', '99999', '../../Pictures/default.jpg', null);

INSERT INTO AllowedConnections VALUES ('100268', '124130', '124132', 12413, null);

INSERT INTO Child VALUES ('124132', 'Child269', '269child', '2006-02-02', null, null, '../../Pictures/default.jpg', null);

INSERT INTO ChildcareTransaction VALUES ('1000000268', 'Regular Childcare', '100268', '2014-11-03', '12:00:00', '14:00:00', 20.50);

INSERT INTO AllowedConnections VALUES ('100269', '124130', '124133', 12413, null);

INSERT INTO Child VALUES ('124133', 'Child270', '270child', '2006-02-02', null, null, '../../Pictures/default.jpg', null);

INSERT INTO ChildcareTransaction VALUES ('1000000269', 'Regular Childcare', '100269', '2014-09-10', '12:00:00', '14:00:00', 20.50);

INSERT INTO AllowedConnections VALUES ('100270', '124130', '124134', 12413, null);

INSERT INTO Child VALUES ('124134', 'Child271', '271child', '2006-02-02', null, null, '../../Pictures/default.jpg', null);

INSERT INTO ChildcareTransaction VALUES ('1000000270', 'Regular Childcare', '100270', '2014-02-22', '12:00:00', '14:00:00', 20.50);

INSERT INTO AllowedConnections VALUES ('100271', '124130', '124135', 12413, null);

INSERT INTO Child VALUES ('124135', 'Child272', '272child', '2006-02-02', null, null, '../../Pictures/default.jpg', null);

INSERT INTO ChildcareTransaction VALUES ('1000000271', 'Regular Childcare', '100271', '2014-06-09', '12:00:00', '14:00:00', 20.50);

INSERT INTO Guardian VALUES ('124130', '1234', 'Guardian68', '68guardian', '555-555-5555', 'blah@blah.com', '123 nowhere', null, 'Spokane', 'WA', '99999', '../../Pictures/default.jpg', null);

INSERT INTO Family VALUES ('12413', 42);

INSERT INTO Guardian VALUES ('124131', '1234', 'Guardian268', '682guardian', '555-555-5555', 'blah@blah.com', '123 nowhere', null, 'Spokane', 'WA', '99999', '../../Pictures/default.jpg', null);

INSERT INTO AllowedConnections VALUES ('100272', '124140', '124142', 12414, null);

INSERT INTO Child VALUES ('124142', 'Child273', '273child', '2006-02-02', null, null, '../../Pictures/default.jpg', null);

INSERT INTO ChildcareTransaction VALUES ('1000000272', 'Regular Childcare', '100272', '2014-08-11', '12:00:00', '14:00:00', 20.50);

INSERT INTO AllowedConnections VALUES ('100273', '124140', '124143', 12414, null);

INSERT INTO Child VALUES ('124143', 'Child274', '274child', '2006-02-02', null, null, '../../Pictures/default.jpg', null);

INSERT INTO ChildcareTransaction VALUES ('1000000273', 'Regular Childcare', '100273', '2014-01-02', '12:00:00', '14:00:00', 20.50);

INSERT INTO AllowedConnections VALUES ('100274', '124140', '124144', 12414, null);

INSERT INTO Child VALUES ('124144', 'Child275', '275child', '2006-02-02', null, null, '../../Pictures/default.jpg', null);

INSERT INTO ChildcareTransaction VALUES ('1000000274', 'Regular Childcare', '100274', '2014-07-07', '12:00:00', '14:00:00', 20.50);

INSERT INTO AllowedConnections VALUES ('100275', '124140', '124145', 12414, null);

INSERT INTO Child VALUES ('124145', 'Child276', '276child', '2006-02-02', null, null, '../../Pictures/default.jpg', null);

INSERT INTO ChildcareTransaction VALUES ('1000000275', 'Regular Childcare', '100275', '2014-04-02', '12:00:00', '14:00:00', 20.50);

INSERT INTO Guardian VALUES ('124140', '1234', 'Guardian69', '69guardian', '555-555-5555', 'blah@blah.com', '123 nowhere', null, 'Spokane', 'WA', '99999', '../../Pictures/default.jpg', null);

INSERT INTO Family VALUES ('12414', 42);

INSERT INTO Guardian VALUES ('124141', '1234', 'Guardian269', '692guardian', '555-555-5555', 'blah@blah.com', '123 nowhere', null, 'Spokane', 'WA', '99999', '../../Pictures/default.jpg', null);

INSERT INTO AllowedConnections VALUES ('100276', '124150', '124152', 12415, null);

INSERT INTO Child VALUES ('124152', 'Child277', '277child', '2006-02-02', null, null, '../../Pictures/default.jpg', null);

INSERT INTO ChildcareTransaction VALUES ('1000000276', 'Regular Childcare', '100276', '2014-06-16', '12:00:00', '14:00:00', 20.50);

INSERT INTO AllowedConnections VALUES ('100277', '124150', '124153', 12415, null);

INSERT INTO Child VALUES ('124153', 'Child278', '278child', '2006-02-02', null, null, '../../Pictures/default.jpg', null);

INSERT INTO ChildcareTransaction VALUES ('1000000277', 'Regular Childcare', '100277', '2014-01-15', '12:00:00', '14:00:00', 20.50);

INSERT INTO AllowedConnections VALUES ('100278', '124150', '124154', 12415, null);

INSERT INTO Child VALUES ('124154', 'Child279', '279child', '2006-02-02', null, null, '../../Pictures/default.jpg', null);

INSERT INTO ChildcareTransaction VALUES ('1000000278', 'Regular Childcare', '100278', '2014-06-18', '12:00:00', '14:00:00', 20.50);

INSERT INTO AllowedConnections VALUES ('100279', '124150', '124155', 12415, null);

INSERT INTO Child VALUES ('124155', 'Child280', '280child', '2006-02-02', null, null, '../../Pictures/default.jpg', null);

INSERT INTO ChildcareTransaction VALUES ('1000000279', 'Regular Childcare', '100279', '2014-08-18', '12:00:00', '14:00:00', 20.50);

INSERT INTO Guardian VALUES ('124150', '1234', 'Guardian70', '70guardian', '555-555-5555', 'blah@blah.com', '123 nowhere', null, 'Spokane', 'WA', '99999', '../../Pictures/default.jpg', null);

INSERT INTO Family VALUES ('12415', 42);

INSERT INTO Guardian VALUES ('124151', '1234', 'Guardian270', '702guardian', '555-555-5555', 'blah@blah.com', '123 nowhere', null, 'Spokane', 'WA', '99999', '../../Pictures/default.jpg', null);

INSERT INTO AllowedConnections VALUES ('100280', '124160', '124162', 12416, null);

INSERT INTO Child VALUES ('124162', 'Child281', '281child', '2006-02-02', null, null, '../../Pictures/default.jpg', null);

INSERT INTO ChildcareTransaction VALUES ('1000000280', 'Regular Childcare', '100280', '2014-11-28', '12:00:00', '14:00:00', 20.50);

INSERT INTO AllowedConnections VALUES ('100281', '124160', '124163', 12416, null);

INSERT INTO Child VALUES ('124163', 'Child282', '282child', '2006-02-02', null, null, '../../Pictures/default.jpg', null);

INSERT INTO ChildcareTransaction VALUES ('1000000281', 'Regular Childcare', '100281', '2014-01-20', '12:00:00', '14:00:00', 20.50);

INSERT INTO AllowedConnections VALUES ('100282', '124160', '124164', 12416, null);

INSERT INTO Child VALUES ('124164', 'Child283', '283child', '2006-02-02', null, null, '../../Pictures/default.jpg', null);

INSERT INTO ChildcareTransaction VALUES ('1000000282', 'Regular Childcare', '100282', '2014-07-19', '12:00:00', '14:00:00', 20.50);

INSERT INTO AllowedConnections VALUES ('100283', '124160', '124165', 12416, null);

INSERT INTO Child VALUES ('124165', 'Child284', '284child', '2006-02-02', null, null, '../../Pictures/default.jpg', null);

INSERT INTO ChildcareTransaction VALUES ('1000000283', 'Regular Childcare', '100283', '2014-07-17', '12:00:00', '14:00:00', 20.50);

INSERT INTO Guardian VALUES ('124160', '1234', 'Guardian71', '71guardian', '555-555-5555', 'blah@blah.com', '123 nowhere', null, 'Spokane', 'WA', '99999', '../../Pictures/default.jpg', null);

INSERT INTO Family VALUES ('12416', 42);

INSERT INTO Guardian VALUES ('124161', '1234', 'Guardian271', '712guardian', '555-555-5555', 'blah@blah.com', '123 nowhere', null, 'Spokane', 'WA', '99999', '../../Pictures/default.jpg', null);

INSERT INTO AllowedConnections VALUES ('100284', '124170', '124172', 12417, null);

INSERT INTO Child VALUES ('124172', 'Child285', '285child', '2006-02-02', null, null, '../../Pictures/default.jpg', null);

INSERT INTO ChildcareTransaction VALUES ('1000000284', 'Regular Childcare', '100284', '2014-05-02', '12:00:00', '14:00:00', 20.50);

INSERT INTO AllowedConnections VALUES ('100285', '124170', '124173', 12417, null);

INSERT INTO Child VALUES ('124173', 'Child286', '286child', '2006-02-02', null, null, '../../Pictures/default.jpg', null);

INSERT INTO ChildcareTransaction VALUES ('1000000285', 'Regular Childcare', '100285', '2014-02-13', '12:00:00', '14:00:00', 20.50);

INSERT INTO AllowedConnections VALUES ('100286', '124170', '124174', 12417, null);

INSERT INTO Child VALUES ('124174', 'Child287', '287child', '2006-02-02', null, null, '../../Pictures/default.jpg', null);

INSERT INTO ChildcareTransaction VALUES ('1000000286', 'Regular Childcare', '100286', '2014-11-14', '12:00:00', '14:00:00', 20.50);

INSERT INTO AllowedConnections VALUES ('100287', '124170', '124175', 12417, null);

INSERT INTO Child VALUES ('124175', 'Child288', '288child', '2006-02-02', null, null, '../../Pictures/default.jpg', null);

INSERT INTO ChildcareTransaction VALUES ('1000000287', 'Regular Childcare', '100287', '2014-04-27', '12:00:00', '14:00:00', 20.50);

INSERT INTO Guardian VALUES ('124170', '1234', 'Guardian72', '72guardian', '555-555-5555', 'blah@blah.com', '123 nowhere', null, 'Spokane', 'WA', '99999', '../../Pictures/default.jpg', null);

INSERT INTO Family VALUES ('12417', 42);

INSERT INTO Guardian VALUES ('124171', '1234', 'Guardian272', '722guardian', '555-555-5555', 'blah@blah.com', '123 nowhere', null, 'Spokane', 'WA', '99999', '../../Pictures/default.jpg', null);

INSERT INTO AllowedConnections VALUES ('100288', '124180', '124182', 12418, null);

INSERT INTO Child VALUES ('124182', 'Child289', '289child', '2006-02-02', null, null, '../../Pictures/default.jpg', null);

INSERT INTO ChildcareTransaction VALUES ('1000000288', 'Regular Childcare', '100288', '2014-02-03', '12:00:00', '14:00:00', 20.50);

INSERT INTO AllowedConnections VALUES ('100289', '124180', '124183', 12418, null);

INSERT INTO Child VALUES ('124183', 'Child290', '290child', '2006-02-02', null, null, '../../Pictures/default.jpg', null);

INSERT INTO ChildcareTransaction VALUES ('1000000289', 'Regular Childcare', '100289', '2014-06-09', '12:00:00', '14:00:00', 20.50);

INSERT INTO AllowedConnections VALUES ('100290', '124180', '124184', 12418, null);

INSERT INTO Child VALUES ('124184', 'Child291', '291child', '2006-02-02', null, null, '../../Pictures/default.jpg', null);

INSERT INTO ChildcareTransaction VALUES ('1000000290', 'Regular Childcare', '100290', '2014-06-27', '12:00:00', '14:00:00', 20.50);

INSERT INTO AllowedConnections VALUES ('100291', '124180', '124185', 12418, null);

INSERT INTO Child VALUES ('124185', 'Child292', '292child', '2006-02-02', null, null, '../../Pictures/default.jpg', null);

INSERT INTO ChildcareTransaction VALUES ('1000000291', 'Regular Childcare', '100291', '2014-10-16', '12:00:00', '14:00:00', 20.50);

INSERT INTO Guardian VALUES ('124180', '1234', 'Guardian73', '73guardian', '555-555-5555', 'blah@blah.com', '123 nowhere', null, 'Spokane', 'WA', '99999', '../../Pictures/default.jpg', null);

INSERT INTO Family VALUES ('12418', 42);

INSERT INTO Guardian VALUES ('124181', '1234', 'Guardian273', '732guardian', '555-555-5555', 'blah@blah.com', '123 nowhere', null, 'Spokane', 'WA', '99999', '../../Pictures/default.jpg', null);

INSERT INTO AllowedConnections VALUES ('100292', '124190', '124192', 12419, null);

INSERT INTO Child VALUES ('124192', 'Child293', '293child', '2006-02-02', null, null, '../../Pictures/default.jpg', null);

INSERT INTO ChildcareTransaction VALUES ('1000000292', 'Regular Childcare', '100292', '2014-10-02', '12:00:00', '14:00:00', 20.50);

INSERT INTO AllowedConnections VALUES ('100293', '124190', '124193', 12419, null);

INSERT INTO Child VALUES ('124193', 'Child294', '294child', '2006-02-02', null, null, '../../Pictures/default.jpg', null);

INSERT INTO ChildcareTransaction VALUES ('1000000293', 'Regular Childcare', '100293', '2014-01-17', '12:00:00', '14:00:00', 20.50);

INSERT INTO AllowedConnections VALUES ('100294', '124190', '124194', 12419, null);

INSERT INTO Child VALUES ('124194', 'Child295', '295child', '2006-02-02', null, null, '../../Pictures/default.jpg', null);

INSERT INTO ChildcareTransaction VALUES ('1000000294', 'Regular Childcare', '100294', '2014-09-22', '12:00:00', '14:00:00', 20.50);

INSERT INTO AllowedConnections VALUES ('100295', '124190', '124195', 12419, null);

INSERT INTO Child VALUES ('124195', 'Child296', '296child', '2006-02-02', null, null, '../../Pictures/default.jpg', null);

INSERT INTO ChildcareTransaction VALUES ('1000000295', 'Regular Childcare', '100295', '2014-07-15', '12:00:00', '14:00:00', 20.50);

INSERT INTO Guardian VALUES ('124190', '1234', 'Guardian74', '74guardian', '555-555-5555', 'blah@blah.com', '123 nowhere', null, 'Spokane', 'WA', '99999', '../../Pictures/default.jpg', null);

INSERT INTO Family VALUES ('12419', 42);

INSERT INTO Guardian VALUES ('124191', '1234', 'Guardian274', '742guardian', '555-555-5555', 'blah@blah.com', '123 nowhere', null, 'Spokane', 'WA', '99999', '../../Pictures/default.jpg', null);

INSERT INTO AllowedConnections VALUES ('100296', '124200', '124202', 12420, null);

INSERT INTO Child VALUES ('124202', 'Child297', '297child', '2006-02-02', null, null, '../../Pictures/default.jpg', null);

INSERT INTO ChildcareTransaction VALUES ('1000000296', 'Regular Childcare', '100296', '2014-04-02', '12:00:00', '14:00:00', 20.50);

INSERT INTO AllowedConnections VALUES ('100297', '124200', '124203', 12420, null);

INSERT INTO Child VALUES ('124203', 'Child298', '298child', '2006-02-02', null, null, '../../Pictures/default.jpg', null);

INSERT INTO ChildcareTransaction VALUES ('1000000297', 'Regular Childcare', '100297', '2014-03-17', '12:00:00', '14:00:00', 20.50);

INSERT INTO AllowedConnections VALUES ('100298', '124200', '124204', 12420, null);

INSERT INTO Child VALUES ('124204', 'Child299', '299child', '2006-02-02', null, null, '../../Pictures/default.jpg', null);

INSERT INTO ChildcareTransaction VALUES ('1000000298', 'Regular Childcare', '100298', '2014-01-21', '12:00:00', '14:00:00', 20.50);

INSERT INTO AllowedConnections VALUES ('100299', '124200', '124205', 12420, null);

INSERT INTO Child VALUES ('124205', 'Child300', '300child', '2006-02-02', null, null, '../../Pictures/default.jpg', null);

INSERT INTO ChildcareTransaction VALUES ('1000000299', 'Regular Childcare', '100299', '2014-11-20', '12:00:00', '14:00:00', 20.50);

INSERT INTO Guardian VALUES ('124200', '1234', 'Guardian75', '75guardian', '555-555-5555', 'blah@blah.com', '123 nowhere', null, 'Spokane', 'WA', '99999', '../../Pictures/default.jpg', null);

INSERT INTO Family VALUES ('12420', 42);

INSERT INTO Guardian VALUES ('124201', '1234', 'Guardian275', '752guardian', '555-555-5555', 'blah@blah.com', '123 nowhere', null, 'Spokane', 'WA', '99999', '../../Pictures/default.jpg', null);

INSERT INTO AllowedConnections VALUES ('100300', '124210', '124212', 12421, null);

INSERT INTO Child VALUES ('124212', 'Child301', '301child', '2006-02-02', null, null, '../../Pictures/default.jpg', null);

INSERT INTO ChildcareTransaction VALUES ('1000000300', 'Regular Childcare', '100300', '2014-06-03', '12:00:00', '14:00:00', 20.50);

INSERT INTO AllowedConnections VALUES ('100301', '124210', '124213', 12421, null);

INSERT INTO Child VALUES ('124213', 'Child302', '302child', '2006-02-02', null, null, '../../Pictures/default.jpg', null);

INSERT INTO ChildcareTransaction VALUES ('1000000301', 'Regular Childcare', '100301', '2014-04-08', '12:00:00', '14:00:00', 20.50);

INSERT INTO AllowedConnections VALUES ('100302', '124210', '124214', 12421, null);

INSERT INTO Child VALUES ('124214', 'Child303', '303child', '2006-02-02', null, null, '../../Pictures/default.jpg', null);

INSERT INTO ChildcareTransaction VALUES ('1000000302', 'Regular Childcare', '100302', '2014-05-20', '12:00:00', '14:00:00', 20.50);

INSERT INTO AllowedConnections VALUES ('100303', '124210', '124215', 12421, null);

INSERT INTO Child VALUES ('124215', 'Child304', '304child', '2006-02-02', null, null, '../../Pictures/default.jpg', null);

INSERT INTO ChildcareTransaction VALUES ('1000000303', 'Regular Childcare', '100303', '2014-06-18', '12:00:00', '14:00:00', 20.50);

INSERT INTO Guardian VALUES ('124210', '1234', 'Guardian76', '76guardian', '555-555-5555', 'blah@blah.com', '123 nowhere', null, 'Spokane', 'WA', '99999', '../../Pictures/default.jpg', null);

INSERT INTO Family VALUES ('12421', 42);

INSERT INTO Guardian VALUES ('124211', '1234', 'Guardian276', '762guardian', '555-555-5555', 'blah@blah.com', '123 nowhere', null, 'Spokane', 'WA', '99999', '../../Pictures/default.jpg', null);

INSERT INTO AllowedConnections VALUES ('100304', '124220', '124222', 12422, null);

INSERT INTO Child VALUES ('124222', 'Child305', '305child', '2006-02-02', null, null, '../../Pictures/default.jpg', null);

INSERT INTO ChildcareTransaction VALUES ('1000000304', 'Regular Childcare', '100304', '2014-11-17', '12:00:00', '14:00:00', 20.50);

INSERT INTO AllowedConnections VALUES ('100305', '124220', '124223', 12422, null);

INSERT INTO Child VALUES ('124223', 'Child306', '306child', '2006-02-02', null, null, '../../Pictures/default.jpg', null);

INSERT INTO ChildcareTransaction VALUES ('1000000305', 'Regular Childcare', '100305', '2014-05-17', '12:00:00', '14:00:00', 20.50);

INSERT INTO AllowedConnections VALUES ('100306', '124220', '124224', 12422, null);

INSERT INTO Child VALUES ('124224', 'Child307', '307child', '2006-02-02', null, null, '../../Pictures/default.jpg', null);

INSERT INTO ChildcareTransaction VALUES ('1000000306', 'Regular Childcare', '100306', '2014-07-28', '12:00:00', '14:00:00', 20.50);

INSERT INTO AllowedConnections VALUES ('100307', '124220', '124225', 12422, null);

INSERT INTO Child VALUES ('124225', 'Child308', '308child', '2006-02-02', null, null, '../../Pictures/default.jpg', null);

INSERT INTO ChildcareTransaction VALUES ('1000000307', 'Regular Childcare', '100307', '2014-06-13', '12:00:00', '14:00:00', 20.50);

INSERT INTO Guardian VALUES ('124220', '1234', 'Guardian77', '77guardian', '555-555-5555', 'blah@blah.com', '123 nowhere', null, 'Spokane', 'WA', '99999', '../../Pictures/default.jpg', null);

INSERT INTO Family VALUES ('12422', 42);

INSERT INTO Guardian VALUES ('124221', '1234', 'Guardian277', '772guardian', '555-555-5555', 'blah@blah.com', '123 nowhere', null, 'Spokane', 'WA', '99999', '../../Pictures/default.jpg', null);

INSERT INTO AllowedConnections VALUES ('100308', '124230', '124232', 12423, null);

INSERT INTO Child VALUES ('124232', 'Child309', '309child', '2006-02-02', null, null, '../../Pictures/default.jpg', null);

INSERT INTO ChildcareTransaction VALUES ('1000000308', 'Regular Childcare', '100308', '2014-02-28', '12:00:00', '14:00:00', 20.50);

INSERT INTO AllowedConnections VALUES ('100309', '124230', '124233', 12423, null);

INSERT INTO Child VALUES ('124233', 'Child310', '310child', '2006-02-02', null, null, '../../Pictures/default.jpg', null);

INSERT INTO ChildcareTransaction VALUES ('1000000309', 'Regular Childcare', '100309', '2014-09-20', '12:00:00', '14:00:00', 20.50);

INSERT INTO AllowedConnections VALUES ('100310', '124230', '124234', 12423, null);

INSERT INTO Child VALUES ('124234', 'Child311', '311child', '2006-02-02', null, null, '../../Pictures/default.jpg', null);

INSERT INTO ChildcareTransaction VALUES ('1000000310', 'Regular Childcare', '100310', '2014-07-22', '12:00:00', '14:00:00', 20.50);

INSERT INTO AllowedConnections VALUES ('100311', '124230', '124235', 12423, null);

INSERT INTO Child VALUES ('124235', 'Child312', '312child', '2006-02-02', null, null, '../../Pictures/default.jpg', null);

INSERT INTO ChildcareTransaction VALUES ('1000000311', 'Regular Childcare', '100311', '2014-08-10', '12:00:00', '14:00:00', 20.50);

INSERT INTO Guardian VALUES ('124230', '1234', 'Guardian78', '78guardian', '555-555-5555', 'blah@blah.com', '123 nowhere', null, 'Spokane', 'WA', '99999', '../../Pictures/default.jpg', null);

INSERT INTO Family VALUES ('12423', 42);

INSERT INTO Guardian VALUES ('124231', '1234', 'Guardian278', '782guardian', '555-555-5555', 'blah@blah.com', '123 nowhere', null, 'Spokane', 'WA', '99999', '../../Pictures/default.jpg', null);

INSERT INTO AllowedConnections VALUES ('100312', '124240', '124242', 12424, null);

INSERT INTO Child VALUES ('124242', 'Child313', '313child', '2006-02-02', null, null, '../../Pictures/default.jpg', null);

INSERT INTO ChildcareTransaction VALUES ('1000000312', 'Regular Childcare', '100312', '2014-04-24', '12:00:00', '14:00:00', 20.50);

INSERT INTO AllowedConnections VALUES ('100313', '124240', '124243', 12424, null);

INSERT INTO Child VALUES ('124243', 'Child314', '314child', '2006-02-02', null, null, '../../Pictures/default.jpg', null);

INSERT INTO ChildcareTransaction VALUES ('1000000313', 'Regular Childcare', '100313', '2014-05-09', '12:00:00', '14:00:00', 20.50);

INSERT INTO AllowedConnections VALUES ('100314', '124240', '124244', 12424, null);

INSERT INTO Child VALUES ('124244', 'Child315', '315child', '2006-02-02', null, null, '../../Pictures/default.jpg', null);

INSERT INTO ChildcareTransaction VALUES ('1000000314', 'Regular Childcare', '100314', '2014-04-15', '12:00:00', '14:00:00', 20.50);

INSERT INTO AllowedConnections VALUES ('100315', '124240', '124245', 12424, null);

INSERT INTO Child VALUES ('124245', 'Child316', '316child', '2006-02-02', null, null, '../../Pictures/default.jpg', null);

INSERT INTO ChildcareTransaction VALUES ('1000000315', 'Regular Childcare', '100315', '2014-10-22', '12:00:00', '14:00:00', 20.50);

INSERT INTO Guardian VALUES ('124240', '1234', 'Guardian79', '79guardian', '555-555-5555', 'blah@blah.com', '123 nowhere', null, 'Spokane', 'WA', '99999', '../../Pictures/default.jpg', null);

INSERT INTO Family VALUES ('12424', 42);

INSERT INTO Guardian VALUES ('124241', '1234', 'Guardian279', '792guardian', '555-555-5555', 'blah@blah.com', '123 nowhere', null, 'Spokane', 'WA', '99999', '../../Pictures/default.jpg', null);

INSERT INTO AllowedConnections VALUES ('100316', '124250', '124252', 12425, null);

INSERT INTO Child VALUES ('124252', 'Child317', '317child', '2006-02-02', null, null, '../../Pictures/default.jpg', null);

INSERT INTO ChildcareTransaction VALUES ('1000000316', 'Regular Childcare', '100316', '2014-03-25', '12:00:00', '14:00:00', 20.50);

INSERT INTO AllowedConnections VALUES ('100317', '124250', '124253', 12425, null);

INSERT INTO Child VALUES ('124253', 'Child318', '318child', '2006-02-02', null, null, '../../Pictures/default.jpg', null);

INSERT INTO ChildcareTransaction VALUES ('1000000317', 'Regular Childcare', '100317', '2014-05-13', '12:00:00', '14:00:00', 20.50);

INSERT INTO AllowedConnections VALUES ('100318', '124250', '124254', 12425, null);

INSERT INTO Child VALUES ('124254', 'Child319', '319child', '2006-02-02', null, null, '../../Pictures/default.jpg', null);

INSERT INTO ChildcareTransaction VALUES ('1000000318', 'Regular Childcare', '100318', '2014-08-02', '12:00:00', '14:00:00', 20.50);

INSERT INTO AllowedConnections VALUES ('100319', '124250', '124255', 12425, null);

INSERT INTO Child VALUES ('124255', 'Child320', '320child', '2006-02-02', null, null, '../../Pictures/default.jpg', null);

INSERT INTO ChildcareTransaction VALUES ('1000000319', 'Regular Childcare', '100319', '2014-05-06', '12:00:00', '14:00:00', 20.50);

INSERT INTO Guardian VALUES ('124250', '1234', 'Guardian80', '80guardian', '555-555-5555', 'blah@blah.com', '123 nowhere', null, 'Spokane', 'WA', '99999', '../../Pictures/default.jpg', null);

INSERT INTO Family VALUES ('12425', 42);

INSERT INTO Guardian VALUES ('124251', '1234', 'Guardian280', '802guardian', '555-555-5555', 'blah@blah.com', '123 nowhere', null, 'Spokane', 'WA', '99999', '../../Pictures/default.jpg', null);

INSERT INTO AllowedConnections VALUES ('100320', '124260', '124262', 12426, null);

INSERT INTO Child VALUES ('124262', 'Child321', '321child', '2006-02-02', null, null, '../../Pictures/default.jpg', null);

INSERT INTO ChildcareTransaction VALUES ('1000000320', 'Regular Childcare', '100320', '2014-05-17', '12:00:00', '14:00:00', 20.50);

INSERT INTO AllowedConnections VALUES ('100321', '124260', '124263', 12426, null);

INSERT INTO Child VALUES ('124263', 'Child322', '322child', '2006-02-02', null, null, '../../Pictures/default.jpg', null);

INSERT INTO ChildcareTransaction VALUES ('1000000321', 'Regular Childcare', '100321', '2014-06-18', '12:00:00', '14:00:00', 20.50);

INSERT INTO AllowedConnections VALUES ('100322', '124260', '124264', 12426, null);

INSERT INTO Child VALUES ('124264', 'Child323', '323child', '2006-02-02', null, null, '../../Pictures/default.jpg', null);

INSERT INTO ChildcareTransaction VALUES ('1000000322', 'Regular Childcare', '100322', '2014-06-21', '12:00:00', '14:00:00', 20.50);

INSERT INTO AllowedConnections VALUES ('100323', '124260', '124265', 12426, null);

INSERT INTO Child VALUES ('124265', 'Child324', '324child', '2006-02-02', null, null, '../../Pictures/default.jpg', null);

INSERT INTO ChildcareTransaction VALUES ('1000000323', 'Regular Childcare', '100323', '2014-11-26', '12:00:00', '14:00:00', 20.50);

INSERT INTO Guardian VALUES ('124260', '1234', 'Guardian81', '81guardian', '555-555-5555', 'blah@blah.com', '123 nowhere', null, 'Spokane', 'WA', '99999', '../../Pictures/default.jpg', null);

INSERT INTO Family VALUES ('12426', 42);

INSERT INTO Guardian VALUES ('124261', '1234', 'Guardian281', '812guardian', '555-555-5555', 'blah@blah.com', '123 nowhere', null, 'Spokane', 'WA', '99999', '../../Pictures/default.jpg', null);

INSERT INTO AllowedConnections VALUES ('100324', '124270', '124272', 12427, null);

INSERT INTO Child VALUES ('124272', 'Child325', '325child', '2006-02-02', null, null, '../../Pictures/default.jpg', null);

INSERT INTO ChildcareTransaction VALUES ('1000000324', 'Regular Childcare', '100324', '2014-06-03', '12:00:00', '14:00:00', 20.50);

INSERT INTO AllowedConnections VALUES ('100325', '124270', '124273', 12427, null);

INSERT INTO Child VALUES ('124273', 'Child326', '326child', '2006-02-02', null, null, '../../Pictures/default.jpg', null);

INSERT INTO ChildcareTransaction VALUES ('1000000325', 'Regular Childcare', '100325', '2014-05-24', '12:00:00', '14:00:00', 20.50);

INSERT INTO AllowedConnections VALUES ('100326', '124270', '124274', 12427, null);

INSERT INTO Child VALUES ('124274', 'Child327', '327child', '2006-02-02', null, null, '../../Pictures/default.jpg', null);

INSERT INTO ChildcareTransaction VALUES ('1000000326', 'Regular Childcare', '100326', '2014-08-20', '12:00:00', '14:00:00', 20.50);

INSERT INTO AllowedConnections VALUES ('100327', '124270', '124275', 12427, null);

INSERT INTO Child VALUES ('124275', 'Child328', '328child', '2006-02-02', null, null, '../../Pictures/default.jpg', null);

INSERT INTO ChildcareTransaction VALUES ('1000000327', 'Regular Childcare', '100327', '2014-02-10', '12:00:00', '14:00:00', 20.50);

INSERT INTO Guardian VALUES ('124270', '1234', 'Guardian82', '82guardian', '555-555-5555', 'blah@blah.com', '123 nowhere', null, 'Spokane', 'WA', '99999', '../../Pictures/default.jpg', null);

INSERT INTO Family VALUES ('12427', 42);

INSERT INTO Guardian VALUES ('124271', '1234', 'Guardian282', '822guardian', '555-555-5555', 'blah@blah.com', '123 nowhere', null, 'Spokane', 'WA', '99999', '../../Pictures/default.jpg', null);

INSERT INTO AllowedConnections VALUES ('100328', '124280', '124282', 12428, null);

INSERT INTO Child VALUES ('124282', 'Child329', '329child', '2006-02-02', null, null, '../../Pictures/default.jpg', null);

INSERT INTO ChildcareTransaction VALUES ('1000000328', 'Regular Childcare', '100328', '2014-10-21', '12:00:00', '14:00:00', 20.50);

INSERT INTO AllowedConnections VALUES ('100329', '124280', '124283', 12428, null);

INSERT INTO Child VALUES ('124283', 'Child330', '330child', '2006-02-02', null, null, '../../Pictures/default.jpg', null);

INSERT INTO ChildcareTransaction VALUES ('1000000329', 'Regular Childcare', '100329', '2014-06-20', '12:00:00', '14:00:00', 20.50);

INSERT INTO AllowedConnections VALUES ('100330', '124280', '124284', 12428, null);

INSERT INTO Child VALUES ('124284', 'Child331', '331child', '2006-02-02', null, null, '../../Pictures/default.jpg', null);

INSERT INTO ChildcareTransaction VALUES ('1000000330', 'Regular Childcare', '100330', '2014-02-28', '12:00:00', '14:00:00', 20.50);

INSERT INTO AllowedConnections VALUES ('100331', '124280', '124285', 12428, null);

INSERT INTO Child VALUES ('124285', 'Child332', '332child', '2006-02-02', null, null, '../../Pictures/default.jpg', null);

INSERT INTO ChildcareTransaction VALUES ('1000000331', 'Regular Childcare', '100331', '2014-10-10', '12:00:00', '14:00:00', 20.50);

INSERT INTO Guardian VALUES ('124280', '1234', 'Guardian83', '83guardian', '555-555-5555', 'blah@blah.com', '123 nowhere', null, 'Spokane', 'WA', '99999', '../../Pictures/default.jpg', null);

INSERT INTO Family VALUES ('12428', 42);

INSERT INTO Guardian VALUES ('124281', '1234', 'Guardian283', '832guardian', '555-555-5555', 'blah@blah.com', '123 nowhere', null, 'Spokane', 'WA', '99999', '../../Pictures/default.jpg', null);

INSERT INTO AllowedConnections VALUES ('100332', '124290', '124292', 12429, null);

INSERT INTO Child VALUES ('124292', 'Child333', '333child', '2006-02-02', null, null, '../../Pictures/default.jpg', null);

INSERT INTO ChildcareTransaction VALUES ('1000000332', 'Regular Childcare', '100332', '2014-11-26', '12:00:00', '14:00:00', 20.50);

INSERT INTO AllowedConnections VALUES ('100333', '124290', '124293', 12429, null);

INSERT INTO Child VALUES ('124293', 'Child334', '334child', '2006-02-02', null, null, '../../Pictures/default.jpg', null);

INSERT INTO ChildcareTransaction VALUES ('1000000333', 'Regular Childcare', '100333', '2014-07-21', '12:00:00', '14:00:00', 20.50);

INSERT INTO AllowedConnections VALUES ('100334', '124290', '124294', 12429, null);

INSERT INTO Child VALUES ('124294', 'Child335', '335child', '2006-02-02', null, null, '../../Pictures/default.jpg', null);

INSERT INTO ChildcareTransaction VALUES ('1000000334', 'Regular Childcare', '100334', '2014-03-04', '12:00:00', '14:00:00', 20.50);

INSERT INTO AllowedConnections VALUES ('100335', '124290', '124295', 12429, null);

INSERT INTO Child VALUES ('124295', 'Child336', '336child', '2006-02-02', null, null, '../../Pictures/default.jpg', null);

INSERT INTO ChildcareTransaction VALUES ('1000000335', 'Regular Childcare', '100335', '2014-05-04', '12:00:00', '14:00:00', 20.50);

INSERT INTO Guardian VALUES ('124290', '1234', 'Guardian84', '84guardian', '555-555-5555', 'blah@blah.com', '123 nowhere', null, 'Spokane', 'WA', '99999', '../../Pictures/default.jpg', null);

INSERT INTO Family VALUES ('12429', 42);

INSERT INTO Guardian VALUES ('124291', '1234', 'Guardian284', '842guardian', '555-555-5555', 'blah@blah.com', '123 nowhere', null, 'Spokane', 'WA', '99999', '../../Pictures/default.jpg', null);

INSERT INTO AllowedConnections VALUES ('100336', '124300', '124302', 12430, null);

INSERT INTO Child VALUES ('124302', 'Child337', '337child', '2006-02-02', null, null, '../../Pictures/default.jpg', null);

INSERT INTO ChildcareTransaction VALUES ('1000000336', 'Regular Childcare', '100336', '2014-02-02', '12:00:00', '14:00:00', 20.50);

INSERT INTO AllowedConnections VALUES ('100337', '124300', '124303', 12430, null);

INSERT INTO Child VALUES ('124303', 'Child338', '338child', '2006-02-02', null, null, '../../Pictures/default.jpg', null);

INSERT INTO ChildcareTransaction VALUES ('1000000337', 'Regular Childcare', '100337', '2014-02-12', '12:00:00', '14:00:00', 20.50);

INSERT INTO AllowedConnections VALUES ('100338', '124300', '124304', 12430, null);

INSERT INTO Child VALUES ('124304', 'Child339', '339child', '2006-02-02', null, null, '../../Pictures/default.jpg', null);

INSERT INTO ChildcareTransaction VALUES ('1000000338', 'Regular Childcare', '100338', '2014-02-14', '12:00:00', '14:00:00', 20.50);

INSERT INTO AllowedConnections VALUES ('100339', '124300', '124305', 12430, null);

INSERT INTO Child VALUES ('124305', 'Child340', '340child', '2006-02-02', null, null, '../../Pictures/default.jpg', null);

INSERT INTO ChildcareTransaction VALUES ('1000000339', 'Regular Childcare', '100339', '2014-05-20', '12:00:00', '14:00:00', 20.50);

INSERT INTO Guardian VALUES ('124300', '1234', 'Guardian85', '85guardian', '555-555-5555', 'blah@blah.com', '123 nowhere', null, 'Spokane', 'WA', '99999', '../../Pictures/default.jpg', null);

INSERT INTO Family VALUES ('12430', 42);

INSERT INTO Guardian VALUES ('124301', '1234', 'Guardian285', '852guardian', '555-555-5555', 'blah@blah.com', '123 nowhere', null, 'Spokane', 'WA', '99999', '../../Pictures/default.jpg', null);

INSERT INTO AllowedConnections VALUES ('100340', '124310', '124312', 12431, null);

INSERT INTO Child VALUES ('124312', 'Child341', '341child', '2006-02-02', null, null, '../../Pictures/default.jpg', null);

INSERT INTO ChildcareTransaction VALUES ('1000000340', 'Regular Childcare', '100340', '2014-09-19', '12:00:00', '14:00:00', 20.50);

INSERT INTO AllowedConnections VALUES ('100341', '124310', '124313', 12431, null);

INSERT INTO Child VALUES ('124313', 'Child342', '342child', '2006-02-02', null, null, '../../Pictures/default.jpg', null);

INSERT INTO ChildcareTransaction VALUES ('1000000341', 'Regular Childcare', '100341', '2014-03-06', '12:00:00', '14:00:00', 20.50);

INSERT INTO AllowedConnections VALUES ('100342', '124310', '124314', 12431, null);

INSERT INTO Child VALUES ('124314', 'Child343', '343child', '2006-02-02', null, null, '../../Pictures/default.jpg', null);

INSERT INTO ChildcareTransaction VALUES ('1000000342', 'Regular Childcare', '100342', '2014-02-23', '12:00:00', '14:00:00', 20.50);

INSERT INTO AllowedConnections VALUES ('100343', '124310', '124315', 12431, null);

INSERT INTO Child VALUES ('124315', 'Child344', '344child', '2006-02-02', null, null, '../../Pictures/default.jpg', null);

INSERT INTO ChildcareTransaction VALUES ('1000000343', 'Regular Childcare', '100343', '2014-03-02', '12:00:00', '14:00:00', 20.50);

INSERT INTO Guardian VALUES ('124310', '1234', 'Guardian86', '86guardian', '555-555-5555', 'blah@blah.com', '123 nowhere', null, 'Spokane', 'WA', '99999', '../../Pictures/default.jpg', null);

INSERT INTO Family VALUES ('12431', 42);

INSERT INTO Guardian VALUES ('124311', '1234', 'Guardian286', '862guardian', '555-555-5555', 'blah@blah.com', '123 nowhere', null, 'Spokane', 'WA', '99999', '../../Pictures/default.jpg', null);

INSERT INTO AllowedConnections VALUES ('100344', '124320', '124322', 12432, null);

INSERT INTO Child VALUES ('124322', 'Child345', '345child', '2006-02-02', null, null, '../../Pictures/default.jpg', null);

INSERT INTO ChildcareTransaction VALUES ('1000000344', 'Regular Childcare', '100344', '2014-06-25', '12:00:00', '14:00:00', 20.50);

INSERT INTO AllowedConnections VALUES ('100345', '124320', '124323', 12432, null);

INSERT INTO Child VALUES ('124323', 'Child346', '346child', '2006-02-02', null, null, '../../Pictures/default.jpg', null);

INSERT INTO ChildcareTransaction VALUES ('1000000345', 'Regular Childcare', '100345', '2014-05-16', '12:00:00', '14:00:00', 20.50);

INSERT INTO AllowedConnections VALUES ('100346', '124320', '124324', 12432, null);

INSERT INTO Child VALUES ('124324', 'Child347', '347child', '2006-02-02', null, null, '../../Pictures/default.jpg', null);

INSERT INTO ChildcareTransaction VALUES ('1000000346', 'Regular Childcare', '100346', '2014-09-05', '12:00:00', '14:00:00', 20.50);

INSERT INTO AllowedConnections VALUES ('100347', '124320', '124325', 12432, null);

INSERT INTO Child VALUES ('124325', 'Child348', '348child', '2006-02-02', null, null, '../../Pictures/default.jpg', null);

INSERT INTO ChildcareTransaction VALUES ('1000000347', 'Regular Childcare', '100347', '2014-11-14', '12:00:00', '14:00:00', 20.50);

INSERT INTO Guardian VALUES ('124320', '1234', 'Guardian87', '87guardian', '555-555-5555', 'blah@blah.com', '123 nowhere', null, 'Spokane', 'WA', '99999', '../../Pictures/default.jpg', null);

INSERT INTO Family VALUES ('12432', 42);

INSERT INTO Guardian VALUES ('124321', '1234', 'Guardian287', '872guardian', '555-555-5555', 'blah@blah.com', '123 nowhere', null, 'Spokane', 'WA', '99999', '../../Pictures/default.jpg', null);

INSERT INTO AllowedConnections VALUES ('100348', '124330', '124332', 12433, null);

INSERT INTO Child VALUES ('124332', 'Child349', '349child', '2006-02-02', null, null, '../../Pictures/default.jpg', null);

INSERT INTO ChildcareTransaction VALUES ('1000000348', 'Regular Childcare', '100348', '2014-03-06', '12:00:00', '14:00:00', 20.50);

INSERT INTO AllowedConnections VALUES ('100349', '124330', '124333', 12433, null);

INSERT INTO Child VALUES ('124333', 'Child350', '350child', '2006-02-02', null, null, '../../Pictures/default.jpg', null);

INSERT INTO ChildcareTransaction VALUES ('1000000349', 'Regular Childcare', '100349', '2014-11-19', '12:00:00', '14:00:00', 20.50);

INSERT INTO AllowedConnections VALUES ('100350', '124330', '124334', 12433, null);

INSERT INTO Child VALUES ('124334', 'Child351', '351child', '2006-02-02', null, null, '../../Pictures/default.jpg', null);

INSERT INTO ChildcareTransaction VALUES ('1000000350', 'Regular Childcare', '100350', '2014-11-28', '12:00:00', '14:00:00', 20.50);

INSERT INTO AllowedConnections VALUES ('100351', '124330', '124335', 12433, null);

INSERT INTO Child VALUES ('124335', 'Child352', '352child', '2006-02-02', null, null, '../../Pictures/default.jpg', null);

INSERT INTO ChildcareTransaction VALUES ('1000000351', 'Regular Childcare', '100351', '2014-05-16', '12:00:00', '14:00:00', 20.50);

INSERT INTO Guardian VALUES ('124330', '1234', 'Guardian88', '88guardian', '555-555-5555', 'blah@blah.com', '123 nowhere', null, 'Spokane', 'WA', '99999', '../../Pictures/default.jpg', null);

INSERT INTO Family VALUES ('12433', 42);

INSERT INTO Guardian VALUES ('124331', '1234', 'Guardian288', '882guardian', '555-555-5555', 'blah@blah.com', '123 nowhere', null, 'Spokane', 'WA', '99999', '../../Pictures/default.jpg', null);

INSERT INTO AllowedConnections VALUES ('100352', '124340', '124342', 12434, null);

INSERT INTO Child VALUES ('124342', 'Child353', '353child', '2006-02-02', null, null, '../../Pictures/default.jpg', null);

INSERT INTO ChildcareTransaction VALUES ('1000000352', 'Regular Childcare', '100352', '2014-08-05', '12:00:00', '14:00:00', 20.50);

INSERT INTO AllowedConnections VALUES ('100353', '124340', '124343', 12434, null);

INSERT INTO Child VALUES ('124343', 'Child354', '354child', '2006-02-02', null, null, '../../Pictures/default.jpg', null);

INSERT INTO ChildcareTransaction VALUES ('1000000353', 'Regular Childcare', '100353', '2014-07-25', '12:00:00', '14:00:00', 20.50);

INSERT INTO AllowedConnections VALUES ('100354', '124340', '124344', 12434, null);

INSERT INTO Child VALUES ('124344', 'Child355', '355child', '2006-02-02', null, null, '../../Pictures/default.jpg', null);

INSERT INTO ChildcareTransaction VALUES ('1000000354', 'Regular Childcare', '100354', '2014-05-12', '12:00:00', '14:00:00', 20.50);

INSERT INTO AllowedConnections VALUES ('100355', '124340', '124345', 12434, null);

INSERT INTO Child VALUES ('124345', 'Child356', '356child', '2006-02-02', null, null, '../../Pictures/default.jpg', null);

INSERT INTO ChildcareTransaction VALUES ('1000000355', 'Regular Childcare', '100355', '2014-01-15', '12:00:00', '14:00:00', 20.50);

INSERT INTO Guardian VALUES ('124340', '1234', 'Guardian89', '89guardian', '555-555-5555', 'blah@blah.com', '123 nowhere', null, 'Spokane', 'WA', '99999', '../../Pictures/default.jpg', null);

INSERT INTO Family VALUES ('12434', 42);

INSERT INTO Guardian VALUES ('124341', '1234', 'Guardian289', '892guardian', '555-555-5555', 'blah@blah.com', '123 nowhere', null, 'Spokane', 'WA', '99999', '../../Pictures/default.jpg', null);

INSERT INTO AllowedConnections VALUES ('100356', '124350', '124352', 12435, null);

INSERT INTO Child VALUES ('124352', 'Child357', '357child', '2006-02-02', null, null, '../../Pictures/default.jpg', null);

INSERT INTO ChildcareTransaction VALUES ('1000000356', 'Regular Childcare', '100356', '2014-04-12', '12:00:00', '14:00:00', 20.50);

INSERT INTO AllowedConnections VALUES ('100357', '124350', '124353', 12435, null);

INSERT INTO Child VALUES ('124353', 'Child358', '358child', '2006-02-02', null, null, '../../Pictures/default.jpg', null);

INSERT INTO ChildcareTransaction VALUES ('1000000357', 'Regular Childcare', '100357', '2014-05-08', '12:00:00', '14:00:00', 20.50);

INSERT INTO AllowedConnections VALUES ('100358', '124350', '124354', 12435, null);

INSERT INTO Child VALUES ('124354', 'Child359', '359child', '2006-02-02', null, null, '../../Pictures/default.jpg', null);

INSERT INTO ChildcareTransaction VALUES ('1000000358', 'Regular Childcare', '100358', '2014-06-07', '12:00:00', '14:00:00', 20.50);

INSERT INTO AllowedConnections VALUES ('100359', '124350', '124355', 12435, null);

INSERT INTO Child VALUES ('124355', 'Child360', '360child', '2006-02-02', null, null, '../../Pictures/default.jpg', null);

INSERT INTO ChildcareTransaction VALUES ('1000000359', 'Regular Childcare', '100359', '2014-08-24', '12:00:00', '14:00:00', 20.50);

INSERT INTO Guardian VALUES ('124350', '1234', 'Guardian90', '90guardian', '555-555-5555', 'blah@blah.com', '123 nowhere', null, 'Spokane', 'WA', '99999', '../../Pictures/default.jpg', null);

INSERT INTO Family VALUES ('12435', 42);

INSERT INTO Guardian VALUES ('124351', '1234', 'Guardian290', '902guardian', '555-555-5555', 'blah@blah.com', '123 nowhere', null, 'Spokane', 'WA', '99999', '../../Pictures/default.jpg', null);

INSERT INTO AllowedConnections VALUES ('100360', '124360', '124362', 12436, null);

INSERT INTO Child VALUES ('124362', 'Child361', '361child', '2006-02-02', null, null, '../../Pictures/default.jpg', null);

INSERT INTO ChildcareTransaction VALUES ('1000000360', 'Regular Childcare', '100360', '2014-08-20', '12:00:00', '14:00:00', 20.50);

INSERT INTO AllowedConnections VALUES ('100361', '124360', '124363', 12436, null);

INSERT INTO Child VALUES ('124363', 'Child362', '362child', '2006-02-02', null, null, '../../Pictures/default.jpg', null);

INSERT INTO ChildcareTransaction VALUES ('1000000361', 'Regular Childcare', '100361', '2014-12-05', '12:00:00', '14:00:00', 20.50);

INSERT INTO AllowedConnections VALUES ('100362', '124360', '124364', 12436, null);

INSERT INTO Child VALUES ('124364', 'Child363', '363child', '2006-02-02', null, null, '../../Pictures/default.jpg', null);

INSERT INTO ChildcareTransaction VALUES ('1000000362', 'Regular Childcare', '100362', '2014-02-20', '12:00:00', '14:00:00', 20.50);

INSERT INTO AllowedConnections VALUES ('100363', '124360', '124365', 12436, null);

INSERT INTO Child VALUES ('124365', 'Child364', '364child', '2006-02-02', null, null, '../../Pictures/default.jpg', null);

INSERT INTO ChildcareTransaction VALUES ('1000000363', 'Regular Childcare', '100363', '2014-06-08', '12:00:00', '14:00:00', 20.50);

INSERT INTO Guardian VALUES ('124360', '1234', 'Guardian91', '91guardian', '555-555-5555', 'blah@blah.com', '123 nowhere', null, 'Spokane', 'WA', '99999', '../../Pictures/default.jpg', null);

INSERT INTO Family VALUES ('12436', 42);

INSERT INTO Guardian VALUES ('124361', '1234', 'Guardian291', '912guardian', '555-555-5555', 'blah@blah.com', '123 nowhere', null, 'Spokane', 'WA', '99999', '../../Pictures/default.jpg', null);

INSERT INTO AllowedConnections VALUES ('100364', '124370', '124372', 12437, null);

INSERT INTO Child VALUES ('124372', 'Child365', '365child', '2006-02-02', null, null, '../../Pictures/default.jpg', null);

INSERT INTO ChildcareTransaction VALUES ('1000000364', 'Regular Childcare', '100364', '2014-06-21', '12:00:00', '14:00:00', 20.50);

INSERT INTO AllowedConnections VALUES ('100365', '124370', '124373', 12437, null);

INSERT INTO Child VALUES ('124373', 'Child366', '366child', '2006-02-02', null, null, '../../Pictures/default.jpg', null);

INSERT INTO ChildcareTransaction VALUES ('1000000365', 'Regular Childcare', '100365', '2014-03-18', '12:00:00', '14:00:00', 20.50);

INSERT INTO AllowedConnections VALUES ('100366', '124370', '124374', 12437, null);

INSERT INTO Child VALUES ('124374', 'Child367', '367child', '2006-02-02', null, null, '../../Pictures/default.jpg', null);

INSERT INTO ChildcareTransaction VALUES ('1000000366', 'Regular Childcare', '100366', '2014-07-28', '12:00:00', '14:00:00', 20.50);

INSERT INTO AllowedConnections VALUES ('100367', '124370', '124375', 12437, null);

INSERT INTO Child VALUES ('124375', 'Child368', '368child', '2006-02-02', null, null, '../../Pictures/default.jpg', null);

INSERT INTO ChildcareTransaction VALUES ('1000000367', 'Regular Childcare', '100367', '2014-07-09', '12:00:00', '14:00:00', 20.50);

INSERT INTO Guardian VALUES ('124370', '1234', 'Guardian92', '92guardian', '555-555-5555', 'blah@blah.com', '123 nowhere', null, 'Spokane', 'WA', '99999', '../../Pictures/default.jpg', null);

INSERT INTO Family VALUES ('12437', 42);

INSERT INTO Guardian VALUES ('124371', '1234', 'Guardian292', '922guardian', '555-555-5555', 'blah@blah.com', '123 nowhere', null, 'Spokane', 'WA', '99999', '../../Pictures/default.jpg', null);

INSERT INTO AllowedConnections VALUES ('100368', '124380', '124382', 12438, null);

INSERT INTO Child VALUES ('124382', 'Child369', '369child', '2006-02-02', null, null, '../../Pictures/default.jpg', null);

INSERT INTO ChildcareTransaction VALUES ('1000000368', 'Regular Childcare', '100368', '2014-11-02', '12:00:00', '14:00:00', 20.50);

INSERT INTO AllowedConnections VALUES ('100369', '124380', '124383', 12438, null);

INSERT INTO Child VALUES ('124383', 'Child370', '370child', '2006-02-02', null, null, '../../Pictures/default.jpg', null);

INSERT INTO ChildcareTransaction VALUES ('1000000369', 'Regular Childcare', '100369', '2014-01-05', '12:00:00', '14:00:00', 20.50);

INSERT INTO AllowedConnections VALUES ('100370', '124380', '124384', 12438, null);

INSERT INTO Child VALUES ('124384', 'Child371', '371child', '2006-02-02', null, null, '../../Pictures/default.jpg', null);

INSERT INTO ChildcareTransaction VALUES ('1000000370', 'Regular Childcare', '100370', '2014-08-17', '12:00:00', '14:00:00', 20.50);

INSERT INTO AllowedConnections VALUES ('100371', '124380', '124385', 12438, null);

INSERT INTO Child VALUES ('124385', 'Child372', '372child', '2006-02-02', null, null, '../../Pictures/default.jpg', null);

INSERT INTO ChildcareTransaction VALUES ('1000000371', 'Regular Childcare', '100371', '2014-12-05', '12:00:00', '14:00:00', 20.50);

INSERT INTO Guardian VALUES ('124380', '1234', 'Guardian93', '93guardian', '555-555-5555', 'blah@blah.com', '123 nowhere', null, 'Spokane', 'WA', '99999', '../../Pictures/default.jpg', null);

INSERT INTO Family VALUES ('12438', 42);

INSERT INTO Guardian VALUES ('124381', '1234', 'Guardian293', '932guardian', '555-555-5555', 'blah@blah.com', '123 nowhere', null, 'Spokane', 'WA', '99999', '../../Pictures/default.jpg', null);

INSERT INTO AllowedConnections VALUES ('100372', '124390', '124392', 12439, null);

INSERT INTO Child VALUES ('124392', 'Child373', '373child', '2006-02-02', null, null, '../../Pictures/default.jpg', null);

INSERT INTO ChildcareTransaction VALUES ('1000000372', 'Regular Childcare', '100372', '2014-11-05', '12:00:00', '14:00:00', 20.50);

INSERT INTO AllowedConnections VALUES ('100373', '124390', '124393', 12439, null);

INSERT INTO Child VALUES ('124393', 'Child374', '374child', '2006-02-02', null, null, '../../Pictures/default.jpg', null);

INSERT INTO ChildcareTransaction VALUES ('1000000373', 'Regular Childcare', '100373', '2014-12-14', '12:00:00', '14:00:00', 20.50);

INSERT INTO AllowedConnections VALUES ('100374', '124390', '124394', 12439, null);

INSERT INTO Child VALUES ('124394', 'Child375', '375child', '2006-02-02', null, null, '../../Pictures/default.jpg', null);

INSERT INTO ChildcareTransaction VALUES ('1000000374', 'Regular Childcare', '100374', '2014-11-22', '12:00:00', '14:00:00', 20.50);

INSERT INTO AllowedConnections VALUES ('100375', '124390', '124395', 12439, null);

INSERT INTO Child VALUES ('124395', 'Child376', '376child', '2006-02-02', null, null, '../../Pictures/default.jpg', null);

INSERT INTO ChildcareTransaction VALUES ('1000000375', 'Regular Childcare', '100375', '2014-01-13', '12:00:00', '14:00:00', 20.50);

INSERT INTO Guardian VALUES ('124390', '1234', 'Guardian94', '94guardian', '555-555-5555', 'blah@blah.com', '123 nowhere', null, 'Spokane', 'WA', '99999', '../../Pictures/default.jpg', null);

INSERT INTO Family VALUES ('12439', 42);

INSERT INTO Guardian VALUES ('124391', '1234', 'Guardian294', '942guardian', '555-555-5555', 'blah@blah.com', '123 nowhere', null, 'Spokane', 'WA', '99999', '../../Pictures/default.jpg', null);

INSERT INTO AllowedConnections VALUES ('100376', '124400', '124402', 12440, null);

INSERT INTO Child VALUES ('124402', 'Child377', '377child', '2006-02-02', null, null, '../../Pictures/default.jpg', null);

INSERT INTO ChildcareTransaction VALUES ('1000000376', 'Regular Childcare', '100376', '2014-12-27', '12:00:00', '14:00:00', 20.50);

INSERT INTO AllowedConnections VALUES ('100377', '124400', '124403', 12440, null);

INSERT INTO Child VALUES ('124403', 'Child378', '378child', '2006-02-02', null, null, '../../Pictures/default.jpg', null);

INSERT INTO ChildcareTransaction VALUES ('1000000377', 'Regular Childcare', '100377', '2014-04-14', '12:00:00', '14:00:00', 20.50);

INSERT INTO AllowedConnections VALUES ('100378', '124400', '124404', 12440, null);

INSERT INTO Child VALUES ('124404', 'Child379', '379child', '2006-02-02', null, null, '../../Pictures/default.jpg', null);

INSERT INTO ChildcareTransaction VALUES ('1000000378', 'Regular Childcare', '100378', '2014-08-12', '12:00:00', '14:00:00', 20.50);

INSERT INTO AllowedConnections VALUES ('100379', '124400', '124405', 12440, null);

INSERT INTO Child VALUES ('124405', 'Child380', '380child', '2006-02-02', null, null, '../../Pictures/default.jpg', null);

INSERT INTO ChildcareTransaction VALUES ('1000000379', 'Regular Childcare', '100379', '2014-12-13', '12:00:00', '14:00:00', 20.50);

INSERT INTO Guardian VALUES ('124400', '1234', 'Guardian95', '95guardian', '555-555-5555', 'blah@blah.com', '123 nowhere', null, 'Spokane', 'WA', '99999', '../../Pictures/default.jpg', null);

INSERT INTO Family VALUES ('12440', 42);

INSERT INTO Guardian VALUES ('124401', '1234', 'Guardian295', '952guardian', '555-555-5555', 'blah@blah.com', '123 nowhere', null, 'Spokane', 'WA', '99999', '../../Pictures/default.jpg', null);

INSERT INTO AllowedConnections VALUES ('100380', '124410', '124412', 12441, null);

INSERT INTO Child VALUES ('124412', 'Child381', '381child', '2006-02-02', null, null, '../../Pictures/default.jpg', null);

INSERT INTO ChildcareTransaction VALUES ('1000000380', 'Regular Childcare', '100380', '2014-02-06', '12:00:00', '14:00:00', 20.50);

INSERT INTO AllowedConnections VALUES ('100381', '124410', '124413', 12441, null);

INSERT INTO Child VALUES ('124413', 'Child382', '382child', '2006-02-02', null, null, '../../Pictures/default.jpg', null);

INSERT INTO ChildcareTransaction VALUES ('1000000381', 'Regular Childcare', '100381', '2014-07-02', '12:00:00', '14:00:00', 20.50);

INSERT INTO AllowedConnections VALUES ('100382', '124410', '124414', 12441, null);

INSERT INTO Child VALUES ('124414', 'Child383', '383child', '2006-02-02', null, null, '../../Pictures/default.jpg', null);

INSERT INTO ChildcareTransaction VALUES ('1000000382', 'Regular Childcare', '100382', '2014-10-03', '12:00:00', '14:00:00', 20.50);

INSERT INTO AllowedConnections VALUES ('100383', '124410', '124415', 12441, null);

INSERT INTO Child VALUES ('124415', 'Child384', '384child', '2006-02-02', null, null, '../../Pictures/default.jpg', null);

INSERT INTO ChildcareTransaction VALUES ('1000000383', 'Regular Childcare', '100383', '2014-10-17', '12:00:00', '14:00:00', 20.50);

INSERT INTO Guardian VALUES ('124410', '1234', 'Guardian96', '96guardian', '555-555-5555', 'blah@blah.com', '123 nowhere', null, 'Spokane', 'WA', '99999', '../../Pictures/default.jpg', null);

INSERT INTO Family VALUES ('12441', 42);

INSERT INTO Guardian VALUES ('124411', '1234', 'Guardian296', '962guardian', '555-555-5555', 'blah@blah.com', '123 nowhere', null, 'Spokane', 'WA', '99999', '../../Pictures/default.jpg', null);

INSERT INTO AllowedConnections VALUES ('100384', '124420', '124422', 12442, null);

INSERT INTO Child VALUES ('124422', 'Child385', '385child', '2006-02-02', null, null, '../../Pictures/default.jpg', null);

INSERT INTO ChildcareTransaction VALUES ('1000000384', 'Regular Childcare', '100384', '2014-10-22', '12:00:00', '14:00:00', 20.50);

INSERT INTO AllowedConnections VALUES ('100385', '124420', '124423', 12442, null);

INSERT INTO Child VALUES ('124423', 'Child386', '386child', '2006-02-02', null, null, '../../Pictures/default.jpg', null);

INSERT INTO ChildcareTransaction VALUES ('1000000385', 'Regular Childcare', '100385', '2014-11-18', '12:00:00', '14:00:00', 20.50);

INSERT INTO AllowedConnections VALUES ('100386', '124420', '124424', 12442, null);

INSERT INTO Child VALUES ('124424', 'Child387', '387child', '2006-02-02', null, null, '../../Pictures/default.jpg', null);

INSERT INTO ChildcareTransaction VALUES ('1000000386', 'Regular Childcare', '100386', '2014-11-12', '12:00:00', '14:00:00', 20.50);

INSERT INTO AllowedConnections VALUES ('100387', '124420', '124425', 12442, null);

INSERT INTO Child VALUES ('124425', 'Child388', '388child', '2006-02-02', null, null, '../../Pictures/default.jpg', null);

INSERT INTO ChildcareTransaction VALUES ('1000000387', 'Regular Childcare', '100387', '2014-10-25', '12:00:00', '14:00:00', 20.50);

INSERT INTO Guardian VALUES ('124420', '1234', 'Guardian97', '97guardian', '555-555-5555', 'blah@blah.com', '123 nowhere', null, 'Spokane', 'WA', '99999', '../../Pictures/default.jpg', null);

INSERT INTO Family VALUES ('12442', 42);

INSERT INTO Guardian VALUES ('124421', '1234', 'Guardian297', '972guardian', '555-555-5555', 'blah@blah.com', '123 nowhere', null, 'Spokane', 'WA', '99999', '../../Pictures/default.jpg', null);

INSERT INTO AllowedConnections VALUES ('100388', '124430', '124432', 12443, null);

INSERT INTO Child VALUES ('124432', 'Child389', '389child', '2006-02-02', null, null, '../../Pictures/default.jpg', null);

INSERT INTO ChildcareTransaction VALUES ('1000000388', 'Regular Childcare', '100388', '2014-02-11', '12:00:00', '14:00:00', 20.50);

INSERT INTO AllowedConnections VALUES ('100389', '124430', '124433', 12443, null);

INSERT INTO Child VALUES ('124433', 'Child390', '390child', '2006-02-02', null, null, '../../Pictures/default.jpg', null);

INSERT INTO ChildcareTransaction VALUES ('1000000389', 'Regular Childcare', '100389', '2014-12-19', '12:00:00', '14:00:00', 20.50);

INSERT INTO AllowedConnections VALUES ('100390', '124430', '124434', 12443, null);

INSERT INTO Child VALUES ('124434', 'Child391', '391child', '2006-02-02', null, null, '../../Pictures/default.jpg', null);

INSERT INTO ChildcareTransaction VALUES ('1000000390', 'Regular Childcare', '100390', '2014-07-09', '12:00:00', '14:00:00', 20.50);

INSERT INTO AllowedConnections VALUES ('100391', '124430', '124435', 12443, null);

INSERT INTO Child VALUES ('124435', 'Child392', '392child', '2006-02-02', null, null, '../../Pictures/default.jpg', null);

INSERT INTO ChildcareTransaction VALUES ('1000000391', 'Regular Childcare', '100391', '2014-09-27', '12:00:00', '14:00:00', 20.50);

INSERT INTO Guardian VALUES ('124430', '1234', 'Guardian98', '98guardian', '555-555-5555', 'blah@blah.com', '123 nowhere', null, 'Spokane', 'WA', '99999', '../../Pictures/default.jpg', null);

INSERT INTO Family VALUES ('12443', 42);

INSERT INTO Guardian VALUES ('124431', '1234', 'Guardian298', '982guardian', '555-555-5555', 'blah@blah.com', '123 nowhere', null, 'Spokane', 'WA', '99999', '../../Pictures/default.jpg', null);

INSERT INTO AllowedConnections VALUES ('100392', '124440', '124442', 12444, null);

INSERT INTO Child VALUES ('124442', 'Child393', '393child', '2006-02-02', null, null, '../../Pictures/default.jpg', null);

INSERT INTO ChildcareTransaction VALUES ('1000000392', 'Regular Childcare', '100392', '2014-06-28', '12:00:00', '14:00:00', 20.50);

INSERT INTO AllowedConnections VALUES ('100393', '124440', '124443', 12444, null);

INSERT INTO Child VALUES ('124443', 'Child394', '394child', '2006-02-02', null, null, '../../Pictures/default.jpg', null);

INSERT INTO ChildcareTransaction VALUES ('1000000393', 'Regular Childcare', '100393', '2014-05-16', '12:00:00', '14:00:00', 20.50);

INSERT INTO AllowedConnections VALUES ('100394', '124440', '124444', 12444, null);

INSERT INTO Child VALUES ('124444', 'Child395', '395child', '2006-02-02', null, null, '../../Pictures/default.jpg', null);

INSERT INTO ChildcareTransaction VALUES ('1000000394', 'Regular Childcare', '100394', '2014-07-24', '12:00:00', '14:00:00', 20.50);

INSERT INTO AllowedConnections VALUES ('100395', '124440', '124445', 12444, null);

INSERT INTO Child VALUES ('124445', 'Child396', '396child', '2006-02-02', null, null, '../../Pictures/default.jpg', null);

INSERT INTO ChildcareTransaction VALUES ('1000000395', 'Regular Childcare', '100395', '2014-07-18', '12:00:00', '14:00:00', 20.50);

INSERT INTO Guardian VALUES ('124440', '1234', 'Guardian99', '99guardian', '555-555-5555', 'blah@blah.com', '123 nowhere', null, 'Spokane', 'WA', '99999', '../../Pictures/default.jpg', null);

INSERT INTO Family VALUES ('12444', 42);

INSERT INTO Guardian VALUES ('124441', '1234', 'Guardian299', '992guardian', '555-555-5555', 'blah@blah.com', '123 nowhere', null, 'Spokane', 'WA', '99999', '../../Pictures/default.jpg', null);

INSERT INTO AllowedConnections VALUES ('100396', '124450', '124452', 12445, null);

INSERT INTO Child VALUES ('124452', 'Child397', '397child', '2006-02-02', null, null, '../../Pictures/default.jpg', null);

INSERT INTO ChildcareTransaction VALUES ('1000000396', 'Regular Childcare', '100396', '2014-11-28', '12:00:00', '14:00:00', 20.50);

INSERT INTO AllowedConnections VALUES ('100397', '124450', '124453', 12445, null);

INSERT INTO Child VALUES ('124453', 'Child398', '398child', '2006-02-02', null, null, '../../Pictures/default.jpg', null);

INSERT INTO ChildcareTransaction VALUES ('1000000397', 'Regular Childcare', '100397', '2014-10-27', '12:00:00', '14:00:00', 20.50);

INSERT INTO AllowedConnections VALUES ('100398', '124450', '124454', 12445, null);

INSERT INTO Child VALUES ('124454', 'Child399', '399child', '2006-02-02', null, null, '../../Pictures/default.jpg', null);

INSERT INTO ChildcareTransaction VALUES ('1000000398', 'Regular Childcare', '100398', '2014-11-02', '12:00:00', '14:00:00', 20.50);

INSERT INTO AllowedConnections VALUES ('100399', '124450', '124455', 12445, null);

INSERT INTO Child VALUES ('124455', 'Child400', '400child', '2006-02-02', null, null, '../../Pictures/default.jpg', null);

INSERT INTO ChildcareTransaction VALUES ('1000000399', 'Regular Childcare', '100399', '2014-01-15', '12:00:00', '14:00:00', 20.50);

INSERT INTO Guardian VALUES ('124450', '1234', 'Guardian100', '100guardian', '555-555-5555', 'blah@blah.com', '123 nowhere', null, 'Spokane', 'WA', '99999', '../../Pictures/default.jpg', null);

INSERT INTO Family VALUES ('12445', 42);

INSERT INTO Guardian VALUES ('124451', '1234', 'Guardian2100', '1002guardian', '555-555-5555', 'blah@blah.com', '123 nowhere', null, 'Spokane', 'WA', '99999', '../../Pictures/default.jpg', null);

INSERT INTO AllowedConnections VALUES ('100400', '124460', '124462', 12446, null);

INSERT INTO Child VALUES ('124462', 'Child401', '401child', '2006-02-02', null, null, '../../Pictures/default.jpg', null);

INSERT INTO ChildcareTransaction VALUES ('1000000400', 'Regular Childcare', '100400', '2014-09-23', '12:00:00', '14:00:00', 20.50);

INSERT INTO AllowedConnections VALUES ('100401', '124460', '124463', 12446, null);

INSERT INTO Child VALUES ('124463', 'Child402', '402child', '2006-02-02', null, null, '../../Pictures/default.jpg', null);

INSERT INTO ChildcareTransaction VALUES ('1000000401', 'Regular Childcare', '100401', '2014-08-19', '12:00:00', '14:00:00', 20.50);

INSERT INTO AllowedConnections VALUES ('100402', '124460', '124464', 12446, null);

INSERT INTO Child VALUES ('124464', 'Child403', '403child', '2006-02-02', null, null, '../../Pictures/default.jpg', null);

INSERT INTO ChildcareTransaction VALUES ('1000000402', 'Regular Childcare', '100402', '2014-08-28', '12:00:00', '14:00:00', 20.50);

INSERT INTO AllowedConnections VALUES ('100403', '124460', '124465', 12446, null);

INSERT INTO Child VALUES ('124465', 'Child404', '404child', '2006-02-02', null, null, '../../Pictures/default.jpg', null);

INSERT INTO ChildcareTransaction VALUES ('1000000403', 'Regular Childcare', '100403', '2014-08-07', '12:00:00', '14:00:00', 20.50);

INSERT INTO Guardian VALUES ('124460', '1234', 'Guardian101', '101guardian', '555-555-5555', 'blah@blah.com', '123 nowhere', null, 'Spokane', 'WA', '99999', '../../Pictures/default.jpg', null);

INSERT INTO Family VALUES ('12446', 42);

INSERT INTO Guardian VALUES ('124461', '1234', 'Guardian2101', '1012guardian', '555-555-5555', 'blah@blah.com', '123 nowhere', null, 'Spokane', 'WA', '99999', '../../Pictures/default.jpg', null);

INSERT INTO AllowedConnections VALUES ('100404', '124470', '124472', 12447, null);

INSERT INTO Child VALUES ('124472', 'Child405', '405child', '2006-02-02', null, null, '../../Pictures/default.jpg', null);

INSERT INTO ChildcareTransaction VALUES ('1000000404', 'Regular Childcare', '100404', '2014-03-06', '12:00:00', '14:00:00', 20.50);

INSERT INTO AllowedConnections VALUES ('100405', '124470', '124473', 12447, null);

INSERT INTO Child VALUES ('124473', 'Child406', '406child', '2006-02-02', null, null, '../../Pictures/default.jpg', null);

INSERT INTO ChildcareTransaction VALUES ('1000000405', 'Regular Childcare', '100405', '2014-08-26', '12:00:00', '14:00:00', 20.50);

INSERT INTO AllowedConnections VALUES ('100406', '124470', '124474', 12447, null);

INSERT INTO Child VALUES ('124474', 'Child407', '407child', '2006-02-02', null, null, '../../Pictures/default.jpg', null);

INSERT INTO ChildcareTransaction VALUES ('1000000406', 'Regular Childcare', '100406', '2014-05-27', '12:00:00', '14:00:00', 20.50);

INSERT INTO AllowedConnections VALUES ('100407', '124470', '124475', 12447, null);

INSERT INTO Child VALUES ('124475', 'Child408', '408child', '2006-02-02', null, null, '../../Pictures/default.jpg', null);

INSERT INTO ChildcareTransaction VALUES ('1000000407', 'Regular Childcare', '100407', '2014-03-02', '12:00:00', '14:00:00', 20.50);

INSERT INTO Guardian VALUES ('124470', '1234', 'Guardian102', '102guardian', '555-555-5555', 'blah@blah.com', '123 nowhere', null, 'Spokane', 'WA', '99999', '../../Pictures/default.jpg', null);

INSERT INTO Family VALUES ('12447', 42);

INSERT INTO Guardian VALUES ('124471', '1234', 'Guardian2102', '1022guardian', '555-555-5555', 'blah@blah.com', '123 nowhere', null, 'Spokane', 'WA', '99999', '../../Pictures/default.jpg', null);

INSERT INTO AllowedConnections VALUES ('100408', '124480', '124482', 12448, null);

INSERT INTO Child VALUES ('124482', 'Child409', '409child', '2006-02-02', null, null, '../../Pictures/default.jpg', null);

INSERT INTO ChildcareTransaction VALUES ('1000000408', 'Regular Childcare', '100408', '2014-03-07', '12:00:00', '14:00:00', 20.50);

INSERT INTO AllowedConnections VALUES ('100409', '124480', '124483', 12448, null);

INSERT INTO Child VALUES ('124483', 'Child410', '410child', '2006-02-02', null, null, '../../Pictures/default.jpg', null);

INSERT INTO ChildcareTransaction VALUES ('1000000409', 'Regular Childcare', '100409', '2014-04-01', '12:00:00', '14:00:00', 20.50);

INSERT INTO AllowedConnections VALUES ('100410', '124480', '124484', 12448, null);

INSERT INTO Child VALUES ('124484', 'Child411', '411child', '2006-02-02', null, null, '../../Pictures/default.jpg', null);

INSERT INTO ChildcareTransaction VALUES ('1000000410', 'Regular Childcare', '100410', '2014-04-03', '12:00:00', '14:00:00', 20.50);

INSERT INTO AllowedConnections VALUES ('100411', '124480', '124485', 12448, null);

INSERT INTO Child VALUES ('124485', 'Child412', '412child', '2006-02-02', null, null, '../../Pictures/default.jpg', null);

INSERT INTO ChildcareTransaction VALUES ('1000000411', 'Regular Childcare', '100411', '2014-06-11', '12:00:00', '14:00:00', 20.50);

INSERT INTO Guardian VALUES ('124480', '1234', 'Guardian103', '103guardian', '555-555-5555', 'blah@blah.com', '123 nowhere', null, 'Spokane', 'WA', '99999', '../../Pictures/default.jpg', null);

INSERT INTO Family VALUES ('12448', 42);

INSERT INTO Guardian VALUES ('124481', '1234', 'Guardian2103', '1032guardian', '555-555-5555', 'blah@blah.com', '123 nowhere', null, 'Spokane', 'WA', '99999', '../../Pictures/default.jpg', null);

INSERT INTO AllowedConnections VALUES ('100412', '124490', '124492', 12449, null);

INSERT INTO Child VALUES ('124492', 'Child413', '413child', '2006-02-02', null, null, '../../Pictures/default.jpg', null);

INSERT INTO ChildcareTransaction VALUES ('1000000412', 'Regular Childcare', '100412', '2014-09-06', '12:00:00', '14:00:00', 20.50);

INSERT INTO AllowedConnections VALUES ('100413', '124490', '124493', 12449, null);

INSERT INTO Child VALUES ('124493', 'Child414', '414child', '2006-02-02', null, null, '../../Pictures/default.jpg', null);

INSERT INTO ChildcareTransaction VALUES ('1000000413', 'Regular Childcare', '100413', '2014-07-22', '12:00:00', '14:00:00', 20.50);

INSERT INTO AllowedConnections VALUES ('100414', '124490', '124494', 12449, null);

INSERT INTO Child VALUES ('124494', 'Child415', '415child', '2006-02-02', null, null, '../../Pictures/default.jpg', null);

INSERT INTO ChildcareTransaction VALUES ('1000000414', 'Regular Childcare', '100414', '2014-06-15', '12:00:00', '14:00:00', 20.50);

INSERT INTO AllowedConnections VALUES ('100415', '124490', '124495', 12449, null);

INSERT INTO Child VALUES ('124495', 'Child416', '416child', '2006-02-02', null, null, '../../Pictures/default.jpg', null);

INSERT INTO ChildcareTransaction VALUES ('1000000415', 'Regular Childcare', '100415', '2014-10-12', '12:00:00', '14:00:00', 20.50);

INSERT INTO Guardian VALUES ('124490', '1234', 'Guardian104', '104guardian', '555-555-5555', 'blah@blah.com', '123 nowhere', null, 'Spokane', 'WA', '99999', '../../Pictures/default.jpg', null);

INSERT INTO Family VALUES ('12449', 42);

INSERT INTO Guardian VALUES ('124491', '1234', 'Guardian2104', '1042guardian', '555-555-5555', 'blah@blah.com', '123 nowhere', null, 'Spokane', 'WA', '99999', '../../Pictures/default.jpg', null);

INSERT INTO AllowedConnections VALUES ('100416', '124500', '124502', 12450, null);

INSERT INTO Child VALUES ('124502', 'Child417', '417child', '2006-02-02', null, null, '../../Pictures/default.jpg', null);

INSERT INTO ChildcareTransaction VALUES ('1000000416', 'Regular Childcare', '100416', '2014-02-26', '12:00:00', '14:00:00', 20.50);

INSERT INTO AllowedConnections VALUES ('100417', '124500', '124503', 12450, null);

INSERT INTO Child VALUES ('124503', 'Child418', '418child', '2006-02-02', null, null, '../../Pictures/default.jpg', null);

INSERT INTO ChildcareTransaction VALUES ('1000000417', 'Regular Childcare', '100417', '2014-05-13', '12:00:00', '14:00:00', 20.50);

INSERT INTO AllowedConnections VALUES ('100418', '124500', '124504', 12450, null);

INSERT INTO Child VALUES ('124504', 'Child419', '419child', '2006-02-02', null, null, '../../Pictures/default.jpg', null);

INSERT INTO ChildcareTransaction VALUES ('1000000418', 'Regular Childcare', '100418', '2014-11-23', '12:00:00', '14:00:00', 20.50);

INSERT INTO AllowedConnections VALUES ('100419', '124500', '124505', 12450, null);

INSERT INTO Child VALUES ('124505', 'Child420', '420child', '2006-02-02', null, null, '../../Pictures/default.jpg', null);

INSERT INTO ChildcareTransaction VALUES ('1000000419', 'Regular Childcare', '100419', '2014-02-15', '12:00:00', '14:00:00', 20.50);

INSERT INTO Guardian VALUES ('124500', '1234', 'Guardian105', '105guardian', '555-555-5555', 'blah@blah.com', '123 nowhere', null, 'Spokane', 'WA', '99999', '../../Pictures/default.jpg', null);

INSERT INTO Family VALUES ('12450', 42);

INSERT INTO Guardian VALUES ('124501', '1234', 'Guardian2105', '1052guardian', '555-555-5555', 'blah@blah.com', '123 nowhere', null, 'Spokane', 'WA', '99999', '../../Pictures/default.jpg', null);

INSERT INTO AllowedConnections VALUES ('100420', '124510', '124512', 12451, null);

INSERT INTO Child VALUES ('124512', 'Child421', '421child', '2006-02-02', null, null, '../../Pictures/default.jpg', null);

INSERT INTO ChildcareTransaction VALUES ('1000000420', 'Regular Childcare', '100420', '2014-09-28', '12:00:00', '14:00:00', 20.50);

INSERT INTO AllowedConnections VALUES ('100421', '124510', '124513', 12451, null);

INSERT INTO Child VALUES ('124513', 'Child422', '422child', '2006-02-02', null, null, '../../Pictures/default.jpg', null);

INSERT INTO ChildcareTransaction VALUES ('1000000421', 'Regular Childcare', '100421', '2014-05-25', '12:00:00', '14:00:00', 20.50);

INSERT INTO AllowedConnections VALUES ('100422', '124510', '124514', 12451, null);

INSERT INTO Child VALUES ('124514', 'Child423', '423child', '2006-02-02', null, null, '../../Pictures/default.jpg', null);

INSERT INTO ChildcareTransaction VALUES ('1000000422', 'Regular Childcare', '100422', '2014-02-03', '12:00:00', '14:00:00', 20.50);

INSERT INTO AllowedConnections VALUES ('100423', '124510', '124515', 12451, null);

INSERT INTO Child VALUES ('124515', 'Child424', '424child', '2006-02-02', null, null, '../../Pictures/default.jpg', null);

INSERT INTO ChildcareTransaction VALUES ('1000000423', 'Regular Childcare', '100423', '2014-10-15', '12:00:00', '14:00:00', 20.50);

INSERT INTO Guardian VALUES ('124510', '1234', 'Guardian106', '106guardian', '555-555-5555', 'blah@blah.com', '123 nowhere', null, 'Spokane', 'WA', '99999', '../../Pictures/default.jpg', null);

INSERT INTO Family VALUES ('12451', 42);

INSERT INTO Guardian VALUES ('124511', '1234', 'Guardian2106', '1062guardian', '555-555-5555', 'blah@blah.com', '123 nowhere', null, 'Spokane', 'WA', '99999', '../../Pictures/default.jpg', null);

INSERT INTO AllowedConnections VALUES ('100424', '124520', '124522', 12452, null);

INSERT INTO Child VALUES ('124522', 'Child425', '425child', '2006-02-02', null, null, '../../Pictures/default.jpg', null);

INSERT INTO ChildcareTransaction VALUES ('1000000424', 'Regular Childcare', '100424', '2014-04-26', '12:00:00', '14:00:00', 20.50);

INSERT INTO AllowedConnections VALUES ('100425', '124520', '124523', 12452, null);

INSERT INTO Child VALUES ('124523', 'Child426', '426child', '2006-02-02', null, null, '../../Pictures/default.jpg', null);

INSERT INTO ChildcareTransaction VALUES ('1000000425', 'Regular Childcare', '100425', '2014-07-24', '12:00:00', '14:00:00', 20.50);

INSERT INTO AllowedConnections VALUES ('100426', '124520', '124524', 12452, null);

INSERT INTO Child VALUES ('124524', 'Child427', '427child', '2006-02-02', null, null, '../../Pictures/default.jpg', null);

INSERT INTO ChildcareTransaction VALUES ('1000000426', 'Regular Childcare', '100426', '2014-02-06', '12:00:00', '14:00:00', 20.50);

INSERT INTO AllowedConnections VALUES ('100427', '124520', '124525', 12452, null);

INSERT INTO Child VALUES ('124525', 'Child428', '428child', '2006-02-02', null, null, '../../Pictures/default.jpg', null);

INSERT INTO ChildcareTransaction VALUES ('1000000427', 'Regular Childcare', '100427', '2014-05-20', '12:00:00', '14:00:00', 20.50);

INSERT INTO Guardian VALUES ('124520', '1234', 'Guardian107', '107guardian', '555-555-5555', 'blah@blah.com', '123 nowhere', null, 'Spokane', 'WA', '99999', '../../Pictures/default.jpg', null);

INSERT INTO Family VALUES ('12452', 42);

INSERT INTO Guardian VALUES ('124521', '1234', 'Guardian2107', '1072guardian', '555-555-5555', 'blah@blah.com', '123 nowhere', null, 'Spokane', 'WA', '99999', '../../Pictures/default.jpg', null);

INSERT INTO AllowedConnections VALUES ('100428', '124530', '124532', 12453, null);

INSERT INTO Child VALUES ('124532', 'Child429', '429child', '2006-02-02', null, null, '../../Pictures/default.jpg', null);

INSERT INTO ChildcareTransaction VALUES ('1000000428', 'Regular Childcare', '100428', '2014-07-19', '12:00:00', '14:00:00', 20.50);

INSERT INTO AllowedConnections VALUES ('100429', '124530', '124533', 12453, null);

INSERT INTO Child VALUES ('124533', 'Child430', '430child', '2006-02-02', null, null, '../../Pictures/default.jpg', null);

INSERT INTO ChildcareTransaction VALUES ('1000000429', 'Regular Childcare', '100429', '2014-02-18', '12:00:00', '14:00:00', 20.50);

INSERT INTO AllowedConnections VALUES ('100430', '124530', '124534', 12453, null);

INSERT INTO Child VALUES ('124534', 'Child431', '431child', '2006-02-02', null, null, '../../Pictures/default.jpg', null);

INSERT INTO ChildcareTransaction VALUES ('1000000430', 'Regular Childcare', '100430', '2014-11-16', '12:00:00', '14:00:00', 20.50);

INSERT INTO AllowedConnections VALUES ('100431', '124530', '124535', 12453, null);

INSERT INTO Child VALUES ('124535', 'Child432', '432child', '2006-02-02', null, null, '../../Pictures/default.jpg', null);

INSERT INTO ChildcareTransaction VALUES ('1000000431', 'Regular Childcare', '100431', '2014-05-19', '12:00:00', '14:00:00', 20.50);

INSERT INTO Guardian VALUES ('124530', '1234', 'Guardian108', '108guardian', '555-555-5555', 'blah@blah.com', '123 nowhere', null, 'Spokane', 'WA', '99999', '../../Pictures/default.jpg', null);

INSERT INTO Family VALUES ('12453', 42);

INSERT INTO Guardian VALUES ('124531', '1234', 'Guardian2108', '1082guardian', '555-555-5555', 'blah@blah.com', '123 nowhere', null, 'Spokane', 'WA', '99999', '../../Pictures/default.jpg', null);

INSERT INTO AllowedConnections VALUES ('100432', '124540', '124542', 12454, null);

INSERT INTO Child VALUES ('124542', 'Child433', '433child', '2006-02-02', null, null, '../../Pictures/default.jpg', null);

INSERT INTO ChildcareTransaction VALUES ('1000000432', 'Regular Childcare', '100432', '2014-12-09', '12:00:00', '14:00:00', 20.50);

INSERT INTO AllowedConnections VALUES ('100433', '124540', '124543', 12454, null);

INSERT INTO Child VALUES ('124543', 'Child434', '434child', '2006-02-02', null, null, '../../Pictures/default.jpg', null);

INSERT INTO ChildcareTransaction VALUES ('1000000433', 'Regular Childcare', '100433', '2014-04-09', '12:00:00', '14:00:00', 20.50);

INSERT INTO AllowedConnections VALUES ('100434', '124540', '124544', 12454, null);

INSERT INTO Child VALUES ('124544', 'Child435', '435child', '2006-02-02', null, null, '../../Pictures/default.jpg', null);

INSERT INTO ChildcareTransaction VALUES ('1000000434', 'Regular Childcare', '100434', '2014-08-03', '12:00:00', '14:00:00', 20.50);

INSERT INTO AllowedConnections VALUES ('100435', '124540', '124545', 12454, null);

INSERT INTO Child VALUES ('124545', 'Child436', '436child', '2006-02-02', null, null, '../../Pictures/default.jpg', null);

INSERT INTO ChildcareTransaction VALUES ('1000000435', 'Regular Childcare', '100435', '2014-06-08', '12:00:00', '14:00:00', 20.50);

INSERT INTO Guardian VALUES ('124540', '1234', 'Guardian109', '109guardian', '555-555-5555', 'blah@blah.com', '123 nowhere', null, 'Spokane', 'WA', '99999', '../../Pictures/default.jpg', null);

INSERT INTO Family VALUES ('12454', 42);

INSERT INTO Guardian VALUES ('124541', '1234', 'Guardian2109', '1092guardian', '555-555-5555', 'blah@blah.com', '123 nowhere', null, 'Spokane', 'WA', '99999', '../../Pictures/default.jpg', null);

INSERT INTO AllowedConnections VALUES ('100436', '124550', '124552', 12455, null);

INSERT INTO Child VALUES ('124552', 'Child437', '437child', '2006-02-02', null, null, '../../Pictures/default.jpg', null);

INSERT INTO ChildcareTransaction VALUES ('1000000436', 'Regular Childcare', '100436', '2014-06-08', '12:00:00', '14:00:00', 20.50);

INSERT INTO AllowedConnections VALUES ('100437', '124550', '124553', 12455, null);

INSERT INTO Child VALUES ('124553', 'Child438', '438child', '2006-02-02', null, null, '../../Pictures/default.jpg', null);

INSERT INTO ChildcareTransaction VALUES ('1000000437', 'Regular Childcare', '100437', '2014-08-04', '12:00:00', '14:00:00', 20.50);

INSERT INTO AllowedConnections VALUES ('100438', '124550', '124554', 12455, null);

INSERT INTO Child VALUES ('124554', 'Child439', '439child', '2006-02-02', null, null, '../../Pictures/default.jpg', null);

INSERT INTO ChildcareTransaction VALUES ('1000000438', 'Regular Childcare', '100438', '2014-01-04', '12:00:00', '14:00:00', 20.50);

INSERT INTO AllowedConnections VALUES ('100439', '124550', '124555', 12455, null);

INSERT INTO Child VALUES ('124555', 'Child440', '440child', '2006-02-02', null, null, '../../Pictures/default.jpg', null);

INSERT INTO ChildcareTransaction VALUES ('1000000439', 'Regular Childcare', '100439', '2014-08-06', '12:00:00', '14:00:00', 20.50);

INSERT INTO Guardian VALUES ('124550', '1234', 'Guardian110', '110guardian', '555-555-5555', 'blah@blah.com', '123 nowhere', null, 'Spokane', 'WA', '99999', '../../Pictures/default.jpg', null);

INSERT INTO Family VALUES ('12455', 42);

INSERT INTO Guardian VALUES ('124551', '1234', 'Guardian2110', '1102guardian', '555-555-5555', 'blah@blah.com', '123 nowhere', null, 'Spokane', 'WA', '99999', '../../Pictures/default.jpg', null);

INSERT INTO AllowedConnections VALUES ('100440', '124560', '124562', 12456, null);

INSERT INTO Child VALUES ('124562', 'Child441', '441child', '2006-02-02', null, null, '../../Pictures/default.jpg', null);

INSERT INTO ChildcareTransaction VALUES ('1000000440', 'Regular Childcare', '100440', '2014-04-11', '12:00:00', '14:00:00', 20.50);

INSERT INTO AllowedConnections VALUES ('100441', '124560', '124563', 12456, null);

INSERT INTO Child VALUES ('124563', 'Child442', '442child', '2006-02-02', null, null, '../../Pictures/default.jpg', null);

INSERT INTO ChildcareTransaction VALUES ('1000000441', 'Regular Childcare', '100441', '2014-08-24', '12:00:00', '14:00:00', 20.50);

INSERT INTO AllowedConnections VALUES ('100442', '124560', '124564', 12456, null);

INSERT INTO Child VALUES ('124564', 'Child443', '443child', '2006-02-02', null, null, '../../Pictures/default.jpg', null);

INSERT INTO ChildcareTransaction VALUES ('1000000442', 'Regular Childcare', '100442', '2014-12-25', '12:00:00', '14:00:00', 20.50);

INSERT INTO AllowedConnections VALUES ('100443', '124560', '124565', 12456, null);

INSERT INTO Child VALUES ('124565', 'Child444', '444child', '2006-02-02', null, null, '../../Pictures/default.jpg', null);

INSERT INTO ChildcareTransaction VALUES ('1000000443', 'Regular Childcare', '100443', '2014-10-25', '12:00:00', '14:00:00', 20.50);

INSERT INTO Guardian VALUES ('124560', '1234', 'Guardian111', '111guardian', '555-555-5555', 'blah@blah.com', '123 nowhere', null, 'Spokane', 'WA', '99999', '../../Pictures/default.jpg', null);

INSERT INTO Family VALUES ('12456', 42);

INSERT INTO Guardian VALUES ('124561', '1234', 'Guardian2111', '1112guardian', '555-555-5555', 'blah@blah.com', '123 nowhere', null, 'Spokane', 'WA', '99999', '../../Pictures/default.jpg', null);

INSERT INTO AllowedConnections VALUES ('100444', '124570', '124572', 12457, null);

INSERT INTO Child VALUES ('124572', 'Child445', '445child', '2006-02-02', null, null, '../../Pictures/default.jpg', null);

INSERT INTO ChildcareTransaction VALUES ('1000000444', 'Regular Childcare', '100444', '2014-07-14', '12:00:00', '14:00:00', 20.50);

INSERT INTO AllowedConnections VALUES ('100445', '124570', '124573', 12457, null);

INSERT INTO Child VALUES ('124573', 'Child446', '446child', '2006-02-02', null, null, '../../Pictures/default.jpg', null);

INSERT INTO ChildcareTransaction VALUES ('1000000445', 'Regular Childcare', '100445', '2014-03-24', '12:00:00', '14:00:00', 20.50);

INSERT INTO AllowedConnections VALUES ('100446', '124570', '124574', 12457, null);

INSERT INTO Child VALUES ('124574', 'Child447', '447child', '2006-02-02', null, null, '../../Pictures/default.jpg', null);

INSERT INTO ChildcareTransaction VALUES ('1000000446', 'Regular Childcare', '100446', '2014-01-04', '12:00:00', '14:00:00', 20.50);

INSERT INTO AllowedConnections VALUES ('100447', '124570', '124575', 12457, null);

INSERT INTO Child VALUES ('124575', 'Child448', '448child', '2006-02-02', null, null, '../../Pictures/default.jpg', null);

INSERT INTO ChildcareTransaction VALUES ('1000000447', 'Regular Childcare', '100447', '2014-08-16', '12:00:00', '14:00:00', 20.50);

INSERT INTO Guardian VALUES ('124570', '1234', 'Guardian112', '112guardian', '555-555-5555', 'blah@blah.com', '123 nowhere', null, 'Spokane', 'WA', '99999', '../../Pictures/default.jpg', null);

INSERT INTO Family VALUES ('12457', 42);

INSERT INTO Guardian VALUES ('124571', '1234', 'Guardian2112', '1122guardian', '555-555-5555', 'blah@blah.com', '123 nowhere', null, 'Spokane', 'WA', '99999', '../../Pictures/default.jpg', null);

INSERT INTO AllowedConnections VALUES ('100448', '124580', '124582', 12458, null);

INSERT INTO Child VALUES ('124582', 'Child449', '449child', '2006-02-02', null, null, '../../Pictures/default.jpg', null);

INSERT INTO ChildcareTransaction VALUES ('1000000448', 'Regular Childcare', '100448', '2014-06-03', '12:00:00', '14:00:00', 20.50);

INSERT INTO AllowedConnections VALUES ('100449', '124580', '124583', 12458, null);

INSERT INTO Child VALUES ('124583', 'Child450', '450child', '2006-02-02', null, null, '../../Pictures/default.jpg', null);

INSERT INTO ChildcareTransaction VALUES ('1000000449', 'Regular Childcare', '100449', '2014-12-05', '12:00:00', '14:00:00', 20.50);

INSERT INTO AllowedConnections VALUES ('100450', '124580', '124584', 12458, null);

INSERT INTO Child VALUES ('124584', 'Child451', '451child', '2006-02-02', null, null, '../../Pictures/default.jpg', null);

INSERT INTO ChildcareTransaction VALUES ('1000000450', 'Regular Childcare', '100450', '2014-10-06', '12:00:00', '14:00:00', 20.50);

INSERT INTO AllowedConnections VALUES ('100451', '124580', '124585', 12458, null);

INSERT INTO Child VALUES ('124585', 'Child452', '452child', '2006-02-02', null, null, '../../Pictures/default.jpg', null);

INSERT INTO ChildcareTransaction VALUES ('1000000451', 'Regular Childcare', '100451', '2014-03-13', '12:00:00', '14:00:00', 20.50);

INSERT INTO Guardian VALUES ('124580', '1234', 'Guardian113', '113guardian', '555-555-5555', 'blah@blah.com', '123 nowhere', null, 'Spokane', 'WA', '99999', '../../Pictures/default.jpg', null);

INSERT INTO Family VALUES ('12458', 42);

INSERT INTO Guardian VALUES ('124581', '1234', 'Guardian2113', '1132guardian', '555-555-5555', 'blah@blah.com', '123 nowhere', null, 'Spokane', 'WA', '99999', '../../Pictures/default.jpg', null);

INSERT INTO AllowedConnections VALUES ('100452', '124590', '124592', 12459, null);

INSERT INTO Child VALUES ('124592', 'Child453', '453child', '2006-02-02', null, null, '../../Pictures/default.jpg', null);

INSERT INTO ChildcareTransaction VALUES ('1000000452', 'Regular Childcare', '100452', '2014-12-18', '12:00:00', '14:00:00', 20.50);

INSERT INTO AllowedConnections VALUES ('100453', '124590', '124593', 12459, null);

INSERT INTO Child VALUES ('124593', 'Child454', '454child', '2006-02-02', null, null, '../../Pictures/default.jpg', null);

INSERT INTO ChildcareTransaction VALUES ('1000000453', 'Regular Childcare', '100453', '2014-03-05', '12:00:00', '14:00:00', 20.50);

INSERT INTO AllowedConnections VALUES ('100454', '124590', '124594', 12459, null);

INSERT INTO Child VALUES ('124594', 'Child455', '455child', '2006-02-02', null, null, '../../Pictures/default.jpg', null);

INSERT INTO ChildcareTransaction VALUES ('1000000454', 'Regular Childcare', '100454', '2014-09-25', '12:00:00', '14:00:00', 20.50);

INSERT INTO AllowedConnections VALUES ('100455', '124590', '124595', 12459, null);

INSERT INTO Child VALUES ('124595', 'Child456', '456child', '2006-02-02', null, null, '../../Pictures/default.jpg', null);

INSERT INTO ChildcareTransaction VALUES ('1000000455', 'Regular Childcare', '100455', '2014-07-10', '12:00:00', '14:00:00', 20.50);

INSERT INTO Guardian VALUES ('124590', '1234', 'Guardian114', '114guardian', '555-555-5555', 'blah@blah.com', '123 nowhere', null, 'Spokane', 'WA', '99999', '../../Pictures/default.jpg', null);

INSERT INTO Family VALUES ('12459', 42);

INSERT INTO Guardian VALUES ('124591', '1234', 'Guardian2114', '1142guardian', '555-555-5555', 'blah@blah.com', '123 nowhere', null, 'Spokane', 'WA', '99999', '../../Pictures/default.jpg', null);

INSERT INTO AllowedConnections VALUES ('100456', '124600', '124602', 12460, null);

INSERT INTO Child VALUES ('124602', 'Child457', '457child', '2006-02-02', null, null, '../../Pictures/default.jpg', null);

INSERT INTO ChildcareTransaction VALUES ('1000000456', 'Regular Childcare', '100456', '2014-03-01', '12:00:00', '14:00:00', 20.50);

INSERT INTO AllowedConnections VALUES ('100457', '124600', '124603', 12460, null);

INSERT INTO Child VALUES ('124603', 'Child458', '458child', '2006-02-02', null, null, '../../Pictures/default.jpg', null);

INSERT INTO ChildcareTransaction VALUES ('1000000457', 'Regular Childcare', '100457', '2014-04-18', '12:00:00', '14:00:00', 20.50);

INSERT INTO AllowedConnections VALUES ('100458', '124600', '124604', 12460, null);

INSERT INTO Child VALUES ('124604', 'Child459', '459child', '2006-02-02', null, null, '../../Pictures/default.jpg', null);

INSERT INTO ChildcareTransaction VALUES ('1000000458', 'Regular Childcare', '100458', '2014-06-24', '12:00:00', '14:00:00', 20.50);

INSERT INTO AllowedConnections VALUES ('100459', '124600', '124605', 12460, null);

INSERT INTO Child VALUES ('124605', 'Child460', '460child', '2006-02-02', null, null, '../../Pictures/default.jpg', null);

INSERT INTO ChildcareTransaction VALUES ('1000000459', 'Regular Childcare', '100459', '2014-03-09', '12:00:00', '14:00:00', 20.50);

INSERT INTO Guardian VALUES ('124600', '1234', 'Guardian115', '115guardian', '555-555-5555', 'blah@blah.com', '123 nowhere', null, 'Spokane', 'WA', '99999', '../../Pictures/default.jpg', null);

INSERT INTO Family VALUES ('12460', 42);

INSERT INTO Guardian VALUES ('124601', '1234', 'Guardian2115', '1152guardian', '555-555-5555', 'blah@blah.com', '123 nowhere', null, 'Spokane', 'WA', '99999', '../../Pictures/default.jpg', null);

INSERT INTO AllowedConnections VALUES ('100460', '124610', '124612', 12461, null);

INSERT INTO Child VALUES ('124612', 'Child461', '461child', '2006-02-02', null, null, '../../Pictures/default.jpg', null);

INSERT INTO ChildcareTransaction VALUES ('1000000460', 'Regular Childcare', '100460', '2014-01-14', '12:00:00', '14:00:00', 20.50);

INSERT INTO AllowedConnections VALUES ('100461', '124610', '124613', 12461, null);

INSERT INTO Child VALUES ('124613', 'Child462', '462child', '2006-02-02', null, null, '../../Pictures/default.jpg', null);

INSERT INTO ChildcareTransaction VALUES ('1000000461', 'Regular Childcare', '100461', '2014-12-06', '12:00:00', '14:00:00', 20.50);

INSERT INTO AllowedConnections VALUES ('100462', '124610', '124614', 12461, null);

INSERT INTO Child VALUES ('124614', 'Child463', '463child', '2006-02-02', null, null, '../../Pictures/default.jpg', null);

INSERT INTO ChildcareTransaction VALUES ('1000000462', 'Regular Childcare', '100462', '2014-12-26', '12:00:00', '14:00:00', 20.50);

INSERT INTO AllowedConnections VALUES ('100463', '124610', '124615', 12461, null);

INSERT INTO Child VALUES ('124615', 'Child464', '464child', '2006-02-02', null, null, '../../Pictures/default.jpg', null);

INSERT INTO ChildcareTransaction VALUES ('1000000463', 'Regular Childcare', '100463', '2014-06-25', '12:00:00', '14:00:00', 20.50);

INSERT INTO Guardian VALUES ('124610', '1234', 'Guardian116', '116guardian', '555-555-5555', 'blah@blah.com', '123 nowhere', null, 'Spokane', 'WA', '99999', '../../Pictures/default.jpg', null);

INSERT INTO Family VALUES ('12461', 42);

INSERT INTO Guardian VALUES ('124611', '1234', 'Guardian2116', '1162guardian', '555-555-5555', 'blah@blah.com', '123 nowhere', null, 'Spokane', 'WA', '99999', '../../Pictures/default.jpg', null);

INSERT INTO AllowedConnections VALUES ('100464', '124620', '124622', 12462, null);

INSERT INTO Child VALUES ('124622', 'Child465', '465child', '2006-02-02', null, null, '../../Pictures/default.jpg', null);

INSERT INTO ChildcareTransaction VALUES ('1000000464', 'Regular Childcare', '100464', '2014-01-28', '12:00:00', '14:00:00', 20.50);

INSERT INTO AllowedConnections VALUES ('100465', '124620', '124623', 12462, null);

INSERT INTO Child VALUES ('124623', 'Child466', '466child', '2006-02-02', null, null, '../../Pictures/default.jpg', null);

INSERT INTO ChildcareTransaction VALUES ('1000000465', 'Regular Childcare', '100465', '2014-03-08', '12:00:00', '14:00:00', 20.50);

INSERT INTO AllowedConnections VALUES ('100466', '124620', '124624', 12462, null);

INSERT INTO Child VALUES ('124624', 'Child467', '467child', '2006-02-02', null, null, '../../Pictures/default.jpg', null);

INSERT INTO ChildcareTransaction VALUES ('1000000466', 'Regular Childcare', '100466', '2014-12-17', '12:00:00', '14:00:00', 20.50);

INSERT INTO AllowedConnections VALUES ('100467', '124620', '124625', 12462, null);

INSERT INTO Child VALUES ('124625', 'Child468', '468child', '2006-02-02', null, null, '../../Pictures/default.jpg', null);

INSERT INTO ChildcareTransaction VALUES ('1000000467', 'Regular Childcare', '100467', '2014-05-03', '12:00:00', '14:00:00', 20.50);

INSERT INTO Guardian VALUES ('124620', '1234', 'Guardian117', '117guardian', '555-555-5555', 'blah@blah.com', '123 nowhere', null, 'Spokane', 'WA', '99999', '../../Pictures/default.jpg', null);

INSERT INTO Family VALUES ('12462', 42);

INSERT INTO Guardian VALUES ('124621', '1234', 'Guardian2117', '1172guardian', '555-555-5555', 'blah@blah.com', '123 nowhere', null, 'Spokane', 'WA', '99999', '../../Pictures/default.jpg', null);

INSERT INTO AllowedConnections VALUES ('100468', '124630', '124632', 12463, null);

INSERT INTO Child VALUES ('124632', 'Child469', '469child', '2006-02-02', null, null, '../../Pictures/default.jpg', null);

INSERT INTO ChildcareTransaction VALUES ('1000000468', 'Regular Childcare', '100468', '2014-03-06', '12:00:00', '14:00:00', 20.50);

INSERT INTO AllowedConnections VALUES ('100469', '124630', '124633', 12463, null);

INSERT INTO Child VALUES ('124633', 'Child470', '470child', '2006-02-02', null, null, '../../Pictures/default.jpg', null);

INSERT INTO ChildcareTransaction VALUES ('1000000469', 'Regular Childcare', '100469', '2014-07-25', '12:00:00', '14:00:00', 20.50);

INSERT INTO AllowedConnections VALUES ('100470', '124630', '124634', 12463, null);

INSERT INTO Child VALUES ('124634', 'Child471', '471child', '2006-02-02', null, null, '../../Pictures/default.jpg', null);

INSERT INTO ChildcareTransaction VALUES ('1000000470', 'Regular Childcare', '100470', '2014-01-18', '12:00:00', '14:00:00', 20.50);

INSERT INTO AllowedConnections VALUES ('100471', '124630', '124635', 12463, null);

INSERT INTO Child VALUES ('124635', 'Child472', '472child', '2006-02-02', null, null, '../../Pictures/default.jpg', null);

INSERT INTO ChildcareTransaction VALUES ('1000000471', 'Regular Childcare', '100471', '2014-12-16', '12:00:00', '14:00:00', 20.50);

INSERT INTO Guardian VALUES ('124630', '1234', 'Guardian118', '118guardian', '555-555-5555', 'blah@blah.com', '123 nowhere', null, 'Spokane', 'WA', '99999', '../../Pictures/default.jpg', null);

INSERT INTO Family VALUES ('12463', 42);

INSERT INTO Guardian VALUES ('124631', '1234', 'Guardian2118', '1182guardian', '555-555-5555', 'blah@blah.com', '123 nowhere', null, 'Spokane', 'WA', '99999', '../../Pictures/default.jpg', null);

INSERT INTO AllowedConnections VALUES ('100472', '124640', '124642', 12464, null);

INSERT INTO Child VALUES ('124642', 'Child473', '473child', '2006-02-02', null, null, '../../Pictures/default.jpg', null);

INSERT INTO ChildcareTransaction VALUES ('1000000472', 'Regular Childcare', '100472', '2014-07-24', '12:00:00', '14:00:00', 20.50);

INSERT INTO AllowedConnections VALUES ('100473', '124640', '124643', 12464, null);

INSERT INTO Child VALUES ('124643', 'Child474', '474child', '2006-02-02', null, null, '../../Pictures/default.jpg', null);

INSERT INTO ChildcareTransaction VALUES ('1000000473', 'Regular Childcare', '100473', '2014-07-01', '12:00:00', '14:00:00', 20.50);

INSERT INTO AllowedConnections VALUES ('100474', '124640', '124644', 12464, null);

INSERT INTO Child VALUES ('124644', 'Child475', '475child', '2006-02-02', null, null, '../../Pictures/default.jpg', null);

INSERT INTO ChildcareTransaction VALUES ('1000000474', 'Regular Childcare', '100474', '2014-10-24', '12:00:00', '14:00:00', 20.50);

INSERT INTO AllowedConnections VALUES ('100475', '124640', '124645', 12464, null);

INSERT INTO Child VALUES ('124645', 'Child476', '476child', '2006-02-02', null, null, '../../Pictures/default.jpg', null);

INSERT INTO ChildcareTransaction VALUES ('1000000475', 'Regular Childcare', '100475', '2014-02-19', '12:00:00', '14:00:00', 20.50);

INSERT INTO Guardian VALUES ('124640', '1234', 'Guardian119', '119guardian', '555-555-5555', 'blah@blah.com', '123 nowhere', null, 'Spokane', 'WA', '99999', '../../Pictures/default.jpg', null);

INSERT INTO Family VALUES ('12464', 42);

INSERT INTO Guardian VALUES ('124641', '1234', 'Guardian2119', '1192guardian', '555-555-5555', 'blah@blah.com', '123 nowhere', null, 'Spokane', 'WA', '99999', '../../Pictures/default.jpg', null);

INSERT INTO AllowedConnections VALUES ('100476', '124650', '124652', 12465, null);

INSERT INTO Child VALUES ('124652', 'Child477', '477child', '2006-02-02', null, null, '../../Pictures/default.jpg', null);

INSERT INTO ChildcareTransaction VALUES ('1000000476', 'Regular Childcare', '100476', '2014-10-02', '12:00:00', '14:00:00', 20.50);

INSERT INTO AllowedConnections VALUES ('100477', '124650', '124653', 12465, null);

INSERT INTO Child VALUES ('124653', 'Child478', '478child', '2006-02-02', null, null, '../../Pictures/default.jpg', null);

INSERT INTO ChildcareTransaction VALUES ('1000000477', 'Regular Childcare', '100477', '2014-01-01', '12:00:00', '14:00:00', 20.50);

INSERT INTO AllowedConnections VALUES ('100478', '124650', '124654', 12465, null);

INSERT INTO Child VALUES ('124654', 'Child479', '479child', '2006-02-02', null, null, '../../Pictures/default.jpg', null);

INSERT INTO ChildcareTransaction VALUES ('1000000478', 'Regular Childcare', '100478', '2014-09-23', '12:00:00', '14:00:00', 20.50);

INSERT INTO AllowedConnections VALUES ('100479', '124650', '124655', 12465, null);

INSERT INTO Child VALUES ('124655', 'Child480', '480child', '2006-02-02', null, null, '../../Pictures/default.jpg', null);

INSERT INTO ChildcareTransaction VALUES ('1000000479', 'Regular Childcare', '100479', '2014-12-20', '12:00:00', '14:00:00', 20.50);

INSERT INTO Guardian VALUES ('124650', '1234', 'Guardian120', '120guardian', '555-555-5555', 'blah@blah.com', '123 nowhere', null, 'Spokane', 'WA', '99999', '../../Pictures/default.jpg', null);

INSERT INTO Family VALUES ('12465', 42);

INSERT INTO Guardian VALUES ('124651', '1234', 'Guardian2120', '1202guardian', '555-555-5555', 'blah@blah.com', '123 nowhere', null, 'Spokane', 'WA', '99999', '../../Pictures/default.jpg', null);

INSERT INTO AllowedConnections VALUES ('100480', '124660', '124662', 12466, null);

INSERT INTO Child VALUES ('124662', 'Child481', '481child', '2006-02-02', null, null, '../../Pictures/default.jpg', null);

INSERT INTO ChildcareTransaction VALUES ('1000000480', 'Regular Childcare', '100480', '2014-07-11', '12:00:00', '14:00:00', 20.50);

INSERT INTO AllowedConnections VALUES ('100481', '124660', '124663', 12466, null);

INSERT INTO Child VALUES ('124663', 'Child482', '482child', '2006-02-02', null, null, '../../Pictures/default.jpg', null);

INSERT INTO ChildcareTransaction VALUES ('1000000481', 'Regular Childcare', '100481', '2014-02-02', '12:00:00', '14:00:00', 20.50);

INSERT INTO AllowedConnections VALUES ('100482', '124660', '124664', 12466, null);

INSERT INTO Child VALUES ('124664', 'Child483', '483child', '2006-02-02', null, null, '../../Pictures/default.jpg', null);

INSERT INTO ChildcareTransaction VALUES ('1000000482', 'Regular Childcare', '100482', '2014-07-25', '12:00:00', '14:00:00', 20.50);

INSERT INTO AllowedConnections VALUES ('100483', '124660', '124665', 12466, null);

INSERT INTO Child VALUES ('124665', 'Child484', '484child', '2006-02-02', null, null, '../../Pictures/default.jpg', null);

INSERT INTO ChildcareTransaction VALUES ('1000000483', 'Regular Childcare', '100483', '2014-03-22', '12:00:00', '14:00:00', 20.50);

INSERT INTO Guardian VALUES ('124660', '1234', 'Guardian121', '121guardian', '555-555-5555', 'blah@blah.com', '123 nowhere', null, 'Spokane', 'WA', '99999', '../../Pictures/default.jpg', null);

INSERT INTO Family VALUES ('12466', 42);

INSERT INTO Guardian VALUES ('124661', '1234', 'Guardian2121', '1212guardian', '555-555-5555', 'blah@blah.com', '123 nowhere', null, 'Spokane', 'WA', '99999', '../../Pictures/default.jpg', null);

INSERT INTO AllowedConnections VALUES ('100484', '124670', '124672', 12467, null);

INSERT INTO Child VALUES ('124672', 'Child485', '485child', '2006-02-02', null, null, '../../Pictures/default.jpg', null);

INSERT INTO ChildcareTransaction VALUES ('1000000484', 'Regular Childcare', '100484', '2014-06-09', '12:00:00', '14:00:00', 20.50);

INSERT INTO AllowedConnections VALUES ('100485', '124670', '124673', 12467, null);

INSERT INTO Child VALUES ('124673', 'Child486', '486child', '2006-02-02', null, null, '../../Pictures/default.jpg', null);

INSERT INTO ChildcareTransaction VALUES ('1000000485', 'Regular Childcare', '100485', '2014-08-18', '12:00:00', '14:00:00', 20.50);

INSERT INTO AllowedConnections VALUES ('100486', '124670', '124674', 12467, null);

INSERT INTO Child VALUES ('124674', 'Child487', '487child', '2006-02-02', null, null, '../../Pictures/default.jpg', null);

INSERT INTO ChildcareTransaction VALUES ('1000000486', 'Regular Childcare', '100486', '2014-08-11', '12:00:00', '14:00:00', 20.50);

INSERT INTO AllowedConnections VALUES ('100487', '124670', '124675', 12467, null);

INSERT INTO Child VALUES ('124675', 'Child488', '488child', '2006-02-02', null, null, '../../Pictures/default.jpg', null);

INSERT INTO ChildcareTransaction VALUES ('1000000487', 'Regular Childcare', '100487', '2014-06-27', '12:00:00', '14:00:00', 20.50);

INSERT INTO Guardian VALUES ('124670', '1234', 'Guardian122', '122guardian', '555-555-5555', 'blah@blah.com', '123 nowhere', null, 'Spokane', 'WA', '99999', '../../Pictures/default.jpg', null);

INSERT INTO Family VALUES ('12467', 42);

INSERT INTO Guardian VALUES ('124671', '1234', 'Guardian2122', '1222guardian', '555-555-5555', 'blah@blah.com', '123 nowhere', null, 'Spokane', 'WA', '99999', '../../Pictures/default.jpg', null);

INSERT INTO AllowedConnections VALUES ('100488', '124680', '124682', 12468, null);

INSERT INTO Child VALUES ('124682', 'Child489', '489child', '2006-02-02', null, null, '../../Pictures/default.jpg', null);

INSERT INTO ChildcareTransaction VALUES ('1000000488', 'Regular Childcare', '100488', '2014-08-14', '12:00:00', '14:00:00', 20.50);

INSERT INTO AllowedConnections VALUES ('100489', '124680', '124683', 12468, null);

INSERT INTO Child VALUES ('124683', 'Child490', '490child', '2006-02-02', null, null, '../../Pictures/default.jpg', null);

INSERT INTO ChildcareTransaction VALUES ('1000000489', 'Regular Childcare', '100489', '2014-11-08', '12:00:00', '14:00:00', 20.50);

INSERT INTO AllowedConnections VALUES ('100490', '124680', '124684', 12468, null);

INSERT INTO Child VALUES ('124684', 'Child491', '491child', '2006-02-02', null, null, '../../Pictures/default.jpg', null);

INSERT INTO ChildcareTransaction VALUES ('1000000490', 'Regular Childcare', '100490', '2014-08-05', '12:00:00', '14:00:00', 20.50);

INSERT INTO AllowedConnections VALUES ('100491', '124680', '124685', 12468, null);

INSERT INTO Child VALUES ('124685', 'Child492', '492child', '2006-02-02', null, null, '../../Pictures/default.jpg', null);

INSERT INTO ChildcareTransaction VALUES ('1000000491', 'Regular Childcare', '100491', '2014-09-19', '12:00:00', '14:00:00', 20.50);

INSERT INTO Guardian VALUES ('124680', '1234', 'Guardian123', '123guardian', '555-555-5555', 'blah@blah.com', '123 nowhere', null, 'Spokane', 'WA', '99999', '../../Pictures/default.jpg', null);

INSERT INTO Family VALUES ('12468', 42);

INSERT INTO Guardian VALUES ('124681', '1234', 'Guardian2123', '1232guardian', '555-555-5555', 'blah@blah.com', '123 nowhere', null, 'Spokane', 'WA', '99999', '../../Pictures/default.jpg', null);

INSERT INTO AllowedConnections VALUES ('100492', '124690', '124692', 12469, null);

INSERT INTO Child VALUES ('124692', 'Child493', '493child', '2006-02-02', null, null, '../../Pictures/default.jpg', null);

INSERT INTO ChildcareTransaction VALUES ('1000000492', 'Regular Childcare', '100492', '2014-08-02', '12:00:00', '14:00:00', 20.50);

INSERT INTO AllowedConnections VALUES ('100493', '124690', '124693', 12469, null);

INSERT INTO Child VALUES ('124693', 'Child494', '494child', '2006-02-02', null, null, '../../Pictures/default.jpg', null);

INSERT INTO ChildcareTransaction VALUES ('1000000493', 'Regular Childcare', '100493', '2014-02-06', '12:00:00', '14:00:00', 20.50);

INSERT INTO AllowedConnections VALUES ('100494', '124690', '124694', 12469, null);

INSERT INTO Child VALUES ('124694', 'Child495', '495child', '2006-02-02', null, null, '../../Pictures/default.jpg', null);

INSERT INTO ChildcareTransaction VALUES ('1000000494', 'Regular Childcare', '100494', '2014-02-07', '12:00:00', '14:00:00', 20.50);

INSERT INTO AllowedConnections VALUES ('100495', '124690', '124695', 12469, null);

INSERT INTO Child VALUES ('124695', 'Child496', '496child', '2006-02-02', null, null, '../../Pictures/default.jpg', null);

INSERT INTO ChildcareTransaction VALUES ('1000000495', 'Regular Childcare', '100495', '2014-06-24', '12:00:00', '14:00:00', 20.50);

INSERT INTO Guardian VALUES ('124690', '1234', 'Guardian124', '124guardian', '555-555-5555', 'blah@blah.com', '123 nowhere', null, 'Spokane', 'WA', '99999', '../../Pictures/default.jpg', null);

INSERT INTO Family VALUES ('12469', 42);

INSERT INTO Guardian VALUES ('124691', '1234', 'Guardian2124', '1242guardian', '555-555-5555', 'blah@blah.com', '123 nowhere', null, 'Spokane', 'WA', '99999', '../../Pictures/default.jpg', null);

INSERT INTO AllowedConnections VALUES ('100496', '124700', '124702', 12470, null);

INSERT INTO Child VALUES ('124702', 'Child497', '497child', '2006-02-02', null, null, '../../Pictures/default.jpg', null);

INSERT INTO ChildcareTransaction VALUES ('1000000496', 'Regular Childcare', '100496', '2014-04-20', '12:00:00', '14:00:00', 20.50);

INSERT INTO AllowedConnections VALUES ('100497', '124700', '124703', 12470, null);

INSERT INTO Child VALUES ('124703', 'Child498', '498child', '2006-02-02', null, null, '../../Pictures/default.jpg', null);

INSERT INTO ChildcareTransaction VALUES ('1000000497', 'Regular Childcare', '100497', '2014-05-10', '12:00:00', '14:00:00', 20.50);

INSERT INTO AllowedConnections VALUES ('100498', '124700', '124704', 12470, null);

INSERT INTO Child VALUES ('124704', 'Child499', '499child', '2006-02-02', null, null, '../../Pictures/default.jpg', null);

INSERT INTO ChildcareTransaction VALUES ('1000000498', 'Regular Childcare', '100498', '2014-07-02', '12:00:00', '14:00:00', 20.50);

INSERT INTO AllowedConnections VALUES ('100499', '124700', '124705', 12470, null);

INSERT INTO Child VALUES ('124705', 'Child500', '500child', '2006-02-02', null, null, '../../Pictures/default.jpg', null);

INSERT INTO ChildcareTransaction VALUES ('1000000499', 'Regular Childcare', '100499', '2014-10-16', '12:00:00', '14:00:00', 20.50);

INSERT INTO Guardian VALUES ('124700', '1234', 'Guardian125', '125guardian', '555-555-5555', 'blah@blah.com', '123 nowhere', null, 'Spokane', 'WA', '99999', '../../Pictures/default.jpg', null);

INSERT INTO Family VALUES ('12470', 42);

INSERT INTO Guardian VALUES ('124701', '1234', 'Guardian2125', '1252guardian', '555-555-5555', 'blah@blah.com', '123 nowhere', null, 'Spokane', 'WA', '99999', '../../Pictures/default.jpg', null);

INSERT INTO AllowedConnections VALUES ('100500', '124710', '124712', 12471, null);

INSERT INTO Child VALUES ('124712', 'Child501', '501child', '2006-02-02', null, null, '../../Pictures/default.jpg', null);

INSERT INTO ChildcareTransaction VALUES ('1000000500', 'Regular Childcare', '100500', '2014-10-27', '12:00:00', '14:00:00', 20.50);

INSERT INTO AllowedConnections VALUES ('100501', '124710', '124713', 12471, null);

INSERT INTO Child VALUES ('124713', 'Child502', '502child', '2006-02-02', null, null, '../../Pictures/default.jpg', null);

INSERT INTO ChildcareTransaction VALUES ('1000000501', 'Regular Childcare', '100501', '2014-03-20', '12:00:00', '14:00:00', 20.50);

INSERT INTO AllowedConnections VALUES ('100502', '124710', '124714', 12471, null);

INSERT INTO Child VALUES ('124714', 'Child503', '503child', '2006-02-02', null, null, '../../Pictures/default.jpg', null);

INSERT INTO ChildcareTransaction VALUES ('1000000502', 'Regular Childcare', '100502', '2014-10-15', '12:00:00', '14:00:00', 20.50);

INSERT INTO AllowedConnections VALUES ('100503', '124710', '124715', 12471, null);

INSERT INTO Child VALUES ('124715', 'Child504', '504child', '2006-02-02', null, null, '../../Pictures/default.jpg', null);

INSERT INTO ChildcareTransaction VALUES ('1000000503', 'Regular Childcare', '100503', '2014-03-11', '12:00:00', '14:00:00', 20.50);

INSERT INTO Guardian VALUES ('124710', '1234', 'Guardian126', '126guardian', '555-555-5555', 'blah@blah.com', '123 nowhere', null, 'Spokane', 'WA', '99999', '../../Pictures/default.jpg', null);

INSERT INTO Family VALUES ('12471', 42);

INSERT INTO Guardian VALUES ('124711', '1234', 'Guardian2126', '1262guardian', '555-555-5555', 'blah@blah.com', '123 nowhere', null, 'Spokane', 'WA', '99999', '../../Pictures/default.jpg', null);

INSERT INTO AllowedConnections VALUES ('100504', '124720', '124722', 12472, null);

INSERT INTO Child VALUES ('124722', 'Child505', '505child', '2006-02-02', null, null, '../../Pictures/default.jpg', null);

INSERT INTO ChildcareTransaction VALUES ('1000000504', 'Regular Childcare', '100504', '2014-04-21', '12:00:00', '14:00:00', 20.50);

INSERT INTO AllowedConnections VALUES ('100505', '124720', '124723', 12472, null);

INSERT INTO Child VALUES ('124723', 'Child506', '506child', '2006-02-02', null, null, '../../Pictures/default.jpg', null);

INSERT INTO ChildcareTransaction VALUES ('1000000505', 'Regular Childcare', '100505', '2014-04-07', '12:00:00', '14:00:00', 20.50);

INSERT INTO AllowedConnections VALUES ('100506', '124720', '124724', 12472, null);

INSERT INTO Child VALUES ('124724', 'Child507', '507child', '2006-02-02', null, null, '../../Pictures/default.jpg', null);

INSERT INTO ChildcareTransaction VALUES ('1000000506', 'Regular Childcare', '100506', '2014-10-27', '12:00:00', '14:00:00', 20.50);

INSERT INTO AllowedConnections VALUES ('100507', '124720', '124725', 12472, null);

INSERT INTO Child VALUES ('124725', 'Child508', '508child', '2006-02-02', null, null, '../../Pictures/default.jpg', null);

INSERT INTO ChildcareTransaction VALUES ('1000000507', 'Regular Childcare', '100507', '2014-05-10', '12:00:00', '14:00:00', 20.50);

INSERT INTO Guardian VALUES ('124720', '1234', 'Guardian127', '127guardian', '555-555-5555', 'blah@blah.com', '123 nowhere', null, 'Spokane', 'WA', '99999', '../../Pictures/default.jpg', null);

INSERT INTO Family VALUES ('12472', 42);

INSERT INTO Guardian VALUES ('124721', '1234', 'Guardian2127', '1272guardian', '555-555-5555', 'blah@blah.com', '123 nowhere', null, 'Spokane', 'WA', '99999', '../../Pictures/default.jpg', null);

INSERT INTO AllowedConnections VALUES ('100508', '124730', '124732', 12473, null);

INSERT INTO Child VALUES ('124732', 'Child509', '509child', '2006-02-02', null, null, '../../Pictures/default.jpg', null);

INSERT INTO ChildcareTransaction VALUES ('1000000508', 'Regular Childcare', '100508', '2014-05-27', '12:00:00', '14:00:00', 20.50);

INSERT INTO AllowedConnections VALUES ('100509', '124730', '124733', 12473, null);

INSERT INTO Child VALUES ('124733', 'Child510', '510child', '2006-02-02', null, null, '../../Pictures/default.jpg', null);

INSERT INTO ChildcareTransaction VALUES ('1000000509', 'Regular Childcare', '100509', '2014-12-22', '12:00:00', '14:00:00', 20.50);

INSERT INTO AllowedConnections VALUES ('100510', '124730', '124734', 12473, null);

INSERT INTO Child VALUES ('124734', 'Child511', '511child', '2006-02-02', null, null, '../../Pictures/default.jpg', null);

INSERT INTO ChildcareTransaction VALUES ('1000000510', 'Regular Childcare', '100510', '2014-01-21', '12:00:00', '14:00:00', 20.50);

INSERT INTO AllowedConnections VALUES ('100511', '124730', '124735', 12473, null);

INSERT INTO Child VALUES ('124735', 'Child512', '512child', '2006-02-02', null, null, '../../Pictures/default.jpg', null);

INSERT INTO ChildcareTransaction VALUES ('1000000511', 'Regular Childcare', '100511', '2014-01-14', '12:00:00', '14:00:00', 20.50);

INSERT INTO Guardian VALUES ('124730', '1234', 'Guardian128', '128guardian', '555-555-5555', 'blah@blah.com', '123 nowhere', null, 'Spokane', 'WA', '99999', '../../Pictures/default.jpg', null);

INSERT INTO Family VALUES ('12473', 42);

INSERT INTO Guardian VALUES ('124731', '1234', 'Guardian2128', '1282guardian', '555-555-5555', 'blah@blah.com', '123 nowhere', null, 'Spokane', 'WA', '99999', '../../Pictures/default.jpg', null);

INSERT INTO AllowedConnections VALUES ('100512', '124740', '124742', 12474, null);

INSERT INTO Child VALUES ('124742', 'Child513', '513child', '2006-02-02', null, null, '../../Pictures/default.jpg', null);

INSERT INTO ChildcareTransaction VALUES ('1000000512', 'Regular Childcare', '100512', '2014-11-10', '12:00:00', '14:00:00', 20.50);

INSERT INTO AllowedConnections VALUES ('100513', '124740', '124743', 12474, null);

INSERT INTO Child VALUES ('124743', 'Child514', '514child', '2006-02-02', null, null, '../../Pictures/default.jpg', null);

INSERT INTO ChildcareTransaction VALUES ('1000000513', 'Regular Childcare', '100513', '2014-08-08', '12:00:00', '14:00:00', 20.50);

INSERT INTO AllowedConnections VALUES ('100514', '124740', '124744', 12474, null);

INSERT INTO Child VALUES ('124744', 'Child515', '515child', '2006-02-02', null, null, '../../Pictures/default.jpg', null);

INSERT INTO ChildcareTransaction VALUES ('1000000514', 'Regular Childcare', '100514', '2014-09-26', '12:00:00', '14:00:00', 20.50);

INSERT INTO AllowedConnections VALUES ('100515', '124740', '124745', 12474, null);

INSERT INTO Child VALUES ('124745', 'Child516', '516child', '2006-02-02', null, null, '../../Pictures/default.jpg', null);

INSERT INTO ChildcareTransaction VALUES ('1000000515', 'Regular Childcare', '100515', '2014-04-18', '12:00:00', '14:00:00', 20.50);

INSERT INTO Guardian VALUES ('124740', '1234', 'Guardian129', '129guardian', '555-555-5555', 'blah@blah.com', '123 nowhere', null, 'Spokane', 'WA', '99999', '../../Pictures/default.jpg', null);

INSERT INTO Family VALUES ('12474', 42);

INSERT INTO Guardian VALUES ('124741', '1234', 'Guardian2129', '1292guardian', '555-555-5555', 'blah@blah.com', '123 nowhere', null, 'Spokane', 'WA', '99999', '../../Pictures/default.jpg', null);

INSERT INTO AllowedConnections VALUES ('100516', '124750', '124752', 12475, null);

INSERT INTO Child VALUES ('124752', 'Child517', '517child', '2006-02-02', null, null, '../../Pictures/default.jpg', null);

INSERT INTO ChildcareTransaction VALUES ('1000000516', 'Regular Childcare', '100516', '2014-08-18', '12:00:00', '14:00:00', 20.50);

INSERT INTO AllowedConnections VALUES ('100517', '124750', '124753', 12475, null);

INSERT INTO Child VALUES ('124753', 'Child518', '518child', '2006-02-02', null, null, '../../Pictures/default.jpg', null);

INSERT INTO ChildcareTransaction VALUES ('1000000517', 'Regular Childcare', '100517', '2014-02-22', '12:00:00', '14:00:00', 20.50);

INSERT INTO AllowedConnections VALUES ('100518', '124750', '124754', 12475, null);

INSERT INTO Child VALUES ('124754', 'Child519', '519child', '2006-02-02', null, null, '../../Pictures/default.jpg', null);

INSERT INTO ChildcareTransaction VALUES ('1000000518', 'Regular Childcare', '100518', '2014-09-09', '12:00:00', '14:00:00', 20.50);

INSERT INTO AllowedConnections VALUES ('100519', '124750', '124755', 12475, null);

INSERT INTO Child VALUES ('124755', 'Child520', '520child', '2006-02-02', null, null, '../../Pictures/default.jpg', null);

INSERT INTO ChildcareTransaction VALUES ('1000000519', 'Regular Childcare', '100519', '2014-04-10', '12:00:00', '14:00:00', 20.50);

INSERT INTO Guardian VALUES ('124750', '1234', 'Guardian130', '130guardian', '555-555-5555', 'blah@blah.com', '123 nowhere', null, 'Spokane', 'WA', '99999', '../../Pictures/default.jpg', null);

INSERT INTO Family VALUES ('12475', 42);

INSERT INTO Guardian VALUES ('124751', '1234', 'Guardian2130', '1302guardian', '555-555-5555', 'blah@blah.com', '123 nowhere', null, 'Spokane', 'WA', '99999', '../../Pictures/default.jpg', null);

INSERT INTO AllowedConnections VALUES ('100520', '124760', '124762', 12476, null);

INSERT INTO Child VALUES ('124762', 'Child521', '521child', '2006-02-02', null, null, '../../Pictures/default.jpg', null);

INSERT INTO ChildcareTransaction VALUES ('1000000520', 'Regular Childcare', '100520', '2014-07-11', '12:00:00', '14:00:00', 20.50);

INSERT INTO AllowedConnections VALUES ('100521', '124760', '124763', 12476, null);

INSERT INTO Child VALUES ('124763', 'Child522', '522child', '2006-02-02', null, null, '../../Pictures/default.jpg', null);

INSERT INTO ChildcareTransaction VALUES ('1000000521', 'Regular Childcare', '100521', '2014-11-23', '12:00:00', '14:00:00', 20.50);

INSERT INTO AllowedConnections VALUES ('100522', '124760', '124764', 12476, null);

INSERT INTO Child VALUES ('124764', 'Child523', '523child', '2006-02-02', null, null, '../../Pictures/default.jpg', null);

INSERT INTO ChildcareTransaction VALUES ('1000000522', 'Regular Childcare', '100522', '2014-02-21', '12:00:00', '14:00:00', 20.50);

INSERT INTO AllowedConnections VALUES ('100523', '124760', '124765', 12476, null);

INSERT INTO Child VALUES ('124765', 'Child524', '524child', '2006-02-02', null, null, '../../Pictures/default.jpg', null);

INSERT INTO ChildcareTransaction VALUES ('1000000523', 'Regular Childcare', '100523', '2014-03-10', '12:00:00', '14:00:00', 20.50);

INSERT INTO Guardian VALUES ('124760', '1234', 'Guardian131', '131guardian', '555-555-5555', 'blah@blah.com', '123 nowhere', null, 'Spokane', 'WA', '99999', '../../Pictures/default.jpg', null);

INSERT INTO Family VALUES ('12476', 42);

INSERT INTO Guardian VALUES ('124761', '1234', 'Guardian2131', '1312guardian', '555-555-5555', 'blah@blah.com', '123 nowhere', null, 'Spokane', 'WA', '99999', '../../Pictures/default.jpg', null);

INSERT INTO AllowedConnections VALUES ('100524', '124770', '124772', 12477, null);

INSERT INTO Child VALUES ('124772', 'Child525', '525child', '2006-02-02', null, null, '../../Pictures/default.jpg', null);

INSERT INTO ChildcareTransaction VALUES ('1000000524', 'Regular Childcare', '100524', '2014-04-21', '12:00:00', '14:00:00', 20.50);

INSERT INTO AllowedConnections VALUES ('100525', '124770', '124773', 12477, null);

INSERT INTO Child VALUES ('124773', 'Child526', '526child', '2006-02-02', null, null, '../../Pictures/default.jpg', null);

INSERT INTO ChildcareTransaction VALUES ('1000000525', 'Regular Childcare', '100525', '2014-07-16', '12:00:00', '14:00:00', 20.50);

INSERT INTO AllowedConnections VALUES ('100526', '124770', '124774', 12477, null);

INSERT INTO Child VALUES ('124774', 'Child527', '527child', '2006-02-02', null, null, '../../Pictures/default.jpg', null);

INSERT INTO ChildcareTransaction VALUES ('1000000526', 'Regular Childcare', '100526', '2014-03-14', '12:00:00', '14:00:00', 20.50);

INSERT INTO AllowedConnections VALUES ('100527', '124770', '124775', 12477, null);

INSERT INTO Child VALUES ('124775', 'Child528', '528child', '2006-02-02', null, null, '../../Pictures/default.jpg', null);

INSERT INTO ChildcareTransaction VALUES ('1000000527', 'Regular Childcare', '100527', '2014-04-25', '12:00:00', '14:00:00', 20.50);

INSERT INTO Guardian VALUES ('124770', '1234', 'Guardian132', '132guardian', '555-555-5555', 'blah@blah.com', '123 nowhere', null, 'Spokane', 'WA', '99999', '../../Pictures/default.jpg', null);

INSERT INTO Family VALUES ('12477', 42);

INSERT INTO Guardian VALUES ('124771', '1234', 'Guardian2132', '1322guardian', '555-555-5555', 'blah@blah.com', '123 nowhere', null, 'Spokane', 'WA', '99999', '../../Pictures/default.jpg', null);

INSERT INTO AllowedConnections VALUES ('100528', '124780', '124782', 12478, null);

INSERT INTO Child VALUES ('124782', 'Child529', '529child', '2006-02-02', null, null, '../../Pictures/default.jpg', null);

INSERT INTO ChildcareTransaction VALUES ('1000000528', 'Regular Childcare', '100528', '2014-07-10', '12:00:00', '14:00:00', 20.50);

INSERT INTO AllowedConnections VALUES ('100529', '124780', '124783', 12478, null);

INSERT INTO Child VALUES ('124783', 'Child530', '530child', '2006-02-02', null, null, '../../Pictures/default.jpg', null);

INSERT INTO ChildcareTransaction VALUES ('1000000529', 'Regular Childcare', '100529', '2014-08-08', '12:00:00', '14:00:00', 20.50);

INSERT INTO AllowedConnections VALUES ('100530', '124780', '124784', 12478, null);

INSERT INTO Child VALUES ('124784', 'Child531', '531child', '2006-02-02', null, null, '../../Pictures/default.jpg', null);

INSERT INTO ChildcareTransaction VALUES ('1000000530', 'Regular Childcare', '100530', '2014-07-28', '12:00:00', '14:00:00', 20.50);

INSERT INTO AllowedConnections VALUES ('100531', '124780', '124785', 12478, null);

INSERT INTO Child VALUES ('124785', 'Child532', '532child', '2006-02-02', null, null, '../../Pictures/default.jpg', null);

INSERT INTO ChildcareTransaction VALUES ('1000000531', 'Regular Childcare', '100531', '2014-09-22', '12:00:00', '14:00:00', 20.50);

INSERT INTO Guardian VALUES ('124780', '1234', 'Guardian133', '133guardian', '555-555-5555', 'blah@blah.com', '123 nowhere', null, 'Spokane', 'WA', '99999', '../../Pictures/default.jpg', null);

INSERT INTO Family VALUES ('12478', 42);

INSERT INTO Guardian VALUES ('124781', '1234', 'Guardian2133', '1332guardian', '555-555-5555', 'blah@blah.com', '123 nowhere', null, 'Spokane', 'WA', '99999', '../../Pictures/default.jpg', null);

INSERT INTO AllowedConnections VALUES ('100532', '124790', '124792', 12479, null);

INSERT INTO Child VALUES ('124792', 'Child533', '533child', '2006-02-02', null, null, '../../Pictures/default.jpg', null);

INSERT INTO ChildcareTransaction VALUES ('1000000532', 'Regular Childcare', '100532', '2014-12-15', '12:00:00', '14:00:00', 20.50);

INSERT INTO AllowedConnections VALUES ('100533', '124790', '124793', 12479, null);

INSERT INTO Child VALUES ('124793', 'Child534', '534child', '2006-02-02', null, null, '../../Pictures/default.jpg', null);

INSERT INTO ChildcareTransaction VALUES ('1000000533', 'Regular Childcare', '100533', '2014-05-13', '12:00:00', '14:00:00', 20.50);

INSERT INTO AllowedConnections VALUES ('100534', '124790', '124794', 12479, null);

INSERT INTO Child VALUES ('124794', 'Child535', '535child', '2006-02-02', null, null, '../../Pictures/default.jpg', null);

INSERT INTO ChildcareTransaction VALUES ('1000000534', 'Regular Childcare', '100534', '2014-09-14', '12:00:00', '14:00:00', 20.50);

INSERT INTO AllowedConnections VALUES ('100535', '124790', '124795', 12479, null);

INSERT INTO Child VALUES ('124795', 'Child536', '536child', '2006-02-02', null, null, '../../Pictures/default.jpg', null);

INSERT INTO ChildcareTransaction VALUES ('1000000535', 'Regular Childcare', '100535', '2014-12-03', '12:00:00', '14:00:00', 20.50);

INSERT INTO Guardian VALUES ('124790', '1234', 'Guardian134', '134guardian', '555-555-5555', 'blah@blah.com', '123 nowhere', null, 'Spokane', 'WA', '99999', '../../Pictures/default.jpg', null);

INSERT INTO Family VALUES ('12479', 42);

INSERT INTO Guardian VALUES ('124791', '1234', 'Guardian2134', '1342guardian', '555-555-5555', 'blah@blah.com', '123 nowhere', null, 'Spokane', 'WA', '99999', '../../Pictures/default.jpg', null);

INSERT INTO AllowedConnections VALUES ('100536', '124800', '124802', 12480, null);

INSERT INTO Child VALUES ('124802', 'Child537', '537child', '2006-02-02', null, null, '../../Pictures/default.jpg', null);

INSERT INTO ChildcareTransaction VALUES ('1000000536', 'Regular Childcare', '100536', '2014-10-03', '12:00:00', '14:00:00', 20.50);

INSERT INTO AllowedConnections VALUES ('100537', '124800', '124803', 12480, null);

INSERT INTO Child VALUES ('124803', 'Child538', '538child', '2006-02-02', null, null, '../../Pictures/default.jpg', null);

INSERT INTO ChildcareTransaction VALUES ('1000000537', 'Regular Childcare', '100537', '2014-04-22', '12:00:00', '14:00:00', 20.50);

INSERT INTO AllowedConnections VALUES ('100538', '124800', '124804', 12480, null);

INSERT INTO Child VALUES ('124804', 'Child539', '539child', '2006-02-02', null, null, '../../Pictures/default.jpg', null);

INSERT INTO ChildcareTransaction VALUES ('1000000538', 'Regular Childcare', '100538', '2014-03-10', '12:00:00', '14:00:00', 20.50);

INSERT INTO AllowedConnections VALUES ('100539', '124800', '124805', 12480, null);

INSERT INTO Child VALUES ('124805', 'Child540', '540child', '2006-02-02', null, null, '../../Pictures/default.jpg', null);

INSERT INTO ChildcareTransaction VALUES ('1000000539', 'Regular Childcare', '100539', '2014-02-20', '12:00:00', '14:00:00', 20.50);

INSERT INTO Guardian VALUES ('124800', '1234', 'Guardian135', '135guardian', '555-555-5555', 'blah@blah.com', '123 nowhere', null, 'Spokane', 'WA', '99999', '../../Pictures/default.jpg', null);

INSERT INTO Family VALUES ('12480', 42);

INSERT INTO Guardian VALUES ('124801', '1234', 'Guardian2135', '1352guardian', '555-555-5555', 'blah@blah.com', '123 nowhere', null, 'Spokane', 'WA', '99999', '../../Pictures/default.jpg', null);

INSERT INTO AllowedConnections VALUES ('100540', '124810', '124812', 12481, null);

INSERT INTO Child VALUES ('124812', 'Child541', '541child', '2006-02-02', null, null, '../../Pictures/default.jpg', null);

INSERT INTO ChildcareTransaction VALUES ('1000000540', 'Regular Childcare', '100540', '2014-08-12', '12:00:00', '14:00:00', 20.50);

INSERT INTO AllowedConnections VALUES ('100541', '124810', '124813', 12481, null);

INSERT INTO Child VALUES ('124813', 'Child542', '542child', '2006-02-02', null, null, '../../Pictures/default.jpg', null);

INSERT INTO ChildcareTransaction VALUES ('1000000541', 'Regular Childcare', '100541', '2014-10-18', '12:00:00', '14:00:00', 20.50);

INSERT INTO AllowedConnections VALUES ('100542', '124810', '124814', 12481, null);

INSERT INTO Child VALUES ('124814', 'Child543', '543child', '2006-02-02', null, null, '../../Pictures/default.jpg', null);

INSERT INTO ChildcareTransaction VALUES ('1000000542', 'Regular Childcare', '100542', '2014-11-06', '12:00:00', '14:00:00', 20.50);

INSERT INTO AllowedConnections VALUES ('100543', '124810', '124815', 12481, null);

INSERT INTO Child VALUES ('124815', 'Child544', '544child', '2006-02-02', null, null, '../../Pictures/default.jpg', null);

INSERT INTO ChildcareTransaction VALUES ('1000000543', 'Regular Childcare', '100543', '2014-03-10', '12:00:00', '14:00:00', 20.50);

INSERT INTO Guardian VALUES ('124810', '1234', 'Guardian136', '136guardian', '555-555-5555', 'blah@blah.com', '123 nowhere', null, 'Spokane', 'WA', '99999', '../../Pictures/default.jpg', null);

INSERT INTO Family VALUES ('12481', 42);

INSERT INTO Guardian VALUES ('124811', '1234', 'Guardian2136', '1362guardian', '555-555-5555', 'blah@blah.com', '123 nowhere', null, 'Spokane', 'WA', '99999', '../../Pictures/default.jpg', null);

INSERT INTO AllowedConnections VALUES ('100544', '124820', '124822', 12482, null);

INSERT INTO Child VALUES ('124822', 'Child545', '545child', '2006-02-02', null, null, '../../Pictures/default.jpg', null);

INSERT INTO ChildcareTransaction VALUES ('1000000544', 'Regular Childcare', '100544', '2014-03-17', '12:00:00', '14:00:00', 20.50);

INSERT INTO AllowedConnections VALUES ('100545', '124820', '124823', 12482, null);

INSERT INTO Child VALUES ('124823', 'Child546', '546child', '2006-02-02', null, null, '../../Pictures/default.jpg', null);

INSERT INTO ChildcareTransaction VALUES ('1000000545', 'Regular Childcare', '100545', '2014-05-27', '12:00:00', '14:00:00', 20.50);

INSERT INTO AllowedConnections VALUES ('100546', '124820', '124824', 12482, null);

INSERT INTO Child VALUES ('124824', 'Child547', '547child', '2006-02-02', null, null, '../../Pictures/default.jpg', null);

INSERT INTO ChildcareTransaction VALUES ('1000000546', 'Regular Childcare', '100546', '2014-01-09', '12:00:00', '14:00:00', 20.50);

INSERT INTO AllowedConnections VALUES ('100547', '124820', '124825', 12482, null);

INSERT INTO Child VALUES ('124825', 'Child548', '548child', '2006-02-02', null, null, '../../Pictures/default.jpg', null);

INSERT INTO ChildcareTransaction VALUES ('1000000547', 'Regular Childcare', '100547', '2014-06-20', '12:00:00', '14:00:00', 20.50);

INSERT INTO Guardian VALUES ('124820', '1234', 'Guardian137', '137guardian', '555-555-5555', 'blah@blah.com', '123 nowhere', null, 'Spokane', 'WA', '99999', '../../Pictures/default.jpg', null);

INSERT INTO Family VALUES ('12482', 42);

INSERT INTO Guardian VALUES ('124821', '1234', 'Guardian2137', '1372guardian', '555-555-5555', 'blah@blah.com', '123 nowhere', null, 'Spokane', 'WA', '99999', '../../Pictures/default.jpg', null);

INSERT INTO AllowedConnections VALUES ('100548', '124830', '124832', 12483, null);

INSERT INTO Child VALUES ('124832', 'Child549', '549child', '2006-02-02', null, null, '../../Pictures/default.jpg', null);

INSERT INTO ChildcareTransaction VALUES ('1000000548', 'Regular Childcare', '100548', '2014-07-15', '12:00:00', '14:00:00', 20.50);

INSERT INTO AllowedConnections VALUES ('100549', '124830', '124833', 12483, null);

INSERT INTO Child VALUES ('124833', 'Child550', '550child', '2006-02-02', null, null, '../../Pictures/default.jpg', null);

INSERT INTO ChildcareTransaction VALUES ('1000000549', 'Regular Childcare', '100549', '2014-09-06', '12:00:00', '14:00:00', 20.50);

INSERT INTO AllowedConnections VALUES ('100550', '124830', '124834', 12483, null);

INSERT INTO Child VALUES ('124834', 'Child551', '551child', '2006-02-02', null, null, '../../Pictures/default.jpg', null);

INSERT INTO ChildcareTransaction VALUES ('1000000550', 'Regular Childcare', '100550', '2014-09-07', '12:00:00', '14:00:00', 20.50);

INSERT INTO AllowedConnections VALUES ('100551', '124830', '124835', 12483, null);

INSERT INTO Child VALUES ('124835', 'Child552', '552child', '2006-02-02', null, null, '../../Pictures/default.jpg', null);

INSERT INTO ChildcareTransaction VALUES ('1000000551', 'Regular Childcare', '100551', '2014-07-15', '12:00:00', '14:00:00', 20.50);

INSERT INTO Guardian VALUES ('124830', '1234', 'Guardian138', '138guardian', '555-555-5555', 'blah@blah.com', '123 nowhere', null, 'Spokane', 'WA', '99999', '../../Pictures/default.jpg', null);

INSERT INTO Family VALUES ('12483', 42);

INSERT INTO Guardian VALUES ('124831', '1234', 'Guardian2138', '1382guardian', '555-555-5555', 'blah@blah.com', '123 nowhere', null, 'Spokane', 'WA', '99999', '../../Pictures/default.jpg', null);

INSERT INTO AllowedConnections VALUES ('100552', '124840', '124842', 12484, null);

INSERT INTO Child VALUES ('124842', 'Child553', '553child', '2006-02-02', null, null, '../../Pictures/default.jpg', null);

INSERT INTO ChildcareTransaction VALUES ('1000000552', 'Regular Childcare', '100552', '2014-01-09', '12:00:00', '14:00:00', 20.50);

INSERT INTO AllowedConnections VALUES ('100553', '124840', '124843', 12484, null);

INSERT INTO Child VALUES ('124843', 'Child554', '554child', '2006-02-02', null, null, '../../Pictures/default.jpg', null);

INSERT INTO ChildcareTransaction VALUES ('1000000553', 'Regular Childcare', '100553', '2014-08-16', '12:00:00', '14:00:00', 20.50);

INSERT INTO AllowedConnections VALUES ('100554', '124840', '124844', 12484, null);

INSERT INTO Child VALUES ('124844', 'Child555', '555child', '2006-02-02', null, null, '../../Pictures/default.jpg', null);

INSERT INTO ChildcareTransaction VALUES ('1000000554', 'Regular Childcare', '100554', '2014-03-07', '12:00:00', '14:00:00', 20.50);

INSERT INTO AllowedConnections VALUES ('100555', '124840', '124845', 12484, null);

INSERT INTO Child VALUES ('124845', 'Child556', '556child', '2006-02-02', null, null, '../../Pictures/default.jpg', null);

INSERT INTO ChildcareTransaction VALUES ('1000000555', 'Regular Childcare', '100555', '2014-10-11', '12:00:00', '14:00:00', 20.50);

INSERT INTO Guardian VALUES ('124840', '1234', 'Guardian139', '139guardian', '555-555-5555', 'blah@blah.com', '123 nowhere', null, 'Spokane', 'WA', '99999', '../../Pictures/default.jpg', null);

INSERT INTO Family VALUES ('12484', 42);

INSERT INTO Guardian VALUES ('124841', '1234', 'Guardian2139', '1392guardian', '555-555-5555', 'blah@blah.com', '123 nowhere', null, 'Spokane', 'WA', '99999', '../../Pictures/default.jpg', null);

INSERT INTO AllowedConnections VALUES ('100556', '124850', '124852', 12485, null);

INSERT INTO Child VALUES ('124852', 'Child557', '557child', '2006-02-02', null, null, '../../Pictures/default.jpg', null);

INSERT INTO ChildcareTransaction VALUES ('1000000556', 'Regular Childcare', '100556', '2014-05-13', '12:00:00', '14:00:00', 20.50);

INSERT INTO AllowedConnections VALUES ('100557', '124850', '124853', 12485, null);

INSERT INTO Child VALUES ('124853', 'Child558', '558child', '2006-02-02', null, null, '../../Pictures/default.jpg', null);

INSERT INTO ChildcareTransaction VALUES ('1000000557', 'Regular Childcare', '100557', '2014-01-07', '12:00:00', '14:00:00', 20.50);

INSERT INTO AllowedConnections VALUES ('100558', '124850', '124854', 12485, null);

INSERT INTO Child VALUES ('124854', 'Child559', '559child', '2006-02-02', null, null, '../../Pictures/default.jpg', null);

INSERT INTO ChildcareTransaction VALUES ('1000000558', 'Regular Childcare', '100558', '2014-11-14', '12:00:00', '14:00:00', 20.50);

INSERT INTO AllowedConnections VALUES ('100559', '124850', '124855', 12485, null);

INSERT INTO Child VALUES ('124855', 'Child560', '560child', '2006-02-02', null, null, '../../Pictures/default.jpg', null);

INSERT INTO ChildcareTransaction VALUES ('1000000559', 'Regular Childcare', '100559', '2014-03-15', '12:00:00', '14:00:00', 20.50);

INSERT INTO Guardian VALUES ('124850', '1234', 'Guardian140', '140guardian', '555-555-5555', 'blah@blah.com', '123 nowhere', null, 'Spokane', 'WA', '99999', '../../Pictures/default.jpg', null);

INSERT INTO Family VALUES ('12485', 42);

INSERT INTO Guardian VALUES ('124851', '1234', 'Guardian2140', '1402guardian', '555-555-5555', 'blah@blah.com', '123 nowhere', null, 'Spokane', 'WA', '99999', '../../Pictures/default.jpg', null);

INSERT INTO AllowedConnections VALUES ('100560', '124860', '124862', 12486, null);

INSERT INTO Child VALUES ('124862', 'Child561', '561child', '2006-02-02', null, null, '../../Pictures/default.jpg', null);

INSERT INTO ChildcareTransaction VALUES ('1000000560', 'Regular Childcare', '100560', '2014-05-27', '12:00:00', '14:00:00', 20.50);

INSERT INTO AllowedConnections VALUES ('100561', '124860', '124863', 12486, null);

INSERT INTO Child VALUES ('124863', 'Child562', '562child', '2006-02-02', null, null, '../../Pictures/default.jpg', null);

INSERT INTO ChildcareTransaction VALUES ('1000000561', 'Regular Childcare', '100561', '2014-12-15', '12:00:00', '14:00:00', 20.50);

INSERT INTO AllowedConnections VALUES ('100562', '124860', '124864', 12486, null);

INSERT INTO Child VALUES ('124864', 'Child563', '563child', '2006-02-02', null, null, '../../Pictures/default.jpg', null);

INSERT INTO ChildcareTransaction VALUES ('1000000562', 'Regular Childcare', '100562', '2014-04-15', '12:00:00', '14:00:00', 20.50);

INSERT INTO AllowedConnections VALUES ('100563', '124860', '124865', 12486, null);

INSERT INTO Child VALUES ('124865', 'Child564', '564child', '2006-02-02', null, null, '../../Pictures/default.jpg', null);

INSERT INTO ChildcareTransaction VALUES ('1000000563', 'Regular Childcare', '100563', '2014-10-14', '12:00:00', '14:00:00', 20.50);

INSERT INTO Guardian VALUES ('124860', '1234', 'Guardian141', '141guardian', '555-555-5555', 'blah@blah.com', '123 nowhere', null, 'Spokane', 'WA', '99999', '../../Pictures/default.jpg', null);

INSERT INTO Family VALUES ('12486', 42);

INSERT INTO Guardian VALUES ('124861', '1234', 'Guardian2141', '1412guardian', '555-555-5555', 'blah@blah.com', '123 nowhere', null, 'Spokane', 'WA', '99999', '../../Pictures/default.jpg', null);

INSERT INTO AllowedConnections VALUES ('100564', '124870', '124872', 12487, null);

INSERT INTO Child VALUES ('124872', 'Child565', '565child', '2006-02-02', null, null, '../../Pictures/default.jpg', null);

INSERT INTO ChildcareTransaction VALUES ('1000000564', 'Regular Childcare', '100564', '2014-08-01', '12:00:00', '14:00:00', 20.50);

INSERT INTO AllowedConnections VALUES ('100565', '124870', '124873', 12487, null);

INSERT INTO Child VALUES ('124873', 'Child566', '566child', '2006-02-02', null, null, '../../Pictures/default.jpg', null);

INSERT INTO ChildcareTransaction VALUES ('1000000565', 'Regular Childcare', '100565', '2014-04-09', '12:00:00', '14:00:00', 20.50);

INSERT INTO AllowedConnections VALUES ('100566', '124870', '124874', 12487, null);

INSERT INTO Child VALUES ('124874', 'Child567', '567child', '2006-02-02', null, null, '../../Pictures/default.jpg', null);

INSERT INTO ChildcareTransaction VALUES ('1000000566', 'Regular Childcare', '100566', '2014-06-21', '12:00:00', '14:00:00', 20.50);

INSERT INTO AllowedConnections VALUES ('100567', '124870', '124875', 12487, null);

INSERT INTO Child VALUES ('124875', 'Child568', '568child', '2006-02-02', null, null, '../../Pictures/default.jpg', null);

INSERT INTO ChildcareTransaction VALUES ('1000000567', 'Regular Childcare', '100567', '2014-09-16', '12:00:00', '14:00:00', 20.50);

INSERT INTO Guardian VALUES ('124870', '1234', 'Guardian142', '142guardian', '555-555-5555', 'blah@blah.com', '123 nowhere', null, 'Spokane', 'WA', '99999', '../../Pictures/default.jpg', null);

INSERT INTO Family VALUES ('12487', 42);

INSERT INTO Guardian VALUES ('124871', '1234', 'Guardian2142', '1422guardian', '555-555-5555', 'blah@blah.com', '123 nowhere', null, 'Spokane', 'WA', '99999', '../../Pictures/default.jpg', null);

INSERT INTO AllowedConnections VALUES ('100568', '124880', '124882', 12488, null);

INSERT INTO Child VALUES ('124882', 'Child569', '569child', '2006-02-02', null, null, '../../Pictures/default.jpg', null);

INSERT INTO ChildcareTransaction VALUES ('1000000568', 'Regular Childcare', '100568', '2014-09-26', '12:00:00', '14:00:00', 20.50);

INSERT INTO AllowedConnections VALUES ('100569', '124880', '124883', 12488, null);

INSERT INTO Child VALUES ('124883', 'Child570', '570child', '2006-02-02', null, null, '../../Pictures/default.jpg', null);

INSERT INTO ChildcareTransaction VALUES ('1000000569', 'Regular Childcare', '100569', '2014-03-14', '12:00:00', '14:00:00', 20.50);

INSERT INTO AllowedConnections VALUES ('100570', '124880', '124884', 12488, null);

INSERT INTO Child VALUES ('124884', 'Child571', '571child', '2006-02-02', null, null, '../../Pictures/default.jpg', null);

INSERT INTO ChildcareTransaction VALUES ('1000000570', 'Regular Childcare', '100570', '2014-02-07', '12:00:00', '14:00:00', 20.50);

INSERT INTO AllowedConnections VALUES ('100571', '124880', '124885', 12488, null);

INSERT INTO Child VALUES ('124885', 'Child572', '572child', '2006-02-02', null, null, '../../Pictures/default.jpg', null);

INSERT INTO ChildcareTransaction VALUES ('1000000571', 'Regular Childcare', '100571', '2014-02-16', '12:00:00', '14:00:00', 20.50);

INSERT INTO Guardian VALUES ('124880', '1234', 'Guardian143', '143guardian', '555-555-5555', 'blah@blah.com', '123 nowhere', null, 'Spokane', 'WA', '99999', '../../Pictures/default.jpg', null);

INSERT INTO Family VALUES ('12488', 42);

INSERT INTO Guardian VALUES ('124881', '1234', 'Guardian2143', '1432guardian', '555-555-5555', 'blah@blah.com', '123 nowhere', null, 'Spokane', 'WA', '99999', '../../Pictures/default.jpg', null);

INSERT INTO AllowedConnections VALUES ('100572', '124890', '124892', 12489, null);

INSERT INTO Child VALUES ('124892', 'Child573', '573child', '2006-02-02', null, null, '../../Pictures/default.jpg', null);

INSERT INTO ChildcareTransaction VALUES ('1000000572', 'Regular Childcare', '100572', '2014-03-03', '12:00:00', '14:00:00', 20.50);

INSERT INTO AllowedConnections VALUES ('100573', '124890', '124893', 12489, null);

INSERT INTO Child VALUES ('124893', 'Child574', '574child', '2006-02-02', null, null, '../../Pictures/default.jpg', null);

INSERT INTO ChildcareTransaction VALUES ('1000000573', 'Regular Childcare', '100573', '2014-09-05', '12:00:00', '14:00:00', 20.50);

INSERT INTO AllowedConnections VALUES ('100574', '124890', '124894', 12489, null);

INSERT INTO Child VALUES ('124894', 'Child575', '575child', '2006-02-02', null, null, '../../Pictures/default.jpg', null);

INSERT INTO ChildcareTransaction VALUES ('1000000574', 'Regular Childcare', '100574', '2014-07-17', '12:00:00', '14:00:00', 20.50);

INSERT INTO AllowedConnections VALUES ('100575', '124890', '124895', 12489, null);

INSERT INTO Child VALUES ('124895', 'Child576', '576child', '2006-02-02', null, null, '../../Pictures/default.jpg', null);

INSERT INTO ChildcareTransaction VALUES ('1000000575', 'Regular Childcare', '100575', '2014-04-22', '12:00:00', '14:00:00', 20.50);

INSERT INTO Guardian VALUES ('124890', '1234', 'Guardian144', '144guardian', '555-555-5555', 'blah@blah.com', '123 nowhere', null, 'Spokane', 'WA', '99999', '../../Pictures/default.jpg', null);

INSERT INTO Family VALUES ('12489', 42);

INSERT INTO Guardian VALUES ('124891', '1234', 'Guardian2144', '1442guardian', '555-555-5555', 'blah@blah.com', '123 nowhere', null, 'Spokane', 'WA', '99999', '../../Pictures/default.jpg', null);

INSERT INTO AllowedConnections VALUES ('100576', '124900', '124902', 12490, null);

INSERT INTO Child VALUES ('124902', 'Child577', '577child', '2006-02-02', null, null, '../../Pictures/default.jpg', null);

INSERT INTO ChildcareTransaction VALUES ('1000000576', 'Regular Childcare', '100576', '2014-04-23', '12:00:00', '14:00:00', 20.50);

INSERT INTO AllowedConnections VALUES ('100577', '124900', '124903', 12490, null);

INSERT INTO Child VALUES ('124903', 'Child578', '578child', '2006-02-02', null, null, '../../Pictures/default.jpg', null);

INSERT INTO ChildcareTransaction VALUES ('1000000577', 'Regular Childcare', '100577', '2014-02-01', '12:00:00', '14:00:00', 20.50);

INSERT INTO AllowedConnections VALUES ('100578', '124900', '124904', 12490, null);

INSERT INTO Child VALUES ('124904', 'Child579', '579child', '2006-02-02', null, null, '../../Pictures/default.jpg', null);

INSERT INTO ChildcareTransaction VALUES ('1000000578', 'Regular Childcare', '100578', '2014-03-24', '12:00:00', '14:00:00', 20.50);

INSERT INTO AllowedConnections VALUES ('100579', '124900', '124905', 12490, null);

INSERT INTO Child VALUES ('124905', 'Child580', '580child', '2006-02-02', null, null, '../../Pictures/default.jpg', null);

INSERT INTO ChildcareTransaction VALUES ('1000000579', 'Regular Childcare', '100579', '2014-02-23', '12:00:00', '14:00:00', 20.50);

INSERT INTO Guardian VALUES ('124900', '1234', 'Guardian145', '145guardian', '555-555-5555', 'blah@blah.com', '123 nowhere', null, 'Spokane', 'WA', '99999', '../../Pictures/default.jpg', null);

INSERT INTO Family VALUES ('12490', 42);

INSERT INTO Guardian VALUES ('124901', '1234', 'Guardian2145', '1452guardian', '555-555-5555', 'blah@blah.com', '123 nowhere', null, 'Spokane', 'WA', '99999', '../../Pictures/default.jpg', null);

INSERT INTO AllowedConnections VALUES ('100580', '124910', '124912', 12491, null);

INSERT INTO Child VALUES ('124912', 'Child581', '581child', '2006-02-02', null, null, '../../Pictures/default.jpg', null);

INSERT INTO ChildcareTransaction VALUES ('1000000580', 'Regular Childcare', '100580', '2014-07-08', '12:00:00', '14:00:00', 20.50);

INSERT INTO AllowedConnections VALUES ('100581', '124910', '124913', 12491, null);

INSERT INTO Child VALUES ('124913', 'Child582', '582child', '2006-02-02', null, null, '../../Pictures/default.jpg', null);

INSERT INTO ChildcareTransaction VALUES ('1000000581', 'Regular Childcare', '100581', '2014-09-22', '12:00:00', '14:00:00', 20.50);

INSERT INTO AllowedConnections VALUES ('100582', '124910', '124914', 12491, null);

INSERT INTO Child VALUES ('124914', 'Child583', '583child', '2006-02-02', null, null, '../../Pictures/default.jpg', null);

INSERT INTO ChildcareTransaction VALUES ('1000000582', 'Regular Childcare', '100582', '2014-07-02', '12:00:00', '14:00:00', 20.50);

INSERT INTO AllowedConnections VALUES ('100583', '124910', '124915', 12491, null);

INSERT INTO Child VALUES ('124915', 'Child584', '584child', '2006-02-02', null, null, '../../Pictures/default.jpg', null);

INSERT INTO ChildcareTransaction VALUES ('1000000583', 'Regular Childcare', '100583', '2014-06-21', '12:00:00', '14:00:00', 20.50);

INSERT INTO Guardian VALUES ('124910', '1234', 'Guardian146', '146guardian', '555-555-5555', 'blah@blah.com', '123 nowhere', null, 'Spokane', 'WA', '99999', '../../Pictures/default.jpg', null);

INSERT INTO Family VALUES ('12491', 42);

INSERT INTO Guardian VALUES ('124911', '1234', 'Guardian2146', '1462guardian', '555-555-5555', 'blah@blah.com', '123 nowhere', null, 'Spokane', 'WA', '99999', '../../Pictures/default.jpg', null);

INSERT INTO AllowedConnections VALUES ('100584', '124920', '124922', 12492, null);

INSERT INTO Child VALUES ('124922', 'Child585', '585child', '2006-02-02', null, null, '../../Pictures/default.jpg', null);

INSERT INTO ChildcareTransaction VALUES ('1000000584', 'Regular Childcare', '100584', '2014-01-06', '12:00:00', '14:00:00', 20.50);

INSERT INTO AllowedConnections VALUES ('100585', '124920', '124923', 12492, null);

INSERT INTO Child VALUES ('124923', 'Child586', '586child', '2006-02-02', null, null, '../../Pictures/default.jpg', null);

INSERT INTO ChildcareTransaction VALUES ('1000000585', 'Regular Childcare', '100585', '2014-06-09', '12:00:00', '14:00:00', 20.50);

INSERT INTO AllowedConnections VALUES ('100586', '124920', '124924', 12492, null);

INSERT INTO Child VALUES ('124924', 'Child587', '587child', '2006-02-02', null, null, '../../Pictures/default.jpg', null);

INSERT INTO ChildcareTransaction VALUES ('1000000586', 'Regular Childcare', '100586', '2014-08-15', '12:00:00', '14:00:00', 20.50);

INSERT INTO AllowedConnections VALUES ('100587', '124920', '124925', 12492, null);

INSERT INTO Child VALUES ('124925', 'Child588', '588child', '2006-02-02', null, null, '../../Pictures/default.jpg', null);

INSERT INTO ChildcareTransaction VALUES ('1000000587', 'Regular Childcare', '100587', '2014-07-16', '12:00:00', '14:00:00', 20.50);

INSERT INTO Guardian VALUES ('124920', '1234', 'Guardian147', '147guardian', '555-555-5555', 'blah@blah.com', '123 nowhere', null, 'Spokane', 'WA', '99999', '../../Pictures/default.jpg', null);

INSERT INTO Family VALUES ('12492', 42);

INSERT INTO Guardian VALUES ('124921', '1234', 'Guardian2147', '1472guardian', '555-555-5555', 'blah@blah.com', '123 nowhere', null, 'Spokane', 'WA', '99999', '../../Pictures/default.jpg', null);

INSERT INTO AllowedConnections VALUES ('100588', '124930', '124932', 12493, null);

INSERT INTO Child VALUES ('124932', 'Child589', '589child', '2006-02-02', null, null, '../../Pictures/default.jpg', null);

INSERT INTO ChildcareTransaction VALUES ('1000000588', 'Regular Childcare', '100588', '2014-02-11', '12:00:00', '14:00:00', 20.50);

INSERT INTO AllowedConnections VALUES ('100589', '124930', '124933', 12493, null);

INSERT INTO Child VALUES ('124933', 'Child590', '590child', '2006-02-02', null, null, '../../Pictures/default.jpg', null);

INSERT INTO ChildcareTransaction VALUES ('1000000589', 'Regular Childcare', '100589', '2014-09-24', '12:00:00', '14:00:00', 20.50);

INSERT INTO AllowedConnections VALUES ('100590', '124930', '124934', 12493, null);

INSERT INTO Child VALUES ('124934', 'Child591', '591child', '2006-02-02', null, null, '../../Pictures/default.jpg', null);

INSERT INTO ChildcareTransaction VALUES ('1000000590', 'Regular Childcare', '100590', '2014-10-16', '12:00:00', '14:00:00', 20.50);

INSERT INTO AllowedConnections VALUES ('100591', '124930', '124935', 12493, null);

INSERT INTO Child VALUES ('124935', 'Child592', '592child', '2006-02-02', null, null, '../../Pictures/default.jpg', null);

INSERT INTO ChildcareTransaction VALUES ('1000000591', 'Regular Childcare', '100591', '2014-07-07', '12:00:00', '14:00:00', 20.50);

INSERT INTO Guardian VALUES ('124930', '1234', 'Guardian148', '148guardian', '555-555-5555', 'blah@blah.com', '123 nowhere', null, 'Spokane', 'WA', '99999', '../../Pictures/default.jpg', null);

INSERT INTO Family VALUES ('12493', 42);

INSERT INTO Guardian VALUES ('124931', '1234', 'Guardian2148', '1482guardian', '555-555-5555', 'blah@blah.com', '123 nowhere', null, 'Spokane', 'WA', '99999', '../../Pictures/default.jpg', null);

INSERT INTO AllowedConnections VALUES ('100592', '124940', '124942', 12494, null);

INSERT INTO Child VALUES ('124942', 'Child593', '593child', '2006-02-02', null, null, '../../Pictures/default.jpg', null);

INSERT INTO ChildcareTransaction VALUES ('1000000592', 'Regular Childcare', '100592', '2014-01-05', '12:00:00', '14:00:00', 20.50);

INSERT INTO AllowedConnections VALUES ('100593', '124940', '124943', 12494, null);

INSERT INTO Child VALUES ('124943', 'Child594', '594child', '2006-02-02', null, null, '../../Pictures/default.jpg', null);

INSERT INTO ChildcareTransaction VALUES ('1000000593', 'Regular Childcare', '100593', '2014-08-17', '12:00:00', '14:00:00', 20.50);

INSERT INTO AllowedConnections VALUES ('100594', '124940', '124944', 12494, null);

INSERT INTO Child VALUES ('124944', 'Child595', '595child', '2006-02-02', null, null, '../../Pictures/default.jpg', null);

INSERT INTO ChildcareTransaction VALUES ('1000000594', 'Regular Childcare', '100594', '2014-02-18', '12:00:00', '14:00:00', 20.50);

INSERT INTO AllowedConnections VALUES ('100595', '124940', '124945', 12494, null);

INSERT INTO Child VALUES ('124945', 'Child596', '596child', '2006-02-02', null, null, '../../Pictures/default.jpg', null);

INSERT INTO ChildcareTransaction VALUES ('1000000595', 'Regular Childcare', '100595', '2014-12-15', '12:00:00', '14:00:00', 20.50);

INSERT INTO Guardian VALUES ('124940', '1234', 'Guardian149', '149guardian', '555-555-5555', 'blah@blah.com', '123 nowhere', null, 'Spokane', 'WA', '99999', '../../Pictures/default.jpg', null);

INSERT INTO Family VALUES ('12494', 42);

INSERT INTO Guardian VALUES ('124941', '1234', 'Guardian2149', '1492guardian', '555-555-5555', 'blah@blah.com', '123 nowhere', null, 'Spokane', 'WA', '99999', '../../Pictures/default.jpg', null);

INSERT INTO AllowedConnections VALUES ('100596', '124950', '124952', 12495, null);

INSERT INTO Child VALUES ('124952', 'Child597', '597child', '2006-02-02', null, null, '../../Pictures/default.jpg', null);

INSERT INTO ChildcareTransaction VALUES ('1000000596', 'Regular Childcare', '100596', '2014-07-02', '12:00:00', '14:00:00', 20.50);

INSERT INTO AllowedConnections VALUES ('100597', '124950', '124953', 12495, null);

INSERT INTO Child VALUES ('124953', 'Child598', '598child', '2006-02-02', null, null, '../../Pictures/default.jpg', null);

INSERT INTO ChildcareTransaction VALUES ('1000000597', 'Regular Childcare', '100597', '2014-08-02', '12:00:00', '14:00:00', 20.50);

INSERT INTO AllowedConnections VALUES ('100598', '124950', '124954', 12495, null);

INSERT INTO Child VALUES ('124954', 'Child599', '599child', '2006-02-02', null, null, '../../Pictures/default.jpg', null);

INSERT INTO ChildcareTransaction VALUES ('1000000598', 'Regular Childcare', '100598', '2014-03-24', '12:00:00', '14:00:00', 20.50);

INSERT INTO AllowedConnections VALUES ('100599', '124950', '124955', 12495, null);

INSERT INTO Child VALUES ('124955', 'Child600', '600child', '2006-02-02', null, null, '../../Pictures/default.jpg', null);

INSERT INTO ChildcareTransaction VALUES ('1000000599', 'Regular Childcare', '100599', '2014-12-01', '12:00:00', '14:00:00', 20.50);

INSERT INTO Guardian VALUES ('124950', '1234', 'Guardian150', '150guardian', '555-555-5555', 'blah@blah.com', '123 nowhere', null, 'Spokane', 'WA', '99999', '../../Pictures/default.jpg', null);

INSERT INTO Family VALUES ('12495', 42);

INSERT INTO Guardian VALUES ('124951', '1234', 'Guardian2150', '1502guardian', '555-555-5555', 'blah@blah.com', '123 nowhere', null, 'Spokane', 'WA', '99999', '../../Pictures/default.jpg', null);

INSERT INTO AllowedConnections VALUES ('100600', '124960', '124962', 12496, null);

INSERT INTO Child VALUES ('124962', 'Child601', '601child', '2006-02-02', null, null, '../../Pictures/default.jpg', null);

INSERT INTO ChildcareTransaction VALUES ('1000000600', 'Regular Childcare', '100600', '2014-11-22', '12:00:00', '14:00:00', 20.50);

INSERT INTO AllowedConnections VALUES ('100601', '124960', '124963', 12496, null);

INSERT INTO Child VALUES ('124963', 'Child602', '602child', '2006-02-02', null, null, '../../Pictures/default.jpg', null);

INSERT INTO ChildcareTransaction VALUES ('1000000601', 'Regular Childcare', '100601', '2014-12-26', '12:00:00', '14:00:00', 20.50);

INSERT INTO AllowedConnections VALUES ('100602', '124960', '124964', 12496, null);

INSERT INTO Child VALUES ('124964', 'Child603', '603child', '2006-02-02', null, null, '../../Pictures/default.jpg', null);

INSERT INTO ChildcareTransaction VALUES ('1000000602', 'Regular Childcare', '100602', '2014-06-23', '12:00:00', '14:00:00', 20.50);

INSERT INTO AllowedConnections VALUES ('100603', '124960', '124965', 12496, null);

INSERT INTO Child VALUES ('124965', 'Child604', '604child', '2006-02-02', null, null, '../../Pictures/default.jpg', null);

INSERT INTO ChildcareTransaction VALUES ('1000000603', 'Regular Childcare', '100603', '2014-04-17', '12:00:00', '14:00:00', 20.50);

INSERT INTO Guardian VALUES ('124960', '1234', 'Guardian151', '151guardian', '555-555-5555', 'blah@blah.com', '123 nowhere', null, 'Spokane', 'WA', '99999', '../../Pictures/default.jpg', null);

INSERT INTO Family VALUES ('12496', 42);

INSERT INTO Guardian VALUES ('124961', '1234', 'Guardian2151', '1512guardian', '555-555-5555', 'blah@blah.com', '123 nowhere', null, 'Spokane', 'WA', '99999', '../../Pictures/default.jpg', null);

INSERT INTO AllowedConnections VALUES ('100604', '124970', '124972', 12497, null);

INSERT INTO Child VALUES ('124972', 'Child605', '605child', '2006-02-02', null, null, '../../Pictures/default.jpg', null);

INSERT INTO ChildcareTransaction VALUES ('1000000604', 'Regular Childcare', '100604', '2014-07-20', '12:00:00', '14:00:00', 20.50);

INSERT INTO AllowedConnections VALUES ('100605', '124970', '124973', 12497, null);

INSERT INTO Child VALUES ('124973', 'Child606', '606child', '2006-02-02', null, null, '../../Pictures/default.jpg', null);

INSERT INTO ChildcareTransaction VALUES ('1000000605', 'Regular Childcare', '100605', '2014-06-20', '12:00:00', '14:00:00', 20.50);

INSERT INTO AllowedConnections VALUES ('100606', '124970', '124974', 12497, null);

INSERT INTO Child VALUES ('124974', 'Child607', '607child', '2006-02-02', null, null, '../../Pictures/default.jpg', null);

INSERT INTO ChildcareTransaction VALUES ('1000000606', 'Regular Childcare', '100606', '2014-12-01', '12:00:00', '14:00:00', 20.50);

INSERT INTO AllowedConnections VALUES ('100607', '124970', '124975', 12497, null);

INSERT INTO Child VALUES ('124975', 'Child608', '608child', '2006-02-02', null, null, '../../Pictures/default.jpg', null);

INSERT INTO ChildcareTransaction VALUES ('1000000607', 'Regular Childcare', '100607', '2014-08-02', '12:00:00', '14:00:00', 20.50);

INSERT INTO Guardian VALUES ('124970', '1234', 'Guardian152', '152guardian', '555-555-5555', 'blah@blah.com', '123 nowhere', null, 'Spokane', 'WA', '99999', '../../Pictures/default.jpg', null);

INSERT INTO Family VALUES ('12497', 42);

INSERT INTO Guardian VALUES ('124971', '1234', 'Guardian2152', '1522guardian', '555-555-5555', 'blah@blah.com', '123 nowhere', null, 'Spokane', 'WA', '99999', '../../Pictures/default.jpg', null);

INSERT INTO AllowedConnections VALUES ('100608', '124980', '124982', 12498, null);

INSERT INTO Child VALUES ('124982', 'Child609', '609child', '2006-02-02', null, null, '../../Pictures/default.jpg', null);

INSERT INTO ChildcareTransaction VALUES ('1000000608', 'Regular Childcare', '100608', '2014-09-22', '12:00:00', '14:00:00', 20.50);

INSERT INTO AllowedConnections VALUES ('100609', '124980', '124983', 12498, null);

INSERT INTO Child VALUES ('124983', 'Child610', '610child', '2006-02-02', null, null, '../../Pictures/default.jpg', null);

INSERT INTO ChildcareTransaction VALUES ('1000000609', 'Regular Childcare', '100609', '2014-09-28', '12:00:00', '14:00:00', 20.50);

INSERT INTO AllowedConnections VALUES ('100610', '124980', '124984', 12498, null);

INSERT INTO Child VALUES ('124984', 'Child611', '611child', '2006-02-02', null, null, '../../Pictures/default.jpg', null);

INSERT INTO ChildcareTransaction VALUES ('1000000610', 'Regular Childcare', '100610', '2014-04-11', '12:00:00', '14:00:00', 20.50);

INSERT INTO AllowedConnections VALUES ('100611', '124980', '124985', 12498, null);

INSERT INTO Child VALUES ('124985', 'Child612', '612child', '2006-02-02', null, null, '../../Pictures/default.jpg', null);

INSERT INTO ChildcareTransaction VALUES ('1000000611', 'Regular Childcare', '100611', '2014-02-23', '12:00:00', '14:00:00', 20.50);

INSERT INTO Guardian VALUES ('124980', '1234', 'Guardian153', '153guardian', '555-555-5555', 'blah@blah.com', '123 nowhere', null, 'Spokane', 'WA', '99999', '../../Pictures/default.jpg', null);

INSERT INTO Family VALUES ('12498', 42);

INSERT INTO Guardian VALUES ('124981', '1234', 'Guardian2153', '1532guardian', '555-555-5555', 'blah@blah.com', '123 nowhere', null, 'Spokane', 'WA', '99999', '../../Pictures/default.jpg', null);

INSERT INTO AllowedConnections VALUES ('100612', '124990', '124992', 12499, null);

INSERT INTO Child VALUES ('124992', 'Child613', '613child', '2006-02-02', null, null, '../../Pictures/default.jpg', null);

INSERT INTO ChildcareTransaction VALUES ('1000000612', 'Regular Childcare', '100612', '2014-04-19', '12:00:00', '14:00:00', 20.50);

INSERT INTO AllowedConnections VALUES ('100613', '124990', '124993', 12499, null);

INSERT INTO Child VALUES ('124993', 'Child614', '614child', '2006-02-02', null, null, '../../Pictures/default.jpg', null);

INSERT INTO ChildcareTransaction VALUES ('1000000613', 'Regular Childcare', '100613', '2014-04-12', '12:00:00', '14:00:00', 20.50);

INSERT INTO AllowedConnections VALUES ('100614', '124990', '124994', 12499, null);

INSERT INTO Child VALUES ('124994', 'Child615', '615child', '2006-02-02', null, null, '../../Pictures/default.jpg', null);

INSERT INTO ChildcareTransaction VALUES ('1000000614', 'Regular Childcare', '100614', '2014-04-10', '12:00:00', '14:00:00', 20.50);

INSERT INTO AllowedConnections VALUES ('100615', '124990', '124995', 12499, null);

INSERT INTO Child VALUES ('124995', 'Child616', '616child', '2006-02-02', null, null, '../../Pictures/default.jpg', null);

INSERT INTO ChildcareTransaction VALUES ('1000000615', 'Regular Childcare', '100615', '2014-03-28', '12:00:00', '14:00:00', 20.50);

INSERT INTO Guardian VALUES ('124990', '1234', 'Guardian154', '154guardian', '555-555-5555', 'blah@blah.com', '123 nowhere', null, 'Spokane', 'WA', '99999', '../../Pictures/default.jpg', null);

INSERT INTO Family VALUES ('12499', 42);

INSERT INTO Guardian VALUES ('124991', '1234', 'Guardian2154', '1542guardian', '555-555-5555', 'blah@blah.com', '123 nowhere', null, 'Spokane', 'WA', '99999', '../../Pictures/default.jpg', null);

INSERT INTO AllowedConnections VALUES ('100616', '125000', '125002', 12500, null);

INSERT INTO Child VALUES ('125002', 'Child617', '617child', '2006-02-02', null, null, '../../Pictures/default.jpg', null);

INSERT INTO ChildcareTransaction VALUES ('1000000616', 'Regular Childcare', '100616', '2014-10-15', '12:00:00', '14:00:00', 20.50);

INSERT INTO AllowedConnections VALUES ('100617', '125000', '125003', 12500, null);

INSERT INTO Child VALUES ('125003', 'Child618', '618child', '2006-02-02', null, null, '../../Pictures/default.jpg', null);

INSERT INTO ChildcareTransaction VALUES ('1000000617', 'Regular Childcare', '100617', '2014-12-22', '12:00:00', '14:00:00', 20.50);

INSERT INTO AllowedConnections VALUES ('100618', '125000', '125004', 12500, null);

INSERT INTO Child VALUES ('125004', 'Child619', '619child', '2006-02-02', null, null, '../../Pictures/default.jpg', null);

INSERT INTO ChildcareTransaction VALUES ('1000000618', 'Regular Childcare', '100618', '2014-03-02', '12:00:00', '14:00:00', 20.50);

INSERT INTO AllowedConnections VALUES ('100619', '125000', '125005', 12500, null);

INSERT INTO Child VALUES ('125005', 'Child620', '620child', '2006-02-02', null, null, '../../Pictures/default.jpg', null);

INSERT INTO ChildcareTransaction VALUES ('1000000619', 'Regular Childcare', '100619', '2014-04-21', '12:00:00', '14:00:00', 20.50);

INSERT INTO Guardian VALUES ('125000', '1234', 'Guardian155', '155guardian', '555-555-5555', 'blah@blah.com', '123 nowhere', null, 'Spokane', 'WA', '99999', '../../Pictures/default.jpg', null);

INSERT INTO Family VALUES ('12500', 42);

INSERT INTO Guardian VALUES ('125001', '1234', 'Guardian2155', '1552guardian', '555-555-5555', 'blah@blah.com', '123 nowhere', null, 'Spokane', 'WA', '99999', '../../Pictures/default.jpg', null);

INSERT INTO AllowedConnections VALUES ('100620', '125010', '125012', 12501, null);

INSERT INTO Child VALUES ('125012', 'Child621', '621child', '2006-02-02', null, null, '../../Pictures/default.jpg', null);

INSERT INTO ChildcareTransaction VALUES ('1000000620', 'Regular Childcare', '100620', '2014-05-11', '12:00:00', '14:00:00', 20.50);

INSERT INTO AllowedConnections VALUES ('100621', '125010', '125013', 12501, null);

INSERT INTO Child VALUES ('125013', 'Child622', '622child', '2006-02-02', null, null, '../../Pictures/default.jpg', null);

INSERT INTO ChildcareTransaction VALUES ('1000000621', 'Regular Childcare', '100621', '2014-08-16', '12:00:00', '14:00:00', 20.50);

INSERT INTO AllowedConnections VALUES ('100622', '125010', '125014', 12501, null);

INSERT INTO Child VALUES ('125014', 'Child623', '623child', '2006-02-02', null, null, '../../Pictures/default.jpg', null);

INSERT INTO ChildcareTransaction VALUES ('1000000622', 'Regular Childcare', '100622', '2014-12-25', '12:00:00', '14:00:00', 20.50);

INSERT INTO AllowedConnections VALUES ('100623', '125010', '125015', 12501, null);

INSERT INTO Child VALUES ('125015', 'Child624', '624child', '2006-02-02', null, null, '../../Pictures/default.jpg', null);

INSERT INTO ChildcareTransaction VALUES ('1000000623', 'Regular Childcare', '100623', '2014-03-01', '12:00:00', '14:00:00', 20.50);

INSERT INTO Guardian VALUES ('125010', '1234', 'Guardian156', '156guardian', '555-555-5555', 'blah@blah.com', '123 nowhere', null, 'Spokane', 'WA', '99999', '../../Pictures/default.jpg', null);

INSERT INTO Family VALUES ('12501', 42);

INSERT INTO Guardian VALUES ('125011', '1234', 'Guardian2156', '1562guardian', '555-555-5555', 'blah@blah.com', '123 nowhere', null, 'Spokane', 'WA', '99999', '../../Pictures/default.jpg', null);

INSERT INTO AllowedConnections VALUES ('100624', '125020', '125022', 12502, null);

INSERT INTO Child VALUES ('125022', 'Child625', '625child', '2006-02-02', null, null, '../../Pictures/default.jpg', null);

INSERT INTO ChildcareTransaction VALUES ('1000000624', 'Regular Childcare', '100624', '2014-04-19', '12:00:00', '14:00:00', 20.50);

INSERT INTO AllowedConnections VALUES ('100625', '125020', '125023', 12502, null);

INSERT INTO Child VALUES ('125023', 'Child626', '626child', '2006-02-02', null, null, '../../Pictures/default.jpg', null);

INSERT INTO ChildcareTransaction VALUES ('1000000625', 'Regular Childcare', '100625', '2014-01-15', '12:00:00', '14:00:00', 20.50);

INSERT INTO AllowedConnections VALUES ('100626', '125020', '125024', 12502, null);

INSERT INTO Child VALUES ('125024', 'Child627', '627child', '2006-02-02', null, null, '../../Pictures/default.jpg', null);

INSERT INTO ChildcareTransaction VALUES ('1000000626', 'Regular Childcare', '100626', '2014-07-17', '12:00:00', '14:00:00', 20.50);

INSERT INTO AllowedConnections VALUES ('100627', '125020', '125025', 12502, null);

INSERT INTO Child VALUES ('125025', 'Child628', '628child', '2006-02-02', null, null, '../../Pictures/default.jpg', null);

INSERT INTO ChildcareTransaction VALUES ('1000000627', 'Regular Childcare', '100627', '2014-10-24', '12:00:00', '14:00:00', 20.50);

INSERT INTO Guardian VALUES ('125020', '1234', 'Guardian157', '157guardian', '555-555-5555', 'blah@blah.com', '123 nowhere', null, 'Spokane', 'WA', '99999', '../../Pictures/default.jpg', null);

INSERT INTO Family VALUES ('12502', 42);

INSERT INTO Guardian VALUES ('125021', '1234', 'Guardian2157', '1572guardian', '555-555-5555', 'blah@blah.com', '123 nowhere', null, 'Spokane', 'WA', '99999', '../../Pictures/default.jpg', null);

INSERT INTO AllowedConnections VALUES ('100628', '125030', '125032', 12503, null);

INSERT INTO Child VALUES ('125032', 'Child629', '629child', '2006-02-02', null, null, '../../Pictures/default.jpg', null);

INSERT INTO ChildcareTransaction VALUES ('1000000628', 'Regular Childcare', '100628', '2014-01-27', '12:00:00', '14:00:00', 20.50);

INSERT INTO AllowedConnections VALUES ('100629', '125030', '125033', 12503, null);

INSERT INTO Child VALUES ('125033', 'Child630', '630child', '2006-02-02', null, null, '../../Pictures/default.jpg', null);

INSERT INTO ChildcareTransaction VALUES ('1000000629', 'Regular Childcare', '100629', '2014-02-23', '12:00:00', '14:00:00', 20.50);

INSERT INTO AllowedConnections VALUES ('100630', '125030', '125034', 12503, null);

INSERT INTO Child VALUES ('125034', 'Child631', '631child', '2006-02-02', null, null, '../../Pictures/default.jpg', null);

INSERT INTO ChildcareTransaction VALUES ('1000000630', 'Regular Childcare', '100630', '2014-11-21', '12:00:00', '14:00:00', 20.50);

INSERT INTO AllowedConnections VALUES ('100631', '125030', '125035', 12503, null);

INSERT INTO Child VALUES ('125035', 'Child632', '632child', '2006-02-02', null, null, '../../Pictures/default.jpg', null);

INSERT INTO ChildcareTransaction VALUES ('1000000631', 'Regular Childcare', '100631', '2014-08-09', '12:00:00', '14:00:00', 20.50);

INSERT INTO Guardian VALUES ('125030', '1234', 'Guardian158', '158guardian', '555-555-5555', 'blah@blah.com', '123 nowhere', null, 'Spokane', 'WA', '99999', '../../Pictures/default.jpg', null);

INSERT INTO Family VALUES ('12503', 42);

INSERT INTO Guardian VALUES ('125031', '1234', 'Guardian2158', '1582guardian', '555-555-5555', 'blah@blah.com', '123 nowhere', null, 'Spokane', 'WA', '99999', '../../Pictures/default.jpg', null);

INSERT INTO AllowedConnections VALUES ('100632', '125040', '125042', 12504, null);

INSERT INTO Child VALUES ('125042', 'Child633', '633child', '2006-02-02', null, null, '../../Pictures/default.jpg', null);

INSERT INTO ChildcareTransaction VALUES ('1000000632', 'Regular Childcare', '100632', '2014-10-04', '12:00:00', '14:00:00', 20.50);

INSERT INTO AllowedConnections VALUES ('100633', '125040', '125043', 12504, null);

INSERT INTO Child VALUES ('125043', 'Child634', '634child', '2006-02-02', null, null, '../../Pictures/default.jpg', null);

INSERT INTO ChildcareTransaction VALUES ('1000000633', 'Regular Childcare', '100633', '2014-03-14', '12:00:00', '14:00:00', 20.50);

INSERT INTO AllowedConnections VALUES ('100634', '125040', '125044', 12504, null);

INSERT INTO Child VALUES ('125044', 'Child635', '635child', '2006-02-02', null, null, '../../Pictures/default.jpg', null);

INSERT INTO ChildcareTransaction VALUES ('1000000634', 'Regular Childcare', '100634', '2014-09-26', '12:00:00', '14:00:00', 20.50);

INSERT INTO AllowedConnections VALUES ('100635', '125040', '125045', 12504, null);

INSERT INTO Child VALUES ('125045', 'Child636', '636child', '2006-02-02', null, null, '../../Pictures/default.jpg', null);

INSERT INTO ChildcareTransaction VALUES ('1000000635', 'Regular Childcare', '100635', '2014-06-26', '12:00:00', '14:00:00', 20.50);

INSERT INTO Guardian VALUES ('125040', '1234', 'Guardian159', '159guardian', '555-555-5555', 'blah@blah.com', '123 nowhere', null, 'Spokane', 'WA', '99999', '../../Pictures/default.jpg', null);

INSERT INTO Family VALUES ('12504', 42);

INSERT INTO Guardian VALUES ('125041', '1234', 'Guardian2159', '1592guardian', '555-555-5555', 'blah@blah.com', '123 nowhere', null, 'Spokane', 'WA', '99999', '../../Pictures/default.jpg', null);

INSERT INTO AllowedConnections VALUES ('100636', '125050', '125052', 12505, null);

INSERT INTO Child VALUES ('125052', 'Child637', '637child', '2006-02-02', null, null, '../../Pictures/default.jpg', null);

INSERT INTO ChildcareTransaction VALUES ('1000000636', 'Regular Childcare', '100636', '2014-11-19', '12:00:00', '14:00:00', 20.50);

INSERT INTO AllowedConnections VALUES ('100637', '125050', '125053', 12505, null);

INSERT INTO Child VALUES ('125053', 'Child638', '638child', '2006-02-02', null, null, '../../Pictures/default.jpg', null);

INSERT INTO ChildcareTransaction VALUES ('1000000637', 'Regular Childcare', '100637', '2014-05-24', '12:00:00', '14:00:00', 20.50);

INSERT INTO AllowedConnections VALUES ('100638', '125050', '125054', 12505, null);

INSERT INTO Child VALUES ('125054', 'Child639', '639child', '2006-02-02', null, null, '../../Pictures/default.jpg', null);

INSERT INTO ChildcareTransaction VALUES ('1000000638', 'Regular Childcare', '100638', '2014-03-13', '12:00:00', '14:00:00', 20.50);

INSERT INTO AllowedConnections VALUES ('100639', '125050', '125055', 12505, null);

INSERT INTO Child VALUES ('125055', 'Child640', '640child', '2006-02-02', null, null, '../../Pictures/default.jpg', null);

INSERT INTO ChildcareTransaction VALUES ('1000000639', 'Regular Childcare', '100639', '2014-01-18', '12:00:00', '14:00:00', 20.50);

INSERT INTO Guardian VALUES ('125050', '1234', 'Guardian160', '160guardian', '555-555-5555', 'blah@blah.com', '123 nowhere', null, 'Spokane', 'WA', '99999', '../../Pictures/default.jpg', null);

INSERT INTO Family VALUES ('12505', 42);

INSERT INTO Guardian VALUES ('125051', '1234', 'Guardian2160', '1602guardian', '555-555-5555', 'blah@blah.com', '123 nowhere', null, 'Spokane', 'WA', '99999', '../../Pictures/default.jpg', null);

INSERT INTO AllowedConnections VALUES ('100640', '125060', '125062', 12506, null);

INSERT INTO Child VALUES ('125062', 'Child641', '641child', '2006-02-02', null, null, '../../Pictures/default.jpg', null);

INSERT INTO ChildcareTransaction VALUES ('1000000640', 'Regular Childcare', '100640', '2014-02-26', '12:00:00', '14:00:00', 20.50);

INSERT INTO AllowedConnections VALUES ('100641', '125060', '125063', 12506, null);

INSERT INTO Child VALUES ('125063', 'Child642', '642child', '2006-02-02', null, null, '../../Pictures/default.jpg', null);

INSERT INTO ChildcareTransaction VALUES ('1000000641', 'Regular Childcare', '100641', '2014-12-09', '12:00:00', '14:00:00', 20.50);

INSERT INTO AllowedConnections VALUES ('100642', '125060', '125064', 12506, null);

INSERT INTO Child VALUES ('125064', 'Child643', '643child', '2006-02-02', null, null, '../../Pictures/default.jpg', null);

INSERT INTO ChildcareTransaction VALUES ('1000000642', 'Regular Childcare', '100642', '2014-09-10', '12:00:00', '14:00:00', 20.50);

INSERT INTO AllowedConnections VALUES ('100643', '125060', '125065', 12506, null);

INSERT INTO Child VALUES ('125065', 'Child644', '644child', '2006-02-02', null, null, '../../Pictures/default.jpg', null);

INSERT INTO ChildcareTransaction VALUES ('1000000643', 'Regular Childcare', '100643', '2014-07-25', '12:00:00', '14:00:00', 20.50);

INSERT INTO Guardian VALUES ('125060', '1234', 'Guardian161', '161guardian', '555-555-5555', 'blah@blah.com', '123 nowhere', null, 'Spokane', 'WA', '99999', '../../Pictures/default.jpg', null);

INSERT INTO Family VALUES ('12506', 42);

INSERT INTO Guardian VALUES ('125061', '1234', 'Guardian2161', '1612guardian', '555-555-5555', 'blah@blah.com', '123 nowhere', null, 'Spokane', 'WA', '99999', '../../Pictures/default.jpg', null);

INSERT INTO AllowedConnections VALUES ('100644', '125070', '125072', 12507, null);

INSERT INTO Child VALUES ('125072', 'Child645', '645child', '2006-02-02', null, null, '../../Pictures/default.jpg', null);

INSERT INTO ChildcareTransaction VALUES ('1000000644', 'Regular Childcare', '100644', '2014-04-26', '12:00:00', '14:00:00', 20.50);

INSERT INTO AllowedConnections VALUES ('100645', '125070', '125073', 12507, null);

INSERT INTO Child VALUES ('125073', 'Child646', '646child', '2006-02-02', null, null, '../../Pictures/default.jpg', null);

INSERT INTO ChildcareTransaction VALUES ('1000000645', 'Regular Childcare', '100645', '2014-10-02', '12:00:00', '14:00:00', 20.50);

INSERT INTO AllowedConnections VALUES ('100646', '125070', '125074', 12507, null);

INSERT INTO Child VALUES ('125074', 'Child647', '647child', '2006-02-02', null, null, '../../Pictures/default.jpg', null);

INSERT INTO ChildcareTransaction VALUES ('1000000646', 'Regular Childcare', '100646', '2014-02-17', '12:00:00', '14:00:00', 20.50);

INSERT INTO AllowedConnections VALUES ('100647', '125070', '125075', 12507, null);

INSERT INTO Child VALUES ('125075', 'Child648', '648child', '2006-02-02', null, null, '../../Pictures/default.jpg', null);

INSERT INTO ChildcareTransaction VALUES ('1000000647', 'Regular Childcare', '100647', '2014-10-23', '12:00:00', '14:00:00', 20.50);

INSERT INTO Guardian VALUES ('125070', '1234', 'Guardian162', '162guardian', '555-555-5555', 'blah@blah.com', '123 nowhere', null, 'Spokane', 'WA', '99999', '../../Pictures/default.jpg', null);

INSERT INTO Family VALUES ('12507', 42);

INSERT INTO Guardian VALUES ('125071', '1234', 'Guardian2162', '1622guardian', '555-555-5555', 'blah@blah.com', '123 nowhere', null, 'Spokane', 'WA', '99999', '../../Pictures/default.jpg', null);

INSERT INTO AllowedConnections VALUES ('100648', '125080', '125082', 12508, null);

INSERT INTO Child VALUES ('125082', 'Child649', '649child', '2006-02-02', null, null, '../../Pictures/default.jpg', null);

INSERT INTO ChildcareTransaction VALUES ('1000000648', 'Regular Childcare', '100648', '2014-06-09', '12:00:00', '14:00:00', 20.50);

INSERT INTO AllowedConnections VALUES ('100649', '125080', '125083', 12508, null);

INSERT INTO Child VALUES ('125083', 'Child650', '650child', '2006-02-02', null, null, '../../Pictures/default.jpg', null);

INSERT INTO ChildcareTransaction VALUES ('1000000649', 'Regular Childcare', '100649', '2014-03-17', '12:00:00', '14:00:00', 20.50);

INSERT INTO AllowedConnections VALUES ('100650', '125080', '125084', 12508, null);

INSERT INTO Child VALUES ('125084', 'Child651', '651child', '2006-02-02', null, null, '../../Pictures/default.jpg', null);

INSERT INTO ChildcareTransaction VALUES ('1000000650', 'Regular Childcare', '100650', '2014-11-23', '12:00:00', '14:00:00', 20.50);

INSERT INTO AllowedConnections VALUES ('100651', '125080', '125085', 12508, null);

INSERT INTO Child VALUES ('125085', 'Child652', '652child', '2006-02-02', null, null, '../../Pictures/default.jpg', null);

INSERT INTO ChildcareTransaction VALUES ('1000000651', 'Regular Childcare', '100651', '2014-12-23', '12:00:00', '14:00:00', 20.50);

INSERT INTO Guardian VALUES ('125080', '1234', 'Guardian163', '163guardian', '555-555-5555', 'blah@blah.com', '123 nowhere', null, 'Spokane', 'WA', '99999', '../../Pictures/default.jpg', null);

INSERT INTO Family VALUES ('12508', 42);

INSERT INTO Guardian VALUES ('125081', '1234', 'Guardian2163', '1632guardian', '555-555-5555', 'blah@blah.com', '123 nowhere', null, 'Spokane', 'WA', '99999', '../../Pictures/default.jpg', null);

INSERT INTO AllowedConnections VALUES ('100652', '125090', '125092', 12509, null);

INSERT INTO Child VALUES ('125092', 'Child653', '653child', '2006-02-02', null, null, '../../Pictures/default.jpg', null);

INSERT INTO ChildcareTransaction VALUES ('1000000652', 'Regular Childcare', '100652', '2014-12-02', '12:00:00', '14:00:00', 20.50);

INSERT INTO AllowedConnections VALUES ('100653', '125090', '125093', 12509, null);

INSERT INTO Child VALUES ('125093', 'Child654', '654child', '2006-02-02', null, null, '../../Pictures/default.jpg', null);

INSERT INTO ChildcareTransaction VALUES ('1000000653', 'Regular Childcare', '100653', '2014-09-26', '12:00:00', '14:00:00', 20.50);

INSERT INTO AllowedConnections VALUES ('100654', '125090', '125094', 12509, null);

INSERT INTO Child VALUES ('125094', 'Child655', '655child', '2006-02-02', null, null, '../../Pictures/default.jpg', null);

INSERT INTO ChildcareTransaction VALUES ('1000000654', 'Regular Childcare', '100654', '2014-08-15', '12:00:00', '14:00:00', 20.50);

INSERT INTO AllowedConnections VALUES ('100655', '125090', '125095', 12509, null);

INSERT INTO Child VALUES ('125095', 'Child656', '656child', '2006-02-02', null, null, '../../Pictures/default.jpg', null);

INSERT INTO ChildcareTransaction VALUES ('1000000655', 'Regular Childcare', '100655', '2014-05-08', '12:00:00', '14:00:00', 20.50);

INSERT INTO Guardian VALUES ('125090', '1234', 'Guardian164', '164guardian', '555-555-5555', 'blah@blah.com', '123 nowhere', null, 'Spokane', 'WA', '99999', '../../Pictures/default.jpg', null);

INSERT INTO Family VALUES ('12509', 42);

INSERT INTO Guardian VALUES ('125091', '1234', 'Guardian2164', '1642guardian', '555-555-5555', 'blah@blah.com', '123 nowhere', null, 'Spokane', 'WA', '99999', '../../Pictures/default.jpg', null);

INSERT INTO AllowedConnections VALUES ('100656', '125100', '125102', 12510, null);

INSERT INTO Child VALUES ('125102', 'Child657', '657child', '2006-02-02', null, null, '../../Pictures/default.jpg', null);

INSERT INTO ChildcareTransaction VALUES ('1000000656', 'Regular Childcare', '100656', '2014-11-08', '12:00:00', '14:00:00', 20.50);

INSERT INTO AllowedConnections VALUES ('100657', '125100', '125103', 12510, null);

INSERT INTO Child VALUES ('125103', 'Child658', '658child', '2006-02-02', null, null, '../../Pictures/default.jpg', null);

INSERT INTO ChildcareTransaction VALUES ('1000000657', 'Regular Childcare', '100657', '2014-05-02', '12:00:00', '14:00:00', 20.50);

INSERT INTO AllowedConnections VALUES ('100658', '125100', '125104', 12510, null);

INSERT INTO Child VALUES ('125104', 'Child659', '659child', '2006-02-02', null, null, '../../Pictures/default.jpg', null);

INSERT INTO ChildcareTransaction VALUES ('1000000658', 'Regular Childcare', '100658', '2014-04-23', '12:00:00', '14:00:00', 20.50);

INSERT INTO AllowedConnections VALUES ('100659', '125100', '125105', 12510, null);

INSERT INTO Child VALUES ('125105', 'Child660', '660child', '2006-02-02', null, null, '../../Pictures/default.jpg', null);

INSERT INTO ChildcareTransaction VALUES ('1000000659', 'Regular Childcare', '100659', '2014-11-21', '12:00:00', '14:00:00', 20.50);

INSERT INTO Guardian VALUES ('125100', '1234', 'Guardian165', '165guardian', '555-555-5555', 'blah@blah.com', '123 nowhere', null, 'Spokane', 'WA', '99999', '../../Pictures/default.jpg', null);

INSERT INTO Family VALUES ('12510', 42);

INSERT INTO Guardian VALUES ('125101', '1234', 'Guardian2165', '1652guardian', '555-555-5555', 'blah@blah.com', '123 nowhere', null, 'Spokane', 'WA', '99999', '../../Pictures/default.jpg', null);

INSERT INTO AllowedConnections VALUES ('100660', '125110', '125112', 12511, null);

INSERT INTO Child VALUES ('125112', 'Child661', '661child', '2006-02-02', null, null, '../../Pictures/default.jpg', null);

INSERT INTO ChildcareTransaction VALUES ('1000000660', 'Regular Childcare', '100660', '2014-06-10', '12:00:00', '14:00:00', 20.50);

INSERT INTO AllowedConnections VALUES ('100661', '125110', '125113', 12511, null);

INSERT INTO Child VALUES ('125113', 'Child662', '662child', '2006-02-02', null, null, '../../Pictures/default.jpg', null);

INSERT INTO ChildcareTransaction VALUES ('1000000661', 'Regular Childcare', '100661', '2014-02-24', '12:00:00', '14:00:00', 20.50);

INSERT INTO AllowedConnections VALUES ('100662', '125110', '125114', 12511, null);

INSERT INTO Child VALUES ('125114', 'Child663', '663child', '2006-02-02', null, null, '../../Pictures/default.jpg', null);

INSERT INTO ChildcareTransaction VALUES ('1000000662', 'Regular Childcare', '100662', '2014-07-24', '12:00:00', '14:00:00', 20.50);

INSERT INTO AllowedConnections VALUES ('100663', '125110', '125115', 12511, null);

INSERT INTO Child VALUES ('125115', 'Child664', '664child', '2006-02-02', null, null, '../../Pictures/default.jpg', null);

INSERT INTO ChildcareTransaction VALUES ('1000000663', 'Regular Childcare', '100663', '2014-11-26', '12:00:00', '14:00:00', 20.50);

INSERT INTO Guardian VALUES ('125110', '1234', 'Guardian166', '166guardian', '555-555-5555', 'blah@blah.com', '123 nowhere', null, 'Spokane', 'WA', '99999', '../../Pictures/default.jpg', null);

INSERT INTO Family VALUES ('12511', 42);

INSERT INTO Guardian VALUES ('125111', '1234', 'Guardian2166', '1662guardian', '555-555-5555', 'blah@blah.com', '123 nowhere', null, 'Spokane', 'WA', '99999', '../../Pictures/default.jpg', null);

INSERT INTO AllowedConnections VALUES ('100664', '125120', '125122', 12512, null);

INSERT INTO Child VALUES ('125122', 'Child665', '665child', '2006-02-02', null, null, '../../Pictures/default.jpg', null);

INSERT INTO ChildcareTransaction VALUES ('1000000664', 'Regular Childcare', '100664', '2014-06-20', '12:00:00', '14:00:00', 20.50);

INSERT INTO AllowedConnections VALUES ('100665', '125120', '125123', 12512, null);

INSERT INTO Child VALUES ('125123', 'Child666', '666child', '2006-02-02', null, null, '../../Pictures/default.jpg', null);

INSERT INTO ChildcareTransaction VALUES ('1000000665', 'Regular Childcare', '100665', '2014-11-23', '12:00:00', '14:00:00', 20.50);

INSERT INTO AllowedConnections VALUES ('100666', '125120', '125124', 12512, null);

INSERT INTO Child VALUES ('125124', 'Child667', '667child', '2006-02-02', null, null, '../../Pictures/default.jpg', null);

INSERT INTO ChildcareTransaction VALUES ('1000000666', 'Regular Childcare', '100666', '2014-07-24', '12:00:00', '14:00:00', 20.50);

INSERT INTO AllowedConnections VALUES ('100667', '125120', '125125', 12512, null);

INSERT INTO Child VALUES ('125125', 'Child668', '668child', '2006-02-02', null, null, '../../Pictures/default.jpg', null);

INSERT INTO ChildcareTransaction VALUES ('1000000667', 'Regular Childcare', '100667', '2014-05-10', '12:00:00', '14:00:00', 20.50);

INSERT INTO Guardian VALUES ('125120', '1234', 'Guardian167', '167guardian', '555-555-5555', 'blah@blah.com', '123 nowhere', null, 'Spokane', 'WA', '99999', '../../Pictures/default.jpg', null);

INSERT INTO Family VALUES ('12512', 42);

INSERT INTO Guardian VALUES ('125121', '1234', 'Guardian2167', '1672guardian', '555-555-5555', 'blah@blah.com', '123 nowhere', null, 'Spokane', 'WA', '99999', '../../Pictures/default.jpg', null);

INSERT INTO AllowedConnections VALUES ('100668', '125130', '125132', 12513, null);

INSERT INTO Child VALUES ('125132', 'Child669', '669child', '2006-02-02', null, null, '../../Pictures/default.jpg', null);

INSERT INTO ChildcareTransaction VALUES ('1000000668', 'Regular Childcare', '100668', '2014-01-09', '12:00:00', '14:00:00', 20.50);

INSERT INTO AllowedConnections VALUES ('100669', '125130', '125133', 12513, null);

INSERT INTO Child VALUES ('125133', 'Child670', '670child', '2006-02-02', null, null, '../../Pictures/default.jpg', null);

INSERT INTO ChildcareTransaction VALUES ('1000000669', 'Regular Childcare', '100669', '2014-10-06', '12:00:00', '14:00:00', 20.50);

INSERT INTO AllowedConnections VALUES ('100670', '125130', '125134', 12513, null);

INSERT INTO Child VALUES ('125134', 'Child671', '671child', '2006-02-02', null, null, '../../Pictures/default.jpg', null);

INSERT INTO ChildcareTransaction VALUES ('1000000670', 'Regular Childcare', '100670', '2014-03-19', '12:00:00', '14:00:00', 20.50);

INSERT INTO AllowedConnections VALUES ('100671', '125130', '125135', 12513, null);

INSERT INTO Child VALUES ('125135', 'Child672', '672child', '2006-02-02', null, null, '../../Pictures/default.jpg', null);

INSERT INTO ChildcareTransaction VALUES ('1000000671', 'Regular Childcare', '100671', '2014-10-16', '12:00:00', '14:00:00', 20.50);

INSERT INTO Guardian VALUES ('125130', '1234', 'Guardian168', '168guardian', '555-555-5555', 'blah@blah.com', '123 nowhere', null, 'Spokane', 'WA', '99999', '../../Pictures/default.jpg', null);

INSERT INTO Family VALUES ('12513', 42);

INSERT INTO Guardian VALUES ('125131', '1234', 'Guardian2168', '1682guardian', '555-555-5555', 'blah@blah.com', '123 nowhere', null, 'Spokane', 'WA', '99999', '../../Pictures/default.jpg', null);

INSERT INTO AllowedConnections VALUES ('100672', '125140', '125142', 12514, null);

INSERT INTO Child VALUES ('125142', 'Child673', '673child', '2006-02-02', null, null, '../../Pictures/default.jpg', null);

INSERT INTO ChildcareTransaction VALUES ('1000000672', 'Regular Childcare', '100672', '2014-07-21', '12:00:00', '14:00:00', 20.50);

INSERT INTO AllowedConnections VALUES ('100673', '125140', '125143', 12514, null);

INSERT INTO Child VALUES ('125143', 'Child674', '674child', '2006-02-02', null, null, '../../Pictures/default.jpg', null);

INSERT INTO ChildcareTransaction VALUES ('1000000673', 'Regular Childcare', '100673', '2014-06-10', '12:00:00', '14:00:00', 20.50);

INSERT INTO AllowedConnections VALUES ('100674', '125140', '125144', 12514, null);

INSERT INTO Child VALUES ('125144', 'Child675', '675child', '2006-02-02', null, null, '../../Pictures/default.jpg', null);

INSERT INTO ChildcareTransaction VALUES ('1000000674', 'Regular Childcare', '100674', '2014-04-21', '12:00:00', '14:00:00', 20.50);

INSERT INTO AllowedConnections VALUES ('100675', '125140', '125145', 12514, null);

INSERT INTO Child VALUES ('125145', 'Child676', '676child', '2006-02-02', null, null, '../../Pictures/default.jpg', null);

INSERT INTO ChildcareTransaction VALUES ('1000000675', 'Regular Childcare', '100675', '2014-09-19', '12:00:00', '14:00:00', 20.50);

INSERT INTO Guardian VALUES ('125140', '1234', 'Guardian169', '169guardian', '555-555-5555', 'blah@blah.com', '123 nowhere', null, 'Spokane', 'WA', '99999', '../../Pictures/default.jpg', null);

INSERT INTO Family VALUES ('12514', 42);

INSERT INTO Guardian VALUES ('125141', '1234', 'Guardian2169', '1692guardian', '555-555-5555', 'blah@blah.com', '123 nowhere', null, 'Spokane', 'WA', '99999', '../../Pictures/default.jpg', null);

INSERT INTO AllowedConnections VALUES ('100676', '125150', '125152', 12515, null);

INSERT INTO Child VALUES ('125152', 'Child677', '677child', '2006-02-02', null, null, '../../Pictures/default.jpg', null);

INSERT INTO ChildcareTransaction VALUES ('1000000676', 'Regular Childcare', '100676', '2014-02-26', '12:00:00', '14:00:00', 20.50);

INSERT INTO AllowedConnections VALUES ('100677', '125150', '125153', 12515, null);

INSERT INTO Child VALUES ('125153', 'Child678', '678child', '2006-02-02', null, null, '../../Pictures/default.jpg', null);

INSERT INTO ChildcareTransaction VALUES ('1000000677', 'Regular Childcare', '100677', '2014-07-19', '12:00:00', '14:00:00', 20.50);

INSERT INTO AllowedConnections VALUES ('100678', '125150', '125154', 12515, null);

INSERT INTO Child VALUES ('125154', 'Child679', '679child', '2006-02-02', null, null, '../../Pictures/default.jpg', null);

INSERT INTO ChildcareTransaction VALUES ('1000000678', 'Regular Childcare', '100678', '2014-09-28', '12:00:00', '14:00:00', 20.50);

INSERT INTO AllowedConnections VALUES ('100679', '125150', '125155', 12515, null);

INSERT INTO Child VALUES ('125155', 'Child680', '680child', '2006-02-02', null, null, '../../Pictures/default.jpg', null);

INSERT INTO ChildcareTransaction VALUES ('1000000679', 'Regular Childcare', '100679', '2014-07-06', '12:00:00', '14:00:00', 20.50);

INSERT INTO Guardian VALUES ('125150', '1234', 'Guardian170', '170guardian', '555-555-5555', 'blah@blah.com', '123 nowhere', null, 'Spokane', 'WA', '99999', '../../Pictures/default.jpg', null);

INSERT INTO Family VALUES ('12515', 42);

INSERT INTO Guardian VALUES ('125151', '1234', 'Guardian2170', '1702guardian', '555-555-5555', 'blah@blah.com', '123 nowhere', null, 'Spokane', 'WA', '99999', '../../Pictures/default.jpg', null);

INSERT INTO AllowedConnections VALUES ('100680', '125160', '125162', 12516, null);

INSERT INTO Child VALUES ('125162', 'Child681', '681child', '2006-02-02', null, null, '../../Pictures/default.jpg', null);

INSERT INTO ChildcareTransaction VALUES ('1000000680', 'Regular Childcare', '100680', '2014-05-20', '12:00:00', '14:00:00', 20.50);

INSERT INTO AllowedConnections VALUES ('100681', '125160', '125163', 12516, null);

INSERT INTO Child VALUES ('125163', 'Child682', '682child', '2006-02-02', null, null, '../../Pictures/default.jpg', null);

INSERT INTO ChildcareTransaction VALUES ('1000000681', 'Regular Childcare', '100681', '2014-04-14', '12:00:00', '14:00:00', 20.50);

INSERT INTO AllowedConnections VALUES ('100682', '125160', '125164', 12516, null);

INSERT INTO Child VALUES ('125164', 'Child683', '683child', '2006-02-02', null, null, '../../Pictures/default.jpg', null);

INSERT INTO ChildcareTransaction VALUES ('1000000682', 'Regular Childcare', '100682', '2014-04-02', '12:00:00', '14:00:00', 20.50);

INSERT INTO AllowedConnections VALUES ('100683', '125160', '125165', 12516, null);

INSERT INTO Child VALUES ('125165', 'Child684', '684child', '2006-02-02', null, null, '../../Pictures/default.jpg', null);

INSERT INTO ChildcareTransaction VALUES ('1000000683', 'Regular Childcare', '100683', '2014-08-14', '12:00:00', '14:00:00', 20.50);

INSERT INTO Guardian VALUES ('125160', '1234', 'Guardian171', '171guardian', '555-555-5555', 'blah@blah.com', '123 nowhere', null, 'Spokane', 'WA', '99999', '../../Pictures/default.jpg', null);

INSERT INTO Family VALUES ('12516', 42);

INSERT INTO Guardian VALUES ('125161', '1234', 'Guardian2171', '1712guardian', '555-555-5555', 'blah@blah.com', '123 nowhere', null, 'Spokane', 'WA', '99999', '../../Pictures/default.jpg', null);

INSERT INTO AllowedConnections VALUES ('100684', '125170', '125172', 12517, null);

INSERT INTO Child VALUES ('125172', 'Child685', '685child', '2006-02-02', null, null, '../../Pictures/default.jpg', null);

INSERT INTO ChildcareTransaction VALUES ('1000000684', 'Regular Childcare', '100684', '2014-09-04', '12:00:00', '14:00:00', 20.50);

INSERT INTO AllowedConnections VALUES ('100685', '125170', '125173', 12517, null);

INSERT INTO Child VALUES ('125173', 'Child686', '686child', '2006-02-02', null, null, '../../Pictures/default.jpg', null);

INSERT INTO ChildcareTransaction VALUES ('1000000685', 'Regular Childcare', '100685', '2014-03-21', '12:00:00', '14:00:00', 20.50);

INSERT INTO AllowedConnections VALUES ('100686', '125170', '125174', 12517, null);

INSERT INTO Child VALUES ('125174', 'Child687', '687child', '2006-02-02', null, null, '../../Pictures/default.jpg', null);

INSERT INTO ChildcareTransaction VALUES ('1000000686', 'Regular Childcare', '100686', '2014-02-04', '12:00:00', '14:00:00', 20.50);

INSERT INTO AllowedConnections VALUES ('100687', '125170', '125175', 12517, null);

INSERT INTO Child VALUES ('125175', 'Child688', '688child', '2006-02-02', null, null, '../../Pictures/default.jpg', null);

INSERT INTO ChildcareTransaction VALUES ('1000000687', 'Regular Childcare', '100687', '2014-01-09', '12:00:00', '14:00:00', 20.50);

INSERT INTO Guardian VALUES ('125170', '1234', 'Guardian172', '172guardian', '555-555-5555', 'blah@blah.com', '123 nowhere', null, 'Spokane', 'WA', '99999', '../../Pictures/default.jpg', null);

INSERT INTO Family VALUES ('12517', 42);

INSERT INTO Guardian VALUES ('125171', '1234', 'Guardian2172', '1722guardian', '555-555-5555', 'blah@blah.com', '123 nowhere', null, 'Spokane', 'WA', '99999', '../../Pictures/default.jpg', null);

INSERT INTO AllowedConnections VALUES ('100688', '125180', '125182', 12518, null);

INSERT INTO Child VALUES ('125182', 'Child689', '689child', '2006-02-02', null, null, '../../Pictures/default.jpg', null);

INSERT INTO ChildcareTransaction VALUES ('1000000688', 'Regular Childcare', '100688', '2014-03-23', '12:00:00', '14:00:00', 20.50);

INSERT INTO AllowedConnections VALUES ('100689', '125180', '125183', 12518, null);

INSERT INTO Child VALUES ('125183', 'Child690', '690child', '2006-02-02', null, null, '../../Pictures/default.jpg', null);

INSERT INTO ChildcareTransaction VALUES ('1000000689', 'Regular Childcare', '100689', '2014-06-07', '12:00:00', '14:00:00', 20.50);

INSERT INTO AllowedConnections VALUES ('100690', '125180', '125184', 12518, null);

INSERT INTO Child VALUES ('125184', 'Child691', '691child', '2006-02-02', null, null, '../../Pictures/default.jpg', null);

INSERT INTO ChildcareTransaction VALUES ('1000000690', 'Regular Childcare', '100690', '2014-09-28', '12:00:00', '14:00:00', 20.50);

INSERT INTO AllowedConnections VALUES ('100691', '125180', '125185', 12518, null);

INSERT INTO Child VALUES ('125185', 'Child692', '692child', '2006-02-02', null, null, '../../Pictures/default.jpg', null);

INSERT INTO ChildcareTransaction VALUES ('1000000691', 'Regular Childcare', '100691', '2014-12-07', '12:00:00', '14:00:00', 20.50);

INSERT INTO Guardian VALUES ('125180', '1234', 'Guardian173', '173guardian', '555-555-5555', 'blah@blah.com', '123 nowhere', null, 'Spokane', 'WA', '99999', '../../Pictures/default.jpg', null);

INSERT INTO Family VALUES ('12518', 42);

INSERT INTO Guardian VALUES ('125181', '1234', 'Guardian2173', '1732guardian', '555-555-5555', 'blah@blah.com', '123 nowhere', null, 'Spokane', 'WA', '99999', '../../Pictures/default.jpg', null);

INSERT INTO AllowedConnections VALUES ('100692', '125190', '125192', 12519, null);

INSERT INTO Child VALUES ('125192', 'Child693', '693child', '2006-02-02', null, null, '../../Pictures/default.jpg', null);

INSERT INTO ChildcareTransaction VALUES ('1000000692', 'Regular Childcare', '100692', '2014-12-12', '12:00:00', '14:00:00', 20.50);

INSERT INTO AllowedConnections VALUES ('100693', '125190', '125193', 12519, null);

INSERT INTO Child VALUES ('125193', 'Child694', '694child', '2006-02-02', null, null, '../../Pictures/default.jpg', null);

INSERT INTO ChildcareTransaction VALUES ('1000000693', 'Regular Childcare', '100693', '2014-05-05', '12:00:00', '14:00:00', 20.50);

INSERT INTO AllowedConnections VALUES ('100694', '125190', '125194', 12519, null);

INSERT INTO Child VALUES ('125194', 'Child695', '695child', '2006-02-02', null, null, '../../Pictures/default.jpg', null);

INSERT INTO ChildcareTransaction VALUES ('1000000694', 'Regular Childcare', '100694', '2014-05-07', '12:00:00', '14:00:00', 20.50);

INSERT INTO AllowedConnections VALUES ('100695', '125190', '125195', 12519, null);

INSERT INTO Child VALUES ('125195', 'Child696', '696child', '2006-02-02', null, null, '../../Pictures/default.jpg', null);

INSERT INTO ChildcareTransaction VALUES ('1000000695', 'Regular Childcare', '100695', '2014-09-21', '12:00:00', '14:00:00', 20.50);

INSERT INTO Guardian VALUES ('125190', '1234', 'Guardian174', '174guardian', '555-555-5555', 'blah@blah.com', '123 nowhere', null, 'Spokane', 'WA', '99999', '../../Pictures/default.jpg', null);

INSERT INTO Family VALUES ('12519', 42);

INSERT INTO Guardian VALUES ('125191', '1234', 'Guardian2174', '1742guardian', '555-555-5555', 'blah@blah.com', '123 nowhere', null, 'Spokane', 'WA', '99999', '../../Pictures/default.jpg', null);

INSERT INTO AllowedConnections VALUES ('100696', '125200', '125202', 12520, null);

INSERT INTO Child VALUES ('125202', 'Child697', '697child', '2006-02-02', null, null, '../../Pictures/default.jpg', null);

INSERT INTO ChildcareTransaction VALUES ('1000000696', 'Regular Childcare', '100696', '2014-04-02', '12:00:00', '14:00:00', 20.50);

INSERT INTO AllowedConnections VALUES ('100697', '125200', '125203', 12520, null);

INSERT INTO Child VALUES ('125203', 'Child698', '698child', '2006-02-02', null, null, '../../Pictures/default.jpg', null);

INSERT INTO ChildcareTransaction VALUES ('1000000697', 'Regular Childcare', '100697', '2014-05-18', '12:00:00', '14:00:00', 20.50);

INSERT INTO AllowedConnections VALUES ('100698', '125200', '125204', 12520, null);

INSERT INTO Child VALUES ('125204', 'Child699', '699child', '2006-02-02', null, null, '../../Pictures/default.jpg', null);

INSERT INTO ChildcareTransaction VALUES ('1000000698', 'Regular Childcare', '100698', '2014-01-06', '12:00:00', '14:00:00', 20.50);

INSERT INTO AllowedConnections VALUES ('100699', '125200', '125205', 12520, null);

INSERT INTO Child VALUES ('125205', 'Child700', '700child', '2006-02-02', null, null, '../../Pictures/default.jpg', null);

INSERT INTO ChildcareTransaction VALUES ('1000000699', 'Regular Childcare', '100699', '2014-09-05', '12:00:00', '14:00:00', 20.50);

INSERT INTO Guardian VALUES ('125200', '1234', 'Guardian175', '175guardian', '555-555-5555', 'blah@blah.com', '123 nowhere', null, 'Spokane', 'WA', '99999', '../../Pictures/default.jpg', null);

INSERT INTO Family VALUES ('12520', 42);

INSERT INTO Guardian VALUES ('125201', '1234', 'Guardian2175', '1752guardian', '555-555-5555', 'blah@blah.com', '123 nowhere', null, 'Spokane', 'WA', '99999', '../../Pictures/default.jpg', null);

INSERT INTO AllowedConnections VALUES ('100700', '125210', '125212', 12521, null);

INSERT INTO Child VALUES ('125212', 'Child701', '701child', '2006-02-02', null, null, '../../Pictures/default.jpg', null);

INSERT INTO ChildcareTransaction VALUES ('1000000700', 'Regular Childcare', '100700', '2014-05-09', '12:00:00', '14:00:00', 20.50);

INSERT INTO AllowedConnections VALUES ('100701', '125210', '125213', 12521, null);

INSERT INTO Child VALUES ('125213', 'Child702', '702child', '2006-02-02', null, null, '../../Pictures/default.jpg', null);

INSERT INTO ChildcareTransaction VALUES ('1000000701', 'Regular Childcare', '100701', '2014-12-28', '12:00:00', '14:00:00', 20.50);

INSERT INTO AllowedConnections VALUES ('100702', '125210', '125214', 12521, null);

INSERT INTO Child VALUES ('125214', 'Child703', '703child', '2006-02-02', null, null, '../../Pictures/default.jpg', null);

INSERT INTO ChildcareTransaction VALUES ('1000000702', 'Regular Childcare', '100702', '2014-02-14', '12:00:00', '14:00:00', 20.50);

INSERT INTO AllowedConnections VALUES ('100703', '125210', '125215', 12521, null);

INSERT INTO Child VALUES ('125215', 'Child704', '704child', '2006-02-02', null, null, '../../Pictures/default.jpg', null);

INSERT INTO ChildcareTransaction VALUES ('1000000703', 'Regular Childcare', '100703', '2014-01-19', '12:00:00', '14:00:00', 20.50);

INSERT INTO Guardian VALUES ('125210', '1234', 'Guardian176', '176guardian', '555-555-5555', 'blah@blah.com', '123 nowhere', null, 'Spokane', 'WA', '99999', '../../Pictures/default.jpg', null);

INSERT INTO Family VALUES ('12521', 42);

INSERT INTO Guardian VALUES ('125211', '1234', 'Guardian2176', '1762guardian', '555-555-5555', 'blah@blah.com', '123 nowhere', null, 'Spokane', 'WA', '99999', '../../Pictures/default.jpg', null);

INSERT INTO AllowedConnections VALUES ('100704', '125220', '125222', 12522, null);

INSERT INTO Child VALUES ('125222', 'Child705', '705child', '2006-02-02', null, null, '../../Pictures/default.jpg', null);

INSERT INTO ChildcareTransaction VALUES ('1000000704', 'Regular Childcare', '100704', '2014-07-22', '12:00:00', '14:00:00', 20.50);

INSERT INTO AllowedConnections VALUES ('100705', '125220', '125223', 12522, null);

INSERT INTO Child VALUES ('125223', 'Child706', '706child', '2006-02-02', null, null, '../../Pictures/default.jpg', null);

INSERT INTO ChildcareTransaction VALUES ('1000000705', 'Regular Childcare', '100705', '2014-11-08', '12:00:00', '14:00:00', 20.50);

INSERT INTO AllowedConnections VALUES ('100706', '125220', '125224', 12522, null);

INSERT INTO Child VALUES ('125224', 'Child707', '707child', '2006-02-02', null, null, '../../Pictures/default.jpg', null);

INSERT INTO ChildcareTransaction VALUES ('1000000706', 'Regular Childcare', '100706', '2014-05-21', '12:00:00', '14:00:00', 20.50);

INSERT INTO AllowedConnections VALUES ('100707', '125220', '125225', 12522, null);

INSERT INTO Child VALUES ('125225', 'Child708', '708child', '2006-02-02', null, null, '../../Pictures/default.jpg', null);

INSERT INTO ChildcareTransaction VALUES ('1000000707', 'Regular Childcare', '100707', '2014-03-22', '12:00:00', '14:00:00', 20.50);

INSERT INTO Guardian VALUES ('125220', '1234', 'Guardian177', '177guardian', '555-555-5555', 'blah@blah.com', '123 nowhere', null, 'Spokane', 'WA', '99999', '../../Pictures/default.jpg', null);

INSERT INTO Family VALUES ('12522', 42);

INSERT INTO Guardian VALUES ('125221', '1234', 'Guardian2177', '1772guardian', '555-555-5555', 'blah@blah.com', '123 nowhere', null, 'Spokane', 'WA', '99999', '../../Pictures/default.jpg', null);

INSERT INTO AllowedConnections VALUES ('100708', '125230', '125232', 12523, null);

INSERT INTO Child VALUES ('125232', 'Child709', '709child', '2006-02-02', null, null, '../../Pictures/default.jpg', null);

INSERT INTO ChildcareTransaction VALUES ('1000000708', 'Regular Childcare', '100708', '2014-02-03', '12:00:00', '14:00:00', 20.50);

INSERT INTO AllowedConnections VALUES ('100709', '125230', '125233', 12523, null);

INSERT INTO Child VALUES ('125233', 'Child710', '710child', '2006-02-02', null, null, '../../Pictures/default.jpg', null);

INSERT INTO ChildcareTransaction VALUES ('1000000709', 'Regular Childcare', '100709', '2014-07-24', '12:00:00', '14:00:00', 20.50);

INSERT INTO AllowedConnections VALUES ('100710', '125230', '125234', 12523, null);

INSERT INTO Child VALUES ('125234', 'Child711', '711child', '2006-02-02', null, null, '../../Pictures/default.jpg', null);

INSERT INTO ChildcareTransaction VALUES ('1000000710', 'Regular Childcare', '100710', '2014-04-10', '12:00:00', '14:00:00', 20.50);

INSERT INTO AllowedConnections VALUES ('100711', '125230', '125235', 12523, null);

INSERT INTO Child VALUES ('125235', 'Child712', '712child', '2006-02-02', null, null, '../../Pictures/default.jpg', null);

INSERT INTO ChildcareTransaction VALUES ('1000000711', 'Regular Childcare', '100711', '2014-11-23', '12:00:00', '14:00:00', 20.50);

INSERT INTO Guardian VALUES ('125230', '1234', 'Guardian178', '178guardian', '555-555-5555', 'blah@blah.com', '123 nowhere', null, 'Spokane', 'WA', '99999', '../../Pictures/default.jpg', null);

INSERT INTO Family VALUES ('12523', 42);

INSERT INTO Guardian VALUES ('125231', '1234', 'Guardian2178', '1782guardian', '555-555-5555', 'blah@blah.com', '123 nowhere', null, 'Spokane', 'WA', '99999', '../../Pictures/default.jpg', null);

INSERT INTO AllowedConnections VALUES ('100712', '125240', '125242', 12524, null);

INSERT INTO Child VALUES ('125242', 'Child713', '713child', '2006-02-02', null, null, '../../Pictures/default.jpg', null);

INSERT INTO ChildcareTransaction VALUES ('1000000712', 'Regular Childcare', '100712', '2014-10-25', '12:00:00', '14:00:00', 20.50);

INSERT INTO AllowedConnections VALUES ('100713', '125240', '125243', 12524, null);

INSERT INTO Child VALUES ('125243', 'Child714', '714child', '2006-02-02', null, null, '../../Pictures/default.jpg', null);

INSERT INTO ChildcareTransaction VALUES ('1000000713', 'Regular Childcare', '100713', '2014-04-25', '12:00:00', '14:00:00', 20.50);

INSERT INTO AllowedConnections VALUES ('100714', '125240', '125244', 12524, null);

INSERT INTO Child VALUES ('125244', 'Child715', '715child', '2006-02-02', null, null, '../../Pictures/default.jpg', null);

INSERT INTO ChildcareTransaction VALUES ('1000000714', 'Regular Childcare', '100714', '2014-02-05', '12:00:00', '14:00:00', 20.50);

INSERT INTO AllowedConnections VALUES ('100715', '125240', '125245', 12524, null);

INSERT INTO Child VALUES ('125245', 'Child716', '716child', '2006-02-02', null, null, '../../Pictures/default.jpg', null);

INSERT INTO ChildcareTransaction VALUES ('1000000715', 'Regular Childcare', '100715', '2014-01-26', '12:00:00', '14:00:00', 20.50);

INSERT INTO Guardian VALUES ('125240', '1234', 'Guardian179', '179guardian', '555-555-5555', 'blah@blah.com', '123 nowhere', null, 'Spokane', 'WA', '99999', '../../Pictures/default.jpg', null);

INSERT INTO Family VALUES ('12524', 42);

INSERT INTO Guardian VALUES ('125241', '1234', 'Guardian2179', '1792guardian', '555-555-5555', 'blah@blah.com', '123 nowhere', null, 'Spokane', 'WA', '99999', '../../Pictures/default.jpg', null);

INSERT INTO AllowedConnections VALUES ('100716', '125250', '125252', 12525, null);

INSERT INTO Child VALUES ('125252', 'Child717', '717child', '2006-02-02', null, null, '../../Pictures/default.jpg', null);

INSERT INTO ChildcareTransaction VALUES ('1000000716', 'Regular Childcare', '100716', '2014-11-10', '12:00:00', '14:00:00', 20.50);

INSERT INTO AllowedConnections VALUES ('100717', '125250', '125253', 12525, null);

INSERT INTO Child VALUES ('125253', 'Child718', '718child', '2006-02-02', null, null, '../../Pictures/default.jpg', null);

INSERT INTO ChildcareTransaction VALUES ('1000000717', 'Regular Childcare', '100717', '2014-04-20', '12:00:00', '14:00:00', 20.50);

INSERT INTO AllowedConnections VALUES ('100718', '125250', '125254', 12525, null);

INSERT INTO Child VALUES ('125254', 'Child719', '719child', '2006-02-02', null, null, '../../Pictures/default.jpg', null);

INSERT INTO ChildcareTransaction VALUES ('1000000718', 'Regular Childcare', '100718', '2014-02-24', '12:00:00', '14:00:00', 20.50);

INSERT INTO AllowedConnections VALUES ('100719', '125250', '125255', 12525, null);

INSERT INTO Child VALUES ('125255', 'Child720', '720child', '2006-02-02', null, null, '../../Pictures/default.jpg', null);

INSERT INTO ChildcareTransaction VALUES ('1000000719', 'Regular Childcare', '100719', '2014-04-28', '12:00:00', '14:00:00', 20.50);

INSERT INTO Guardian VALUES ('125250', '1234', 'Guardian180', '180guardian', '555-555-5555', 'blah@blah.com', '123 nowhere', null, 'Spokane', 'WA', '99999', '../../Pictures/default.jpg', null);

INSERT INTO Family VALUES ('12525', 42);

INSERT INTO Guardian VALUES ('125251', '1234', 'Guardian2180', '1802guardian', '555-555-5555', 'blah@blah.com', '123 nowhere', null, 'Spokane', 'WA', '99999', '../../Pictures/default.jpg', null);

INSERT INTO AllowedConnections VALUES ('100720', '125260', '125262', 12526, null);

INSERT INTO Child VALUES ('125262', 'Child721', '721child', '2006-02-02', null, null, '../../Pictures/default.jpg', null);

INSERT INTO ChildcareTransaction VALUES ('1000000720', 'Regular Childcare', '100720', '2014-12-18', '12:00:00', '14:00:00', 20.50);

INSERT INTO AllowedConnections VALUES ('100721', '125260', '125263', 12526, null);

INSERT INTO Child VALUES ('125263', 'Child722', '722child', '2006-02-02', null, null, '../../Pictures/default.jpg', null);

INSERT INTO ChildcareTransaction VALUES ('1000000721', 'Regular Childcare', '100721', '2014-08-05', '12:00:00', '14:00:00', 20.50);

INSERT INTO AllowedConnections VALUES ('100722', '125260', '125264', 12526, null);

INSERT INTO Child VALUES ('125264', 'Child723', '723child', '2006-02-02', null, null, '../../Pictures/default.jpg', null);

INSERT INTO ChildcareTransaction VALUES ('1000000722', 'Regular Childcare', '100722', '2014-02-23', '12:00:00', '14:00:00', 20.50);

INSERT INTO AllowedConnections VALUES ('100723', '125260', '125265', 12526, null);

INSERT INTO Child VALUES ('125265', 'Child724', '724child', '2006-02-02', null, null, '../../Pictures/default.jpg', null);

INSERT INTO ChildcareTransaction VALUES ('1000000723', 'Regular Childcare', '100723', '2014-10-13', '12:00:00', '14:00:00', 20.50);

INSERT INTO Guardian VALUES ('125260', '1234', 'Guardian181', '181guardian', '555-555-5555', 'blah@blah.com', '123 nowhere', null, 'Spokane', 'WA', '99999', '../../Pictures/default.jpg', null);

INSERT INTO Family VALUES ('12526', 42);

INSERT INTO Guardian VALUES ('125261', '1234', 'Guardian2181', '1812guardian', '555-555-5555', 'blah@blah.com', '123 nowhere', null, 'Spokane', 'WA', '99999', '../../Pictures/default.jpg', null);

INSERT INTO AllowedConnections VALUES ('100724', '125270', '125272', 12527, null);

INSERT INTO Child VALUES ('125272', 'Child725', '725child', '2006-02-02', null, null, '../../Pictures/default.jpg', null);

INSERT INTO ChildcareTransaction VALUES ('1000000724', 'Regular Childcare', '100724', '2014-07-12', '12:00:00', '14:00:00', 20.50);

INSERT INTO AllowedConnections VALUES ('100725', '125270', '125273', 12527, null);

INSERT INTO Child VALUES ('125273', 'Child726', '726child', '2006-02-02', null, null, '../../Pictures/default.jpg', null);

INSERT INTO ChildcareTransaction VALUES ('1000000725', 'Regular Childcare', '100725', '2014-03-28', '12:00:00', '14:00:00', 20.50);

INSERT INTO AllowedConnections VALUES ('100726', '125270', '125274', 12527, null);

INSERT INTO Child VALUES ('125274', 'Child727', '727child', '2006-02-02', null, null, '../../Pictures/default.jpg', null);

INSERT INTO ChildcareTransaction VALUES ('1000000726', 'Regular Childcare', '100726', '2014-10-14', '12:00:00', '14:00:00', 20.50);

INSERT INTO AllowedConnections VALUES ('100727', '125270', '125275', 12527, null);

INSERT INTO Child VALUES ('125275', 'Child728', '728child', '2006-02-02', null, null, '../../Pictures/default.jpg', null);

INSERT INTO ChildcareTransaction VALUES ('1000000727', 'Regular Childcare', '100727', '2014-09-08', '12:00:00', '14:00:00', 20.50);

INSERT INTO Guardian VALUES ('125270', '1234', 'Guardian182', '182guardian', '555-555-5555', 'blah@blah.com', '123 nowhere', null, 'Spokane', 'WA', '99999', '../../Pictures/default.jpg', null);

INSERT INTO Family VALUES ('12527', 42);

INSERT INTO Guardian VALUES ('125271', '1234', 'Guardian2182', '1822guardian', '555-555-5555', 'blah@blah.com', '123 nowhere', null, 'Spokane', 'WA', '99999', '../../Pictures/default.jpg', null);

INSERT INTO AllowedConnections VALUES ('100728', '125280', '125282', 12528, null);

INSERT INTO Child VALUES ('125282', 'Child729', '729child', '2006-02-02', null, null, '../../Pictures/default.jpg', null);

INSERT INTO ChildcareTransaction VALUES ('1000000728', 'Regular Childcare', '100728', '2014-09-11', '12:00:00', '14:00:00', 20.50);

INSERT INTO AllowedConnections VALUES ('100729', '125280', '125283', 12528, null);

INSERT INTO Child VALUES ('125283', 'Child730', '730child', '2006-02-02', null, null, '../../Pictures/default.jpg', null);

INSERT INTO ChildcareTransaction VALUES ('1000000729', 'Regular Childcare', '100729', '2014-09-23', '12:00:00', '14:00:00', 20.50);

INSERT INTO AllowedConnections VALUES ('100730', '125280', '125284', 12528, null);

INSERT INTO Child VALUES ('125284', 'Child731', '731child', '2006-02-02', null, null, '../../Pictures/default.jpg', null);

INSERT INTO ChildcareTransaction VALUES ('1000000730', 'Regular Childcare', '100730', '2014-03-12', '12:00:00', '14:00:00', 20.50);

INSERT INTO AllowedConnections VALUES ('100731', '125280', '125285', 12528, null);

INSERT INTO Child VALUES ('125285', 'Child732', '732child', '2006-02-02', null, null, '../../Pictures/default.jpg', null);

INSERT INTO ChildcareTransaction VALUES ('1000000731', 'Regular Childcare', '100731', '2014-11-07', '12:00:00', '14:00:00', 20.50);

INSERT INTO Guardian VALUES ('125280', '1234', 'Guardian183', '183guardian', '555-555-5555', 'blah@blah.com', '123 nowhere', null, 'Spokane', 'WA', '99999', '../../Pictures/default.jpg', null);

INSERT INTO Family VALUES ('12528', 42);

INSERT INTO Guardian VALUES ('125281', '1234', 'Guardian2183', '1832guardian', '555-555-5555', 'blah@blah.com', '123 nowhere', null, 'Spokane', 'WA', '99999', '../../Pictures/default.jpg', null);

INSERT INTO AllowedConnections VALUES ('100732', '125290', '125292', 12529, null);

INSERT INTO Child VALUES ('125292', 'Child733', '733child', '2006-02-02', null, null, '../../Pictures/default.jpg', null);

INSERT INTO ChildcareTransaction VALUES ('1000000732', 'Regular Childcare', '100732', '2014-11-23', '12:00:00', '14:00:00', 20.50);

INSERT INTO AllowedConnections VALUES ('100733', '125290', '125293', 12529, null);

INSERT INTO Child VALUES ('125293', 'Child734', '734child', '2006-02-02', null, null, '../../Pictures/default.jpg', null);

INSERT INTO ChildcareTransaction VALUES ('1000000733', 'Regular Childcare', '100733', '2014-06-19', '12:00:00', '14:00:00', 20.50);

INSERT INTO AllowedConnections VALUES ('100734', '125290', '125294', 12529, null);

INSERT INTO Child VALUES ('125294', 'Child735', '735child', '2006-02-02', null, null, '../../Pictures/default.jpg', null);

INSERT INTO ChildcareTransaction VALUES ('1000000734', 'Regular Childcare', '100734', '2014-07-01', '12:00:00', '14:00:00', 20.50);

INSERT INTO AllowedConnections VALUES ('100735', '125290', '125295', 12529, null);

INSERT INTO Child VALUES ('125295', 'Child736', '736child', '2006-02-02', null, null, '../../Pictures/default.jpg', null);

INSERT INTO ChildcareTransaction VALUES ('1000000735', 'Regular Childcare', '100735', '2014-09-21', '12:00:00', '14:00:00', 20.50);

INSERT INTO Guardian VALUES ('125290', '1234', 'Guardian184', '184guardian', '555-555-5555', 'blah@blah.com', '123 nowhere', null, 'Spokane', 'WA', '99999', '../../Pictures/default.jpg', null);

INSERT INTO Family VALUES ('12529', 42);

INSERT INTO Guardian VALUES ('125291', '1234', 'Guardian2184', '1842guardian', '555-555-5555', 'blah@blah.com', '123 nowhere', null, 'Spokane', 'WA', '99999', '../../Pictures/default.jpg', null);

INSERT INTO AllowedConnections VALUES ('100736', '125300', '125302', 12530, null);

INSERT INTO Child VALUES ('125302', 'Child737', '737child', '2006-02-02', null, null, '../../Pictures/default.jpg', null);

INSERT INTO ChildcareTransaction VALUES ('1000000736', 'Regular Childcare', '100736', '2014-03-16', '12:00:00', '14:00:00', 20.50);

INSERT INTO AllowedConnections VALUES ('100737', '125300', '125303', 12530, null);

INSERT INTO Child VALUES ('125303', 'Child738', '738child', '2006-02-02', null, null, '../../Pictures/default.jpg', null);

INSERT INTO ChildcareTransaction VALUES ('1000000737', 'Regular Childcare', '100737', '2014-02-11', '12:00:00', '14:00:00', 20.50);

INSERT INTO AllowedConnections VALUES ('100738', '125300', '125304', 12530, null);

INSERT INTO Child VALUES ('125304', 'Child739', '739child', '2006-02-02', null, null, '../../Pictures/default.jpg', null);

INSERT INTO ChildcareTransaction VALUES ('1000000738', 'Regular Childcare', '100738', '2014-03-04', '12:00:00', '14:00:00', 20.50);

INSERT INTO AllowedConnections VALUES ('100739', '125300', '125305', 12530, null);

INSERT INTO Child VALUES ('125305', 'Child740', '740child', '2006-02-02', null, null, '../../Pictures/default.jpg', null);

INSERT INTO ChildcareTransaction VALUES ('1000000739', 'Regular Childcare', '100739', '2014-04-19', '12:00:00', '14:00:00', 20.50);

INSERT INTO Guardian VALUES ('125300', '1234', 'Guardian185', '185guardian', '555-555-5555', 'blah@blah.com', '123 nowhere', null, 'Spokane', 'WA', '99999', '../../Pictures/default.jpg', null);

INSERT INTO Family VALUES ('12530', 42);

INSERT INTO Guardian VALUES ('125301', '1234', 'Guardian2185', '1852guardian', '555-555-5555', 'blah@blah.com', '123 nowhere', null, 'Spokane', 'WA', '99999', '../../Pictures/default.jpg', null);

INSERT INTO AllowedConnections VALUES ('100740', '125310', '125312', 12531, null);

INSERT INTO Child VALUES ('125312', 'Child741', '741child', '2006-02-02', null, null, '../../Pictures/default.jpg', null);

INSERT INTO ChildcareTransaction VALUES ('1000000740', 'Regular Childcare', '100740', '2014-06-19', '12:00:00', '14:00:00', 20.50);

INSERT INTO AllowedConnections VALUES ('100741', '125310', '125313', 12531, null);

INSERT INTO Child VALUES ('125313', 'Child742', '742child', '2006-02-02', null, null, '../../Pictures/default.jpg', null);

INSERT INTO ChildcareTransaction VALUES ('1000000741', 'Regular Childcare', '100741', '2014-01-04', '12:00:00', '14:00:00', 20.50);

INSERT INTO AllowedConnections VALUES ('100742', '125310', '125314', 12531, null);

INSERT INTO Child VALUES ('125314', 'Child743', '743child', '2006-02-02', null, null, '../../Pictures/default.jpg', null);

INSERT INTO ChildcareTransaction VALUES ('1000000742', 'Regular Childcare', '100742', '2014-12-28', '12:00:00', '14:00:00', 20.50);

INSERT INTO AllowedConnections VALUES ('100743', '125310', '125315', 12531, null);

INSERT INTO Child VALUES ('125315', 'Child744', '744child', '2006-02-02', null, null, '../../Pictures/default.jpg', null);

INSERT INTO ChildcareTransaction VALUES ('1000000743', 'Regular Childcare', '100743', '2014-09-09', '12:00:00', '14:00:00', 20.50);

INSERT INTO Guardian VALUES ('125310', '1234', 'Guardian186', '186guardian', '555-555-5555', 'blah@blah.com', '123 nowhere', null, 'Spokane', 'WA', '99999', '../../Pictures/default.jpg', null);

INSERT INTO Family VALUES ('12531', 42);

INSERT INTO Guardian VALUES ('125311', '1234', 'Guardian2186', '1862guardian', '555-555-5555', 'blah@blah.com', '123 nowhere', null, 'Spokane', 'WA', '99999', '../../Pictures/default.jpg', null);

INSERT INTO AllowedConnections VALUES ('100744', '125320', '125322', 12532, null);

INSERT INTO Child VALUES ('125322', 'Child745', '745child', '2006-02-02', null, null, '../../Pictures/default.jpg', null);

INSERT INTO ChildcareTransaction VALUES ('1000000744', 'Regular Childcare', '100744', '2014-01-10', '12:00:00', '14:00:00', 20.50);

INSERT INTO AllowedConnections VALUES ('100745', '125320', '125323', 12532, null);

INSERT INTO Child VALUES ('125323', 'Child746', '746child', '2006-02-02', null, null, '../../Pictures/default.jpg', null);

INSERT INTO ChildcareTransaction VALUES ('1000000745', 'Regular Childcare', '100745', '2014-04-05', '12:00:00', '14:00:00', 20.50);

INSERT INTO AllowedConnections VALUES ('100746', '125320', '125324', 12532, null);

INSERT INTO Child VALUES ('125324', 'Child747', '747child', '2006-02-02', null, null, '../../Pictures/default.jpg', null);

INSERT INTO ChildcareTransaction VALUES ('1000000746', 'Regular Childcare', '100746', '2014-03-08', '12:00:00', '14:00:00', 20.50);

INSERT INTO AllowedConnections VALUES ('100747', '125320', '125325', 12532, null);

INSERT INTO Child VALUES ('125325', 'Child748', '748child', '2006-02-02', null, null, '../../Pictures/default.jpg', null);

INSERT INTO ChildcareTransaction VALUES ('1000000747', 'Regular Childcare', '100747', '2014-10-15', '12:00:00', '14:00:00', 20.50);

INSERT INTO Guardian VALUES ('125320', '1234', 'Guardian187', '187guardian', '555-555-5555', 'blah@blah.com', '123 nowhere', null, 'Spokane', 'WA', '99999', '../../Pictures/default.jpg', null);

INSERT INTO Family VALUES ('12532', 42);

INSERT INTO Guardian VALUES ('125321', '1234', 'Guardian2187', '1872guardian', '555-555-5555', 'blah@blah.com', '123 nowhere', null, 'Spokane', 'WA', '99999', '../../Pictures/default.jpg', null);

INSERT INTO AllowedConnections VALUES ('100748', '125330', '125332', 12533, null);

INSERT INTO Child VALUES ('125332', 'Child749', '749child', '2006-02-02', null, null, '../../Pictures/default.jpg', null);

INSERT INTO ChildcareTransaction VALUES ('1000000748', 'Regular Childcare', '100748', '2014-02-24', '12:00:00', '14:00:00', 20.50);

INSERT INTO AllowedConnections VALUES ('100749', '125330', '125333', 12533, null);

INSERT INTO Child VALUES ('125333', 'Child750', '750child', '2006-02-02', null, null, '../../Pictures/default.jpg', null);

INSERT INTO ChildcareTransaction VALUES ('1000000749', 'Regular Childcare', '100749', '2014-09-20', '12:00:00', '14:00:00', 20.50);

INSERT INTO AllowedConnections VALUES ('100750', '125330', '125334', 12533, null);

INSERT INTO Child VALUES ('125334', 'Child751', '751child', '2006-02-02', null, null, '../../Pictures/default.jpg', null);

INSERT INTO ChildcareTransaction VALUES ('1000000750', 'Regular Childcare', '100750', '2014-04-10', '12:00:00', '14:00:00', 20.50);

INSERT INTO AllowedConnections VALUES ('100751', '125330', '125335', 12533, null);

INSERT INTO Child VALUES ('125335', 'Child752', '752child', '2006-02-02', null, null, '../../Pictures/default.jpg', null);

INSERT INTO ChildcareTransaction VALUES ('1000000751', 'Regular Childcare', '100751', '2014-11-28', '12:00:00', '14:00:00', 20.50);

INSERT INTO Guardian VALUES ('125330', '1234', 'Guardian188', '188guardian', '555-555-5555', 'blah@blah.com', '123 nowhere', null, 'Spokane', 'WA', '99999', '../../Pictures/default.jpg', null);

INSERT INTO Family VALUES ('12533', 42);

INSERT INTO Guardian VALUES ('125331', '1234', 'Guardian2188', '1882guardian', '555-555-5555', 'blah@blah.com', '123 nowhere', null, 'Spokane', 'WA', '99999', '../../Pictures/default.jpg', null);

INSERT INTO AllowedConnections VALUES ('100752', '125340', '125342', 12534, null);

INSERT INTO Child VALUES ('125342', 'Child753', '753child', '2006-02-02', null, null, '../../Pictures/default.jpg', null);

INSERT INTO ChildcareTransaction VALUES ('1000000752', 'Regular Childcare', '100752', '2014-03-01', '12:00:00', '14:00:00', 20.50);

INSERT INTO AllowedConnections VALUES ('100753', '125340', '125343', 12534, null);

INSERT INTO Child VALUES ('125343', 'Child754', '754child', '2006-02-02', null, null, '../../Pictures/default.jpg', null);

INSERT INTO ChildcareTransaction VALUES ('1000000753', 'Regular Childcare', '100753', '2014-07-07', '12:00:00', '14:00:00', 20.50);

INSERT INTO AllowedConnections VALUES ('100754', '125340', '125344', 12534, null);

INSERT INTO Child VALUES ('125344', 'Child755', '755child', '2006-02-02', null, null, '../../Pictures/default.jpg', null);

INSERT INTO ChildcareTransaction VALUES ('1000000754', 'Regular Childcare', '100754', '2014-08-19', '12:00:00', '14:00:00', 20.50);

INSERT INTO AllowedConnections VALUES ('100755', '125340', '125345', 12534, null);

INSERT INTO Child VALUES ('125345', 'Child756', '756child', '2006-02-02', null, null, '../../Pictures/default.jpg', null);

INSERT INTO ChildcareTransaction VALUES ('1000000755', 'Regular Childcare', '100755', '2014-05-06', '12:00:00', '14:00:00', 20.50);

INSERT INTO Guardian VALUES ('125340', '1234', 'Guardian189', '189guardian', '555-555-5555', 'blah@blah.com', '123 nowhere', null, 'Spokane', 'WA', '99999', '../../Pictures/default.jpg', null);

INSERT INTO Family VALUES ('12534', 42);

INSERT INTO Guardian VALUES ('125341', '1234', 'Guardian2189', '1892guardian', '555-555-5555', 'blah@blah.com', '123 nowhere', null, 'Spokane', 'WA', '99999', '../../Pictures/default.jpg', null);

INSERT INTO AllowedConnections VALUES ('100756', '125350', '125352', 12535, null);

INSERT INTO Child VALUES ('125352', 'Child757', '757child', '2006-02-02', null, null, '../../Pictures/default.jpg', null);

INSERT INTO ChildcareTransaction VALUES ('1000000756', 'Regular Childcare', '100756', '2014-03-10', '12:00:00', '14:00:00', 20.50);

INSERT INTO AllowedConnections VALUES ('100757', '125350', '125353', 12535, null);

INSERT INTO Child VALUES ('125353', 'Child758', '758child', '2006-02-02', null, null, '../../Pictures/default.jpg', null);

INSERT INTO ChildcareTransaction VALUES ('1000000757', 'Regular Childcare', '100757', '2014-12-27', '12:00:00', '14:00:00', 20.50);

INSERT INTO AllowedConnections VALUES ('100758', '125350', '125354', 12535, null);

INSERT INTO Child VALUES ('125354', 'Child759', '759child', '2006-02-02', null, null, '../../Pictures/default.jpg', null);

INSERT INTO ChildcareTransaction VALUES ('1000000758', 'Regular Childcare', '100758', '2014-04-08', '12:00:00', '14:00:00', 20.50);

INSERT INTO AllowedConnections VALUES ('100759', '125350', '125355', 12535, null);

INSERT INTO Child VALUES ('125355', 'Child760', '760child', '2006-02-02', null, null, '../../Pictures/default.jpg', null);

INSERT INTO ChildcareTransaction VALUES ('1000000759', 'Regular Childcare', '100759', '2014-04-13', '12:00:00', '14:00:00', 20.50);

INSERT INTO Guardian VALUES ('125350', '1234', 'Guardian190', '190guardian', '555-555-5555', 'blah@blah.com', '123 nowhere', null, 'Spokane', 'WA', '99999', '../../Pictures/default.jpg', null);

INSERT INTO Family VALUES ('12535', 42);

INSERT INTO Guardian VALUES ('125351', '1234', 'Guardian2190', '1902guardian', '555-555-5555', 'blah@blah.com', '123 nowhere', null, 'Spokane', 'WA', '99999', '../../Pictures/default.jpg', null);

INSERT INTO AllowedConnections VALUES ('100760', '125360', '125362', 12536, null);

INSERT INTO Child VALUES ('125362', 'Child761', '761child', '2006-02-02', null, null, '../../Pictures/default.jpg', null);

INSERT INTO ChildcareTransaction VALUES ('1000000760', 'Regular Childcare', '100760', '2014-07-17', '12:00:00', '14:00:00', 20.50);

INSERT INTO AllowedConnections VALUES ('100761', '125360', '125363', 12536, null);

INSERT INTO Child VALUES ('125363', 'Child762', '762child', '2006-02-02', null, null, '../../Pictures/default.jpg', null);

INSERT INTO ChildcareTransaction VALUES ('1000000761', 'Regular Childcare', '100761', '2014-06-06', '12:00:00', '14:00:00', 20.50);

INSERT INTO AllowedConnections VALUES ('100762', '125360', '125364', 12536, null);

INSERT INTO Child VALUES ('125364', 'Child763', '763child', '2006-02-02', null, null, '../../Pictures/default.jpg', null);

INSERT INTO ChildcareTransaction VALUES ('1000000762', 'Regular Childcare', '100762', '2014-12-20', '12:00:00', '14:00:00', 20.50);

INSERT INTO AllowedConnections VALUES ('100763', '125360', '125365', 12536, null);

INSERT INTO Child VALUES ('125365', 'Child764', '764child', '2006-02-02', null, null, '../../Pictures/default.jpg', null);

INSERT INTO ChildcareTransaction VALUES ('1000000763', 'Regular Childcare', '100763', '2014-02-13', '12:00:00', '14:00:00', 20.50);

INSERT INTO Guardian VALUES ('125360', '1234', 'Guardian191', '191guardian', '555-555-5555', 'blah@blah.com', '123 nowhere', null, 'Spokane', 'WA', '99999', '../../Pictures/default.jpg', null);

INSERT INTO Family VALUES ('12536', 42);

INSERT INTO Guardian VALUES ('125361', '1234', 'Guardian2191', '1912guardian', '555-555-5555', 'blah@blah.com', '123 nowhere', null, 'Spokane', 'WA', '99999', '../../Pictures/default.jpg', null);

INSERT INTO AllowedConnections VALUES ('100764', '125370', '125372', 12537, null);

INSERT INTO Child VALUES ('125372', 'Child765', '765child', '2006-02-02', null, null, '../../Pictures/default.jpg', null);

INSERT INTO ChildcareTransaction VALUES ('1000000764', 'Regular Childcare', '100764', '2014-03-18', '12:00:00', '14:00:00', 20.50);

INSERT INTO AllowedConnections VALUES ('100765', '125370', '125373', 12537, null);

INSERT INTO Child VALUES ('125373', 'Child766', '766child', '2006-02-02', null, null, '../../Pictures/default.jpg', null);

INSERT INTO ChildcareTransaction VALUES ('1000000765', 'Regular Childcare', '100765', '2014-12-11', '12:00:00', '14:00:00', 20.50);

INSERT INTO AllowedConnections VALUES ('100766', '125370', '125374', 12537, null);

INSERT INTO Child VALUES ('125374', 'Child767', '767child', '2006-02-02', null, null, '../../Pictures/default.jpg', null);

INSERT INTO ChildcareTransaction VALUES ('1000000766', 'Regular Childcare', '100766', '2014-08-21', '12:00:00', '14:00:00', 20.50);

INSERT INTO AllowedConnections VALUES ('100767', '125370', '125375', 12537, null);

INSERT INTO Child VALUES ('125375', 'Child768', '768child', '2006-02-02', null, null, '../../Pictures/default.jpg', null);

INSERT INTO ChildcareTransaction VALUES ('1000000767', 'Regular Childcare', '100767', '2014-10-19', '12:00:00', '14:00:00', 20.50);

INSERT INTO Guardian VALUES ('125370', '1234', 'Guardian192', '192guardian', '555-555-5555', 'blah@blah.com', '123 nowhere', null, 'Spokane', 'WA', '99999', '../../Pictures/default.jpg', null);

INSERT INTO Family VALUES ('12537', 42);

INSERT INTO Guardian VALUES ('125371', '1234', 'Guardian2192', '1922guardian', '555-555-5555', 'blah@blah.com', '123 nowhere', null, 'Spokane', 'WA', '99999', '../../Pictures/default.jpg', null);

INSERT INTO AllowedConnections VALUES ('100768', '125380', '125382', 12538, null);

INSERT INTO Child VALUES ('125382', 'Child769', '769child', '2006-02-02', null, null, '../../Pictures/default.jpg', null);

INSERT INTO ChildcareTransaction VALUES ('1000000768', 'Regular Childcare', '100768', '2014-08-16', '12:00:00', '14:00:00', 20.50);

INSERT INTO AllowedConnections VALUES ('100769', '125380', '125383', 12538, null);

INSERT INTO Child VALUES ('125383', 'Child770', '770child', '2006-02-02', null, null, '../../Pictures/default.jpg', null);

INSERT INTO ChildcareTransaction VALUES ('1000000769', 'Regular Childcare', '100769', '2014-01-24', '12:00:00', '14:00:00', 20.50);

INSERT INTO AllowedConnections VALUES ('100770', '125380', '125384', 12538, null);

INSERT INTO Child VALUES ('125384', 'Child771', '771child', '2006-02-02', null, null, '../../Pictures/default.jpg', null);

INSERT INTO ChildcareTransaction VALUES ('1000000770', 'Regular Childcare', '100770', '2014-07-15', '12:00:00', '14:00:00', 20.50);

INSERT INTO AllowedConnections VALUES ('100771', '125380', '125385', 12538, null);

INSERT INTO Child VALUES ('125385', 'Child772', '772child', '2006-02-02', null, null, '../../Pictures/default.jpg', null);

INSERT INTO ChildcareTransaction VALUES ('1000000771', 'Regular Childcare', '100771', '2014-01-20', '12:00:00', '14:00:00', 20.50);

INSERT INTO Guardian VALUES ('125380', '1234', 'Guardian193', '193guardian', '555-555-5555', 'blah@blah.com', '123 nowhere', null, 'Spokane', 'WA', '99999', '../../Pictures/default.jpg', null);

INSERT INTO Family VALUES ('12538', 42);

INSERT INTO Guardian VALUES ('125381', '1234', 'Guardian2193', '1932guardian', '555-555-5555', 'blah@blah.com', '123 nowhere', null, 'Spokane', 'WA', '99999', '../../Pictures/default.jpg', null);

INSERT INTO AllowedConnections VALUES ('100772', '125390', '125392', 12539, null);

INSERT INTO Child VALUES ('125392', 'Child773', '773child', '2006-02-02', null, null, '../../Pictures/default.jpg', null);

INSERT INTO ChildcareTransaction VALUES ('1000000772', 'Regular Childcare', '100772', '2014-08-11', '12:00:00', '14:00:00', 20.50);

INSERT INTO AllowedConnections VALUES ('100773', '125390', '125393', 12539, null);

INSERT INTO Child VALUES ('125393', 'Child774', '774child', '2006-02-02', null, null, '../../Pictures/default.jpg', null);

INSERT INTO ChildcareTransaction VALUES ('1000000773', 'Regular Childcare', '100773', '2014-01-02', '12:00:00', '14:00:00', 20.50);

INSERT INTO AllowedConnections VALUES ('100774', '125390', '125394', 12539, null);

INSERT INTO Child VALUES ('125394', 'Child775', '775child', '2006-02-02', null, null, '../../Pictures/default.jpg', null);

INSERT INTO ChildcareTransaction VALUES ('1000000774', 'Regular Childcare', '100774', '2014-01-16', '12:00:00', '14:00:00', 20.50);

INSERT INTO AllowedConnections VALUES ('100775', '125390', '125395', 12539, null);

INSERT INTO Child VALUES ('125395', 'Child776', '776child', '2006-02-02', null, null, '../../Pictures/default.jpg', null);

INSERT INTO ChildcareTransaction VALUES ('1000000775', 'Regular Childcare', '100775', '2014-07-23', '12:00:00', '14:00:00', 20.50);

INSERT INTO Guardian VALUES ('125390', '1234', 'Guardian194', '194guardian', '555-555-5555', 'blah@blah.com', '123 nowhere', null, 'Spokane', 'WA', '99999', '../../Pictures/default.jpg', null);

INSERT INTO Family VALUES ('12539', 42);

INSERT INTO Guardian VALUES ('125391', '1234', 'Guardian2194', '1942guardian', '555-555-5555', 'blah@blah.com', '123 nowhere', null, 'Spokane', 'WA', '99999', '../../Pictures/default.jpg', null);

INSERT INTO AllowedConnections VALUES ('100776', '125400', '125402', 12540, null);

INSERT INTO Child VALUES ('125402', 'Child777', '777child', '2006-02-02', null, null, '../../Pictures/default.jpg', null);

INSERT INTO ChildcareTransaction VALUES ('1000000776', 'Regular Childcare', '100776', '2014-05-21', '12:00:00', '14:00:00', 20.50);

INSERT INTO AllowedConnections VALUES ('100777', '125400', '125403', 12540, null);

INSERT INTO Child VALUES ('125403', 'Child778', '778child', '2006-02-02', null, null, '../../Pictures/default.jpg', null);

INSERT INTO ChildcareTransaction VALUES ('1000000777', 'Regular Childcare', '100777', '2014-06-25', '12:00:00', '14:00:00', 20.50);

INSERT INTO AllowedConnections VALUES ('100778', '125400', '125404', 12540, null);

INSERT INTO Child VALUES ('125404', 'Child779', '779child', '2006-02-02', null, null, '../../Pictures/default.jpg', null);

INSERT INTO ChildcareTransaction VALUES ('1000000778', 'Regular Childcare', '100778', '2014-02-06', '12:00:00', '14:00:00', 20.50);

INSERT INTO AllowedConnections VALUES ('100779', '125400', '125405', 12540, null);

INSERT INTO Child VALUES ('125405', 'Child780', '780child', '2006-02-02', null, null, '../../Pictures/default.jpg', null);

INSERT INTO ChildcareTransaction VALUES ('1000000779', 'Regular Childcare', '100779', '2014-01-10', '12:00:00', '14:00:00', 20.50);

INSERT INTO Guardian VALUES ('125400', '1234', 'Guardian195', '195guardian', '555-555-5555', 'blah@blah.com', '123 nowhere', null, 'Spokane', 'WA', '99999', '../../Pictures/default.jpg', null);

INSERT INTO Family VALUES ('12540', 42);

INSERT INTO Guardian VALUES ('125401', '1234', 'Guardian2195', '1952guardian', '555-555-5555', 'blah@blah.com', '123 nowhere', null, 'Spokane', 'WA', '99999', '../../Pictures/default.jpg', null);

INSERT INTO AllowedConnections VALUES ('100780', '125410', '125412', 12541, null);

INSERT INTO Child VALUES ('125412', 'Child781', '781child', '2006-02-02', null, null, '../../Pictures/default.jpg', null);

INSERT INTO ChildcareTransaction VALUES ('1000000780', 'Regular Childcare', '100780', '2014-04-07', '12:00:00', '14:00:00', 20.50);

INSERT INTO AllowedConnections VALUES ('100781', '125410', '125413', 12541, null);

INSERT INTO Child VALUES ('125413', 'Child782', '782child', '2006-02-02', null, null, '../../Pictures/default.jpg', null);

INSERT INTO ChildcareTransaction VALUES ('1000000781', 'Regular Childcare', '100781', '2014-04-07', '12:00:00', '14:00:00', 20.50);

INSERT INTO AllowedConnections VALUES ('100782', '125410', '125414', 12541, null);

INSERT INTO Child VALUES ('125414', 'Child783', '783child', '2006-02-02', null, null, '../../Pictures/default.jpg', null);

INSERT INTO ChildcareTransaction VALUES ('1000000782', 'Regular Childcare', '100782', '2014-01-13', '12:00:00', '14:00:00', 20.50);

INSERT INTO AllowedConnections VALUES ('100783', '125410', '125415', 12541, null);

INSERT INTO Child VALUES ('125415', 'Child784', '784child', '2006-02-02', null, null, '../../Pictures/default.jpg', null);

INSERT INTO ChildcareTransaction VALUES ('1000000783', 'Regular Childcare', '100783', '2014-09-02', '12:00:00', '14:00:00', 20.50);

INSERT INTO Guardian VALUES ('125410', '1234', 'Guardian196', '196guardian', '555-555-5555', 'blah@blah.com', '123 nowhere', null, 'Spokane', 'WA', '99999', '../../Pictures/default.jpg', null);

INSERT INTO Family VALUES ('12541', 42);

INSERT INTO Guardian VALUES ('125411', '1234', 'Guardian2196', '1962guardian', '555-555-5555', 'blah@blah.com', '123 nowhere', null, 'Spokane', 'WA', '99999', '../../Pictures/default.jpg', null);

INSERT INTO AllowedConnections VALUES ('100784', '125420', '125422', 12542, null);

INSERT INTO Child VALUES ('125422', 'Child785', '785child', '2006-02-02', null, null, '../../Pictures/default.jpg', null);

INSERT INTO ChildcareTransaction VALUES ('1000000784', 'Regular Childcare', '100784', '2014-11-27', '12:00:00', '14:00:00', 20.50);

INSERT INTO AllowedConnections VALUES ('100785', '125420', '125423', 12542, null);

INSERT INTO Child VALUES ('125423', 'Child786', '786child', '2006-02-02', null, null, '../../Pictures/default.jpg', null);

INSERT INTO ChildcareTransaction VALUES ('1000000785', 'Regular Childcare', '100785', '2014-08-15', '12:00:00', '14:00:00', 20.50);

INSERT INTO AllowedConnections VALUES ('100786', '125420', '125424', 12542, null);

INSERT INTO Child VALUES ('125424', 'Child787', '787child', '2006-02-02', null, null, '../../Pictures/default.jpg', null);

INSERT INTO ChildcareTransaction VALUES ('1000000786', 'Regular Childcare', '100786', '2014-12-07', '12:00:00', '14:00:00', 20.50);

INSERT INTO AllowedConnections VALUES ('100787', '125420', '125425', 12542, null);

INSERT INTO Child VALUES ('125425', 'Child788', '788child', '2006-02-02', null, null, '../../Pictures/default.jpg', null);

INSERT INTO ChildcareTransaction VALUES ('1000000787', 'Regular Childcare', '100787', '2014-12-28', '12:00:00', '14:00:00', 20.50);

INSERT INTO Guardian VALUES ('125420', '1234', 'Guardian197', '197guardian', '555-555-5555', 'blah@blah.com', '123 nowhere', null, 'Spokane', 'WA', '99999', '../../Pictures/default.jpg', null);

INSERT INTO Family VALUES ('12542', 42);

INSERT INTO Guardian VALUES ('125421', '1234', 'Guardian2197', '1972guardian', '555-555-5555', 'blah@blah.com', '123 nowhere', null, 'Spokane', 'WA', '99999', '../../Pictures/default.jpg', null);

INSERT INTO AllowedConnections VALUES ('100788', '125430', '125432', 12543, null);

INSERT INTO Child VALUES ('125432', 'Child789', '789child', '2006-02-02', null, null, '../../Pictures/default.jpg', null);

INSERT INTO ChildcareTransaction VALUES ('1000000788', 'Regular Childcare', '100788', '2014-10-13', '12:00:00', '14:00:00', 20.50);

INSERT INTO AllowedConnections VALUES ('100789', '125430', '125433', 12543, null);

INSERT INTO Child VALUES ('125433', 'Child790', '790child', '2006-02-02', null, null, '../../Pictures/default.jpg', null);

INSERT INTO ChildcareTransaction VALUES ('1000000789', 'Regular Childcare', '100789', '2014-03-04', '12:00:00', '14:00:00', 20.50);

INSERT INTO AllowedConnections VALUES ('100790', '125430', '125434', 12543, null);

INSERT INTO Child VALUES ('125434', 'Child791', '791child', '2006-02-02', null, null, '../../Pictures/default.jpg', null);

INSERT INTO ChildcareTransaction VALUES ('1000000790', 'Regular Childcare', '100790', '2014-03-02', '12:00:00', '14:00:00', 20.50);

INSERT INTO AllowedConnections VALUES ('100791', '125430', '125435', 12543, null);

INSERT INTO Child VALUES ('125435', 'Child792', '792child', '2006-02-02', null, null, '../../Pictures/default.jpg', null);

INSERT INTO ChildcareTransaction VALUES ('1000000791', 'Regular Childcare', '100791', '2014-08-21', '12:00:00', '14:00:00', 20.50);

INSERT INTO Guardian VALUES ('125430', '1234', 'Guardian198', '198guardian', '555-555-5555', 'blah@blah.com', '123 nowhere', null, 'Spokane', 'WA', '99999', '../../Pictures/default.jpg', null);

INSERT INTO Family VALUES ('12543', 42);

INSERT INTO Guardian VALUES ('125431', '1234', 'Guardian2198', '1982guardian', '555-555-5555', 'blah@blah.com', '123 nowhere', null, 'Spokane', 'WA', '99999', '../../Pictures/default.jpg', null);

INSERT INTO AllowedConnections VALUES ('100792', '125440', '125442', 12544, null);

INSERT INTO Child VALUES ('125442', 'Child793', '793child', '2006-02-02', null, null, '../../Pictures/default.jpg', null);

INSERT INTO ChildcareTransaction VALUES ('1000000792', 'Regular Childcare', '100792', '2014-06-22', '12:00:00', '14:00:00', 20.50);

INSERT INTO AllowedConnections VALUES ('100793', '125440', '125443', 12544, null);

INSERT INTO Child VALUES ('125443', 'Child794', '794child', '2006-02-02', null, null, '../../Pictures/default.jpg', null);

INSERT INTO ChildcareTransaction VALUES ('1000000793', 'Regular Childcare', '100793', '2014-03-10', '12:00:00', '14:00:00', 20.50);

INSERT INTO AllowedConnections VALUES ('100794', '125440', '125444', 12544, null);

INSERT INTO Child VALUES ('125444', 'Child795', '795child', '2006-02-02', null, null, '../../Pictures/default.jpg', null);

INSERT INTO ChildcareTransaction VALUES ('1000000794', 'Regular Childcare', '100794', '2014-03-21', '12:00:00', '14:00:00', 20.50);

INSERT INTO AllowedConnections VALUES ('100795', '125440', '125445', 12544, null);

INSERT INTO Child VALUES ('125445', 'Child796', '796child', '2006-02-02', null, null, '../../Pictures/default.jpg', null);

INSERT INTO ChildcareTransaction VALUES ('1000000795', 'Regular Childcare', '100795', '2014-07-13', '12:00:00', '14:00:00', 20.50);

INSERT INTO Guardian VALUES ('125440', '1234', 'Guardian199', '199guardian', '555-555-5555', 'blah@blah.com', '123 nowhere', null, 'Spokane', 'WA', '99999', '../../Pictures/default.jpg', null);

INSERT INTO Family VALUES ('12544', 42);

INSERT INTO Guardian VALUES ('125441', '1234', 'Guardian2199', '1992guardian', '555-555-5555', 'blah@blah.com', '123 nowhere', null, 'Spokane', 'WA', '99999', '../../Pictures/default.jpg', null);

INSERT INTO AllowedConnections VALUES ('100796', '125450', '125452', 12545, null);

INSERT INTO Child VALUES ('125452', 'Child797', '797child', '2006-02-02', null, null, '../../Pictures/default.jpg', null);

INSERT INTO ChildcareTransaction VALUES ('1000000796', 'Regular Childcare', '100796', '2014-02-24', '12:00:00', '14:00:00', 20.50);

INSERT INTO AllowedConnections VALUES ('100797', '125450', '125453', 12545, null);

INSERT INTO Child VALUES ('125453', 'Child798', '798child', '2006-02-02', null, null, '../../Pictures/default.jpg', null);

INSERT INTO ChildcareTransaction VALUES ('1000000797', 'Regular Childcare', '100797', '2014-07-28', '12:00:00', '14:00:00', 20.50);

INSERT INTO AllowedConnections VALUES ('100798', '125450', '125454', 12545, null);

INSERT INTO Child VALUES ('125454', 'Child799', '799child', '2006-02-02', null, null, '../../Pictures/default.jpg', null);

INSERT INTO ChildcareTransaction VALUES ('1000000798', 'Regular Childcare', '100798', '2014-12-02', '12:00:00', '14:00:00', 20.50);

INSERT INTO AllowedConnections VALUES ('100799', '125450', '125455', 12545, null);

INSERT INTO Child VALUES ('125455', 'Child800', '800child', '2006-02-02', null, null, '../../Pictures/default.jpg', null);

INSERT INTO ChildcareTransaction VALUES ('1000000799', 'Regular Childcare', '100799', '2014-09-28', '12:00:00', '14:00:00', 20.50);

INSERT INTO Guardian VALUES ('125450', '1234', 'Guardian200', '200guardian', '555-555-5555', 'blah@blah.com', '123 nowhere', null, 'Spokane', 'WA', '99999', '../../Pictures/default.jpg', null);

INSERT INTO Family VALUES ('12545', 42);

INSERT INTO Guardian VALUES ('125451', '1234', 'Guardian2200', '2002guardian', '555-555-5555', 'blah@blah.com', '123 nowhere', null, 'Spokane', 'WA', '99999', '../../Pictures/default.jpg', null);

INSERT INTO AllowedConnections VALUES ('100800', '125460', '125462', 12546, null);

INSERT INTO Child VALUES ('125462', 'Child801', '801child', '2006-02-02', null, null, '../../Pictures/default.jpg', null);

INSERT INTO ChildcareTransaction VALUES ('1000000800', 'Regular Childcare', '100800', '2014-04-27', '12:00:00', '14:00:00', 20.50);

INSERT INTO AllowedConnections VALUES ('100801', '125460', '125463', 12546, null);

INSERT INTO Child VALUES ('125463', 'Child802', '802child', '2006-02-02', null, null, '../../Pictures/default.jpg', null);

INSERT INTO ChildcareTransaction VALUES ('1000000801', 'Regular Childcare', '100801', '2014-01-10', '12:00:00', '14:00:00', 20.50);

INSERT INTO AllowedConnections VALUES ('100802', '125460', '125464', 12546, null);

INSERT INTO Child VALUES ('125464', 'Child803', '803child', '2006-02-02', null, null, '../../Pictures/default.jpg', null);

INSERT INTO ChildcareTransaction VALUES ('1000000802', 'Regular Childcare', '100802', '2014-04-01', '12:00:00', '14:00:00', 20.50);

INSERT INTO AllowedConnections VALUES ('100803', '125460', '125465', 12546, null);

INSERT INTO Child VALUES ('125465', 'Child804', '804child', '2006-02-02', null, null, '../../Pictures/default.jpg', null);

INSERT INTO ChildcareTransaction VALUES ('1000000803', 'Regular Childcare', '100803', '2014-06-11', '12:00:00', '14:00:00', 20.50);

INSERT INTO Guardian VALUES ('125460', '1234', 'Guardian201', '201guardian', '555-555-5555', 'blah@blah.com', '123 nowhere', null, 'Spokane', 'WA', '99999', '../../Pictures/default.jpg', null);

INSERT INTO Family VALUES ('12546', 42);

INSERT INTO Guardian VALUES ('125461', '1234', 'Guardian2201', '2012guardian', '555-555-5555', 'blah@blah.com', '123 nowhere', null, 'Spokane', 'WA', '99999', '../../Pictures/default.jpg', null);

INSERT INTO AllowedConnections VALUES ('100804', '125470', '125472', 12547, null);

INSERT INTO Child VALUES ('125472', 'Child805', '805child', '2006-02-02', null, null, '../../Pictures/default.jpg', null);

INSERT INTO ChildcareTransaction VALUES ('1000000804', 'Regular Childcare', '100804', '2014-06-01', '12:00:00', '14:00:00', 20.50);

INSERT INTO AllowedConnections VALUES ('100805', '125470', '125473', 12547, null);

INSERT INTO Child VALUES ('125473', 'Child806', '806child', '2006-02-02', null, null, '../../Pictures/default.jpg', null);

INSERT INTO ChildcareTransaction VALUES ('1000000805', 'Regular Childcare', '100805', '2014-09-13', '12:00:00', '14:00:00', 20.50);

INSERT INTO AllowedConnections VALUES ('100806', '125470', '125474', 12547, null);

INSERT INTO Child VALUES ('125474', 'Child807', '807child', '2006-02-02', null, null, '../../Pictures/default.jpg', null);

INSERT INTO ChildcareTransaction VALUES ('1000000806', 'Regular Childcare', '100806', '2014-07-17', '12:00:00', '14:00:00', 20.50);

INSERT INTO AllowedConnections VALUES ('100807', '125470', '125475', 12547, null);

INSERT INTO Child VALUES ('125475', 'Child808', '808child', '2006-02-02', null, null, '../../Pictures/default.jpg', null);

INSERT INTO ChildcareTransaction VALUES ('1000000807', 'Regular Childcare', '100807', '2014-12-03', '12:00:00', '14:00:00', 20.50);

INSERT INTO Guardian VALUES ('125470', '1234', 'Guardian202', '202guardian', '555-555-5555', 'blah@blah.com', '123 nowhere', null, 'Spokane', 'WA', '99999', '../../Pictures/default.jpg', null);

INSERT INTO Family VALUES ('12547', 42);

INSERT INTO Guardian VALUES ('125471', '1234', 'Guardian2202', '2022guardian', '555-555-5555', 'blah@blah.com', '123 nowhere', null, 'Spokane', 'WA', '99999', '../../Pictures/default.jpg', null);

INSERT INTO AllowedConnections VALUES ('100808', '125480', '125482', 12548, null);

INSERT INTO Child VALUES ('125482', 'Child809', '809child', '2006-02-02', null, null, '../../Pictures/default.jpg', null);

INSERT INTO ChildcareTransaction VALUES ('1000000808', 'Regular Childcare', '100808', '2014-06-15', '12:00:00', '14:00:00', 20.50);

INSERT INTO AllowedConnections VALUES ('100809', '125480', '125483', 12548, null);

INSERT INTO Child VALUES ('125483', 'Child810', '810child', '2006-02-02', null, null, '../../Pictures/default.jpg', null);

INSERT INTO ChildcareTransaction VALUES ('1000000809', 'Regular Childcare', '100809', '2014-09-20', '12:00:00', '14:00:00', 20.50);

INSERT INTO AllowedConnections VALUES ('100810', '125480', '125484', 12548, null);

INSERT INTO Child VALUES ('125484', 'Child811', '811child', '2006-02-02', null, null, '../../Pictures/default.jpg', null);

INSERT INTO ChildcareTransaction VALUES ('1000000810', 'Regular Childcare', '100810', '2014-06-22', '12:00:00', '14:00:00', 20.50);

INSERT INTO AllowedConnections VALUES ('100811', '125480', '125485', 12548, null);

INSERT INTO Child VALUES ('125485', 'Child812', '812child', '2006-02-02', null, null, '../../Pictures/default.jpg', null);

INSERT INTO ChildcareTransaction VALUES ('1000000811', 'Regular Childcare', '100811', '2014-10-14', '12:00:00', '14:00:00', 20.50);

INSERT INTO Guardian VALUES ('125480', '1234', 'Guardian203', '203guardian', '555-555-5555', 'blah@blah.com', '123 nowhere', null, 'Spokane', 'WA', '99999', '../../Pictures/default.jpg', null);

INSERT INTO Family VALUES ('12548', 42);

INSERT INTO Guardian VALUES ('125481', '1234', 'Guardian2203', '2032guardian', '555-555-5555', 'blah@blah.com', '123 nowhere', null, 'Spokane', 'WA', '99999', '../../Pictures/default.jpg', null);

INSERT INTO AllowedConnections VALUES ('100812', '125490', '125492', 12549, null);

INSERT INTO Child VALUES ('125492', 'Child813', '813child', '2006-02-02', null, null, '../../Pictures/default.jpg', null);

INSERT INTO ChildcareTransaction VALUES ('1000000812', 'Regular Childcare', '100812', '2014-08-10', '12:00:00', '14:00:00', 20.50);

INSERT INTO AllowedConnections VALUES ('100813', '125490', '125493', 12549, null);

INSERT INTO Child VALUES ('125493', 'Child814', '814child', '2006-02-02', null, null, '../../Pictures/default.jpg', null);

INSERT INTO ChildcareTransaction VALUES ('1000000813', 'Regular Childcare', '100813', '2014-07-04', '12:00:00', '14:00:00', 20.50);

INSERT INTO AllowedConnections VALUES ('100814', '125490', '125494', 12549, null);

INSERT INTO Child VALUES ('125494', 'Child815', '815child', '2006-02-02', null, null, '../../Pictures/default.jpg', null);

INSERT INTO ChildcareTransaction VALUES ('1000000814', 'Regular Childcare', '100814', '2014-02-07', '12:00:00', '14:00:00', 20.50);

INSERT INTO AllowedConnections VALUES ('100815', '125490', '125495', 12549, null);

INSERT INTO Child VALUES ('125495', 'Child816', '816child', '2006-02-02', null, null, '../../Pictures/default.jpg', null);

INSERT INTO ChildcareTransaction VALUES ('1000000815', 'Regular Childcare', '100815', '2014-02-03', '12:00:00', '14:00:00', 20.50);

INSERT INTO Guardian VALUES ('125490', '1234', 'Guardian204', '204guardian', '555-555-5555', 'blah@blah.com', '123 nowhere', null, 'Spokane', 'WA', '99999', '../../Pictures/default.jpg', null);

INSERT INTO Family VALUES ('12549', 42);

INSERT INTO Guardian VALUES ('125491', '1234', 'Guardian2204', '2042guardian', '555-555-5555', 'blah@blah.com', '123 nowhere', null, 'Spokane', 'WA', '99999', '../../Pictures/default.jpg', null);

INSERT INTO AllowedConnections VALUES ('100816', '125500', '125502', 12550, null);

INSERT INTO Child VALUES ('125502', 'Child817', '817child', '2006-02-02', null, null, '../../Pictures/default.jpg', null);

INSERT INTO ChildcareTransaction VALUES ('1000000816', 'Regular Childcare', '100816', '2014-02-01', '12:00:00', '14:00:00', 20.50);

INSERT INTO AllowedConnections VALUES ('100817', '125500', '125503', 12550, null);

INSERT INTO Child VALUES ('125503', 'Child818', '818child', '2006-02-02', null, null, '../../Pictures/default.jpg', null);

INSERT INTO ChildcareTransaction VALUES ('1000000817', 'Regular Childcare', '100817', '2014-09-24', '12:00:00', '14:00:00', 20.50);

INSERT INTO AllowedConnections VALUES ('100818', '125500', '125504', 12550, null);

INSERT INTO Child VALUES ('125504', 'Child819', '819child', '2006-02-02', null, null, '../../Pictures/default.jpg', null);

INSERT INTO ChildcareTransaction VALUES ('1000000818', 'Regular Childcare', '100818', '2014-01-13', '12:00:00', '14:00:00', 20.50);

INSERT INTO AllowedConnections VALUES ('100819', '125500', '125505', 12550, null);

INSERT INTO Child VALUES ('125505', 'Child820', '820child', '2006-02-02', null, null, '../../Pictures/default.jpg', null);

INSERT INTO ChildcareTransaction VALUES ('1000000819', 'Regular Childcare', '100819', '2014-12-06', '12:00:00', '14:00:00', 20.50);

INSERT INTO Guardian VALUES ('125500', '1234', 'Guardian205', '205guardian', '555-555-5555', 'blah@blah.com', '123 nowhere', null, 'Spokane', 'WA', '99999', '../../Pictures/default.jpg', null);

INSERT INTO Family VALUES ('12550', 42);

INSERT INTO Guardian VALUES ('125501', '1234', 'Guardian2205', '2052guardian', '555-555-5555', 'blah@blah.com', '123 nowhere', null, 'Spokane', 'WA', '99999', '../../Pictures/default.jpg', null);

INSERT INTO AllowedConnections VALUES ('100820', '125510', '125512', 12551, null);

INSERT INTO Child VALUES ('125512', 'Child821', '821child', '2006-02-02', null, null, '../../Pictures/default.jpg', null);

INSERT INTO ChildcareTransaction VALUES ('1000000820', 'Regular Childcare', '100820', '2014-08-25', '12:00:00', '14:00:00', 20.50);

INSERT INTO AllowedConnections VALUES ('100821', '125510', '125513', 12551, null);

INSERT INTO Child VALUES ('125513', 'Child822', '822child', '2006-02-02', null, null, '../../Pictures/default.jpg', null);

INSERT INTO ChildcareTransaction VALUES ('1000000821', 'Regular Childcare', '100821', '2014-07-21', '12:00:00', '14:00:00', 20.50);

INSERT INTO AllowedConnections VALUES ('100822', '125510', '125514', 12551, null);

INSERT INTO Child VALUES ('125514', 'Child823', '823child', '2006-02-02', null, null, '../../Pictures/default.jpg', null);

INSERT INTO ChildcareTransaction VALUES ('1000000822', 'Regular Childcare', '100822', '2014-10-07', '12:00:00', '14:00:00', 20.50);

INSERT INTO AllowedConnections VALUES ('100823', '125510', '125515', 12551, null);

INSERT INTO Child VALUES ('125515', 'Child824', '824child', '2006-02-02', null, null, '../../Pictures/default.jpg', null);

INSERT INTO ChildcareTransaction VALUES ('1000000823', 'Regular Childcare', '100823', '2014-10-18', '12:00:00', '14:00:00', 20.50);

INSERT INTO Guardian VALUES ('125510', '1234', 'Guardian206', '206guardian', '555-555-5555', 'blah@blah.com', '123 nowhere', null, 'Spokane', 'WA', '99999', '../../Pictures/default.jpg', null);

INSERT INTO Family VALUES ('12551', 42);

INSERT INTO Guardian VALUES ('125511', '1234', 'Guardian2206', '2062guardian', '555-555-5555', 'blah@blah.com', '123 nowhere', null, 'Spokane', 'WA', '99999', '../../Pictures/default.jpg', null);

INSERT INTO AllowedConnections VALUES ('100824', '125520', '125522', 12552, null);

INSERT INTO Child VALUES ('125522', 'Child825', '825child', '2006-02-02', null, null, '../../Pictures/default.jpg', null);

INSERT INTO ChildcareTransaction VALUES ('1000000824', 'Regular Childcare', '100824', '2014-12-07', '12:00:00', '14:00:00', 20.50);

INSERT INTO AllowedConnections VALUES ('100825', '125520', '125523', 12552, null);

INSERT INTO Child VALUES ('125523', 'Child826', '826child', '2006-02-02', null, null, '../../Pictures/default.jpg', null);

INSERT INTO ChildcareTransaction VALUES ('1000000825', 'Regular Childcare', '100825', '2014-04-19', '12:00:00', '14:00:00', 20.50);

INSERT INTO AllowedConnections VALUES ('100826', '125520', '125524', 12552, null);

INSERT INTO Child VALUES ('125524', 'Child827', '827child', '2006-02-02', null, null, '../../Pictures/default.jpg', null);

INSERT INTO ChildcareTransaction VALUES ('1000000826', 'Regular Childcare', '100826', '2014-07-14', '12:00:00', '14:00:00', 20.50);

INSERT INTO AllowedConnections VALUES ('100827', '125520', '125525', 12552, null);

INSERT INTO Child VALUES ('125525', 'Child828', '828child', '2006-02-02', null, null, '../../Pictures/default.jpg', null);

INSERT INTO ChildcareTransaction VALUES ('1000000827', 'Regular Childcare', '100827', '2014-11-25', '12:00:00', '14:00:00', 20.50);

INSERT INTO Guardian VALUES ('125520', '1234', 'Guardian207', '207guardian', '555-555-5555', 'blah@blah.com', '123 nowhere', null, 'Spokane', 'WA', '99999', '../../Pictures/default.jpg', null);

INSERT INTO Family VALUES ('12552', 42);

INSERT INTO Guardian VALUES ('125521', '1234', 'Guardian2207', '2072guardian', '555-555-5555', 'blah@blah.com', '123 nowhere', null, 'Spokane', 'WA', '99999', '../../Pictures/default.jpg', null);

INSERT INTO AllowedConnections VALUES ('100828', '125530', '125532', 12553, null);

INSERT INTO Child VALUES ('125532', 'Child829', '829child', '2006-02-02', null, null, '../../Pictures/default.jpg', null);

INSERT INTO ChildcareTransaction VALUES ('1000000828', 'Regular Childcare', '100828', '2014-10-03', '12:00:00', '14:00:00', 20.50);

INSERT INTO AllowedConnections VALUES ('100829', '125530', '125533', 12553, null);

INSERT INTO Child VALUES ('125533', 'Child830', '830child', '2006-02-02', null, null, '../../Pictures/default.jpg', null);

INSERT INTO ChildcareTransaction VALUES ('1000000829', 'Regular Childcare', '100829', '2014-12-21', '12:00:00', '14:00:00', 20.50);

INSERT INTO AllowedConnections VALUES ('100830', '125530', '125534', 12553, null);

INSERT INTO Child VALUES ('125534', 'Child831', '831child', '2006-02-02', null, null, '../../Pictures/default.jpg', null);

INSERT INTO ChildcareTransaction VALUES ('1000000830', 'Regular Childcare', '100830', '2014-06-22', '12:00:00', '14:00:00', 20.50);

INSERT INTO AllowedConnections VALUES ('100831', '125530', '125535', 12553, null);

INSERT INTO Child VALUES ('125535', 'Child832', '832child', '2006-02-02', null, null, '../../Pictures/default.jpg', null);

INSERT INTO ChildcareTransaction VALUES ('1000000831', 'Regular Childcare', '100831', '2014-01-22', '12:00:00', '14:00:00', 20.50);

INSERT INTO Guardian VALUES ('125530', '1234', 'Guardian208', '208guardian', '555-555-5555', 'blah@blah.com', '123 nowhere', null, 'Spokane', 'WA', '99999', '../../Pictures/default.jpg', null);

INSERT INTO Family VALUES ('12553', 42);

INSERT INTO Guardian VALUES ('125531', '1234', 'Guardian2208', '2082guardian', '555-555-5555', 'blah@blah.com', '123 nowhere', null, 'Spokane', 'WA', '99999', '../../Pictures/default.jpg', null);

INSERT INTO AllowedConnections VALUES ('100832', '125540', '125542', 12554, null);

INSERT INTO Child VALUES ('125542', 'Child833', '833child', '2006-02-02', null, null, '../../Pictures/default.jpg', null);

INSERT INTO ChildcareTransaction VALUES ('1000000832', 'Regular Childcare', '100832', '2014-07-04', '12:00:00', '14:00:00', 20.50);

INSERT INTO AllowedConnections VALUES ('100833', '125540', '125543', 12554, null);

INSERT INTO Child VALUES ('125543', 'Child834', '834child', '2006-02-02', null, null, '../../Pictures/default.jpg', null);

INSERT INTO ChildcareTransaction VALUES ('1000000833', 'Regular Childcare', '100833', '2014-08-16', '12:00:00', '14:00:00', 20.50);

INSERT INTO AllowedConnections VALUES ('100834', '125540', '125544', 12554, null);

INSERT INTO Child VALUES ('125544', 'Child835', '835child', '2006-02-02', null, null, '../../Pictures/default.jpg', null);

INSERT INTO ChildcareTransaction VALUES ('1000000834', 'Regular Childcare', '100834', '2014-11-14', '12:00:00', '14:00:00', 20.50);

INSERT INTO AllowedConnections VALUES ('100835', '125540', '125545', 12554, null);

INSERT INTO Child VALUES ('125545', 'Child836', '836child', '2006-02-02', null, null, '../../Pictures/default.jpg', null);

INSERT INTO ChildcareTransaction VALUES ('1000000835', 'Regular Childcare', '100835', '2014-08-06', '12:00:00', '14:00:00', 20.50);

INSERT INTO Guardian VALUES ('125540', '1234', 'Guardian209', '209guardian', '555-555-5555', 'blah@blah.com', '123 nowhere', null, 'Spokane', 'WA', '99999', '../../Pictures/default.jpg', null);

INSERT INTO Family VALUES ('12554', 42);

INSERT INTO Guardian VALUES ('125541', '1234', 'Guardian2209', '2092guardian', '555-555-5555', 'blah@blah.com', '123 nowhere', null, 'Spokane', 'WA', '99999', '../../Pictures/default.jpg', null);

INSERT INTO AllowedConnections VALUES ('100836', '125550', '125552', 12555, null);

INSERT INTO Child VALUES ('125552', 'Child837', '837child', '2006-02-02', null, null, '../../Pictures/default.jpg', null);

INSERT INTO ChildcareTransaction VALUES ('1000000836', 'Regular Childcare', '100836', '2014-06-15', '12:00:00', '14:00:00', 20.50);

INSERT INTO AllowedConnections VALUES ('100837', '125550', '125553', 12555, null);

INSERT INTO Child VALUES ('125553', 'Child838', '838child', '2006-02-02', null, null, '../../Pictures/default.jpg', null);

INSERT INTO ChildcareTransaction VALUES ('1000000837', 'Regular Childcare', '100837', '2014-05-12', '12:00:00', '14:00:00', 20.50);

INSERT INTO AllowedConnections VALUES ('100838', '125550', '125554', 12555, null);

INSERT INTO Child VALUES ('125554', 'Child839', '839child', '2006-02-02', null, null, '../../Pictures/default.jpg', null);

INSERT INTO ChildcareTransaction VALUES ('1000000838', 'Regular Childcare', '100838', '2014-03-26', '12:00:00', '14:00:00', 20.50);

INSERT INTO AllowedConnections VALUES ('100839', '125550', '125555', 12555, null);

INSERT INTO Child VALUES ('125555', 'Child840', '840child', '2006-02-02', null, null, '../../Pictures/default.jpg', null);

INSERT INTO ChildcareTransaction VALUES ('1000000839', 'Regular Childcare', '100839', '2014-07-03', '12:00:00', '14:00:00', 20.50);

INSERT INTO Guardian VALUES ('125550', '1234', 'Guardian210', '210guardian', '555-555-5555', 'blah@blah.com', '123 nowhere', null, 'Spokane', 'WA', '99999', '../../Pictures/default.jpg', null);

INSERT INTO Family VALUES ('12555', 42);

INSERT INTO Guardian VALUES ('125551', '1234', 'Guardian2210', '2102guardian', '555-555-5555', 'blah@blah.com', '123 nowhere', null, 'Spokane', 'WA', '99999', '../../Pictures/default.jpg', null);

INSERT INTO AllowedConnections VALUES ('100840', '125560', '125562', 12556, null);

INSERT INTO Child VALUES ('125562', 'Child841', '841child', '2006-02-02', null, null, '../../Pictures/default.jpg', null);

INSERT INTO ChildcareTransaction VALUES ('1000000840', 'Regular Childcare', '100840', '2014-12-08', '12:00:00', '14:00:00', 20.50);

INSERT INTO AllowedConnections VALUES ('100841', '125560', '125563', 12556, null);

INSERT INTO Child VALUES ('125563', 'Child842', '842child', '2006-02-02', null, null, '../../Pictures/default.jpg', null);

INSERT INTO ChildcareTransaction VALUES ('1000000841', 'Regular Childcare', '100841', '2014-05-16', '12:00:00', '14:00:00', 20.50);

INSERT INTO AllowedConnections VALUES ('100842', '125560', '125564', 12556, null);

INSERT INTO Child VALUES ('125564', 'Child843', '843child', '2006-02-02', null, null, '../../Pictures/default.jpg', null);

INSERT INTO ChildcareTransaction VALUES ('1000000842', 'Regular Childcare', '100842', '2014-04-14', '12:00:00', '14:00:00', 20.50);

INSERT INTO AllowedConnections VALUES ('100843', '125560', '125565', 12556, null);

INSERT INTO Child VALUES ('125565', 'Child844', '844child', '2006-02-02', null, null, '../../Pictures/default.jpg', null);

INSERT INTO ChildcareTransaction VALUES ('1000000843', 'Regular Childcare', '100843', '2014-02-11', '12:00:00', '14:00:00', 20.50);

INSERT INTO Guardian VALUES ('125560', '1234', 'Guardian211', '211guardian', '555-555-5555', 'blah@blah.com', '123 nowhere', null, 'Spokane', 'WA', '99999', '../../Pictures/default.jpg', null);

INSERT INTO Family VALUES ('12556', 42);

INSERT INTO Guardian VALUES ('125561', '1234', 'Guardian2211', '2112guardian', '555-555-5555', 'blah@blah.com', '123 nowhere', null, 'Spokane', 'WA', '99999', '../../Pictures/default.jpg', null);

INSERT INTO AllowedConnections VALUES ('100844', '125570', '125572', 12557, null);

INSERT INTO Child VALUES ('125572', 'Child845', '845child', '2006-02-02', null, null, '../../Pictures/default.jpg', null);

INSERT INTO ChildcareTransaction VALUES ('1000000844', 'Regular Childcare', '100844', '2014-02-16', '12:00:00', '14:00:00', 20.50);

INSERT INTO AllowedConnections VALUES ('100845', '125570', '125573', 12557, null);

INSERT INTO Child VALUES ('125573', 'Child846', '846child', '2006-02-02', null, null, '../../Pictures/default.jpg', null);

INSERT INTO ChildcareTransaction VALUES ('1000000845', 'Regular Childcare', '100845', '2014-05-26', '12:00:00', '14:00:00', 20.50);

INSERT INTO AllowedConnections VALUES ('100846', '125570', '125574', 12557, null);

INSERT INTO Child VALUES ('125574', 'Child847', '847child', '2006-02-02', null, null, '../../Pictures/default.jpg', null);

INSERT INTO ChildcareTransaction VALUES ('1000000846', 'Regular Childcare', '100846', '2014-06-18', '12:00:00', '14:00:00', 20.50);

INSERT INTO AllowedConnections VALUES ('100847', '125570', '125575', 12557, null);

INSERT INTO Child VALUES ('125575', 'Child848', '848child', '2006-02-02', null, null, '../../Pictures/default.jpg', null);

INSERT INTO ChildcareTransaction VALUES ('1000000847', 'Regular Childcare', '100847', '2014-04-15', '12:00:00', '14:00:00', 20.50);

INSERT INTO Guardian VALUES ('125570', '1234', 'Guardian212', '212guardian', '555-555-5555', 'blah@blah.com', '123 nowhere', null, 'Spokane', 'WA', '99999', '../../Pictures/default.jpg', null);

INSERT INTO Family VALUES ('12557', 42);

INSERT INTO Guardian VALUES ('125571', '1234', 'Guardian2212', '2122guardian', '555-555-5555', 'blah@blah.com', '123 nowhere', null, 'Spokane', 'WA', '99999', '../../Pictures/default.jpg', null);

INSERT INTO AllowedConnections VALUES ('100848', '125580', '125582', 12558, null);

INSERT INTO Child VALUES ('125582', 'Child849', '849child', '2006-02-02', null, null, '../../Pictures/default.jpg', null);

INSERT INTO ChildcareTransaction VALUES ('1000000848', 'Regular Childcare', '100848', '2014-05-24', '12:00:00', '14:00:00', 20.50);

INSERT INTO AllowedConnections VALUES ('100849', '125580', '125583', 12558, null);

INSERT INTO Child VALUES ('125583', 'Child850', '850child', '2006-02-02', null, null, '../../Pictures/default.jpg', null);

INSERT INTO ChildcareTransaction VALUES ('1000000849', 'Regular Childcare', '100849', '2014-09-12', '12:00:00', '14:00:00', 20.50);

INSERT INTO AllowedConnections VALUES ('100850', '125580', '125584', 12558, null);

INSERT INTO Child VALUES ('125584', 'Child851', '851child', '2006-02-02', null, null, '../../Pictures/default.jpg', null);

INSERT INTO ChildcareTransaction VALUES ('1000000850', 'Regular Childcare', '100850', '2014-02-14', '12:00:00', '14:00:00', 20.50);

INSERT INTO AllowedConnections VALUES ('100851', '125580', '125585', 12558, null);

INSERT INTO Child VALUES ('125585', 'Child852', '852child', '2006-02-02', null, null, '../../Pictures/default.jpg', null);

INSERT INTO ChildcareTransaction VALUES ('1000000851', 'Regular Childcare', '100851', '2014-06-24', '12:00:00', '14:00:00', 20.50);

INSERT INTO Guardian VALUES ('125580', '1234', 'Guardian213', '213guardian', '555-555-5555', 'blah@blah.com', '123 nowhere', null, 'Spokane', 'WA', '99999', '../../Pictures/default.jpg', null);

INSERT INTO Family VALUES ('12558', 42);

INSERT INTO Guardian VALUES ('125581', '1234', 'Guardian2213', '2132guardian', '555-555-5555', 'blah@blah.com', '123 nowhere', null, 'Spokane', 'WA', '99999', '../../Pictures/default.jpg', null);

INSERT INTO AllowedConnections VALUES ('100852', '125590', '125592', 12559, null);

INSERT INTO Child VALUES ('125592', 'Child853', '853child', '2006-02-02', null, null, '../../Pictures/default.jpg', null);

INSERT INTO ChildcareTransaction VALUES ('1000000852', 'Regular Childcare', '100852', '2014-08-17', '12:00:00', '14:00:00', 20.50);

INSERT INTO AllowedConnections VALUES ('100853', '125590', '125593', 12559, null);

INSERT INTO Child VALUES ('125593', 'Child854', '854child', '2006-02-02', null, null, '../../Pictures/default.jpg', null);

INSERT INTO ChildcareTransaction VALUES ('1000000853', 'Regular Childcare', '100853', '2014-12-18', '12:00:00', '14:00:00', 20.50);

INSERT INTO AllowedConnections VALUES ('100854', '125590', '125594', 12559, null);

INSERT INTO Child VALUES ('125594', 'Child855', '855child', '2006-02-02', null, null, '../../Pictures/default.jpg', null);

INSERT INTO ChildcareTransaction VALUES ('1000000854', 'Regular Childcare', '100854', '2014-09-17', '12:00:00', '14:00:00', 20.50);

INSERT INTO AllowedConnections VALUES ('100855', '125590', '125595', 12559, null);

INSERT INTO Child VALUES ('125595', 'Child856', '856child', '2006-02-02', null, null, '../../Pictures/default.jpg', null);

INSERT INTO ChildcareTransaction VALUES ('1000000855', 'Regular Childcare', '100855', '2014-08-20', '12:00:00', '14:00:00', 20.50);

INSERT INTO Guardian VALUES ('125590', '1234', 'Guardian214', '214guardian', '555-555-5555', 'blah@blah.com', '123 nowhere', null, 'Spokane', 'WA', '99999', '../../Pictures/default.jpg', null);

INSERT INTO Family VALUES ('12559', 42);

INSERT INTO Guardian VALUES ('125591', '1234', 'Guardian2214', '2142guardian', '555-555-5555', 'blah@blah.com', '123 nowhere', null, 'Spokane', 'WA', '99999', '../../Pictures/default.jpg', null);

INSERT INTO AllowedConnections VALUES ('100856', '125600', '125602', 12560, null);

INSERT INTO Child VALUES ('125602', 'Child857', '857child', '2006-02-02', null, null, '../../Pictures/default.jpg', null);

INSERT INTO ChildcareTransaction VALUES ('1000000856', 'Regular Childcare', '100856', '2014-08-19', '12:00:00', '14:00:00', 20.50);

INSERT INTO AllowedConnections VALUES ('100857', '125600', '125603', 12560, null);

INSERT INTO Child VALUES ('125603', 'Child858', '858child', '2006-02-02', null, null, '../../Pictures/default.jpg', null);

INSERT INTO ChildcareTransaction VALUES ('1000000857', 'Regular Childcare', '100857', '2014-12-05', '12:00:00', '14:00:00', 20.50);

INSERT INTO AllowedConnections VALUES ('100858', '125600', '125604', 12560, null);

INSERT INTO Child VALUES ('125604', 'Child859', '859child', '2006-02-02', null, null, '../../Pictures/default.jpg', null);

INSERT INTO ChildcareTransaction VALUES ('1000000858', 'Regular Childcare', '100858', '2014-11-18', '12:00:00', '14:00:00', 20.50);

INSERT INTO AllowedConnections VALUES ('100859', '125600', '125605', 12560, null);

INSERT INTO Child VALUES ('125605', 'Child860', '860child', '2006-02-02', null, null, '../../Pictures/default.jpg', null);

INSERT INTO ChildcareTransaction VALUES ('1000000859', 'Regular Childcare', '100859', '2014-12-03', '12:00:00', '14:00:00', 20.50);

INSERT INTO Guardian VALUES ('125600', '1234', 'Guardian215', '215guardian', '555-555-5555', 'blah@blah.com', '123 nowhere', null, 'Spokane', 'WA', '99999', '../../Pictures/default.jpg', null);

INSERT INTO Family VALUES ('12560', 42);

INSERT INTO Guardian VALUES ('125601', '1234', 'Guardian2215', '2152guardian', '555-555-5555', 'blah@blah.com', '123 nowhere', null, 'Spokane', 'WA', '99999', '../../Pictures/default.jpg', null);

INSERT INTO AllowedConnections VALUES ('100860', '125610', '125612', 12561, null);

INSERT INTO Child VALUES ('125612', 'Child861', '861child', '2006-02-02', null, null, '../../Pictures/default.jpg', null);

INSERT INTO ChildcareTransaction VALUES ('1000000860', 'Regular Childcare', '100860', '2014-02-11', '12:00:00', '14:00:00', 20.50);

INSERT INTO AllowedConnections VALUES ('100861', '125610', '125613', 12561, null);

INSERT INTO Child VALUES ('125613', 'Child862', '862child', '2006-02-02', null, null, '../../Pictures/default.jpg', null);

INSERT INTO ChildcareTransaction VALUES ('1000000861', 'Regular Childcare', '100861', '2014-10-13', '12:00:00', '14:00:00', 20.50);

INSERT INTO AllowedConnections VALUES ('100862', '125610', '125614', 12561, null);

INSERT INTO Child VALUES ('125614', 'Child863', '863child', '2006-02-02', null, null, '../../Pictures/default.jpg', null);

INSERT INTO ChildcareTransaction VALUES ('1000000862', 'Regular Childcare', '100862', '2014-03-01', '12:00:00', '14:00:00', 20.50);

INSERT INTO AllowedConnections VALUES ('100863', '125610', '125615', 12561, null);

INSERT INTO Child VALUES ('125615', 'Child864', '864child', '2006-02-02', null, null, '../../Pictures/default.jpg', null);

INSERT INTO ChildcareTransaction VALUES ('1000000863', 'Regular Childcare', '100863', '2014-03-21', '12:00:00', '14:00:00', 20.50);

INSERT INTO Guardian VALUES ('125610', '1234', 'Guardian216', '216guardian', '555-555-5555', 'blah@blah.com', '123 nowhere', null, 'Spokane', 'WA', '99999', '../../Pictures/default.jpg', null);

INSERT INTO Family VALUES ('12561', 42);

INSERT INTO Guardian VALUES ('125611', '1234', 'Guardian2216', '2162guardian', '555-555-5555', 'blah@blah.com', '123 nowhere', null, 'Spokane', 'WA', '99999', '../../Pictures/default.jpg', null);

INSERT INTO AllowedConnections VALUES ('100864', '125620', '125622', 12562, null);

INSERT INTO Child VALUES ('125622', 'Child865', '865child', '2006-02-02', null, null, '../../Pictures/default.jpg', null);

INSERT INTO ChildcareTransaction VALUES ('1000000864', 'Regular Childcare', '100864', '2014-03-01', '12:00:00', '14:00:00', 20.50);

INSERT INTO AllowedConnections VALUES ('100865', '125620', '125623', 12562, null);

INSERT INTO Child VALUES ('125623', 'Child866', '866child', '2006-02-02', null, null, '../../Pictures/default.jpg', null);

INSERT INTO ChildcareTransaction VALUES ('1000000865', 'Regular Childcare', '100865', '2014-10-04', '12:00:00', '14:00:00', 20.50);

INSERT INTO AllowedConnections VALUES ('100866', '125620', '125624', 12562, null);

INSERT INTO Child VALUES ('125624', 'Child867', '867child', '2006-02-02', null, null, '../../Pictures/default.jpg', null);

INSERT INTO ChildcareTransaction VALUES ('1000000866', 'Regular Childcare', '100866', '2014-11-23', '12:00:00', '14:00:00', 20.50);

INSERT INTO AllowedConnections VALUES ('100867', '125620', '125625', 12562, null);

INSERT INTO Child VALUES ('125625', 'Child868', '868child', '2006-02-02', null, null, '../../Pictures/default.jpg', null);

INSERT INTO ChildcareTransaction VALUES ('1000000867', 'Regular Childcare', '100867', '2014-04-23', '12:00:00', '14:00:00', 20.50);

INSERT INTO Guardian VALUES ('125620', '1234', 'Guardian217', '217guardian', '555-555-5555', 'blah@blah.com', '123 nowhere', null, 'Spokane', 'WA', '99999', '../../Pictures/default.jpg', null);

INSERT INTO Family VALUES ('12562', 42);

INSERT INTO Guardian VALUES ('125621', '1234', 'Guardian2217', '2172guardian', '555-555-5555', 'blah@blah.com', '123 nowhere', null, 'Spokane', 'WA', '99999', '../../Pictures/default.jpg', null);

INSERT INTO AllowedConnections VALUES ('100868', '125630', '125632', 12563, null);

INSERT INTO Child VALUES ('125632', 'Child869', '869child', '2006-02-02', null, null, '../../Pictures/default.jpg', null);

INSERT INTO ChildcareTransaction VALUES ('1000000868', 'Regular Childcare', '100868', '2014-01-01', '12:00:00', '14:00:00', 20.50);

INSERT INTO AllowedConnections VALUES ('100869', '125630', '125633', 12563, null);

INSERT INTO Child VALUES ('125633', 'Child870', '870child', '2006-02-02', null, null, '../../Pictures/default.jpg', null);

INSERT INTO ChildcareTransaction VALUES ('1000000869', 'Regular Childcare', '100869', '2014-01-15', '12:00:00', '14:00:00', 20.50);

INSERT INTO AllowedConnections VALUES ('100870', '125630', '125634', 12563, null);

INSERT INTO Child VALUES ('125634', 'Child871', '871child', '2006-02-02', null, null, '../../Pictures/default.jpg', null);

INSERT INTO ChildcareTransaction VALUES ('1000000870', 'Regular Childcare', '100870', '2014-03-04', '12:00:00', '14:00:00', 20.50);

INSERT INTO AllowedConnections VALUES ('100871', '125630', '125635', 12563, null);

INSERT INTO Child VALUES ('125635', 'Child872', '872child', '2006-02-02', null, null, '../../Pictures/default.jpg', null);

INSERT INTO ChildcareTransaction VALUES ('1000000871', 'Regular Childcare', '100871', '2014-06-01', '12:00:00', '14:00:00', 20.50);

INSERT INTO Guardian VALUES ('125630', '1234', 'Guardian218', '218guardian', '555-555-5555', 'blah@blah.com', '123 nowhere', null, 'Spokane', 'WA', '99999', '../../Pictures/default.jpg', null);

INSERT INTO Family VALUES ('12563', 42);

INSERT INTO Guardian VALUES ('125631', '1234', 'Guardian2218', '2182guardian', '555-555-5555', 'blah@blah.com', '123 nowhere', null, 'Spokane', 'WA', '99999', '../../Pictures/default.jpg', null);

INSERT INTO AllowedConnections VALUES ('100872', '125640', '125642', 12564, null);

INSERT INTO Child VALUES ('125642', 'Child873', '873child', '2006-02-02', null, null, '../../Pictures/default.jpg', null);

INSERT INTO ChildcareTransaction VALUES ('1000000872', 'Regular Childcare', '100872', '2014-07-15', '12:00:00', '14:00:00', 20.50);

INSERT INTO AllowedConnections VALUES ('100873', '125640', '125643', 12564, null);

INSERT INTO Child VALUES ('125643', 'Child874', '874child', '2006-02-02', null, null, '../../Pictures/default.jpg', null);

INSERT INTO ChildcareTransaction VALUES ('1000000873', 'Regular Childcare', '100873', '2014-04-13', '12:00:00', '14:00:00', 20.50);

INSERT INTO AllowedConnections VALUES ('100874', '125640', '125644', 12564, null);

INSERT INTO Child VALUES ('125644', 'Child875', '875child', '2006-02-02', null, null, '../../Pictures/default.jpg', null);

INSERT INTO ChildcareTransaction VALUES ('1000000874', 'Regular Childcare', '100874', '2014-03-16', '12:00:00', '14:00:00', 20.50);

INSERT INTO AllowedConnections VALUES ('100875', '125640', '125645', 12564, null);

INSERT INTO Child VALUES ('125645', 'Child876', '876child', '2006-02-02', null, null, '../../Pictures/default.jpg', null);

INSERT INTO ChildcareTransaction VALUES ('1000000875', 'Regular Childcare', '100875', '2014-01-24', '12:00:00', '14:00:00', 20.50);

INSERT INTO Guardian VALUES ('125640', '1234', 'Guardian219', '219guardian', '555-555-5555', 'blah@blah.com', '123 nowhere', null, 'Spokane', 'WA', '99999', '../../Pictures/default.jpg', null);

INSERT INTO Family VALUES ('12564', 42);

INSERT INTO Guardian VALUES ('125641', '1234', 'Guardian2219', '2192guardian', '555-555-5555', 'blah@blah.com', '123 nowhere', null, 'Spokane', 'WA', '99999', '../../Pictures/default.jpg', null);

INSERT INTO AllowedConnections VALUES ('100876', '125650', '125652', 12565, null);

INSERT INTO Child VALUES ('125652', 'Child877', '877child', '2006-02-02', null, null, '../../Pictures/default.jpg', null);

INSERT INTO ChildcareTransaction VALUES ('1000000876', 'Regular Childcare', '100876', '2014-03-02', '12:00:00', '14:00:00', 20.50);

INSERT INTO AllowedConnections VALUES ('100877', '125650', '125653', 12565, null);

INSERT INTO Child VALUES ('125653', 'Child878', '878child', '2006-02-02', null, null, '../../Pictures/default.jpg', null);

INSERT INTO ChildcareTransaction VALUES ('1000000877', 'Regular Childcare', '100877', '2014-03-05', '12:00:00', '14:00:00', 20.50);

INSERT INTO AllowedConnections VALUES ('100878', '125650', '125654', 12565, null);

INSERT INTO Child VALUES ('125654', 'Child879', '879child', '2006-02-02', null, null, '../../Pictures/default.jpg', null);

INSERT INTO ChildcareTransaction VALUES ('1000000878', 'Regular Childcare', '100878', '2014-04-22', '12:00:00', '14:00:00', 20.50);

INSERT INTO AllowedConnections VALUES ('100879', '125650', '125655', 12565, null);

INSERT INTO Child VALUES ('125655', 'Child880', '880child', '2006-02-02', null, null, '../../Pictures/default.jpg', null);

INSERT INTO ChildcareTransaction VALUES ('1000000879', 'Regular Childcare', '100879', '2014-03-25', '12:00:00', '14:00:00', 20.50);

INSERT INTO Guardian VALUES ('125650', '1234', 'Guardian220', '220guardian', '555-555-5555', 'blah@blah.com', '123 nowhere', null, 'Spokane', 'WA', '99999', '../../Pictures/default.jpg', null);

INSERT INTO Family VALUES ('12565', 42);

INSERT INTO Guardian VALUES ('125651', '1234', 'Guardian2220', '2202guardian', '555-555-5555', 'blah@blah.com', '123 nowhere', null, 'Spokane', 'WA', '99999', '../../Pictures/default.jpg', null);

INSERT INTO AllowedConnections VALUES ('100880', '125660', '125662', 12566, null);

INSERT INTO Child VALUES ('125662', 'Child881', '881child', '2006-02-02', null, null, '../../Pictures/default.jpg', null);

INSERT INTO ChildcareTransaction VALUES ('1000000880', 'Regular Childcare', '100880', '2014-10-11', '12:00:00', '14:00:00', 20.50);

INSERT INTO AllowedConnections VALUES ('100881', '125660', '125663', 12566, null);

INSERT INTO Child VALUES ('125663', 'Child882', '882child', '2006-02-02', null, null, '../../Pictures/default.jpg', null);

INSERT INTO ChildcareTransaction VALUES ('1000000881', 'Regular Childcare', '100881', '2014-07-22', '12:00:00', '14:00:00', 20.50);

INSERT INTO AllowedConnections VALUES ('100882', '125660', '125664', 12566, null);

INSERT INTO Child VALUES ('125664', 'Child883', '883child', '2006-02-02', null, null, '../../Pictures/default.jpg', null);

INSERT INTO ChildcareTransaction VALUES ('1000000882', 'Regular Childcare', '100882', '2014-11-26', '12:00:00', '14:00:00', 20.50);

INSERT INTO AllowedConnections VALUES ('100883', '125660', '125665', 12566, null);

INSERT INTO Child VALUES ('125665', 'Child884', '884child', '2006-02-02', null, null, '../../Pictures/default.jpg', null);

INSERT INTO ChildcareTransaction VALUES ('1000000883', 'Regular Childcare', '100883', '2014-09-03', '12:00:00', '14:00:00', 20.50);

INSERT INTO Guardian VALUES ('125660', '1234', 'Guardian221', '221guardian', '555-555-5555', 'blah@blah.com', '123 nowhere', null, 'Spokane', 'WA', '99999', '../../Pictures/default.jpg', null);

INSERT INTO Family VALUES ('12566', 42);

INSERT INTO Guardian VALUES ('125661', '1234', 'Guardian2221', '2212guardian', '555-555-5555', 'blah@blah.com', '123 nowhere', null, 'Spokane', 'WA', '99999', '../../Pictures/default.jpg', null);

INSERT INTO AllowedConnections VALUES ('100884', '125670', '125672', 12567, null);

INSERT INTO Child VALUES ('125672', 'Child885', '885child', '2006-02-02', null, null, '../../Pictures/default.jpg', null);

INSERT INTO ChildcareTransaction VALUES ('1000000884', 'Regular Childcare', '100884', '2014-10-27', '12:00:00', '14:00:00', 20.50);

INSERT INTO AllowedConnections VALUES ('100885', '125670', '125673', 12567, null);

INSERT INTO Child VALUES ('125673', 'Child886', '886child', '2006-02-02', null, null, '../../Pictures/default.jpg', null);

INSERT INTO ChildcareTransaction VALUES ('1000000885', 'Regular Childcare', '100885', '2014-07-28', '12:00:00', '14:00:00', 20.50);

INSERT INTO AllowedConnections VALUES ('100886', '125670', '125674', 12567, null);

INSERT INTO Child VALUES ('125674', 'Child887', '887child', '2006-02-02', null, null, '../../Pictures/default.jpg', null);

INSERT INTO ChildcareTransaction VALUES ('1000000886', 'Regular Childcare', '100886', '2014-05-20', '12:00:00', '14:00:00', 20.50);

INSERT INTO AllowedConnections VALUES ('100887', '125670', '125675', 12567, null);

INSERT INTO Child VALUES ('125675', 'Child888', '888child', '2006-02-02', null, null, '../../Pictures/default.jpg', null);

INSERT INTO ChildcareTransaction VALUES ('1000000887', 'Regular Childcare', '100887', '2014-03-17', '12:00:00', '14:00:00', 20.50);

INSERT INTO Guardian VALUES ('125670', '1234', 'Guardian222', '222guardian', '555-555-5555', 'blah@blah.com', '123 nowhere', null, 'Spokane', 'WA', '99999', '../../Pictures/default.jpg', null);

INSERT INTO Family VALUES ('12567', 42);

INSERT INTO Guardian VALUES ('125671', '1234', 'Guardian2222', '2222guardian', '555-555-5555', 'blah@blah.com', '123 nowhere', null, 'Spokane', 'WA', '99999', '../../Pictures/default.jpg', null);

INSERT INTO AllowedConnections VALUES ('100888', '125680', '125682', 12568, null);

INSERT INTO Child VALUES ('125682', 'Child889', '889child', '2006-02-02', null, null, '../../Pictures/default.jpg', null);

INSERT INTO ChildcareTransaction VALUES ('1000000888', 'Regular Childcare', '100888', '2014-03-24', '12:00:00', '14:00:00', 20.50);

INSERT INTO AllowedConnections VALUES ('100889', '125680', '125683', 12568, null);

INSERT INTO Child VALUES ('125683', 'Child890', '890child', '2006-02-02', null, null, '../../Pictures/default.jpg', null);

INSERT INTO ChildcareTransaction VALUES ('1000000889', 'Regular Childcare', '100889', '2014-04-05', '12:00:00', '14:00:00', 20.50);

INSERT INTO AllowedConnections VALUES ('100890', '125680', '125684', 12568, null);

INSERT INTO Child VALUES ('125684', 'Child891', '891child', '2006-02-02', null, null, '../../Pictures/default.jpg', null);

INSERT INTO ChildcareTransaction VALUES ('1000000890', 'Regular Childcare', '100890', '2014-06-19', '12:00:00', '14:00:00', 20.50);

INSERT INTO AllowedConnections VALUES ('100891', '125680', '125685', 12568, null);

INSERT INTO Child VALUES ('125685', 'Child892', '892child', '2006-02-02', null, null, '../../Pictures/default.jpg', null);

INSERT INTO ChildcareTransaction VALUES ('1000000891', 'Regular Childcare', '100891', '2014-10-07', '12:00:00', '14:00:00', 20.50);

INSERT INTO Guardian VALUES ('125680', '1234', 'Guardian223', '223guardian', '555-555-5555', 'blah@blah.com', '123 nowhere', null, 'Spokane', 'WA', '99999', '../../Pictures/default.jpg', null);

INSERT INTO Family VALUES ('12568', 42);

INSERT INTO Guardian VALUES ('125681', '1234', 'Guardian2223', '2232guardian', '555-555-5555', 'blah@blah.com', '123 nowhere', null, 'Spokane', 'WA', '99999', '../../Pictures/default.jpg', null);

INSERT INTO AllowedConnections VALUES ('100892', '125690', '125692', 12569, null);

INSERT INTO Child VALUES ('125692', 'Child893', '893child', '2006-02-02', null, null, '../../Pictures/default.jpg', null);

INSERT INTO ChildcareTransaction VALUES ('1000000892', 'Regular Childcare', '100892', '2014-08-23', '12:00:00', '14:00:00', 20.50);

INSERT INTO AllowedConnections VALUES ('100893', '125690', '125693', 12569, null);

INSERT INTO Child VALUES ('125693', 'Child894', '894child', '2006-02-02', null, null, '../../Pictures/default.jpg', null);

INSERT INTO ChildcareTransaction VALUES ('1000000893', 'Regular Childcare', '100893', '2014-09-27', '12:00:00', '14:00:00', 20.50);

INSERT INTO AllowedConnections VALUES ('100894', '125690', '125694', 12569, null);

INSERT INTO Child VALUES ('125694', 'Child895', '895child', '2006-02-02', null, null, '../../Pictures/default.jpg', null);

INSERT INTO ChildcareTransaction VALUES ('1000000894', 'Regular Childcare', '100894', '2014-09-06', '12:00:00', '14:00:00', 20.50);

INSERT INTO AllowedConnections VALUES ('100895', '125690', '125695', 12569, null);

INSERT INTO Child VALUES ('125695', 'Child896', '896child', '2006-02-02', null, null, '../../Pictures/default.jpg', null);

INSERT INTO ChildcareTransaction VALUES ('1000000895', 'Regular Childcare', '100895', '2014-12-24', '12:00:00', '14:00:00', 20.50);

INSERT INTO Guardian VALUES ('125690', '1234', 'Guardian224', '224guardian', '555-555-5555', 'blah@blah.com', '123 nowhere', null, 'Spokane', 'WA', '99999', '../../Pictures/default.jpg', null);

INSERT INTO Family VALUES ('12569', 42);

INSERT INTO Guardian VALUES ('125691', '1234', 'Guardian2224', '2242guardian', '555-555-5555', 'blah@blah.com', '123 nowhere', null, 'Spokane', 'WA', '99999', '../../Pictures/default.jpg', null);

INSERT INTO AllowedConnections VALUES ('100896', '125700', '125702', 12570, null);

INSERT INTO Child VALUES ('125702', 'Child897', '897child', '2006-02-02', null, null, '../../Pictures/default.jpg', null);

INSERT INTO ChildcareTransaction VALUES ('1000000896', 'Regular Childcare', '100896', '2014-08-05', '12:00:00', '14:00:00', 20.50);

INSERT INTO AllowedConnections VALUES ('100897', '125700', '125703', 12570, null);

INSERT INTO Child VALUES ('125703', 'Child898', '898child', '2006-02-02', null, null, '../../Pictures/default.jpg', null);

INSERT INTO ChildcareTransaction VALUES ('1000000897', 'Regular Childcare', '100897', '2014-01-01', '12:00:00', '14:00:00', 20.50);

INSERT INTO AllowedConnections VALUES ('100898', '125700', '125704', 12570, null);

INSERT INTO Child VALUES ('125704', 'Child899', '899child', '2006-02-02', null, null, '../../Pictures/default.jpg', null);

INSERT INTO ChildcareTransaction VALUES ('1000000898', 'Regular Childcare', '100898', '2014-12-21', '12:00:00', '14:00:00', 20.50);

INSERT INTO AllowedConnections VALUES ('100899', '125700', '125705', 12570, null);

INSERT INTO Child VALUES ('125705', 'Child900', '900child', '2006-02-02', null, null, '../../Pictures/default.jpg', null);

INSERT INTO ChildcareTransaction VALUES ('1000000899', 'Regular Childcare', '100899', '2014-01-11', '12:00:00', '14:00:00', 20.50);

INSERT INTO Guardian VALUES ('125700', '1234', 'Guardian225', '225guardian', '555-555-5555', 'blah@blah.com', '123 nowhere', null, 'Spokane', 'WA', '99999', '../../Pictures/default.jpg', null);

INSERT INTO Family VALUES ('12570', 42);

INSERT INTO Guardian VALUES ('125701', '1234', 'Guardian2225', '2252guardian', '555-555-5555', 'blah@blah.com', '123 nowhere', null, 'Spokane', 'WA', '99999', '../../Pictures/default.jpg', null);

INSERT INTO AllowedConnections VALUES ('100900', '125710', '125712', 12571, null);

INSERT INTO Child VALUES ('125712', 'Child901', '901child', '2006-02-02', null, null, '../../Pictures/default.jpg', null);

INSERT INTO ChildcareTransaction VALUES ('1000000900', 'Regular Childcare', '100900', '2014-08-07', '12:00:00', '14:00:00', 20.50);

INSERT INTO AllowedConnections VALUES ('100901', '125710', '125713', 12571, null);

INSERT INTO Child VALUES ('125713', 'Child902', '902child', '2006-02-02', null, null, '../../Pictures/default.jpg', null);

INSERT INTO ChildcareTransaction VALUES ('1000000901', 'Regular Childcare', '100901', '2014-12-07', '12:00:00', '14:00:00', 20.50);

INSERT INTO AllowedConnections VALUES ('100902', '125710', '125714', 12571, null);

INSERT INTO Child VALUES ('125714', 'Child903', '903child', '2006-02-02', null, null, '../../Pictures/default.jpg', null);

INSERT INTO ChildcareTransaction VALUES ('1000000902', 'Regular Childcare', '100902', '2014-02-12', '12:00:00', '14:00:00', 20.50);

INSERT INTO AllowedConnections VALUES ('100903', '125710', '125715', 12571, null);

INSERT INTO Child VALUES ('125715', 'Child904', '904child', '2006-02-02', null, null, '../../Pictures/default.jpg', null);

INSERT INTO ChildcareTransaction VALUES ('1000000903', 'Regular Childcare', '100903', '2014-09-16', '12:00:00', '14:00:00', 20.50);

INSERT INTO Guardian VALUES ('125710', '1234', 'Guardian226', '226guardian', '555-555-5555', 'blah@blah.com', '123 nowhere', null, 'Spokane', 'WA', '99999', '../../Pictures/default.jpg', null);

INSERT INTO Family VALUES ('12571', 42);

INSERT INTO Guardian VALUES ('125711', '1234', 'Guardian2226', '2262guardian', '555-555-5555', 'blah@blah.com', '123 nowhere', null, 'Spokane', 'WA', '99999', '../../Pictures/default.jpg', null);

INSERT INTO AllowedConnections VALUES ('100904', '125720', '125722', 12572, null);

INSERT INTO Child VALUES ('125722', 'Child905', '905child', '2006-02-02', null, null, '../../Pictures/default.jpg', null);

INSERT INTO ChildcareTransaction VALUES ('1000000904', 'Regular Childcare', '100904', '2014-06-15', '12:00:00', '14:00:00', 20.50);

INSERT INTO AllowedConnections VALUES ('100905', '125720', '125723', 12572, null);

INSERT INTO Child VALUES ('125723', 'Child906', '906child', '2006-02-02', null, null, '../../Pictures/default.jpg', null);

INSERT INTO ChildcareTransaction VALUES ('1000000905', 'Regular Childcare', '100905', '2014-08-04', '12:00:00', '14:00:00', 20.50);

INSERT INTO AllowedConnections VALUES ('100906', '125720', '125724', 12572, null);

INSERT INTO Child VALUES ('125724', 'Child907', '907child', '2006-02-02', null, null, '../../Pictures/default.jpg', null);

INSERT INTO ChildcareTransaction VALUES ('1000000906', 'Regular Childcare', '100906', '2014-01-05', '12:00:00', '14:00:00', 20.50);

INSERT INTO AllowedConnections VALUES ('100907', '125720', '125725', 12572, null);

INSERT INTO Child VALUES ('125725', 'Child908', '908child', '2006-02-02', null, null, '../../Pictures/default.jpg', null);

INSERT INTO ChildcareTransaction VALUES ('1000000907', 'Regular Childcare', '100907', '2014-03-01', '12:00:00', '14:00:00', 20.50);

INSERT INTO Guardian VALUES ('125720', '1234', 'Guardian227', '227guardian', '555-555-5555', 'blah@blah.com', '123 nowhere', null, 'Spokane', 'WA', '99999', '../../Pictures/default.jpg', null);

INSERT INTO Family VALUES ('12572', 42);

INSERT INTO Guardian VALUES ('125721', '1234', 'Guardian2227', '2272guardian', '555-555-5555', 'blah@blah.com', '123 nowhere', null, 'Spokane', 'WA', '99999', '../../Pictures/default.jpg', null);

INSERT INTO AllowedConnections VALUES ('100908', '125730', '125732', 12573, null);

INSERT INTO Child VALUES ('125732', 'Child909', '909child', '2006-02-02', null, null, '../../Pictures/default.jpg', null);

INSERT INTO ChildcareTransaction VALUES ('1000000908', 'Regular Childcare', '100908', '2014-02-23', '12:00:00', '14:00:00', 20.50);

INSERT INTO AllowedConnections VALUES ('100909', '125730', '125733', 12573, null);

INSERT INTO Child VALUES ('125733', 'Child910', '910child', '2006-02-02', null, null, '../../Pictures/default.jpg', null);

INSERT INTO ChildcareTransaction VALUES ('1000000909', 'Regular Childcare', '100909', '2014-05-02', '12:00:00', '14:00:00', 20.50);

INSERT INTO AllowedConnections VALUES ('100910', '125730', '125734', 12573, null);

INSERT INTO Child VALUES ('125734', 'Child911', '911child', '2006-02-02', null, null, '../../Pictures/default.jpg', null);

INSERT INTO ChildcareTransaction VALUES ('1000000910', 'Regular Childcare', '100910', '2014-08-01', '12:00:00', '14:00:00', 20.50);

INSERT INTO AllowedConnections VALUES ('100911', '125730', '125735', 12573, null);

INSERT INTO Child VALUES ('125735', 'Child912', '912child', '2006-02-02', null, null, '../../Pictures/default.jpg', null);

INSERT INTO ChildcareTransaction VALUES ('1000000911', 'Regular Childcare', '100911', '2014-07-03', '12:00:00', '14:00:00', 20.50);

INSERT INTO Guardian VALUES ('125730', '1234', 'Guardian228', '228guardian', '555-555-5555', 'blah@blah.com', '123 nowhere', null, 'Spokane', 'WA', '99999', '../../Pictures/default.jpg', null);

INSERT INTO Family VALUES ('12573', 42);

INSERT INTO Guardian VALUES ('125731', '1234', 'Guardian2228', '2282guardian', '555-555-5555', 'blah@blah.com', '123 nowhere', null, 'Spokane', 'WA', '99999', '../../Pictures/default.jpg', null);

INSERT INTO AllowedConnections VALUES ('100912', '125740', '125742', 12574, null);

INSERT INTO Child VALUES ('125742', 'Child913', '913child', '2006-02-02', null, null, '../../Pictures/default.jpg', null);

INSERT INTO ChildcareTransaction VALUES ('1000000912', 'Regular Childcare', '100912', '2014-08-08', '12:00:00', '14:00:00', 20.50);

INSERT INTO AllowedConnections VALUES ('100913', '125740', '125743', 12574, null);

INSERT INTO Child VALUES ('125743', 'Child914', '914child', '2006-02-02', null, null, '../../Pictures/default.jpg', null);

INSERT INTO ChildcareTransaction VALUES ('1000000913', 'Regular Childcare', '100913', '2014-06-14', '12:00:00', '14:00:00', 20.50);

INSERT INTO AllowedConnections VALUES ('100914', '125740', '125744', 12574, null);

INSERT INTO Child VALUES ('125744', 'Child915', '915child', '2006-02-02', null, null, '../../Pictures/default.jpg', null);

INSERT INTO ChildcareTransaction VALUES ('1000000914', 'Regular Childcare', '100914', '2014-08-20', '12:00:00', '14:00:00', 20.50);

INSERT INTO AllowedConnections VALUES ('100915', '125740', '125745', 12574, null);

INSERT INTO Child VALUES ('125745', 'Child916', '916child', '2006-02-02', null, null, '../../Pictures/default.jpg', null);

INSERT INTO ChildcareTransaction VALUES ('1000000915', 'Regular Childcare', '100915', '2014-06-03', '12:00:00', '14:00:00', 20.50);

INSERT INTO Guardian VALUES ('125740', '1234', 'Guardian229', '229guardian', '555-555-5555', 'blah@blah.com', '123 nowhere', null, 'Spokane', 'WA', '99999', '../../Pictures/default.jpg', null);

INSERT INTO Family VALUES ('12574', 42);

INSERT INTO Guardian VALUES ('125741', '1234', 'Guardian2229', '2292guardian', '555-555-5555', 'blah@blah.com', '123 nowhere', null, 'Spokane', 'WA', '99999', '../../Pictures/default.jpg', null);

INSERT INTO AllowedConnections VALUES ('100916', '125750', '125752', 12575, null);

INSERT INTO Child VALUES ('125752', 'Child917', '917child', '2006-02-02', null, null, '../../Pictures/default.jpg', null);

INSERT INTO ChildcareTransaction VALUES ('1000000916', 'Regular Childcare', '100916', '2014-08-10', '12:00:00', '14:00:00', 20.50);

INSERT INTO AllowedConnections VALUES ('100917', '125750', '125753', 12575, null);

INSERT INTO Child VALUES ('125753', 'Child918', '918child', '2006-02-02', null, null, '../../Pictures/default.jpg', null);

INSERT INTO ChildcareTransaction VALUES ('1000000917', 'Regular Childcare', '100917', '2014-02-09', '12:00:00', '14:00:00', 20.50);

INSERT INTO AllowedConnections VALUES ('100918', '125750', '125754', 12575, null);

INSERT INTO Child VALUES ('125754', 'Child919', '919child', '2006-02-02', null, null, '../../Pictures/default.jpg', null);

INSERT INTO ChildcareTransaction VALUES ('1000000918', 'Regular Childcare', '100918', '2014-01-06', '12:00:00', '14:00:00', 20.50);

INSERT INTO AllowedConnections VALUES ('100919', '125750', '125755', 12575, null);

INSERT INTO Child VALUES ('125755', 'Child920', '920child', '2006-02-02', null, null, '../../Pictures/default.jpg', null);

INSERT INTO ChildcareTransaction VALUES ('1000000919', 'Regular Childcare', '100919', '2014-06-09', '12:00:00', '14:00:00', 20.50);

INSERT INTO Guardian VALUES ('125750', '1234', 'Guardian230', '230guardian', '555-555-5555', 'blah@blah.com', '123 nowhere', null, 'Spokane', 'WA', '99999', '../../Pictures/default.jpg', null);

INSERT INTO Family VALUES ('12575', 42);

INSERT INTO Guardian VALUES ('125751', '1234', 'Guardian2230', '2302guardian', '555-555-5555', 'blah@blah.com', '123 nowhere', null, 'Spokane', 'WA', '99999', '../../Pictures/default.jpg', null);

INSERT INTO AllowedConnections VALUES ('100920', '125760', '125762', 12576, null);

INSERT INTO Child VALUES ('125762', 'Child921', '921child', '2006-02-02', null, null, '../../Pictures/default.jpg', null);

INSERT INTO ChildcareTransaction VALUES ('1000000920', 'Regular Childcare', '100920', '2014-02-09', '12:00:00', '14:00:00', 20.50);

INSERT INTO AllowedConnections VALUES ('100921', '125760', '125763', 12576, null);

INSERT INTO Child VALUES ('125763', 'Child922', '922child', '2006-02-02', null, null, '../../Pictures/default.jpg', null);

INSERT INTO ChildcareTransaction VALUES ('1000000921', 'Regular Childcare', '100921', '2014-01-06', '12:00:00', '14:00:00', 20.50);

INSERT INTO AllowedConnections VALUES ('100922', '125760', '125764', 12576, null);

INSERT INTO Child VALUES ('125764', 'Child923', '923child', '2006-02-02', null, null, '../../Pictures/default.jpg', null);

INSERT INTO ChildcareTransaction VALUES ('1000000922', 'Regular Childcare', '100922', '2014-10-04', '12:00:00', '14:00:00', 20.50);

INSERT INTO AllowedConnections VALUES ('100923', '125760', '125765', 12576, null);

INSERT INTO Child VALUES ('125765', 'Child924', '924child', '2006-02-02', null, null, '../../Pictures/default.jpg', null);

INSERT INTO ChildcareTransaction VALUES ('1000000923', 'Regular Childcare', '100923', '2014-02-12', '12:00:00', '14:00:00', 20.50);

INSERT INTO Guardian VALUES ('125760', '1234', 'Guardian231', '231guardian', '555-555-5555', 'blah@blah.com', '123 nowhere', null, 'Spokane', 'WA', '99999', '../../Pictures/default.jpg', null);

INSERT INTO Family VALUES ('12576', 42);

INSERT INTO Guardian VALUES ('125761', '1234', 'Guardian2231', '2312guardian', '555-555-5555', 'blah@blah.com', '123 nowhere', null, 'Spokane', 'WA', '99999', '../../Pictures/default.jpg', null);

INSERT INTO AllowedConnections VALUES ('100924', '125770', '125772', 12577, null);

INSERT INTO Child VALUES ('125772', 'Child925', '925child', '2006-02-02', null, null, '../../Pictures/default.jpg', null);

INSERT INTO ChildcareTransaction VALUES ('1000000924', 'Regular Childcare', '100924', '2014-08-17', '12:00:00', '14:00:00', 20.50);

INSERT INTO AllowedConnections VALUES ('100925', '125770', '125773', 12577, null);

INSERT INTO Child VALUES ('125773', 'Child926', '926child', '2006-02-02', null, null, '../../Pictures/default.jpg', null);

INSERT INTO ChildcareTransaction VALUES ('1000000925', 'Regular Childcare', '100925', '2014-03-12', '12:00:00', '14:00:00', 20.50);

INSERT INTO AllowedConnections VALUES ('100926', '125770', '125774', 12577, null);

INSERT INTO Child VALUES ('125774', 'Child927', '927child', '2006-02-02', null, null, '../../Pictures/default.jpg', null);

INSERT INTO ChildcareTransaction VALUES ('1000000926', 'Regular Childcare', '100926', '2014-08-23', '12:00:00', '14:00:00', 20.50);

INSERT INTO AllowedConnections VALUES ('100927', '125770', '125775', 12577, null);

INSERT INTO Child VALUES ('125775', 'Child928', '928child', '2006-02-02', null, null, '../../Pictures/default.jpg', null);

INSERT INTO ChildcareTransaction VALUES ('1000000927', 'Regular Childcare', '100927', '2014-11-25', '12:00:00', '14:00:00', 20.50);

INSERT INTO Guardian VALUES ('125770', '1234', 'Guardian232', '232guardian', '555-555-5555', 'blah@blah.com', '123 nowhere', null, 'Spokane', 'WA', '99999', '../../Pictures/default.jpg', null);

INSERT INTO Family VALUES ('12577', 42);

INSERT INTO Guardian VALUES ('125771', '1234', 'Guardian2232', '2322guardian', '555-555-5555', 'blah@blah.com', '123 nowhere', null, 'Spokane', 'WA', '99999', '../../Pictures/default.jpg', null);

INSERT INTO AllowedConnections VALUES ('100928', '125780', '125782', 12578, null);

INSERT INTO Child VALUES ('125782', 'Child929', '929child', '2006-02-02', null, null, '../../Pictures/default.jpg', null);

INSERT INTO ChildcareTransaction VALUES ('1000000928', 'Regular Childcare', '100928', '2014-01-22', '12:00:00', '14:00:00', 20.50);

INSERT INTO AllowedConnections VALUES ('100929', '125780', '125783', 12578, null);

INSERT INTO Child VALUES ('125783', 'Child930', '930child', '2006-02-02', null, null, '../../Pictures/default.jpg', null);

INSERT INTO ChildcareTransaction VALUES ('1000000929', 'Regular Childcare', '100929', '2014-10-21', '12:00:00', '14:00:00', 20.50);

INSERT INTO AllowedConnections VALUES ('100930', '125780', '125784', 12578, null);

INSERT INTO Child VALUES ('125784', 'Child931', '931child', '2006-02-02', null, null, '../../Pictures/default.jpg', null);

INSERT INTO ChildcareTransaction VALUES ('1000000930', 'Regular Childcare', '100930', '2014-04-05', '12:00:00', '14:00:00', 20.50);

INSERT INTO AllowedConnections VALUES ('100931', '125780', '125785', 12578, null);

INSERT INTO Child VALUES ('125785', 'Child932', '932child', '2006-02-02', null, null, '../../Pictures/default.jpg', null);

INSERT INTO ChildcareTransaction VALUES ('1000000931', 'Regular Childcare', '100931', '2014-06-22', '12:00:00', '14:00:00', 20.50);

INSERT INTO Guardian VALUES ('125780', '1234', 'Guardian233', '233guardian', '555-555-5555', 'blah@blah.com', '123 nowhere', null, 'Spokane', 'WA', '99999', '../../Pictures/default.jpg', null);

INSERT INTO Family VALUES ('12578', 42);

INSERT INTO Guardian VALUES ('125781', '1234', 'Guardian2233', '2332guardian', '555-555-5555', 'blah@blah.com', '123 nowhere', null, 'Spokane', 'WA', '99999', '../../Pictures/default.jpg', null);

INSERT INTO AllowedConnections VALUES ('100932', '125790', '125792', 12579, null);

INSERT INTO Child VALUES ('125792', 'Child933', '933child', '2006-02-02', null, null, '../../Pictures/default.jpg', null);

INSERT INTO ChildcareTransaction VALUES ('1000000932', 'Regular Childcare', '100932', '2014-11-09', '12:00:00', '14:00:00', 20.50);

INSERT INTO AllowedConnections VALUES ('100933', '125790', '125793', 12579, null);

INSERT INTO Child VALUES ('125793', 'Child934', '934child', '2006-02-02', null, null, '../../Pictures/default.jpg', null);

INSERT INTO ChildcareTransaction VALUES ('1000000933', 'Regular Childcare', '100933', '2014-03-04', '12:00:00', '14:00:00', 20.50);

INSERT INTO AllowedConnections VALUES ('100934', '125790', '125794', 12579, null);

INSERT INTO Child VALUES ('125794', 'Child935', '935child', '2006-02-02', null, null, '../../Pictures/default.jpg', null);

INSERT INTO ChildcareTransaction VALUES ('1000000934', 'Regular Childcare', '100934', '2014-04-07', '12:00:00', '14:00:00', 20.50);

INSERT INTO AllowedConnections VALUES ('100935', '125790', '125795', 12579, null);

INSERT INTO Child VALUES ('125795', 'Child936', '936child', '2006-02-02', null, null, '../../Pictures/default.jpg', null);

INSERT INTO ChildcareTransaction VALUES ('1000000935', 'Regular Childcare', '100935', '2014-06-08', '12:00:00', '14:00:00', 20.50);

INSERT INTO Guardian VALUES ('125790', '1234', 'Guardian234', '234guardian', '555-555-5555', 'blah@blah.com', '123 nowhere', null, 'Spokane', 'WA', '99999', '../../Pictures/default.jpg', null);

INSERT INTO Family VALUES ('12579', 42);

INSERT INTO Guardian VALUES ('125791', '1234', 'Guardian2234', '2342guardian', '555-555-5555', 'blah@blah.com', '123 nowhere', null, 'Spokane', 'WA', '99999', '../../Pictures/default.jpg', null);

INSERT INTO AllowedConnections VALUES ('100936', '125800', '125802', 12580, null);

INSERT INTO Child VALUES ('125802', 'Child937', '937child', '2006-02-02', null, null, '../../Pictures/default.jpg', null);

INSERT INTO ChildcareTransaction VALUES ('1000000936', 'Regular Childcare', '100936', '2014-11-09', '12:00:00', '14:00:00', 20.50);

INSERT INTO AllowedConnections VALUES ('100937', '125800', '125803', 12580, null);

INSERT INTO Child VALUES ('125803', 'Child938', '938child', '2006-02-02', null, null, '../../Pictures/default.jpg', null);

INSERT INTO ChildcareTransaction VALUES ('1000000937', 'Regular Childcare', '100937', '2014-12-25', '12:00:00', '14:00:00', 20.50);

INSERT INTO AllowedConnections VALUES ('100938', '125800', '125804', 12580, null);

INSERT INTO Child VALUES ('125804', 'Child939', '939child', '2006-02-02', null, null, '../../Pictures/default.jpg', null);

INSERT INTO ChildcareTransaction VALUES ('1000000938', 'Regular Childcare', '100938', '2014-05-28', '12:00:00', '14:00:00', 20.50);

INSERT INTO AllowedConnections VALUES ('100939', '125800', '125805', 12580, null);

INSERT INTO Child VALUES ('125805', 'Child940', '940child', '2006-02-02', null, null, '../../Pictures/default.jpg', null);

INSERT INTO ChildcareTransaction VALUES ('1000000939', 'Regular Childcare', '100939', '2014-03-14', '12:00:00', '14:00:00', 20.50);

INSERT INTO Guardian VALUES ('125800', '1234', 'Guardian235', '235guardian', '555-555-5555', 'blah@blah.com', '123 nowhere', null, 'Spokane', 'WA', '99999', '../../Pictures/default.jpg', null);

INSERT INTO Family VALUES ('12580', 42);

INSERT INTO Guardian VALUES ('125801', '1234', 'Guardian2235', '2352guardian', '555-555-5555', 'blah@blah.com', '123 nowhere', null, 'Spokane', 'WA', '99999', '../../Pictures/default.jpg', null);

INSERT INTO AllowedConnections VALUES ('100940', '125810', '125812', 12581, null);

INSERT INTO Child VALUES ('125812', 'Child941', '941child', '2006-02-02', null, null, '../../Pictures/default.jpg', null);

INSERT INTO ChildcareTransaction VALUES ('1000000940', 'Regular Childcare', '100940', '2014-03-02', '12:00:00', '14:00:00', 20.50);

INSERT INTO AllowedConnections VALUES ('100941', '125810', '125813', 12581, null);

INSERT INTO Child VALUES ('125813', 'Child942', '942child', '2006-02-02', null, null, '../../Pictures/default.jpg', null);

INSERT INTO ChildcareTransaction VALUES ('1000000941', 'Regular Childcare', '100941', '2014-02-20', '12:00:00', '14:00:00', 20.50);

INSERT INTO AllowedConnections VALUES ('100942', '125810', '125814', 12581, null);

INSERT INTO Child VALUES ('125814', 'Child943', '943child', '2006-02-02', null, null, '../../Pictures/default.jpg', null);

INSERT INTO ChildcareTransaction VALUES ('1000000942', 'Regular Childcare', '100942', '2014-01-25', '12:00:00', '14:00:00', 20.50);

INSERT INTO AllowedConnections VALUES ('100943', '125810', '125815', 12581, null);

INSERT INTO Child VALUES ('125815', 'Child944', '944child', '2006-02-02', null, null, '../../Pictures/default.jpg', null);

INSERT INTO ChildcareTransaction VALUES ('1000000943', 'Regular Childcare', '100943', '2014-05-17', '12:00:00', '14:00:00', 20.50);

INSERT INTO Guardian VALUES ('125810', '1234', 'Guardian236', '236guardian', '555-555-5555', 'blah@blah.com', '123 nowhere', null, 'Spokane', 'WA', '99999', '../../Pictures/default.jpg', null);

INSERT INTO Family VALUES ('12581', 42);

INSERT INTO Guardian VALUES ('125811', '1234', 'Guardian2236', '2362guardian', '555-555-5555', 'blah@blah.com', '123 nowhere', null, 'Spokane', 'WA', '99999', '../../Pictures/default.jpg', null);

INSERT INTO AllowedConnections VALUES ('100944', '125820', '125822', 12582, null);

INSERT INTO Child VALUES ('125822', 'Child945', '945child', '2006-02-02', null, null, '../../Pictures/default.jpg', null);

INSERT INTO ChildcareTransaction VALUES ('1000000944', 'Regular Childcare', '100944', '2014-09-04', '12:00:00', '14:00:00', 20.50);

INSERT INTO AllowedConnections VALUES ('100945', '125820', '125823', 12582, null);

INSERT INTO Child VALUES ('125823', 'Child946', '946child', '2006-02-02', null, null, '../../Pictures/default.jpg', null);

INSERT INTO ChildcareTransaction VALUES ('1000000945', 'Regular Childcare', '100945', '2014-09-14', '12:00:00', '14:00:00', 20.50);

INSERT INTO AllowedConnections VALUES ('100946', '125820', '125824', 12582, null);

INSERT INTO Child VALUES ('125824', 'Child947', '947child', '2006-02-02', null, null, '../../Pictures/default.jpg', null);

INSERT INTO ChildcareTransaction VALUES ('1000000946', 'Regular Childcare', '100946', '2014-08-15', '12:00:00', '14:00:00', 20.50);

INSERT INTO AllowedConnections VALUES ('100947', '125820', '125825', 12582, null);

INSERT INTO Child VALUES ('125825', 'Child948', '948child', '2006-02-02', null, null, '../../Pictures/default.jpg', null);

INSERT INTO ChildcareTransaction VALUES ('1000000947', 'Regular Childcare', '100947', '2014-02-16', '12:00:00', '14:00:00', 20.50);

INSERT INTO Guardian VALUES ('125820', '1234', 'Guardian237', '237guardian', '555-555-5555', 'blah@blah.com', '123 nowhere', null, 'Spokane', 'WA', '99999', '../../Pictures/default.jpg', null);

INSERT INTO Family VALUES ('12582', 42);

INSERT INTO Guardian VALUES ('125821', '1234', 'Guardian2237', '2372guardian', '555-555-5555', 'blah@blah.com', '123 nowhere', null, 'Spokane', 'WA', '99999', '../../Pictures/default.jpg', null);

INSERT INTO AllowedConnections VALUES ('100948', '125830', '125832', 12583, null);

INSERT INTO Child VALUES ('125832', 'Child949', '949child', '2006-02-02', null, null, '../../Pictures/default.jpg', null);

INSERT INTO ChildcareTransaction VALUES ('1000000948', 'Regular Childcare', '100948', '2014-11-28', '12:00:00', '14:00:00', 20.50);

INSERT INTO AllowedConnections VALUES ('100949', '125830', '125833', 12583, null);

INSERT INTO Child VALUES ('125833', 'Child950', '950child', '2006-02-02', null, null, '../../Pictures/default.jpg', null);

INSERT INTO ChildcareTransaction VALUES ('1000000949', 'Regular Childcare', '100949', '2014-06-24', '12:00:00', '14:00:00', 20.50);

INSERT INTO AllowedConnections VALUES ('100950', '125830', '125834', 12583, null);

INSERT INTO Child VALUES ('125834', 'Child951', '951child', '2006-02-02', null, null, '../../Pictures/default.jpg', null);

INSERT INTO ChildcareTransaction VALUES ('1000000950', 'Regular Childcare', '100950', '2014-05-11', '12:00:00', '14:00:00', 20.50);

INSERT INTO AllowedConnections VALUES ('100951', '125830', '125835', 12583, null);

INSERT INTO Child VALUES ('125835', 'Child952', '952child', '2006-02-02', null, null, '../../Pictures/default.jpg', null);

INSERT INTO ChildcareTransaction VALUES ('1000000951', 'Regular Childcare', '100951', '2014-04-15', '12:00:00', '14:00:00', 20.50);

INSERT INTO Guardian VALUES ('125830', '1234', 'Guardian238', '238guardian', '555-555-5555', 'blah@blah.com', '123 nowhere', null, 'Spokane', 'WA', '99999', '../../Pictures/default.jpg', null);

INSERT INTO Family VALUES ('12583', 42);

INSERT INTO Guardian VALUES ('125831', '1234', 'Guardian2238', '2382guardian', '555-555-5555', 'blah@blah.com', '123 nowhere', null, 'Spokane', 'WA', '99999', '../../Pictures/default.jpg', null);

INSERT INTO AllowedConnections VALUES ('100952', '125840', '125842', 12584, null);

INSERT INTO Child VALUES ('125842', 'Child953', '953child', '2006-02-02', null, null, '../../Pictures/default.jpg', null);

INSERT INTO ChildcareTransaction VALUES ('1000000952', 'Regular Childcare', '100952', '2014-11-02', '12:00:00', '14:00:00', 20.50);

INSERT INTO AllowedConnections VALUES ('100953', '125840', '125843', 12584, null);

INSERT INTO Child VALUES ('125843', 'Child954', '954child', '2006-02-02', null, null, '../../Pictures/default.jpg', null);

INSERT INTO ChildcareTransaction VALUES ('1000000953', 'Regular Childcare', '100953', '2014-12-11', '12:00:00', '14:00:00', 20.50);

INSERT INTO AllowedConnections VALUES ('100954', '125840', '125844', 12584, null);

INSERT INTO Child VALUES ('125844', 'Child955', '955child', '2006-02-02', null, null, '../../Pictures/default.jpg', null);

INSERT INTO ChildcareTransaction VALUES ('1000000954', 'Regular Childcare', '100954', '2014-09-09', '12:00:00', '14:00:00', 20.50);

INSERT INTO AllowedConnections VALUES ('100955', '125840', '125845', 12584, null);

INSERT INTO Child VALUES ('125845', 'Child956', '956child', '2006-02-02', null, null, '../../Pictures/default.jpg', null);

INSERT INTO ChildcareTransaction VALUES ('1000000955', 'Regular Childcare', '100955', '2014-11-06', '12:00:00', '14:00:00', 20.50);

INSERT INTO Guardian VALUES ('125840', '1234', 'Guardian239', '239guardian', '555-555-5555', 'blah@blah.com', '123 nowhere', null, 'Spokane', 'WA', '99999', '../../Pictures/default.jpg', null);

INSERT INTO Family VALUES ('12584', 42);

INSERT INTO Guardian VALUES ('125841', '1234', 'Guardian2239', '2392guardian', '555-555-5555', 'blah@blah.com', '123 nowhere', null, 'Spokane', 'WA', '99999', '../../Pictures/default.jpg', null);

INSERT INTO AllowedConnections VALUES ('100956', '125850', '125852', 12585, null);

INSERT INTO Child VALUES ('125852', 'Child957', '957child', '2006-02-02', null, null, '../../Pictures/default.jpg', null);

INSERT INTO ChildcareTransaction VALUES ('1000000956', 'Regular Childcare', '100956', '2014-11-11', '12:00:00', '14:00:00', 20.50);

INSERT INTO AllowedConnections VALUES ('100957', '125850', '125853', 12585, null);

INSERT INTO Child VALUES ('125853', 'Child958', '958child', '2006-02-02', null, null, '../../Pictures/default.jpg', null);

INSERT INTO ChildcareTransaction VALUES ('1000000957', 'Regular Childcare', '100957', '2014-03-13', '12:00:00', '14:00:00', 20.50);

INSERT INTO AllowedConnections VALUES ('100958', '125850', '125854', 12585, null);

INSERT INTO Child VALUES ('125854', 'Child959', '959child', '2006-02-02', null, null, '../../Pictures/default.jpg', null);

INSERT INTO ChildcareTransaction VALUES ('1000000958', 'Regular Childcare', '100958', '2014-04-06', '12:00:00', '14:00:00', 20.50);

INSERT INTO AllowedConnections VALUES ('100959', '125850', '125855', 12585, null);

INSERT INTO Child VALUES ('125855', 'Child960', '960child', '2006-02-02', null, null, '../../Pictures/default.jpg', null);

INSERT INTO ChildcareTransaction VALUES ('1000000959', 'Regular Childcare', '100959', '2014-09-21', '12:00:00', '14:00:00', 20.50);

INSERT INTO Guardian VALUES ('125850', '1234', 'Guardian240', '240guardian', '555-555-5555', 'blah@blah.com', '123 nowhere', null, 'Spokane', 'WA', '99999', '../../Pictures/default.jpg', null);

INSERT INTO Family VALUES ('12585', 42);

INSERT INTO Guardian VALUES ('125851', '1234', 'Guardian2240', '2402guardian', '555-555-5555', 'blah@blah.com', '123 nowhere', null, 'Spokane', 'WA', '99999', '../../Pictures/default.jpg', null);

INSERT INTO AllowedConnections VALUES ('100960', '125860', '125862', 12586, null);

INSERT INTO Child VALUES ('125862', 'Child961', '961child', '2006-02-02', null, null, '../../Pictures/default.jpg', null);

INSERT INTO ChildcareTransaction VALUES ('1000000960', 'Regular Childcare', '100960', '2014-03-15', '12:00:00', '14:00:00', 20.50);

INSERT INTO AllowedConnections VALUES ('100961', '125860', '125863', 12586, null);

INSERT INTO Child VALUES ('125863', 'Child962', '962child', '2006-02-02', null, null, '../../Pictures/default.jpg', null);

INSERT INTO ChildcareTransaction VALUES ('1000000961', 'Regular Childcare', '100961', '2014-10-12', '12:00:00', '14:00:00', 20.50);

INSERT INTO AllowedConnections VALUES ('100962', '125860', '125864', 12586, null);

INSERT INTO Child VALUES ('125864', 'Child963', '963child', '2006-02-02', null, null, '../../Pictures/default.jpg', null);

INSERT INTO ChildcareTransaction VALUES ('1000000962', 'Regular Childcare', '100962', '2014-01-22', '12:00:00', '14:00:00', 20.50);

INSERT INTO AllowedConnections VALUES ('100963', '125860', '125865', 12586, null);

INSERT INTO Child VALUES ('125865', 'Child964', '964child', '2006-02-02', null, null, '../../Pictures/default.jpg', null);

INSERT INTO ChildcareTransaction VALUES ('1000000963', 'Regular Childcare', '100963', '2014-12-02', '12:00:00', '14:00:00', 20.50);

INSERT INTO Guardian VALUES ('125860', '1234', 'Guardian241', '241guardian', '555-555-5555', 'blah@blah.com', '123 nowhere', null, 'Spokane', 'WA', '99999', '../../Pictures/default.jpg', null);

INSERT INTO Family VALUES ('12586', 42);

INSERT INTO Guardian VALUES ('125861', '1234', 'Guardian2241', '2412guardian', '555-555-5555', 'blah@blah.com', '123 nowhere', null, 'Spokane', 'WA', '99999', '../../Pictures/default.jpg', null);

INSERT INTO AllowedConnections VALUES ('100964', '125870', '125872', 12587, null);

INSERT INTO Child VALUES ('125872', 'Child965', '965child', '2006-02-02', null, null, '../../Pictures/default.jpg', null);

INSERT INTO ChildcareTransaction VALUES ('1000000964', 'Regular Childcare', '100964', '2014-07-23', '12:00:00', '14:00:00', 20.50);

INSERT INTO AllowedConnections VALUES ('100965', '125870', '125873', 12587, null);

INSERT INTO Child VALUES ('125873', 'Child966', '966child', '2006-02-02', null, null, '../../Pictures/default.jpg', null);

INSERT INTO ChildcareTransaction VALUES ('1000000965', 'Regular Childcare', '100965', '2014-01-21', '12:00:00', '14:00:00', 20.50);

INSERT INTO AllowedConnections VALUES ('100966', '125870', '125874', 12587, null);

INSERT INTO Child VALUES ('125874', 'Child967', '967child', '2006-02-02', null, null, '../../Pictures/default.jpg', null);

INSERT INTO ChildcareTransaction VALUES ('1000000966', 'Regular Childcare', '100966', '2014-01-26', '12:00:00', '14:00:00', 20.50);

INSERT INTO AllowedConnections VALUES ('100967', '125870', '125875', 12587, null);

INSERT INTO Child VALUES ('125875', 'Child968', '968child', '2006-02-02', null, null, '../../Pictures/default.jpg', null);

INSERT INTO ChildcareTransaction VALUES ('1000000967', 'Regular Childcare', '100967', '2014-08-22', '12:00:00', '14:00:00', 20.50);

INSERT INTO Guardian VALUES ('125870', '1234', 'Guardian242', '242guardian', '555-555-5555', 'blah@blah.com', '123 nowhere', null, 'Spokane', 'WA', '99999', '../../Pictures/default.jpg', null);

INSERT INTO Family VALUES ('12587', 42);

INSERT INTO Guardian VALUES ('125871', '1234', 'Guardian2242', '2422guardian', '555-555-5555', 'blah@blah.com', '123 nowhere', null, 'Spokane', 'WA', '99999', '../../Pictures/default.jpg', null);

INSERT INTO AllowedConnections VALUES ('100968', '125880', '125882', 12588, null);

INSERT INTO Child VALUES ('125882', 'Child969', '969child', '2006-02-02', null, null, '../../Pictures/default.jpg', null);

INSERT INTO ChildcareTransaction VALUES ('1000000968', 'Regular Childcare', '100968', '2014-06-14', '12:00:00', '14:00:00', 20.50);

INSERT INTO AllowedConnections VALUES ('100969', '125880', '125883', 12588, null);

INSERT INTO Child VALUES ('125883', 'Child970', '970child', '2006-02-02', null, null, '../../Pictures/default.jpg', null);

INSERT INTO ChildcareTransaction VALUES ('1000000969', 'Regular Childcare', '100969', '2014-05-08', '12:00:00', '14:00:00', 20.50);

INSERT INTO AllowedConnections VALUES ('100970', '125880', '125884', 12588, null);

INSERT INTO Child VALUES ('125884', 'Child971', '971child', '2006-02-02', null, null, '../../Pictures/default.jpg', null);

INSERT INTO ChildcareTransaction VALUES ('1000000970', 'Regular Childcare', '100970', '2014-08-17', '12:00:00', '14:00:00', 20.50);

INSERT INTO AllowedConnections VALUES ('100971', '125880', '125885', 12588, null);

INSERT INTO Child VALUES ('125885', 'Child972', '972child', '2006-02-02', null, null, '../../Pictures/default.jpg', null);

INSERT INTO ChildcareTransaction VALUES ('1000000971', 'Regular Childcare', '100971', '2014-02-25', '12:00:00', '14:00:00', 20.50);

INSERT INTO Guardian VALUES ('125880', '1234', 'Guardian243', '243guardian', '555-555-5555', 'blah@blah.com', '123 nowhere', null, 'Spokane', 'WA', '99999', '../../Pictures/default.jpg', null);

INSERT INTO Family VALUES ('12588', 42);

INSERT INTO Guardian VALUES ('125881', '1234', 'Guardian2243', '2432guardian', '555-555-5555', 'blah@blah.com', '123 nowhere', null, 'Spokane', 'WA', '99999', '../../Pictures/default.jpg', null);

INSERT INTO AllowedConnections VALUES ('100972', '125890', '125892', 12589, null);

INSERT INTO Child VALUES ('125892', 'Child973', '973child', '2006-02-02', null, null, '../../Pictures/default.jpg', null);

INSERT INTO ChildcareTransaction VALUES ('1000000972', 'Regular Childcare', '100972', '2014-04-18', '12:00:00', '14:00:00', 20.50);

INSERT INTO AllowedConnections VALUES ('100973', '125890', '125893', 12589, null);

INSERT INTO Child VALUES ('125893', 'Child974', '974child', '2006-02-02', null, null, '../../Pictures/default.jpg', null);

INSERT INTO ChildcareTransaction VALUES ('1000000973', 'Regular Childcare', '100973', '2014-09-17', '12:00:00', '14:00:00', 20.50);

INSERT INTO AllowedConnections VALUES ('100974', '125890', '125894', 12589, null);

INSERT INTO Child VALUES ('125894', 'Child975', '975child', '2006-02-02', null, null, '../../Pictures/default.jpg', null);

INSERT INTO ChildcareTransaction VALUES ('1000000974', 'Regular Childcare', '100974', '2014-12-01', '12:00:00', '14:00:00', 20.50);

INSERT INTO AllowedConnections VALUES ('100975', '125890', '125895', 12589, null);

INSERT INTO Child VALUES ('125895', 'Child976', '976child', '2006-02-02', null, null, '../../Pictures/default.jpg', null);

INSERT INTO ChildcareTransaction VALUES ('1000000975', 'Regular Childcare', '100975', '2014-03-07', '12:00:00', '14:00:00', 20.50);

INSERT INTO Guardian VALUES ('125890', '1234', 'Guardian244', '244guardian', '555-555-5555', 'blah@blah.com', '123 nowhere', null, 'Spokane', 'WA', '99999', '../../Pictures/default.jpg', null);

INSERT INTO Family VALUES ('12589', 42);

INSERT INTO Guardian VALUES ('125891', '1234', 'Guardian2244', '2442guardian', '555-555-5555', 'blah@blah.com', '123 nowhere', null, 'Spokane', 'WA', '99999', '../../Pictures/default.jpg', null);

INSERT INTO AllowedConnections VALUES ('100976', '125900', '125902', 12590, null);

INSERT INTO Child VALUES ('125902', 'Child977', '977child', '2006-02-02', null, null, '../../Pictures/default.jpg', null);

INSERT INTO ChildcareTransaction VALUES ('1000000976', 'Regular Childcare', '100976', '2014-12-18', '12:00:00', '14:00:00', 20.50);

INSERT INTO AllowedConnections VALUES ('100977', '125900', '125903', 12590, null);

INSERT INTO Child VALUES ('125903', 'Child978', '978child', '2006-02-02', null, null, '../../Pictures/default.jpg', null);

INSERT INTO ChildcareTransaction VALUES ('1000000977', 'Regular Childcare', '100977', '2014-10-16', '12:00:00', '14:00:00', 20.50);

INSERT INTO AllowedConnections VALUES ('100978', '125900', '125904', 12590, null);

INSERT INTO Child VALUES ('125904', 'Child979', '979child', '2006-02-02', null, null, '../../Pictures/default.jpg', null);

INSERT INTO ChildcareTransaction VALUES ('1000000978', 'Regular Childcare', '100978', '2014-07-22', '12:00:00', '14:00:00', 20.50);

INSERT INTO AllowedConnections VALUES ('100979', '125900', '125905', 12590, null);

INSERT INTO Child VALUES ('125905', 'Child980', '980child', '2006-02-02', null, null, '../../Pictures/default.jpg', null);

INSERT INTO ChildcareTransaction VALUES ('1000000979', 'Regular Childcare', '100979', '2014-04-28', '12:00:00', '14:00:00', 20.50);

INSERT INTO Guardian VALUES ('125900', '1234', 'Guardian245', '245guardian', '555-555-5555', 'blah@blah.com', '123 nowhere', null, 'Spokane', 'WA', '99999', '../../Pictures/default.jpg', null);

INSERT INTO Family VALUES ('12590', 42);

INSERT INTO Guardian VALUES ('125901', '1234', 'Guardian2245', '2452guardian', '555-555-5555', 'blah@blah.com', '123 nowhere', null, 'Spokane', 'WA', '99999', '../../Pictures/default.jpg', null);

INSERT INTO AllowedConnections VALUES ('100980', '125910', '125912', 12591, null);

INSERT INTO Child VALUES ('125912', 'Child981', '981child', '2006-02-02', null, null, '../../Pictures/default.jpg', null);

INSERT INTO ChildcareTransaction VALUES ('1000000980', 'Regular Childcare', '100980', '2014-12-05', '12:00:00', '14:00:00', 20.50);

INSERT INTO AllowedConnections VALUES ('100981', '125910', '125913', 12591, null);

INSERT INTO Child VALUES ('125913', 'Child982', '982child', '2006-02-02', null, null, '../../Pictures/default.jpg', null);

INSERT INTO ChildcareTransaction VALUES ('1000000981', 'Regular Childcare', '100981', '2014-01-11', '12:00:00', '14:00:00', 20.50);

INSERT INTO AllowedConnections VALUES ('100982', '125910', '125914', 12591, null);

INSERT INTO Child VALUES ('125914', 'Child983', '983child', '2006-02-02', null, null, '../../Pictures/default.jpg', null);

INSERT INTO ChildcareTransaction VALUES ('1000000982', 'Regular Childcare', '100982', '2014-11-26', '12:00:00', '14:00:00', 20.50);

INSERT INTO AllowedConnections VALUES ('100983', '125910', '125915', 12591, null);

INSERT INTO Child VALUES ('125915', 'Child984', '984child', '2006-02-02', null, null, '../../Pictures/default.jpg', null);

INSERT INTO ChildcareTransaction VALUES ('1000000983', 'Regular Childcare', '100983', '2014-06-14', '12:00:00', '14:00:00', 20.50);

INSERT INTO Guardian VALUES ('125910', '1234', 'Guardian246', '246guardian', '555-555-5555', 'blah@blah.com', '123 nowhere', null, 'Spokane', 'WA', '99999', '../../Pictures/default.jpg', null);

INSERT INTO Family VALUES ('12591', 42);

INSERT INTO Guardian VALUES ('125911', '1234', 'Guardian2246', '2462guardian', '555-555-5555', 'blah@blah.com', '123 nowhere', null, 'Spokane', 'WA', '99999', '../../Pictures/default.jpg', null);

INSERT INTO AllowedConnections VALUES ('100984', '125920', '125922', 12592, null);

INSERT INTO Child VALUES ('125922', 'Child985', '985child', '2006-02-02', null, null, '../../Pictures/default.jpg', null);

INSERT INTO ChildcareTransaction VALUES ('1000000984', 'Regular Childcare', '100984', '2014-02-09', '12:00:00', '14:00:00', 20.50);

INSERT INTO AllowedConnections VALUES ('100985', '125920', '125923', 12592, null);

INSERT INTO Child VALUES ('125923', 'Child986', '986child', '2006-02-02', null, null, '../../Pictures/default.jpg', null);

INSERT INTO ChildcareTransaction VALUES ('1000000985', 'Regular Childcare', '100985', '2014-09-13', '12:00:00', '14:00:00', 20.50);

INSERT INTO AllowedConnections VALUES ('100986', '125920', '125924', 12592, null);

INSERT INTO Child VALUES ('125924', 'Child987', '987child', '2006-02-02', null, null, '../../Pictures/default.jpg', null);

INSERT INTO ChildcareTransaction VALUES ('1000000986', 'Regular Childcare', '100986', '2014-06-13', '12:00:00', '14:00:00', 20.50);

INSERT INTO AllowedConnections VALUES ('100987', '125920', '125925', 12592, null);

INSERT INTO Child VALUES ('125925', 'Child988', '988child', '2006-02-02', null, null, '../../Pictures/default.jpg', null);

INSERT INTO ChildcareTransaction VALUES ('1000000987', 'Regular Childcare', '100987', '2014-11-05', '12:00:00', '14:00:00', 20.50);

INSERT INTO Guardian VALUES ('125920', '1234', 'Guardian247', '247guardian', '555-555-5555', 'blah@blah.com', '123 nowhere', null, 'Spokane', 'WA', '99999', '../../Pictures/default.jpg', null);

INSERT INTO Family VALUES ('12592', 42);

INSERT INTO Guardian VALUES ('125921', '1234', 'Guardian2247', '2472guardian', '555-555-5555', 'blah@blah.com', '123 nowhere', null, 'Spokane', 'WA', '99999', '../../Pictures/default.jpg', null);

INSERT INTO AllowedConnections VALUES ('100988', '125930', '125932', 12593, null);

INSERT INTO Child VALUES ('125932', 'Child989', '989child', '2006-02-02', null, null, '../../Pictures/default.jpg', null);

INSERT INTO ChildcareTransaction VALUES ('1000000988', 'Regular Childcare', '100988', '2014-01-19', '12:00:00', '14:00:00', 20.50);

INSERT INTO AllowedConnections VALUES ('100989', '125930', '125933', 12593, null);

INSERT INTO Child VALUES ('125933', 'Child990', '990child', '2006-02-02', null, null, '../../Pictures/default.jpg', null);

INSERT INTO ChildcareTransaction VALUES ('1000000989', 'Regular Childcare', '100989', '2014-09-27', '12:00:00', '14:00:00', 20.50);

INSERT INTO AllowedConnections VALUES ('100990', '125930', '125934', 12593, null);

INSERT INTO Child VALUES ('125934', 'Child991', '991child', '2006-02-02', null, null, '../../Pictures/default.jpg', null);

INSERT INTO ChildcareTransaction VALUES ('1000000990', 'Regular Childcare', '100990', '2014-01-07', '12:00:00', '14:00:00', 20.50);

INSERT INTO AllowedConnections VALUES ('100991', '125930', '125935', 12593, null);

INSERT INTO Child VALUES ('125935', 'Child992', '992child', '2006-02-02', null, null, '../../Pictures/default.jpg', null);

INSERT INTO ChildcareTransaction VALUES ('1000000991', 'Regular Childcare', '100991', '2014-04-12', '12:00:00', '14:00:00', 20.50);

INSERT INTO Guardian VALUES ('125930', '1234', 'Guardian248', '248guardian', '555-555-5555', 'blah@blah.com', '123 nowhere', null, 'Spokane', 'WA', '99999', '../../Pictures/default.jpg', null);

INSERT INTO Family VALUES ('12593', 42);

INSERT INTO Guardian VALUES ('125931', '1234', 'Guardian2248', '2482guardian', '555-555-5555', 'blah@blah.com', '123 nowhere', null, 'Spokane', 'WA', '99999', '../../Pictures/default.jpg', null);

INSERT INTO AllowedConnections VALUES ('100992', '125940', '125942', 12594, null);

INSERT INTO Child VALUES ('125942', 'Child993', '993child', '2006-02-02', null, null, '../../Pictures/default.jpg', null);

INSERT INTO ChildcareTransaction VALUES ('1000000992', 'Regular Childcare', '100992', '2014-02-05', '12:00:00', '14:00:00', 20.50);

INSERT INTO AllowedConnections VALUES ('100993', '125940', '125943', 12594, null);

INSERT INTO Child VALUES ('125943', 'Child994', '994child', '2006-02-02', null, null, '../../Pictures/default.jpg', null);

INSERT INTO ChildcareTransaction VALUES ('1000000993', 'Regular Childcare', '100993', '2014-12-24', '12:00:00', '14:00:00', 20.50);

INSERT INTO AllowedConnections VALUES ('100994', '125940', '125944', 12594, null);

INSERT INTO Child VALUES ('125944', 'Child995', '995child', '2006-02-02', null, null, '../../Pictures/default.jpg', null);

INSERT INTO ChildcareTransaction VALUES ('1000000994', 'Regular Childcare', '100994', '2014-07-08', '12:00:00', '14:00:00', 20.50);

INSERT INTO AllowedConnections VALUES ('100995', '125940', '125945', 12594, null);

INSERT INTO Child VALUES ('125945', 'Child996', '996child', '2006-02-02', null, null, '../../Pictures/default.jpg', null);

INSERT INTO ChildcareTransaction VALUES ('1000000995', 'Regular Childcare', '100995', '2014-06-22', '12:00:00', '14:00:00', 20.50);

INSERT INTO Guardian VALUES ('125940', '1234', 'Guardian249', '249guardian', '555-555-5555', 'blah@blah.com', '123 nowhere', null, 'Spokane', 'WA', '99999', '../../Pictures/default.jpg', null);

INSERT INTO Family VALUES ('12594', 42);

INSERT INTO Guardian VALUES ('125941', '1234', 'Guardian2249', '2492guardian', '555-555-5555', 'blah@blah.com', '123 nowhere', null, 'Spokane', 'WA', '99999', '../../Pictures/default.jpg', null);

INSERT INTO AllowedConnections VALUES ('100996', '125950', '125952', 12595, null);

INSERT INTO Child VALUES ('125952', 'Child997', '997child', '2006-02-02', null, null, '../../Pictures/default.jpg', null);

INSERT INTO ChildcareTransaction VALUES ('1000000996', 'Regular Childcare', '100996', '2014-01-13', '12:00:00', '14:00:00', 20.50);

INSERT INTO AllowedConnections VALUES ('100997', '125950', '125953', 12595, null);

INSERT INTO Child VALUES ('125953', 'Child998', '998child', '2006-02-02', null, null, '../../Pictures/default.jpg', null);

INSERT INTO ChildcareTransaction VALUES ('1000000997', 'Regular Childcare', '100997', '2014-11-20', '12:00:00', '14:00:00', 20.50);

INSERT INTO AllowedConnections VALUES ('100998', '125950', '125954', 12595, null);

INSERT INTO Child VALUES ('125954', 'Child999', '999child', '2006-02-02', null, null, '../../Pictures/default.jpg', null);

INSERT INTO ChildcareTransaction VALUES ('1000000998', 'Regular Childcare', '100998', '2014-12-04', '12:00:00', '14:00:00', 20.50);

INSERT INTO AllowedConnections VALUES ('100999', '125950', '125955', 12595, null);

INSERT INTO Child VALUES ('125955', 'Child1000', '1000child', '2006-02-02', null, null, '../../Pictures/default.jpg', null);

INSERT INTO ChildcareTransaction VALUES ('1000000999', 'Regular Childcare', '100999', '2014-01-20', '12:00:00', '14:00:00', 20.50);

INSERT INTO Guardian VALUES ('125950', '1234', 'Guardian250', '250guardian', '555-555-5555', 'blah@blah.com', '123 nowhere', null, 'Spokane', 'WA', '99999', '../../Pictures/default.jpg', null);

INSERT INTO Family VALUES ('12595', 42);

INSERT INTO Guardian VALUES ('125951', '1234', 'Guardian2250', '2502guardian', '555-555-5555', 'blah@blah.com', '123 nowhere', null, 'Spokane', 'WA', '99999', '../../Pictures/default.jpg', null);

INSERT INTO AllowedConnections VALUES ('101000', '125960', '125962', 12596, null);

INSERT INTO Child VALUES ('125962', 'Child1001', '1001child', '2006-02-02', null, null, '../../Pictures/default.jpg', null);

INSERT INTO ChildcareTransaction VALUES ('1000001000', 'Regular Childcare', '101000', '2014-05-11', '12:00:00', '14:00:00', 20.50);

INSERT INTO AllowedConnections VALUES ('101001', '125960', '125963', 12596, null);

INSERT INTO Child VALUES ('125963', 'Child1002', '1002child', '2006-02-02', null, null, '../../Pictures/default.jpg', null);

INSERT INTO ChildcareTransaction VALUES ('1000001001', 'Regular Childcare', '101001', '2014-12-10', '12:00:00', '14:00:00', 20.50);

INSERT INTO AllowedConnections VALUES ('101002', '125960', '125964', 12596, null);

INSERT INTO Child VALUES ('125964', 'Child1003', '1003child', '2006-02-02', null, null, '../../Pictures/default.jpg', null);

INSERT INTO ChildcareTransaction VALUES ('1000001002', 'Regular Childcare', '101002', '2014-02-16', '12:00:00', '14:00:00', 20.50);

INSERT INTO AllowedConnections VALUES ('101003', '125960', '125965', 12596, null);

INSERT INTO Child VALUES ('125965', 'Child1004', '1004child', '2006-02-02', null, null, '../../Pictures/default.jpg', null);

INSERT INTO ChildcareTransaction VALUES ('1000001003', 'Regular Childcare', '101003', '2014-09-19', '12:00:00', '14:00:00', 20.50);

INSERT INTO Guardian VALUES ('125960', '1234', 'Guardian251', '251guardian', '555-555-5555', 'blah@blah.com', '123 nowhere', null, 'Spokane', 'WA', '99999', '../../Pictures/default.jpg', null);

INSERT INTO Family VALUES ('12596', 42);

INSERT INTO Guardian VALUES ('125961', '1234', 'Guardian2251', '2512guardian', '555-555-5555', 'blah@blah.com', '123 nowhere', null, 'Spokane', 'WA', '99999', '../../Pictures/default.jpg', null);

INSERT INTO AllowedConnections VALUES ('101004', '125970', '125972', 12597, null);

INSERT INTO Child VALUES ('125972', 'Child1005', '1005child', '2006-02-02', null, null, '../../Pictures/default.jpg', null);

INSERT INTO ChildcareTransaction VALUES ('1000001004', 'Regular Childcare', '101004', '2014-01-15', '12:00:00', '14:00:00', 20.50);

INSERT INTO AllowedConnections VALUES ('101005', '125970', '125973', 12597, null);

INSERT INTO Child VALUES ('125973', 'Child1006', '1006child', '2006-02-02', null, null, '../../Pictures/default.jpg', null);

INSERT INTO ChildcareTransaction VALUES ('1000001005', 'Regular Childcare', '101005', '2014-03-21', '12:00:00', '14:00:00', 20.50);

INSERT INTO AllowedConnections VALUES ('101006', '125970', '125974', 12597, null);

INSERT INTO Child VALUES ('125974', 'Child1007', '1007child', '2006-02-02', null, null, '../../Pictures/default.jpg', null);

INSERT INTO ChildcareTransaction VALUES ('1000001006', 'Regular Childcare', '101006', '2014-11-03', '12:00:00', '14:00:00', 20.50);

INSERT INTO AllowedConnections VALUES ('101007', '125970', '125975', 12597, null);

INSERT INTO Child VALUES ('125975', 'Child1008', '1008child', '2006-02-02', null, null, '../../Pictures/default.jpg', null);

INSERT INTO ChildcareTransaction VALUES ('1000001007', 'Regular Childcare', '101007', '2014-08-22', '12:00:00', '14:00:00', 20.50);

INSERT INTO Guardian VALUES ('125970', '1234', 'Guardian252', '252guardian', '555-555-5555', 'blah@blah.com', '123 nowhere', null, 'Spokane', 'WA', '99999', '../../Pictures/default.jpg', null);

INSERT INTO Family VALUES ('12597', 42);

INSERT INTO Guardian VALUES ('125971', '1234', 'Guardian2252', '2522guardian', '555-555-5555', 'blah@blah.com', '123 nowhere', null, 'Spokane', 'WA', '99999', '../../Pictures/default.jpg', null);

INSERT INTO AllowedConnections VALUES ('101008', '125980', '125982', 12598, null);

INSERT INTO Child VALUES ('125982', 'Child1009', '1009child', '2006-02-02', null, null, '../../Pictures/default.jpg', null);

INSERT INTO ChildcareTransaction VALUES ('1000001008', 'Regular Childcare', '101008', '2014-01-16', '12:00:00', '14:00:00', 20.50);

INSERT INTO AllowedConnections VALUES ('101009', '125980', '125983', 12598, null);

INSERT INTO Child VALUES ('125983', 'Child1010', '1010child', '2006-02-02', null, null, '../../Pictures/default.jpg', null);

INSERT INTO ChildcareTransaction VALUES ('1000001009', 'Regular Childcare', '101009', '2014-07-16', '12:00:00', '14:00:00', 20.50);

INSERT INTO AllowedConnections VALUES ('101010', '125980', '125984', 12598, null);

INSERT INTO Child VALUES ('125984', 'Child1011', '1011child', '2006-02-02', null, null, '../../Pictures/default.jpg', null);

INSERT INTO ChildcareTransaction VALUES ('1000001010', 'Regular Childcare', '101010', '2014-04-07', '12:00:00', '14:00:00', 20.50);

INSERT INTO AllowedConnections VALUES ('101011', '125980', '125985', 12598, null);

INSERT INTO Child VALUES ('125985', 'Child1012', '1012child', '2006-02-02', null, null, '../../Pictures/default.jpg', null);

INSERT INTO ChildcareTransaction VALUES ('1000001011', 'Regular Childcare', '101011', '2014-05-14', '12:00:00', '14:00:00', 20.50);

INSERT INTO Guardian VALUES ('125980', '1234', 'Guardian253', '253guardian', '555-555-5555', 'blah@blah.com', '123 nowhere', null, 'Spokane', 'WA', '99999', '../../Pictures/default.jpg', null);

INSERT INTO Family VALUES ('12598', 42);

INSERT INTO Guardian VALUES ('125981', '1234', 'Guardian2253', '2532guardian', '555-555-5555', 'blah@blah.com', '123 nowhere', null, 'Spokane', 'WA', '99999', '../../Pictures/default.jpg', null);

INSERT INTO AllowedConnections VALUES ('101012', '125990', '125992', 12599, null);

INSERT INTO Child VALUES ('125992', 'Child1013', '1013child', '2006-02-02', null, null, '../../Pictures/default.jpg', null);

INSERT INTO ChildcareTransaction VALUES ('1000001012', 'Regular Childcare', '101012', '2014-11-01', '12:00:00', '14:00:00', 20.50);

INSERT INTO AllowedConnections VALUES ('101013', '125990', '125993', 12599, null);

INSERT INTO Child VALUES ('125993', 'Child1014', '1014child', '2006-02-02', null, null, '../../Pictures/default.jpg', null);

INSERT INTO ChildcareTransaction VALUES ('1000001013', 'Regular Childcare', '101013', '2014-01-09', '12:00:00', '14:00:00', 20.50);

INSERT INTO AllowedConnections VALUES ('101014', '125990', '125994', 12599, null);

INSERT INTO Child VALUES ('125994', 'Child1015', '1015child', '2006-02-02', null, null, '../../Pictures/default.jpg', null);

INSERT INTO ChildcareTransaction VALUES ('1000001014', 'Regular Childcare', '101014', '2014-09-13', '12:00:00', '14:00:00', 20.50);

INSERT INTO AllowedConnections VALUES ('101015', '125990', '125995', 12599, null);

INSERT INTO Child VALUES ('125995', 'Child1016', '1016child', '2006-02-02', null, null, '../../Pictures/default.jpg', null);

INSERT INTO ChildcareTransaction VALUES ('1000001015', 'Regular Childcare', '101015', '2014-04-10', '12:00:00', '14:00:00', 20.50);

INSERT INTO Guardian VALUES ('125990', '1234', 'Guardian254', '254guardian', '555-555-5555', 'blah@blah.com', '123 nowhere', null, 'Spokane', 'WA', '99999', '../../Pictures/default.jpg', null);

INSERT INTO Family VALUES ('12599', 42);

INSERT INTO Guardian VALUES ('125991', '1234', 'Guardian2254', '2542guardian', '555-555-5555', 'blah@blah.com', '123 nowhere', null, 'Spokane', 'WA', '99999', '../../Pictures/default.jpg', null);

INSERT INTO AllowedConnections VALUES ('101016', '126000', '126002', 12600, null);

INSERT INTO Child VALUES ('126002', 'Child1017', '1017child', '2006-02-02', null, null, '../../Pictures/default.jpg', null);

INSERT INTO ChildcareTransaction VALUES ('1000001016', 'Regular Childcare', '101016', '2014-12-25', '12:00:00', '14:00:00', 20.50);

INSERT INTO AllowedConnections VALUES ('101017', '126000', '126003', 12600, null);

INSERT INTO Child VALUES ('126003', 'Child1018', '1018child', '2006-02-02', null, null, '../../Pictures/default.jpg', null);

INSERT INTO ChildcareTransaction VALUES ('1000001017', 'Regular Childcare', '101017', '2014-03-12', '12:00:00', '14:00:00', 20.50);

INSERT INTO AllowedConnections VALUES ('101018', '126000', '126004', 12600, null);

INSERT INTO Child VALUES ('126004', 'Child1019', '1019child', '2006-02-02', null, null, '../../Pictures/default.jpg', null);

INSERT INTO ChildcareTransaction VALUES ('1000001018', 'Regular Childcare', '101018', '2014-09-26', '12:00:00', '14:00:00', 20.50);

INSERT INTO AllowedConnections VALUES ('101019', '126000', '126005', 12600, null);

INSERT INTO Child VALUES ('126005', 'Child1020', '1020child', '2006-02-02', null, null, '../../Pictures/default.jpg', null);

INSERT INTO ChildcareTransaction VALUES ('1000001019', 'Regular Childcare', '101019', '2014-08-28', '12:00:00', '14:00:00', 20.50);

INSERT INTO Guardian VALUES ('126000', '1234', 'Guardian255', '255guardian', '555-555-5555', 'blah@blah.com', '123 nowhere', null, 'Spokane', 'WA', '99999', '../../Pictures/default.jpg', null);

INSERT INTO Family VALUES ('12600', 42);

INSERT INTO Guardian VALUES ('126001', '1234', 'Guardian2255', '2552guardian', '555-555-5555', 'blah@blah.com', '123 nowhere', null, 'Spokane', 'WA', '99999', '../../Pictures/default.jpg', null);

INSERT INTO AllowedConnections VALUES ('101020', '126010', '126012', 12601, null);

INSERT INTO Child VALUES ('126012', 'Child1021', '1021child', '2006-02-02', null, null, '../../Pictures/default.jpg', null);

INSERT INTO ChildcareTransaction VALUES ('1000001020', 'Regular Childcare', '101020', '2014-03-20', '12:00:00', '14:00:00', 20.50);

INSERT INTO AllowedConnections VALUES ('101021', '126010', '126013', 12601, null);

INSERT INTO Child VALUES ('126013', 'Child1022', '1022child', '2006-02-02', null, null, '../../Pictures/default.jpg', null);

INSERT INTO ChildcareTransaction VALUES ('1000001021', 'Regular Childcare', '101021', '2014-02-05', '12:00:00', '14:00:00', 20.50);

INSERT INTO AllowedConnections VALUES ('101022', '126010', '126014', 12601, null);

INSERT INTO Child VALUES ('126014', 'Child1023', '1023child', '2006-02-02', null, null, '../../Pictures/default.jpg', null);

INSERT INTO ChildcareTransaction VALUES ('1000001022', 'Regular Childcare', '101022', '2014-10-11', '12:00:00', '14:00:00', 20.50);

INSERT INTO AllowedConnections VALUES ('101023', '126010', '126015', 12601, null);

INSERT INTO Child VALUES ('126015', 'Child1024', '1024child', '2006-02-02', null, null, '../../Pictures/default.jpg', null);

INSERT INTO ChildcareTransaction VALUES ('1000001023', 'Regular Childcare', '101023', '2014-10-17', '12:00:00', '14:00:00', 20.50);

INSERT INTO Guardian VALUES ('126010', '1234', 'Guardian256', '256guardian', '555-555-5555', 'blah@blah.com', '123 nowhere', null, 'Spokane', 'WA', '99999', '../../Pictures/default.jpg', null);

INSERT INTO Family VALUES ('12601', 42);

INSERT INTO Guardian VALUES ('126011', '1234', 'Guardian2256', '2562guardian', '555-555-5555', 'blah@blah.com', '123 nowhere', null, 'Spokane', 'WA', '99999', '../../Pictures/default.jpg', null);

INSERT INTO AllowedConnections VALUES ('101024', '126020', '126022', 12602, null);

INSERT INTO Child VALUES ('126022', 'Child1025', '1025child', '2006-02-02', null, null, '../../Pictures/default.jpg', null);

INSERT INTO ChildcareTransaction VALUES ('1000001024', 'Regular Childcare', '101024', '2014-07-07', '12:00:00', '14:00:00', 20.50);

INSERT INTO AllowedConnections VALUES ('101025', '126020', '126023', 12602, null);

INSERT INTO Child VALUES ('126023', 'Child1026', '1026child', '2006-02-02', null, null, '../../Pictures/default.jpg', null);

INSERT INTO ChildcareTransaction VALUES ('1000001025', 'Regular Childcare', '101025', '2014-04-09', '12:00:00', '14:00:00', 20.50);

INSERT INTO AllowedConnections VALUES ('101026', '126020', '126024', 12602, null);

INSERT INTO Child VALUES ('126024', 'Child1027', '1027child', '2006-02-02', null, null, '../../Pictures/default.jpg', null);

INSERT INTO ChildcareTransaction VALUES ('1000001026', 'Regular Childcare', '101026', '2014-02-01', '12:00:00', '14:00:00', 20.50);

INSERT INTO AllowedConnections VALUES ('101027', '126020', '126025', 12602, null);

INSERT INTO Child VALUES ('126025', 'Child1028', '1028child', '2006-02-02', null, null, '../../Pictures/default.jpg', null);

INSERT INTO ChildcareTransaction VALUES ('1000001027', 'Regular Childcare', '101027', '2014-05-14', '12:00:00', '14:00:00', 20.50);

INSERT INTO Guardian VALUES ('126020', '1234', 'Guardian257', '257guardian', '555-555-5555', 'blah@blah.com', '123 nowhere', null, 'Spokane', 'WA', '99999', '../../Pictures/default.jpg', null);

INSERT INTO Family VALUES ('12602', 42);

INSERT INTO Guardian VALUES ('126021', '1234', 'Guardian2257', '2572guardian', '555-555-5555', 'blah@blah.com', '123 nowhere', null, 'Spokane', 'WA', '99999', '../../Pictures/default.jpg', null);

INSERT INTO AllowedConnections VALUES ('101028', '126030', '126032', 12603, null);

INSERT INTO Child VALUES ('126032', 'Child1029', '1029child', '2006-02-02', null, null, '../../Pictures/default.jpg', null);

INSERT INTO ChildcareTransaction VALUES ('1000001028', 'Regular Childcare', '101028', '2014-02-17', '12:00:00', '14:00:00', 20.50);

INSERT INTO AllowedConnections VALUES ('101029', '126030', '126033', 12603, null);

INSERT INTO Child VALUES ('126033', 'Child1030', '1030child', '2006-02-02', null, null, '../../Pictures/default.jpg', null);

INSERT INTO ChildcareTransaction VALUES ('1000001029', 'Regular Childcare', '101029', '2014-02-11', '12:00:00', '14:00:00', 20.50);

INSERT INTO AllowedConnections VALUES ('101030', '126030', '126034', 12603, null);

INSERT INTO Child VALUES ('126034', 'Child1031', '1031child', '2006-02-02', null, null, '../../Pictures/default.jpg', null);

INSERT INTO ChildcareTransaction VALUES ('1000001030', 'Regular Childcare', '101030', '2014-01-13', '12:00:00', '14:00:00', 20.50);

INSERT INTO AllowedConnections VALUES ('101031', '126030', '126035', 12603, null);

INSERT INTO Child VALUES ('126035', 'Child1032', '1032child', '2006-02-02', null, null, '../../Pictures/default.jpg', null);

INSERT INTO ChildcareTransaction VALUES ('1000001031', 'Regular Childcare', '101031', '2014-09-12', '12:00:00', '14:00:00', 20.50);

INSERT INTO Guardian VALUES ('126030', '1234', 'Guardian258', '258guardian', '555-555-5555', 'blah@blah.com', '123 nowhere', null, 'Spokane', 'WA', '99999', '../../Pictures/default.jpg', null);

INSERT INTO Family VALUES ('12603', 42);

INSERT INTO Guardian VALUES ('126031', '1234', 'Guardian2258', '2582guardian', '555-555-5555', 'blah@blah.com', '123 nowhere', null, 'Spokane', 'WA', '99999', '../../Pictures/default.jpg', null);

INSERT INTO AllowedConnections VALUES ('101032', '126040', '126042', 12604, null);

INSERT INTO Child VALUES ('126042', 'Child1033', '1033child', '2006-02-02', null, null, '../../Pictures/default.jpg', null);

INSERT INTO ChildcareTransaction VALUES ('1000001032', 'Regular Childcare', '101032', '2014-01-07', '12:00:00', '14:00:00', 20.50);

INSERT INTO AllowedConnections VALUES ('101033', '126040', '126043', 12604, null);

INSERT INTO Child VALUES ('126043', 'Child1034', '1034child', '2006-02-02', null, null, '../../Pictures/default.jpg', null);

INSERT INTO ChildcareTransaction VALUES ('1000001033', 'Regular Childcare', '101033', '2014-02-23', '12:00:00', '14:00:00', 20.50);

INSERT INTO AllowedConnections VALUES ('101034', '126040', '126044', 12604, null);

INSERT INTO Child VALUES ('126044', 'Child1035', '1035child', '2006-02-02', null, null, '../../Pictures/default.jpg', null);

INSERT INTO ChildcareTransaction VALUES ('1000001034', 'Regular Childcare', '101034', '2014-04-18', '12:00:00', '14:00:00', 20.50);

INSERT INTO AllowedConnections VALUES ('101035', '126040', '126045', 12604, null);

INSERT INTO Child VALUES ('126045', 'Child1036', '1036child', '2006-02-02', null, null, '../../Pictures/default.jpg', null);

INSERT INTO ChildcareTransaction VALUES ('1000001035', 'Regular Childcare', '101035', '2014-11-21', '12:00:00', '14:00:00', 20.50);

INSERT INTO Guardian VALUES ('126040', '1234', 'Guardian259', '259guardian', '555-555-5555', 'blah@blah.com', '123 nowhere', null, 'Spokane', 'WA', '99999', '../../Pictures/default.jpg', null);

INSERT INTO Family VALUES ('12604', 42);

INSERT INTO Guardian VALUES ('126041', '1234', 'Guardian2259', '2592guardian', '555-555-5555', 'blah@blah.com', '123 nowhere', null, 'Spokane', 'WA', '99999', '../../Pictures/default.jpg', null);

INSERT INTO AllowedConnections VALUES ('101036', '126050', '126052', 12605, null);

INSERT INTO Child VALUES ('126052', 'Child1037', '1037child', '2006-02-02', null, null, '../../Pictures/default.jpg', null);

INSERT INTO ChildcareTransaction VALUES ('1000001036', 'Regular Childcare', '101036', '2014-07-15', '12:00:00', '14:00:00', 20.50);

INSERT INTO AllowedConnections VALUES ('101037', '126050', '126053', 12605, null);

INSERT INTO Child VALUES ('126053', 'Child1038', '1038child', '2006-02-02', null, null, '../../Pictures/default.jpg', null);

INSERT INTO ChildcareTransaction VALUES ('1000001037', 'Regular Childcare', '101037', '2014-12-21', '12:00:00', '14:00:00', 20.50);

INSERT INTO AllowedConnections VALUES ('101038', '126050', '126054', 12605, null);

INSERT INTO Child VALUES ('126054', 'Child1039', '1039child', '2006-02-02', null, null, '../../Pictures/default.jpg', null);

INSERT INTO ChildcareTransaction VALUES ('1000001038', 'Regular Childcare', '101038', '2014-12-28', '12:00:00', '14:00:00', 20.50);

INSERT INTO AllowedConnections VALUES ('101039', '126050', '126055', 12605, null);

INSERT INTO Child VALUES ('126055', 'Child1040', '1040child', '2006-02-02', null, null, '../../Pictures/default.jpg', null);

INSERT INTO ChildcareTransaction VALUES ('1000001039', 'Regular Childcare', '101039', '2014-06-15', '12:00:00', '14:00:00', 20.50);

INSERT INTO Guardian VALUES ('126050', '1234', 'Guardian260', '260guardian', '555-555-5555', 'blah@blah.com', '123 nowhere', null, 'Spokane', 'WA', '99999', '../../Pictures/default.jpg', null);

INSERT INTO Family VALUES ('12605', 42);

INSERT INTO Guardian VALUES ('126051', '1234', 'Guardian2260', '2602guardian', '555-555-5555', 'blah@blah.com', '123 nowhere', null, 'Spokane', 'WA', '99999', '../../Pictures/default.jpg', null);

INSERT INTO AllowedConnections VALUES ('101040', '126060', '126062', 12606, null);

INSERT INTO Child VALUES ('126062', 'Child1041', '1041child', '2006-02-02', null, null, '../../Pictures/default.jpg', null);

INSERT INTO ChildcareTransaction VALUES ('1000001040', 'Regular Childcare', '101040', '2014-12-27', '12:00:00', '14:00:00', 20.50);

INSERT INTO AllowedConnections VALUES ('101041', '126060', '126063', 12606, null);

INSERT INTO Child VALUES ('126063', 'Child1042', '1042child', '2006-02-02', null, null, '../../Pictures/default.jpg', null);

INSERT INTO ChildcareTransaction VALUES ('1000001041', 'Regular Childcare', '101041', '2014-08-09', '12:00:00', '14:00:00', 20.50);

INSERT INTO AllowedConnections VALUES ('101042', '126060', '126064', 12606, null);

INSERT INTO Child VALUES ('126064', 'Child1043', '1043child', '2006-02-02', null, null, '../../Pictures/default.jpg', null);

INSERT INTO ChildcareTransaction VALUES ('1000001042', 'Regular Childcare', '101042', '2014-12-28', '12:00:00', '14:00:00', 20.50);

INSERT INTO AllowedConnections VALUES ('101043', '126060', '126065', 12606, null);

INSERT INTO Child VALUES ('126065', 'Child1044', '1044child', '2006-02-02', null, null, '../../Pictures/default.jpg', null);

INSERT INTO ChildcareTransaction VALUES ('1000001043', 'Regular Childcare', '101043', '2014-12-27', '12:00:00', '14:00:00', 20.50);

INSERT INTO Guardian VALUES ('126060', '1234', 'Guardian261', '261guardian', '555-555-5555', 'blah@blah.com', '123 nowhere', null, 'Spokane', 'WA', '99999', '../../Pictures/default.jpg', null);

INSERT INTO Family VALUES ('12606', 42);

INSERT INTO Guardian VALUES ('126061', '1234', 'Guardian2261', '2612guardian', '555-555-5555', 'blah@blah.com', '123 nowhere', null, 'Spokane', 'WA', '99999', '../../Pictures/default.jpg', null);

INSERT INTO AllowedConnections VALUES ('101044', '126070', '126072', 12607, null);

INSERT INTO Child VALUES ('126072', 'Child1045', '1045child', '2006-02-02', null, null, '../../Pictures/default.jpg', null);

INSERT INTO ChildcareTransaction VALUES ('1000001044', 'Regular Childcare', '101044', '2014-12-02', '12:00:00', '14:00:00', 20.50);

INSERT INTO AllowedConnections VALUES ('101045', '126070', '126073', 12607, null);

INSERT INTO Child VALUES ('126073', 'Child1046', '1046child', '2006-02-02', null, null, '../../Pictures/default.jpg', null);

INSERT INTO ChildcareTransaction VALUES ('1000001045', 'Regular Childcare', '101045', '2014-05-19', '12:00:00', '14:00:00', 20.50);

INSERT INTO AllowedConnections VALUES ('101046', '126070', '126074', 12607, null);

INSERT INTO Child VALUES ('126074', 'Child1047', '1047child', '2006-02-02', null, null, '../../Pictures/default.jpg', null);

INSERT INTO ChildcareTransaction VALUES ('1000001046', 'Regular Childcare', '101046', '2014-01-19', '12:00:00', '14:00:00', 20.50);

INSERT INTO AllowedConnections VALUES ('101047', '126070', '126075', 12607, null);

INSERT INTO Child VALUES ('126075', 'Child1048', '1048child', '2006-02-02', null, null, '../../Pictures/default.jpg', null);

INSERT INTO ChildcareTransaction VALUES ('1000001047', 'Regular Childcare', '101047', '2014-09-15', '12:00:00', '14:00:00', 20.50);

INSERT INTO Guardian VALUES ('126070', '1234', 'Guardian262', '262guardian', '555-555-5555', 'blah@blah.com', '123 nowhere', null, 'Spokane', 'WA', '99999', '../../Pictures/default.jpg', null);

INSERT INTO Family VALUES ('12607', 42);

INSERT INTO Guardian VALUES ('126071', '1234', 'Guardian2262', '2622guardian', '555-555-5555', 'blah@blah.com', '123 nowhere', null, 'Spokane', 'WA', '99999', '../../Pictures/default.jpg', null);

INSERT INTO AllowedConnections VALUES ('101048', '126080', '126082', 12608, null);

INSERT INTO Child VALUES ('126082', 'Child1049', '1049child', '2006-02-02', null, null, '../../Pictures/default.jpg', null);

INSERT INTO ChildcareTransaction VALUES ('1000001048', 'Regular Childcare', '101048', '2014-06-15', '12:00:00', '14:00:00', 20.50);

INSERT INTO AllowedConnections VALUES ('101049', '126080', '126083', 12608, null);

INSERT INTO Child VALUES ('126083', 'Child1050', '1050child', '2006-02-02', null, null, '../../Pictures/default.jpg', null);

INSERT INTO ChildcareTransaction VALUES ('1000001049', 'Regular Childcare', '101049', '2014-03-24', '12:00:00', '14:00:00', 20.50);

INSERT INTO AllowedConnections VALUES ('101050', '126080', '126084', 12608, null);

INSERT INTO Child VALUES ('126084', 'Child1051', '1051child', '2006-02-02', null, null, '../../Pictures/default.jpg', null);

INSERT INTO ChildcareTransaction VALUES ('1000001050', 'Regular Childcare', '101050', '2014-02-07', '12:00:00', '14:00:00', 20.50);

INSERT INTO AllowedConnections VALUES ('101051', '126080', '126085', 12608, null);

INSERT INTO Child VALUES ('126085', 'Child1052', '1052child', '2006-02-02', null, null, '../../Pictures/default.jpg', null);

INSERT INTO ChildcareTransaction VALUES ('1000001051', 'Regular Childcare', '101051', '2014-06-12', '12:00:00', '14:00:00', 20.50);

INSERT INTO Guardian VALUES ('126080', '1234', 'Guardian263', '263guardian', '555-555-5555', 'blah@blah.com', '123 nowhere', null, 'Spokane', 'WA', '99999', '../../Pictures/default.jpg', null);

INSERT INTO Family VALUES ('12608', 42);

INSERT INTO Guardian VALUES ('126081', '1234', 'Guardian2263', '2632guardian', '555-555-5555', 'blah@blah.com', '123 nowhere', null, 'Spokane', 'WA', '99999', '../../Pictures/default.jpg', null);

INSERT INTO AllowedConnections VALUES ('101052', '126090', '126092', 12609, null);

INSERT INTO Child VALUES ('126092', 'Child1053', '1053child', '2006-02-02', null, null, '../../Pictures/default.jpg', null);

INSERT INTO ChildcareTransaction VALUES ('1000001052', 'Regular Childcare', '101052', '2014-07-24', '12:00:00', '14:00:00', 20.50);

INSERT INTO AllowedConnections VALUES ('101053', '126090', '126093', 12609, null);

INSERT INTO Child VALUES ('126093', 'Child1054', '1054child', '2006-02-02', null, null, '../../Pictures/default.jpg', null);

INSERT INTO ChildcareTransaction VALUES ('1000001053', 'Regular Childcare', '101053', '2014-11-13', '12:00:00', '14:00:00', 20.50);

INSERT INTO AllowedConnections VALUES ('101054', '126090', '126094', 12609, null);

INSERT INTO Child VALUES ('126094', 'Child1055', '1055child', '2006-02-02', null, null, '../../Pictures/default.jpg', null);

INSERT INTO ChildcareTransaction VALUES ('1000001054', 'Regular Childcare', '101054', '2014-10-13', '12:00:00', '14:00:00', 20.50);

INSERT INTO AllowedConnections VALUES ('101055', '126090', '126095', 12609, null);

INSERT INTO Child VALUES ('126095', 'Child1056', '1056child', '2006-02-02', null, null, '../../Pictures/default.jpg', null);

INSERT INTO ChildcareTransaction VALUES ('1000001055', 'Regular Childcare', '101055', '2014-11-21', '12:00:00', '14:00:00', 20.50);

INSERT INTO Guardian VALUES ('126090', '1234', 'Guardian264', '264guardian', '555-555-5555', 'blah@blah.com', '123 nowhere', null, 'Spokane', 'WA', '99999', '../../Pictures/default.jpg', null);

INSERT INTO Family VALUES ('12609', 42);

INSERT INTO Guardian VALUES ('126091', '1234', 'Guardian2264', '2642guardian', '555-555-5555', 'blah@blah.com', '123 nowhere', null, 'Spokane', 'WA', '99999', '../../Pictures/default.jpg', null);

INSERT INTO AllowedConnections VALUES ('101056', '126100', '126102', 12610, null);

INSERT INTO Child VALUES ('126102', 'Child1057', '1057child', '2006-02-02', null, null, '../../Pictures/default.jpg', null);

INSERT INTO ChildcareTransaction VALUES ('1000001056', 'Regular Childcare', '101056', '2014-04-23', '12:00:00', '14:00:00', 20.50);

INSERT INTO AllowedConnections VALUES ('101057', '126100', '126103', 12610, null);

INSERT INTO Child VALUES ('126103', 'Child1058', '1058child', '2006-02-02', null, null, '../../Pictures/default.jpg', null);

INSERT INTO ChildcareTransaction VALUES ('1000001057', 'Regular Childcare', '101057', '2014-08-04', '12:00:00', '14:00:00', 20.50);

INSERT INTO AllowedConnections VALUES ('101058', '126100', '126104', 12610, null);

INSERT INTO Child VALUES ('126104', 'Child1059', '1059child', '2006-02-02', null, null, '../../Pictures/default.jpg', null);

INSERT INTO ChildcareTransaction VALUES ('1000001058', 'Regular Childcare', '101058', '2014-10-26', '12:00:00', '14:00:00', 20.50);

INSERT INTO AllowedConnections VALUES ('101059', '126100', '126105', 12610, null);

INSERT INTO Child VALUES ('126105', 'Child1060', '1060child', '2006-02-02', null, null, '../../Pictures/default.jpg', null);

INSERT INTO ChildcareTransaction VALUES ('1000001059', 'Regular Childcare', '101059', '2014-08-07', '12:00:00', '14:00:00', 20.50);

INSERT INTO Guardian VALUES ('126100', '1234', 'Guardian265', '265guardian', '555-555-5555', 'blah@blah.com', '123 nowhere', null, 'Spokane', 'WA', '99999', '../../Pictures/default.jpg', null);

INSERT INTO Family VALUES ('12610', 42);

INSERT INTO Guardian VALUES ('126101', '1234', 'Guardian2265', '2652guardian', '555-555-5555', 'blah@blah.com', '123 nowhere', null, 'Spokane', 'WA', '99999', '../../Pictures/default.jpg', null);

INSERT INTO AllowedConnections VALUES ('101060', '126110', '126112', 12611, null);

INSERT INTO Child VALUES ('126112', 'Child1061', '1061child', '2006-02-02', null, null, '../../Pictures/default.jpg', null);

INSERT INTO ChildcareTransaction VALUES ('1000001060', 'Regular Childcare', '101060', '2014-08-27', '12:00:00', '14:00:00', 20.50);

INSERT INTO AllowedConnections VALUES ('101061', '126110', '126113', 12611, null);

INSERT INTO Child VALUES ('126113', 'Child1062', '1062child', '2006-02-02', null, null, '../../Pictures/default.jpg', null);

INSERT INTO ChildcareTransaction VALUES ('1000001061', 'Regular Childcare', '101061', '2014-03-01', '12:00:00', '14:00:00', 20.50);

INSERT INTO AllowedConnections VALUES ('101062', '126110', '126114', 12611, null);

INSERT INTO Child VALUES ('126114', 'Child1063', '1063child', '2006-02-02', null, null, '../../Pictures/default.jpg', null);

INSERT INTO ChildcareTransaction VALUES ('1000001062', 'Regular Childcare', '101062', '2014-01-01', '12:00:00', '14:00:00', 20.50);

INSERT INTO AllowedConnections VALUES ('101063', '126110', '126115', 12611, null);

INSERT INTO Child VALUES ('126115', 'Child1064', '1064child', '2006-02-02', null, null, '../../Pictures/default.jpg', null);

INSERT INTO ChildcareTransaction VALUES ('1000001063', 'Regular Childcare', '101063', '2014-06-04', '12:00:00', '14:00:00', 20.50);

INSERT INTO Guardian VALUES ('126110', '1234', 'Guardian266', '266guardian', '555-555-5555', 'blah@blah.com', '123 nowhere', null, 'Spokane', 'WA', '99999', '../../Pictures/default.jpg', null);

INSERT INTO Family VALUES ('12611', 42);

INSERT INTO Guardian VALUES ('126111', '1234', 'Guardian2266', '2662guardian', '555-555-5555', 'blah@blah.com', '123 nowhere', null, 'Spokane', 'WA', '99999', '../../Pictures/default.jpg', null);

INSERT INTO AllowedConnections VALUES ('101064', '126120', '126122', 12612, null);

INSERT INTO Child VALUES ('126122', 'Child1065', '1065child', '2006-02-02', null, null, '../../Pictures/default.jpg', null);

INSERT INTO ChildcareTransaction VALUES ('1000001064', 'Regular Childcare', '101064', '2014-11-10', '12:00:00', '14:00:00', 20.50);

INSERT INTO AllowedConnections VALUES ('101065', '126120', '126123', 12612, null);

INSERT INTO Child VALUES ('126123', 'Child1066', '1066child', '2006-02-02', null, null, '../../Pictures/default.jpg', null);

INSERT INTO ChildcareTransaction VALUES ('1000001065', 'Regular Childcare', '101065', '2014-05-09', '12:00:00', '14:00:00', 20.50);

INSERT INTO AllowedConnections VALUES ('101066', '126120', '126124', 12612, null);

INSERT INTO Child VALUES ('126124', 'Child1067', '1067child', '2006-02-02', null, null, '../../Pictures/default.jpg', null);

INSERT INTO ChildcareTransaction VALUES ('1000001066', 'Regular Childcare', '101066', '2014-12-21', '12:00:00', '14:00:00', 20.50);

INSERT INTO AllowedConnections VALUES ('101067', '126120', '126125', 12612, null);

INSERT INTO Child VALUES ('126125', 'Child1068', '1068child', '2006-02-02', null, null, '../../Pictures/default.jpg', null);

INSERT INTO ChildcareTransaction VALUES ('1000001067', 'Regular Childcare', '101067', '2014-07-01', '12:00:00', '14:00:00', 20.50);

INSERT INTO Guardian VALUES ('126120', '1234', 'Guardian267', '267guardian', '555-555-5555', 'blah@blah.com', '123 nowhere', null, 'Spokane', 'WA', '99999', '../../Pictures/default.jpg', null);

INSERT INTO Family VALUES ('12612', 42);

INSERT INTO Guardian VALUES ('126121', '1234', 'Guardian2267', '2672guardian', '555-555-5555', 'blah@blah.com', '123 nowhere', null, 'Spokane', 'WA', '99999', '../../Pictures/default.jpg', null);

INSERT INTO AllowedConnections VALUES ('101068', '126130', '126132', 12613, null);

INSERT INTO Child VALUES ('126132', 'Child1069', '1069child', '2006-02-02', null, null, '../../Pictures/default.jpg', null);

INSERT INTO ChildcareTransaction VALUES ('1000001068', 'Regular Childcare', '101068', '2014-11-18', '12:00:00', '14:00:00', 20.50);

INSERT INTO AllowedConnections VALUES ('101069', '126130', '126133', 12613, null);

INSERT INTO Child VALUES ('126133', 'Child1070', '1070child', '2006-02-02', null, null, '../../Pictures/default.jpg', null);

INSERT INTO ChildcareTransaction VALUES ('1000001069', 'Regular Childcare', '101069', '2014-03-05', '12:00:00', '14:00:00', 20.50);

INSERT INTO AllowedConnections VALUES ('101070', '126130', '126134', 12613, null);

INSERT INTO Child VALUES ('126134', 'Child1071', '1071child', '2006-02-02', null, null, '../../Pictures/default.jpg', null);

INSERT INTO ChildcareTransaction VALUES ('1000001070', 'Regular Childcare', '101070', '2014-05-06', '12:00:00', '14:00:00', 20.50);

INSERT INTO AllowedConnections VALUES ('101071', '126130', '126135', 12613, null);

INSERT INTO Child VALUES ('126135', 'Child1072', '1072child', '2006-02-02', null, null, '../../Pictures/default.jpg', null);

INSERT INTO ChildcareTransaction VALUES ('1000001071', 'Regular Childcare', '101071', '2014-03-28', '12:00:00', '14:00:00', 20.50);

INSERT INTO Guardian VALUES ('126130', '1234', 'Guardian268', '268guardian', '555-555-5555', 'blah@blah.com', '123 nowhere', null, 'Spokane', 'WA', '99999', '../../Pictures/default.jpg', null);

INSERT INTO Family VALUES ('12613', 42);

INSERT INTO Guardian VALUES ('126131', '1234', 'Guardian2268', '2682guardian', '555-555-5555', 'blah@blah.com', '123 nowhere', null, 'Spokane', 'WA', '99999', '../../Pictures/default.jpg', null);

INSERT INTO AllowedConnections VALUES ('101072', '126140', '126142', 12614, null);

INSERT INTO Child VALUES ('126142', 'Child1073', '1073child', '2006-02-02', null, null, '../../Pictures/default.jpg', null);

INSERT INTO ChildcareTransaction VALUES ('1000001072', 'Regular Childcare', '101072', '2014-11-17', '12:00:00', '14:00:00', 20.50);

INSERT INTO AllowedConnections VALUES ('101073', '126140', '126143', 12614, null);

INSERT INTO Child VALUES ('126143', 'Child1074', '1074child', '2006-02-02', null, null, '../../Pictures/default.jpg', null);

INSERT INTO ChildcareTransaction VALUES ('1000001073', 'Regular Childcare', '101073', '2014-02-05', '12:00:00', '14:00:00', 20.50);

INSERT INTO AllowedConnections VALUES ('101074', '126140', '126144', 12614, null);

INSERT INTO Child VALUES ('126144', 'Child1075', '1075child', '2006-02-02', null, null, '../../Pictures/default.jpg', null);

INSERT INTO ChildcareTransaction VALUES ('1000001074', 'Regular Childcare', '101074', '2014-05-15', '12:00:00', '14:00:00', 20.50);

INSERT INTO AllowedConnections VALUES ('101075', '126140', '126145', 12614, null);

INSERT INTO Child VALUES ('126145', 'Child1076', '1076child', '2006-02-02', null, null, '../../Pictures/default.jpg', null);

INSERT INTO ChildcareTransaction VALUES ('1000001075', 'Regular Childcare', '101075', '2014-09-27', '12:00:00', '14:00:00', 20.50);

INSERT INTO Guardian VALUES ('126140', '1234', 'Guardian269', '269guardian', '555-555-5555', 'blah@blah.com', '123 nowhere', null, 'Spokane', 'WA', '99999', '../../Pictures/default.jpg', null);

INSERT INTO Family VALUES ('12614', 42);

INSERT INTO Guardian VALUES ('126141', '1234', 'Guardian2269', '2692guardian', '555-555-5555', 'blah@blah.com', '123 nowhere', null, 'Spokane', 'WA', '99999', '../../Pictures/default.jpg', null);

INSERT INTO AllowedConnections VALUES ('101076', '126150', '126152', 12615, null);

INSERT INTO Child VALUES ('126152', 'Child1077', '1077child', '2006-02-02', null, null, '../../Pictures/default.jpg', null);

INSERT INTO ChildcareTransaction VALUES ('1000001076', 'Regular Childcare', '101076', '2014-02-27', '12:00:00', '14:00:00', 20.50);

INSERT INTO AllowedConnections VALUES ('101077', '126150', '126153', 12615, null);

INSERT INTO Child VALUES ('126153', 'Child1078', '1078child', '2006-02-02', null, null, '../../Pictures/default.jpg', null);

INSERT INTO ChildcareTransaction VALUES ('1000001077', 'Regular Childcare', '101077', '2014-02-16', '12:00:00', '14:00:00', 20.50);

INSERT INTO AllowedConnections VALUES ('101078', '126150', '126154', 12615, null);

INSERT INTO Child VALUES ('126154', 'Child1079', '1079child', '2006-02-02', null, null, '../../Pictures/default.jpg', null);

INSERT INTO ChildcareTransaction VALUES ('1000001078', 'Regular Childcare', '101078', '2014-11-27', '12:00:00', '14:00:00', 20.50);

INSERT INTO AllowedConnections VALUES ('101079', '126150', '126155', 12615, null);

INSERT INTO Child VALUES ('126155', 'Child1080', '1080child', '2006-02-02', null, null, '../../Pictures/default.jpg', null);

INSERT INTO ChildcareTransaction VALUES ('1000001079', 'Regular Childcare', '101079', '2014-01-01', '12:00:00', '14:00:00', 20.50);

INSERT INTO Guardian VALUES ('126150', '1234', 'Guardian270', '270guardian', '555-555-5555', 'blah@blah.com', '123 nowhere', null, 'Spokane', 'WA', '99999', '../../Pictures/default.jpg', null);

INSERT INTO Family VALUES ('12615', 42);

INSERT INTO Guardian VALUES ('126151', '1234', 'Guardian2270', '2702guardian', '555-555-5555', 'blah@blah.com', '123 nowhere', null, 'Spokane', 'WA', '99999', '../../Pictures/default.jpg', null);

INSERT INTO AllowedConnections VALUES ('101080', '126160', '126162', 12616, null);

INSERT INTO Child VALUES ('126162', 'Child1081', '1081child', '2006-02-02', null, null, '../../Pictures/default.jpg', null);

INSERT INTO ChildcareTransaction VALUES ('1000001080', 'Regular Childcare', '101080', '2014-10-27', '12:00:00', '14:00:00', 20.50);

INSERT INTO AllowedConnections VALUES ('101081', '126160', '126163', 12616, null);

INSERT INTO Child VALUES ('126163', 'Child1082', '1082child', '2006-02-02', null, null, '../../Pictures/default.jpg', null);

INSERT INTO ChildcareTransaction VALUES ('1000001081', 'Regular Childcare', '101081', '2014-01-27', '12:00:00', '14:00:00', 20.50);

INSERT INTO AllowedConnections VALUES ('101082', '126160', '126164', 12616, null);

INSERT INTO Child VALUES ('126164', 'Child1083', '1083child', '2006-02-02', null, null, '../../Pictures/default.jpg', null);

INSERT INTO ChildcareTransaction VALUES ('1000001082', 'Regular Childcare', '101082', '2014-12-06', '12:00:00', '14:00:00', 20.50);

INSERT INTO AllowedConnections VALUES ('101083', '126160', '126165', 12616, null);

INSERT INTO Child VALUES ('126165', 'Child1084', '1084child', '2006-02-02', null, null, '../../Pictures/default.jpg', null);

INSERT INTO ChildcareTransaction VALUES ('1000001083', 'Regular Childcare', '101083', '2014-12-12', '12:00:00', '14:00:00', 20.50);

INSERT INTO Guardian VALUES ('126160', '1234', 'Guardian271', '271guardian', '555-555-5555', 'blah@blah.com', '123 nowhere', null, 'Spokane', 'WA', '99999', '../../Pictures/default.jpg', null);

INSERT INTO Family VALUES ('12616', 42);

INSERT INTO Guardian VALUES ('126161', '1234', 'Guardian2271', '2712guardian', '555-555-5555', 'blah@blah.com', '123 nowhere', null, 'Spokane', 'WA', '99999', '../../Pictures/default.jpg', null);

INSERT INTO AllowedConnections VALUES ('101084', '126170', '126172', 12617, null);

INSERT INTO Child VALUES ('126172', 'Child1085', '1085child', '2006-02-02', null, null, '../../Pictures/default.jpg', null);

INSERT INTO ChildcareTransaction VALUES ('1000001084', 'Regular Childcare', '101084', '2014-06-10', '12:00:00', '14:00:00', 20.50);

INSERT INTO AllowedConnections VALUES ('101085', '126170', '126173', 12617, null);

INSERT INTO Child VALUES ('126173', 'Child1086', '1086child', '2006-02-02', null, null, '../../Pictures/default.jpg', null);

INSERT INTO ChildcareTransaction VALUES ('1000001085', 'Regular Childcare', '101085', '2014-08-15', '12:00:00', '14:00:00', 20.50);

INSERT INTO AllowedConnections VALUES ('101086', '126170', '126174', 12617, null);

INSERT INTO Child VALUES ('126174', 'Child1087', '1087child', '2006-02-02', null, null, '../../Pictures/default.jpg', null);

INSERT INTO ChildcareTransaction VALUES ('1000001086', 'Regular Childcare', '101086', '2014-12-20', '12:00:00', '14:00:00', 20.50);

INSERT INTO AllowedConnections VALUES ('101087', '126170', '126175', 12617, null);

INSERT INTO Child VALUES ('126175', 'Child1088', '1088child', '2006-02-02', null, null, '../../Pictures/default.jpg', null);

INSERT INTO ChildcareTransaction VALUES ('1000001087', 'Regular Childcare', '101087', '2014-04-18', '12:00:00', '14:00:00', 20.50);

INSERT INTO Guardian VALUES ('126170', '1234', 'Guardian272', '272guardian', '555-555-5555', 'blah@blah.com', '123 nowhere', null, 'Spokane', 'WA', '99999', '../../Pictures/default.jpg', null);

INSERT INTO Family VALUES ('12617', 42);

INSERT INTO Guardian VALUES ('126171', '1234', 'Guardian2272', '2722guardian', '555-555-5555', 'blah@blah.com', '123 nowhere', null, 'Spokane', 'WA', '99999', '../../Pictures/default.jpg', null);

INSERT INTO AllowedConnections VALUES ('101088', '126180', '126182', 12618, null);

INSERT INTO Child VALUES ('126182', 'Child1089', '1089child', '2006-02-02', null, null, '../../Pictures/default.jpg', null);

INSERT INTO ChildcareTransaction VALUES ('1000001088', 'Regular Childcare', '101088', '2014-02-02', '12:00:00', '14:00:00', 20.50);

INSERT INTO AllowedConnections VALUES ('101089', '126180', '126183', 12618, null);

INSERT INTO Child VALUES ('126183', 'Child1090', '1090child', '2006-02-02', null, null, '../../Pictures/default.jpg', null);

INSERT INTO ChildcareTransaction VALUES ('1000001089', 'Regular Childcare', '101089', '2014-04-17', '12:00:00', '14:00:00', 20.50);

INSERT INTO AllowedConnections VALUES ('101090', '126180', '126184', 12618, null);

INSERT INTO Child VALUES ('126184', 'Child1091', '1091child', '2006-02-02', null, null, '../../Pictures/default.jpg', null);

INSERT INTO ChildcareTransaction VALUES ('1000001090', 'Regular Childcare', '101090', '2014-06-09', '12:00:00', '14:00:00', 20.50);

INSERT INTO AllowedConnections VALUES ('101091', '126180', '126185', 12618, null);

INSERT INTO Child VALUES ('126185', 'Child1092', '1092child', '2006-02-02', null, null, '../../Pictures/default.jpg', null);

INSERT INTO ChildcareTransaction VALUES ('1000001091', 'Regular Childcare', '101091', '2014-04-06', '12:00:00', '14:00:00', 20.50);

INSERT INTO Guardian VALUES ('126180', '1234', 'Guardian273', '273guardian', '555-555-5555', 'blah@blah.com', '123 nowhere', null, 'Spokane', 'WA', '99999', '../../Pictures/default.jpg', null);

INSERT INTO Family VALUES ('12618', 42);

INSERT INTO Guardian VALUES ('126181', '1234', 'Guardian2273', '2732guardian', '555-555-5555', 'blah@blah.com', '123 nowhere', null, 'Spokane', 'WA', '99999', '../../Pictures/default.jpg', null);

INSERT INTO AllowedConnections VALUES ('101092', '126190', '126192', 12619, null);

INSERT INTO Child VALUES ('126192', 'Child1093', '1093child', '2006-02-02', null, null, '../../Pictures/default.jpg', null);

INSERT INTO ChildcareTransaction VALUES ('1000001092', 'Regular Childcare', '101092', '2014-08-01', '12:00:00', '14:00:00', 20.50);

INSERT INTO AllowedConnections VALUES ('101093', '126190', '126193', 12619, null);

INSERT INTO Child VALUES ('126193', 'Child1094', '1094child', '2006-02-02', null, null, '../../Pictures/default.jpg', null);

INSERT INTO ChildcareTransaction VALUES ('1000001093', 'Regular Childcare', '101093', '2014-11-21', '12:00:00', '14:00:00', 20.50);

INSERT INTO AllowedConnections VALUES ('101094', '126190', '126194', 12619, null);

INSERT INTO Child VALUES ('126194', 'Child1095', '1095child', '2006-02-02', null, null, '../../Pictures/default.jpg', null);

INSERT INTO ChildcareTransaction VALUES ('1000001094', 'Regular Childcare', '101094', '2014-11-18', '12:00:00', '14:00:00', 20.50);

INSERT INTO AllowedConnections VALUES ('101095', '126190', '126195', 12619, null);

INSERT INTO Child VALUES ('126195', 'Child1096', '1096child', '2006-02-02', null, null, '../../Pictures/default.jpg', null);

INSERT INTO ChildcareTransaction VALUES ('1000001095', 'Regular Childcare', '101095', '2014-02-20', '12:00:00', '14:00:00', 20.50);

INSERT INTO Guardian VALUES ('126190', '1234', 'Guardian274', '274guardian', '555-555-5555', 'blah@blah.com', '123 nowhere', null, 'Spokane', 'WA', '99999', '../../Pictures/default.jpg', null);

INSERT INTO Family VALUES ('12619', 42);

INSERT INTO Guardian VALUES ('126191', '1234', 'Guardian2274', '2742guardian', '555-555-5555', 'blah@blah.com', '123 nowhere', null, 'Spokane', 'WA', '99999', '../../Pictures/default.jpg', null);

INSERT INTO AllowedConnections VALUES ('101096', '126200', '126202', 12620, null);

INSERT INTO Child VALUES ('126202', 'Child1097', '1097child', '2006-02-02', null, null, '../../Pictures/default.jpg', null);

INSERT INTO ChildcareTransaction VALUES ('1000001096', 'Regular Childcare', '101096', '2014-08-16', '12:00:00', '14:00:00', 20.50);

INSERT INTO AllowedConnections VALUES ('101097', '126200', '126203', 12620, null);

INSERT INTO Child VALUES ('126203', 'Child1098', '1098child', '2006-02-02', null, null, '../../Pictures/default.jpg', null);

INSERT INTO ChildcareTransaction VALUES ('1000001097', 'Regular Childcare', '101097', '2014-09-25', '12:00:00', '14:00:00', 20.50);

INSERT INTO AllowedConnections VALUES ('101098', '126200', '126204', 12620, null);

INSERT INTO Child VALUES ('126204', 'Child1099', '1099child', '2006-02-02', null, null, '../../Pictures/default.jpg', null);

INSERT INTO ChildcareTransaction VALUES ('1000001098', 'Regular Childcare', '101098', '2014-12-26', '12:00:00', '14:00:00', 20.50);

INSERT INTO AllowedConnections VALUES ('101099', '126200', '126205', 12620, null);

INSERT INTO Child VALUES ('126205', 'Child1100', '1100child', '2006-02-02', null, null, '../../Pictures/default.jpg', null);

INSERT INTO ChildcareTransaction VALUES ('1000001099', 'Regular Childcare', '101099', '2014-06-06', '12:00:00', '14:00:00', 20.50);

INSERT INTO Guardian VALUES ('126200', '1234', 'Guardian275', '275guardian', '555-555-5555', 'blah@blah.com', '123 nowhere', null, 'Spokane', 'WA', '99999', '../../Pictures/default.jpg', null);

INSERT INTO Family VALUES ('12620', 42);

INSERT INTO Guardian VALUES ('126201', '1234', 'Guardian2275', '2752guardian', '555-555-5555', 'blah@blah.com', '123 nowhere', null, 'Spokane', 'WA', '99999', '../../Pictures/default.jpg', null);

INSERT INTO AllowedConnections VALUES ('101100', '126210', '126212', 12621, null);

INSERT INTO Child VALUES ('126212', 'Child1101', '1101child', '2006-02-02', null, null, '../../Pictures/default.jpg', null);

INSERT INTO ChildcareTransaction VALUES ('1000001100', 'Regular Childcare', '101100', '2014-05-02', '12:00:00', '14:00:00', 20.50);

INSERT INTO AllowedConnections VALUES ('101101', '126210', '126213', 12621, null);

INSERT INTO Child VALUES ('126213', 'Child1102', '1102child', '2006-02-02', null, null, '../../Pictures/default.jpg', null);

INSERT INTO ChildcareTransaction VALUES ('1000001101', 'Regular Childcare', '101101', '2014-07-24', '12:00:00', '14:00:00', 20.50);

INSERT INTO AllowedConnections VALUES ('101102', '126210', '126214', 12621, null);

INSERT INTO Child VALUES ('126214', 'Child1103', '1103child', '2006-02-02', null, null, '../../Pictures/default.jpg', null);

INSERT INTO ChildcareTransaction VALUES ('1000001102', 'Regular Childcare', '101102', '2014-09-15', '12:00:00', '14:00:00', 20.50);

INSERT INTO AllowedConnections VALUES ('101103', '126210', '126215', 12621, null);

INSERT INTO Child VALUES ('126215', 'Child1104', '1104child', '2006-02-02', null, null, '../../Pictures/default.jpg', null);

INSERT INTO ChildcareTransaction VALUES ('1000001103', 'Regular Childcare', '101103', '2014-09-04', '12:00:00', '14:00:00', 20.50);

INSERT INTO Guardian VALUES ('126210', '1234', 'Guardian276', '276guardian', '555-555-5555', 'blah@blah.com', '123 nowhere', null, 'Spokane', 'WA', '99999', '../../Pictures/default.jpg', null);

INSERT INTO Family VALUES ('12621', 42);

INSERT INTO Guardian VALUES ('126211', '1234', 'Guardian2276', '2762guardian', '555-555-5555', 'blah@blah.com', '123 nowhere', null, 'Spokane', 'WA', '99999', '../../Pictures/default.jpg', null);

INSERT INTO AllowedConnections VALUES ('101104', '126220', '126222', 12622, null);

INSERT INTO Child VALUES ('126222', 'Child1105', '1105child', '2006-02-02', null, null, '../../Pictures/default.jpg', null);

INSERT INTO ChildcareTransaction VALUES ('1000001104', 'Regular Childcare', '101104', '2014-03-12', '12:00:00', '14:00:00', 20.50);

INSERT INTO AllowedConnections VALUES ('101105', '126220', '126223', 12622, null);

INSERT INTO Child VALUES ('126223', 'Child1106', '1106child', '2006-02-02', null, null, '../../Pictures/default.jpg', null);

INSERT INTO ChildcareTransaction VALUES ('1000001105', 'Regular Childcare', '101105', '2014-10-02', '12:00:00', '14:00:00', 20.50);

INSERT INTO AllowedConnections VALUES ('101106', '126220', '126224', 12622, null);

INSERT INTO Child VALUES ('126224', 'Child1107', '1107child', '2006-02-02', null, null, '../../Pictures/default.jpg', null);

INSERT INTO ChildcareTransaction VALUES ('1000001106', 'Regular Childcare', '101106', '2014-06-06', '12:00:00', '14:00:00', 20.50);

INSERT INTO AllowedConnections VALUES ('101107', '126220', '126225', 12622, null);

INSERT INTO Child VALUES ('126225', 'Child1108', '1108child', '2006-02-02', null, null, '../../Pictures/default.jpg', null);

INSERT INTO ChildcareTransaction VALUES ('1000001107', 'Regular Childcare', '101107', '2014-11-19', '12:00:00', '14:00:00', 20.50);

INSERT INTO Guardian VALUES ('126220', '1234', 'Guardian277', '277guardian', '555-555-5555', 'blah@blah.com', '123 nowhere', null, 'Spokane', 'WA', '99999', '../../Pictures/default.jpg', null);

INSERT INTO Family VALUES ('12622', 42);

INSERT INTO Guardian VALUES ('126221', '1234', 'Guardian2277', '2772guardian', '555-555-5555', 'blah@blah.com', '123 nowhere', null, 'Spokane', 'WA', '99999', '../../Pictures/default.jpg', null);

INSERT INTO AllowedConnections VALUES ('101108', '126230', '126232', 12623, null);

INSERT INTO Child VALUES ('126232', 'Child1109', '1109child', '2006-02-02', null, null, '../../Pictures/default.jpg', null);

INSERT INTO ChildcareTransaction VALUES ('1000001108', 'Regular Childcare', '101108', '2014-03-13', '12:00:00', '14:00:00', 20.50);

INSERT INTO AllowedConnections VALUES ('101109', '126230', '126233', 12623, null);

INSERT INTO Child VALUES ('126233', 'Child1110', '1110child', '2006-02-02', null, null, '../../Pictures/default.jpg', null);

INSERT INTO ChildcareTransaction VALUES ('1000001109', 'Regular Childcare', '101109', '2014-04-26', '12:00:00', '14:00:00', 20.50);

INSERT INTO AllowedConnections VALUES ('101110', '126230', '126234', 12623, null);

INSERT INTO Child VALUES ('126234', 'Child1111', '1111child', '2006-02-02', null, null, '../../Pictures/default.jpg', null);

INSERT INTO ChildcareTransaction VALUES ('1000001110', 'Regular Childcare', '101110', '2014-11-07', '12:00:00', '14:00:00', 20.50);

INSERT INTO AllowedConnections VALUES ('101111', '126230', '126235', 12623, null);

INSERT INTO Child VALUES ('126235', 'Child1112', '1112child', '2006-02-02', null, null, '../../Pictures/default.jpg', null);

INSERT INTO ChildcareTransaction VALUES ('1000001111', 'Regular Childcare', '101111', '2014-04-05', '12:00:00', '14:00:00', 20.50);

INSERT INTO Guardian VALUES ('126230', '1234', 'Guardian278', '278guardian', '555-555-5555', 'blah@blah.com', '123 nowhere', null, 'Spokane', 'WA', '99999', '../../Pictures/default.jpg', null);

INSERT INTO Family VALUES ('12623', 42);

INSERT INTO Guardian VALUES ('126231', '1234', 'Guardian2278', '2782guardian', '555-555-5555', 'blah@blah.com', '123 nowhere', null, 'Spokane', 'WA', '99999', '../../Pictures/default.jpg', null);

INSERT INTO AllowedConnections VALUES ('101112', '126240', '126242', 12624, null);

INSERT INTO Child VALUES ('126242', 'Child1113', '1113child', '2006-02-02', null, null, '../../Pictures/default.jpg', null);

INSERT INTO ChildcareTransaction VALUES ('1000001112', 'Regular Childcare', '101112', '2014-11-16', '12:00:00', '14:00:00', 20.50);

INSERT INTO AllowedConnections VALUES ('101113', '126240', '126243', 12624, null);

INSERT INTO Child VALUES ('126243', 'Child1114', '1114child', '2006-02-02', null, null, '../../Pictures/default.jpg', null);

INSERT INTO ChildcareTransaction VALUES ('1000001113', 'Regular Childcare', '101113', '2014-01-08', '12:00:00', '14:00:00', 20.50);

INSERT INTO AllowedConnections VALUES ('101114', '126240', '126244', 12624, null);

INSERT INTO Child VALUES ('126244', 'Child1115', '1115child', '2006-02-02', null, null, '../../Pictures/default.jpg', null);

INSERT INTO ChildcareTransaction VALUES ('1000001114', 'Regular Childcare', '101114', '2014-04-14', '12:00:00', '14:00:00', 20.50);

INSERT INTO AllowedConnections VALUES ('101115', '126240', '126245', 12624, null);

INSERT INTO Child VALUES ('126245', 'Child1116', '1116child', '2006-02-02', null, null, '../../Pictures/default.jpg', null);

INSERT INTO ChildcareTransaction VALUES ('1000001115', 'Regular Childcare', '101115', '2014-10-28', '12:00:00', '14:00:00', 20.50);

INSERT INTO Guardian VALUES ('126240', '1234', 'Guardian279', '279guardian', '555-555-5555', 'blah@blah.com', '123 nowhere', null, 'Spokane', 'WA', '99999', '../../Pictures/default.jpg', null);

INSERT INTO Family VALUES ('12624', 42);

INSERT INTO Guardian VALUES ('126241', '1234', 'Guardian2279', '2792guardian', '555-555-5555', 'blah@blah.com', '123 nowhere', null, 'Spokane', 'WA', '99999', '../../Pictures/default.jpg', null);

INSERT INTO AllowedConnections VALUES ('101116', '126250', '126252', 12625, null);

INSERT INTO Child VALUES ('126252', 'Child1117', '1117child', '2006-02-02', null, null, '../../Pictures/default.jpg', null);

INSERT INTO ChildcareTransaction VALUES ('1000001116', 'Regular Childcare', '101116', '2014-11-12', '12:00:00', '14:00:00', 20.50);

INSERT INTO AllowedConnections VALUES ('101117', '126250', '126253', 12625, null);

INSERT INTO Child VALUES ('126253', 'Child1118', '1118child', '2006-02-02', null, null, '../../Pictures/default.jpg', null);

INSERT INTO ChildcareTransaction VALUES ('1000001117', 'Regular Childcare', '101117', '2014-08-13', '12:00:00', '14:00:00', 20.50);

INSERT INTO AllowedConnections VALUES ('101118', '126250', '126254', 12625, null);

INSERT INTO Child VALUES ('126254', 'Child1119', '1119child', '2006-02-02', null, null, '../../Pictures/default.jpg', null);

INSERT INTO ChildcareTransaction VALUES ('1000001118', 'Regular Childcare', '101118', '2014-01-19', '12:00:00', '14:00:00', 20.50);

INSERT INTO AllowedConnections VALUES ('101119', '126250', '126255', 12625, null);

INSERT INTO Child VALUES ('126255', 'Child1120', '1120child', '2006-02-02', null, null, '../../Pictures/default.jpg', null);

INSERT INTO ChildcareTransaction VALUES ('1000001119', 'Regular Childcare', '101119', '2014-06-12', '12:00:00', '14:00:00', 20.50);

INSERT INTO Guardian VALUES ('126250', '1234', 'Guardian280', '280guardian', '555-555-5555', 'blah@blah.com', '123 nowhere', null, 'Spokane', 'WA', '99999', '../../Pictures/default.jpg', null);

INSERT INTO Family VALUES ('12625', 42);

INSERT INTO Guardian VALUES ('126251', '1234', 'Guardian2280', '2802guardian', '555-555-5555', 'blah@blah.com', '123 nowhere', null, 'Spokane', 'WA', '99999', '../../Pictures/default.jpg', null);

INSERT INTO AllowedConnections VALUES ('101120', '126260', '126262', 12626, null);

INSERT INTO Child VALUES ('126262', 'Child1121', '1121child', '2006-02-02', null, null, '../../Pictures/default.jpg', null);

INSERT INTO ChildcareTransaction VALUES ('1000001120', 'Regular Childcare', '101120', '2014-08-02', '12:00:00', '14:00:00', 20.50);

INSERT INTO AllowedConnections VALUES ('101121', '126260', '126263', 12626, null);

INSERT INTO Child VALUES ('126263', 'Child1122', '1122child', '2006-02-02', null, null, '../../Pictures/default.jpg', null);

INSERT INTO ChildcareTransaction VALUES ('1000001121', 'Regular Childcare', '101121', '2014-03-24', '12:00:00', '14:00:00', 20.50);

INSERT INTO AllowedConnections VALUES ('101122', '126260', '126264', 12626, null);

INSERT INTO Child VALUES ('126264', 'Child1123', '1123child', '2006-02-02', null, null, '../../Pictures/default.jpg', null);

INSERT INTO ChildcareTransaction VALUES ('1000001122', 'Regular Childcare', '101122', '2014-07-24', '12:00:00', '14:00:00', 20.50);

INSERT INTO AllowedConnections VALUES ('101123', '126260', '126265', 12626, null);

INSERT INTO Child VALUES ('126265', 'Child1124', '1124child', '2006-02-02', null, null, '../../Pictures/default.jpg', null);

INSERT INTO ChildcareTransaction VALUES ('1000001123', 'Regular Childcare', '101123', '2014-07-01', '12:00:00', '14:00:00', 20.50);

INSERT INTO Guardian VALUES ('126260', '1234', 'Guardian281', '281guardian', '555-555-5555', 'blah@blah.com', '123 nowhere', null, 'Spokane', 'WA', '99999', '../../Pictures/default.jpg', null);

INSERT INTO Family VALUES ('12626', 42);

INSERT INTO Guardian VALUES ('126261', '1234', 'Guardian2281', '2812guardian', '555-555-5555', 'blah@blah.com', '123 nowhere', null, 'Spokane', 'WA', '99999', '../../Pictures/default.jpg', null);

INSERT INTO AllowedConnections VALUES ('101124', '126270', '126272', 12627, null);

INSERT INTO Child VALUES ('126272', 'Child1125', '1125child', '2006-02-02', null, null, '../../Pictures/default.jpg', null);

INSERT INTO ChildcareTransaction VALUES ('1000001124', 'Regular Childcare', '101124', '2014-08-02', '12:00:00', '14:00:00', 20.50);

INSERT INTO AllowedConnections VALUES ('101125', '126270', '126273', 12627, null);

INSERT INTO Child VALUES ('126273', 'Child1126', '1126child', '2006-02-02', null, null, '../../Pictures/default.jpg', null);

INSERT INTO ChildcareTransaction VALUES ('1000001125', 'Regular Childcare', '101125', '2014-11-13', '12:00:00', '14:00:00', 20.50);

INSERT INTO AllowedConnections VALUES ('101126', '126270', '126274', 12627, null);

INSERT INTO Child VALUES ('126274', 'Child1127', '1127child', '2006-02-02', null, null, '../../Pictures/default.jpg', null);

INSERT INTO ChildcareTransaction VALUES ('1000001126', 'Regular Childcare', '101126', '2014-07-01', '12:00:00', '14:00:00', 20.50);

INSERT INTO AllowedConnections VALUES ('101127', '126270', '126275', 12627, null);

INSERT INTO Child VALUES ('126275', 'Child1128', '1128child', '2006-02-02', null, null, '../../Pictures/default.jpg', null);

INSERT INTO ChildcareTransaction VALUES ('1000001127', 'Regular Childcare', '101127', '2014-05-10', '12:00:00', '14:00:00', 20.50);

INSERT INTO Guardian VALUES ('126270', '1234', 'Guardian282', '282guardian', '555-555-5555', 'blah@blah.com', '123 nowhere', null, 'Spokane', 'WA', '99999', '../../Pictures/default.jpg', null);

INSERT INTO Family VALUES ('12627', 42);

INSERT INTO Guardian VALUES ('126271', '1234', 'Guardian2282', '2822guardian', '555-555-5555', 'blah@blah.com', '123 nowhere', null, 'Spokane', 'WA', '99999', '../../Pictures/default.jpg', null);

INSERT INTO AllowedConnections VALUES ('101128', '126280', '126282', 12628, null);

INSERT INTO Child VALUES ('126282', 'Child1129', '1129child', '2006-02-02', null, null, '../../Pictures/default.jpg', null);

INSERT INTO ChildcareTransaction VALUES ('1000001128', 'Regular Childcare', '101128', '2014-10-26', '12:00:00', '14:00:00', 20.50);

INSERT INTO AllowedConnections VALUES ('101129', '126280', '126283', 12628, null);

INSERT INTO Child VALUES ('126283', 'Child1130', '1130child', '2006-02-02', null, null, '../../Pictures/default.jpg', null);

INSERT INTO ChildcareTransaction VALUES ('1000001129', 'Regular Childcare', '101129', '2014-02-21', '12:00:00', '14:00:00', 20.50);

INSERT INTO AllowedConnections VALUES ('101130', '126280', '126284', 12628, null);

INSERT INTO Child VALUES ('126284', 'Child1131', '1131child', '2006-02-02', null, null, '../../Pictures/default.jpg', null);

INSERT INTO ChildcareTransaction VALUES ('1000001130', 'Regular Childcare', '101130', '2014-09-04', '12:00:00', '14:00:00', 20.50);

INSERT INTO AllowedConnections VALUES ('101131', '126280', '126285', 12628, null);

INSERT INTO Child VALUES ('126285', 'Child1132', '1132child', '2006-02-02', null, null, '../../Pictures/default.jpg', null);

INSERT INTO ChildcareTransaction VALUES ('1000001131', 'Regular Childcare', '101131', '2014-10-06', '12:00:00', '14:00:00', 20.50);

INSERT INTO Guardian VALUES ('126280', '1234', 'Guardian283', '283guardian', '555-555-5555', 'blah@blah.com', '123 nowhere', null, 'Spokane', 'WA', '99999', '../../Pictures/default.jpg', null);

INSERT INTO Family VALUES ('12628', 42);

INSERT INTO Guardian VALUES ('126281', '1234', 'Guardian2283', '2832guardian', '555-555-5555', 'blah@blah.com', '123 nowhere', null, 'Spokane', 'WA', '99999', '../../Pictures/default.jpg', null);

INSERT INTO AllowedConnections VALUES ('101132', '126290', '126292', 12629, null);

INSERT INTO Child VALUES ('126292', 'Child1133', '1133child', '2006-02-02', null, null, '../../Pictures/default.jpg', null);

INSERT INTO ChildcareTransaction VALUES ('1000001132', 'Regular Childcare', '101132', '2014-02-27', '12:00:00', '14:00:00', 20.50);

INSERT INTO AllowedConnections VALUES ('101133', '126290', '126293', 12629, null);

INSERT INTO Child VALUES ('126293', 'Child1134', '1134child', '2006-02-02', null, null, '../../Pictures/default.jpg', null);

INSERT INTO ChildcareTransaction VALUES ('1000001133', 'Regular Childcare', '101133', '2014-07-13', '12:00:00', '14:00:00', 20.50);

INSERT INTO AllowedConnections VALUES ('101134', '126290', '126294', 12629, null);

INSERT INTO Child VALUES ('126294', 'Child1135', '1135child', '2006-02-02', null, null, '../../Pictures/default.jpg', null);

INSERT INTO ChildcareTransaction VALUES ('1000001134', 'Regular Childcare', '101134', '2014-08-07', '12:00:00', '14:00:00', 20.50);

INSERT INTO AllowedConnections VALUES ('101135', '126290', '126295', 12629, null);

INSERT INTO Child VALUES ('126295', 'Child1136', '1136child', '2006-02-02', null, null, '../../Pictures/default.jpg', null);

INSERT INTO ChildcareTransaction VALUES ('1000001135', 'Regular Childcare', '101135', '2014-10-08', '12:00:00', '14:00:00', 20.50);

INSERT INTO Guardian VALUES ('126290', '1234', 'Guardian284', '284guardian', '555-555-5555', 'blah@blah.com', '123 nowhere', null, 'Spokane', 'WA', '99999', '../../Pictures/default.jpg', null);

INSERT INTO Family VALUES ('12629', 42);

INSERT INTO Guardian VALUES ('126291', '1234', 'Guardian2284', '2842guardian', '555-555-5555', 'blah@blah.com', '123 nowhere', null, 'Spokane', 'WA', '99999', '../../Pictures/default.jpg', null);

INSERT INTO AllowedConnections VALUES ('101136', '126300', '126302', 12630, null);

INSERT INTO Child VALUES ('126302', 'Child1137', '1137child', '2006-02-02', null, null, '../../Pictures/default.jpg', null);

INSERT INTO ChildcareTransaction VALUES ('1000001136', 'Regular Childcare', '101136', '2014-05-20', '12:00:00', '14:00:00', 20.50);

INSERT INTO AllowedConnections VALUES ('101137', '126300', '126303', 12630, null);

INSERT INTO Child VALUES ('126303', 'Child1138', '1138child', '2006-02-02', null, null, '../../Pictures/default.jpg', null);

INSERT INTO ChildcareTransaction VALUES ('1000001137', 'Regular Childcare', '101137', '2014-08-09', '12:00:00', '14:00:00', 20.50);

INSERT INTO AllowedConnections VALUES ('101138', '126300', '126304', 12630, null);

INSERT INTO Child VALUES ('126304', 'Child1139', '1139child', '2006-02-02', null, null, '../../Pictures/default.jpg', null);

INSERT INTO ChildcareTransaction VALUES ('1000001138', 'Regular Childcare', '101138', '2014-04-10', '12:00:00', '14:00:00', 20.50);

INSERT INTO AllowedConnections VALUES ('101139', '126300', '126305', 12630, null);

INSERT INTO Child VALUES ('126305', 'Child1140', '1140child', '2006-02-02', null, null, '../../Pictures/default.jpg', null);

INSERT INTO ChildcareTransaction VALUES ('1000001139', 'Regular Childcare', '101139', '2014-04-12', '12:00:00', '14:00:00', 20.50);

INSERT INTO Guardian VALUES ('126300', '1234', 'Guardian285', '285guardian', '555-555-5555', 'blah@blah.com', '123 nowhere', null, 'Spokane', 'WA', '99999', '../../Pictures/default.jpg', null);

INSERT INTO Family VALUES ('12630', 42);

INSERT INTO Guardian VALUES ('126301', '1234', 'Guardian2285', '2852guardian', '555-555-5555', 'blah@blah.com', '123 nowhere', null, 'Spokane', 'WA', '99999', '../../Pictures/default.jpg', null);

INSERT INTO AllowedConnections VALUES ('101140', '126310', '126312', 12631, null);

INSERT INTO Child VALUES ('126312', 'Child1141', '1141child', '2006-02-02', null, null, '../../Pictures/default.jpg', null);

INSERT INTO ChildcareTransaction VALUES ('1000001140', 'Regular Childcare', '101140', '2014-02-08', '12:00:00', '14:00:00', 20.50);

INSERT INTO AllowedConnections VALUES ('101141', '126310', '126313', 12631, null);

INSERT INTO Child VALUES ('126313', 'Child1142', '1142child', '2006-02-02', null, null, '../../Pictures/default.jpg', null);

INSERT INTO ChildcareTransaction VALUES ('1000001141', 'Regular Childcare', '101141', '2014-05-14', '12:00:00', '14:00:00', 20.50);

INSERT INTO AllowedConnections VALUES ('101142', '126310', '126314', 12631, null);

INSERT INTO Child VALUES ('126314', 'Child1143', '1143child', '2006-02-02', null, null, '../../Pictures/default.jpg', null);

INSERT INTO ChildcareTransaction VALUES ('1000001142', 'Regular Childcare', '101142', '2014-04-21', '12:00:00', '14:00:00', 20.50);

INSERT INTO AllowedConnections VALUES ('101143', '126310', '126315', 12631, null);

INSERT INTO Child VALUES ('126315', 'Child1144', '1144child', '2006-02-02', null, null, '../../Pictures/default.jpg', null);

INSERT INTO ChildcareTransaction VALUES ('1000001143', 'Regular Childcare', '101143', '2014-03-26', '12:00:00', '14:00:00', 20.50);

INSERT INTO Guardian VALUES ('126310', '1234', 'Guardian286', '286guardian', '555-555-5555', 'blah@blah.com', '123 nowhere', null, 'Spokane', 'WA', '99999', '../../Pictures/default.jpg', null);

INSERT INTO Family VALUES ('12631', 42);

INSERT INTO Guardian VALUES ('126311', '1234', 'Guardian2286', '2862guardian', '555-555-5555', 'blah@blah.com', '123 nowhere', null, 'Spokane', 'WA', '99999', '../../Pictures/default.jpg', null);

INSERT INTO AllowedConnections VALUES ('101144', '126320', '126322', 12632, null);

INSERT INTO Child VALUES ('126322', 'Child1145', '1145child', '2006-02-02', null, null, '../../Pictures/default.jpg', null);

INSERT INTO ChildcareTransaction VALUES ('1000001144', 'Regular Childcare', '101144', '2014-02-15', '12:00:00', '14:00:00', 20.50);

INSERT INTO AllowedConnections VALUES ('101145', '126320', '126323', 12632, null);

INSERT INTO Child VALUES ('126323', 'Child1146', '1146child', '2006-02-02', null, null, '../../Pictures/default.jpg', null);

INSERT INTO ChildcareTransaction VALUES ('1000001145', 'Regular Childcare', '101145', '2014-03-24', '12:00:00', '14:00:00', 20.50);

INSERT INTO AllowedConnections VALUES ('101146', '126320', '126324', 12632, null);

INSERT INTO Child VALUES ('126324', 'Child1147', '1147child', '2006-02-02', null, null, '../../Pictures/default.jpg', null);

INSERT INTO ChildcareTransaction VALUES ('1000001146', 'Regular Childcare', '101146', '2014-12-08', '12:00:00', '14:00:00', 20.50);

INSERT INTO AllowedConnections VALUES ('101147', '126320', '126325', 12632, null);

INSERT INTO Child VALUES ('126325', 'Child1148', '1148child', '2006-02-02', null, null, '../../Pictures/default.jpg', null);

INSERT INTO ChildcareTransaction VALUES ('1000001147', 'Regular Childcare', '101147', '2014-12-20', '12:00:00', '14:00:00', 20.50);

INSERT INTO Guardian VALUES ('126320', '1234', 'Guardian287', '287guardian', '555-555-5555', 'blah@blah.com', '123 nowhere', null, 'Spokane', 'WA', '99999', '../../Pictures/default.jpg', null);

INSERT INTO Family VALUES ('12632', 42);

INSERT INTO Guardian VALUES ('126321', '1234', 'Guardian2287', '2872guardian', '555-555-5555', 'blah@blah.com', '123 nowhere', null, 'Spokane', 'WA', '99999', '../../Pictures/default.jpg', null);

INSERT INTO AllowedConnections VALUES ('101148', '126330', '126332', 12633, null);

INSERT INTO Child VALUES ('126332', 'Child1149', '1149child', '2006-02-02', null, null, '../../Pictures/default.jpg', null);

INSERT INTO ChildcareTransaction VALUES ('1000001148', 'Regular Childcare', '101148', '2014-08-18', '12:00:00', '14:00:00', 20.50);

INSERT INTO AllowedConnections VALUES ('101149', '126330', '126333', 12633, null);

INSERT INTO Child VALUES ('126333', 'Child1150', '1150child', '2006-02-02', null, null, '../../Pictures/default.jpg', null);

INSERT INTO ChildcareTransaction VALUES ('1000001149', 'Regular Childcare', '101149', '2014-02-11', '12:00:00', '14:00:00', 20.50);

INSERT INTO AllowedConnections VALUES ('101150', '126330', '126334', 12633, null);

INSERT INTO Child VALUES ('126334', 'Child1151', '1151child', '2006-02-02', null, null, '../../Pictures/default.jpg', null);

INSERT INTO ChildcareTransaction VALUES ('1000001150', 'Regular Childcare', '101150', '2014-03-06', '12:00:00', '14:00:00', 20.50);

INSERT INTO AllowedConnections VALUES ('101151', '126330', '126335', 12633, null);

INSERT INTO Child VALUES ('126335', 'Child1152', '1152child', '2006-02-02', null, null, '../../Pictures/default.jpg', null);

INSERT INTO ChildcareTransaction VALUES ('1000001151', 'Regular Childcare', '101151', '2014-11-19', '12:00:00', '14:00:00', 20.50);

INSERT INTO Guardian VALUES ('126330', '1234', 'Guardian288', '288guardian', '555-555-5555', 'blah@blah.com', '123 nowhere', null, 'Spokane', 'WA', '99999', '../../Pictures/default.jpg', null);

INSERT INTO Family VALUES ('12633', 42);

INSERT INTO Guardian VALUES ('126331', '1234', 'Guardian2288', '2882guardian', '555-555-5555', 'blah@blah.com', '123 nowhere', null, 'Spokane', 'WA', '99999', '../../Pictures/default.jpg', null);

INSERT INTO AllowedConnections VALUES ('101152', '126340', '126342', 12634, null);

INSERT INTO Child VALUES ('126342', 'Child1153', '1153child', '2006-02-02', null, null, '../../Pictures/default.jpg', null);

INSERT INTO ChildcareTransaction VALUES ('1000001152', 'Regular Childcare', '101152', '2014-06-14', '12:00:00', '14:00:00', 20.50);

INSERT INTO AllowedConnections VALUES ('101153', '126340', '126343', 12634, null);

INSERT INTO Child VALUES ('126343', 'Child1154', '1154child', '2006-02-02', null, null, '../../Pictures/default.jpg', null);

INSERT INTO ChildcareTransaction VALUES ('1000001153', 'Regular Childcare', '101153', '2014-05-25', '12:00:00', '14:00:00', 20.50);

INSERT INTO AllowedConnections VALUES ('101154', '126340', '126344', 12634, null);

INSERT INTO Child VALUES ('126344', 'Child1155', '1155child', '2006-02-02', null, null, '../../Pictures/default.jpg', null);

INSERT INTO ChildcareTransaction VALUES ('1000001154', 'Regular Childcare', '101154', '2014-09-13', '12:00:00', '14:00:00', 20.50);

INSERT INTO AllowedConnections VALUES ('101155', '126340', '126345', 12634, null);

INSERT INTO Child VALUES ('126345', 'Child1156', '1156child', '2006-02-02', null, null, '../../Pictures/default.jpg', null);

INSERT INTO ChildcareTransaction VALUES ('1000001155', 'Regular Childcare', '101155', '2014-04-04', '12:00:00', '14:00:00', 20.50);

INSERT INTO Guardian VALUES ('126340', '1234', 'Guardian289', '289guardian', '555-555-5555', 'blah@blah.com', '123 nowhere', null, 'Spokane', 'WA', '99999', '../../Pictures/default.jpg', null);

INSERT INTO Family VALUES ('12634', 42);

INSERT INTO Guardian VALUES ('126341', '1234', 'Guardian2289', '2892guardian', '555-555-5555', 'blah@blah.com', '123 nowhere', null, 'Spokane', 'WA', '99999', '../../Pictures/default.jpg', null);

INSERT INTO AllowedConnections VALUES ('101156', '126350', '126352', 12635, null);

INSERT INTO Child VALUES ('126352', 'Child1157', '1157child', '2006-02-02', null, null, '../../Pictures/default.jpg', null);

INSERT INTO ChildcareTransaction VALUES ('1000001156', 'Regular Childcare', '101156', '2014-09-10', '12:00:00', '14:00:00', 20.50);

INSERT INTO AllowedConnections VALUES ('101157', '126350', '126353', 12635, null);

INSERT INTO Child VALUES ('126353', 'Child1158', '1158child', '2006-02-02', null, null, '../../Pictures/default.jpg', null);

INSERT INTO ChildcareTransaction VALUES ('1000001157', 'Regular Childcare', '101157', '2014-05-21', '12:00:00', '14:00:00', 20.50);

INSERT INTO AllowedConnections VALUES ('101158', '126350', '126354', 12635, null);

INSERT INTO Child VALUES ('126354', 'Child1159', '1159child', '2006-02-02', null, null, '../../Pictures/default.jpg', null);

INSERT INTO ChildcareTransaction VALUES ('1000001158', 'Regular Childcare', '101158', '2014-08-01', '12:00:00', '14:00:00', 20.50);

INSERT INTO AllowedConnections VALUES ('101159', '126350', '126355', 12635, null);

INSERT INTO Child VALUES ('126355', 'Child1160', '1160child', '2006-02-02', null, null, '../../Pictures/default.jpg', null);

INSERT INTO ChildcareTransaction VALUES ('1000001159', 'Regular Childcare', '101159', '2014-12-19', '12:00:00', '14:00:00', 20.50);

INSERT INTO Guardian VALUES ('126350', '1234', 'Guardian290', '290guardian', '555-555-5555', 'blah@blah.com', '123 nowhere', null, 'Spokane', 'WA', '99999', '../../Pictures/default.jpg', null);

INSERT INTO Family VALUES ('12635', 42);

INSERT INTO Guardian VALUES ('126351', '1234', 'Guardian2290', '2902guardian', '555-555-5555', 'blah@blah.com', '123 nowhere', null, 'Spokane', 'WA', '99999', '../../Pictures/default.jpg', null);

INSERT INTO AllowedConnections VALUES ('101160', '126360', '126362', 12636, null);

INSERT INTO Child VALUES ('126362', 'Child1161', '1161child', '2006-02-02', null, null, '../../Pictures/default.jpg', null);

INSERT INTO ChildcareTransaction VALUES ('1000001160', 'Regular Childcare', '101160', '2014-01-27', '12:00:00', '14:00:00', 20.50);

INSERT INTO AllowedConnections VALUES ('101161', '126360', '126363', 12636, null);

INSERT INTO Child VALUES ('126363', 'Child1162', '1162child', '2006-02-02', null, null, '../../Pictures/default.jpg', null);

INSERT INTO ChildcareTransaction VALUES ('1000001161', 'Regular Childcare', '101161', '2014-07-26', '12:00:00', '14:00:00', 20.50);

INSERT INTO AllowedConnections VALUES ('101162', '126360', '126364', 12636, null);

INSERT INTO Child VALUES ('126364', 'Child1163', '1163child', '2006-02-02', null, null, '../../Pictures/default.jpg', null);

INSERT INTO ChildcareTransaction VALUES ('1000001162', 'Regular Childcare', '101162', '2014-11-03', '12:00:00', '14:00:00', 20.50);

INSERT INTO AllowedConnections VALUES ('101163', '126360', '126365', 12636, null);

INSERT INTO Child VALUES ('126365', 'Child1164', '1164child', '2006-02-02', null, null, '../../Pictures/default.jpg', null);

INSERT INTO ChildcareTransaction VALUES ('1000001163', 'Regular Childcare', '101163', '2014-05-17', '12:00:00', '14:00:00', 20.50);

INSERT INTO Guardian VALUES ('126360', '1234', 'Guardian291', '291guardian', '555-555-5555', 'blah@blah.com', '123 nowhere', null, 'Spokane', 'WA', '99999', '../../Pictures/default.jpg', null);

INSERT INTO Family VALUES ('12636', 42);

INSERT INTO Guardian VALUES ('126361', '1234', 'Guardian2291', '2912guardian', '555-555-5555', 'blah@blah.com', '123 nowhere', null, 'Spokane', 'WA', '99999', '../../Pictures/default.jpg', null);

INSERT INTO AllowedConnections VALUES ('101164', '126370', '126372', 12637, null);

INSERT INTO Child VALUES ('126372', 'Child1165', '1165child', '2006-02-02', null, null, '../../Pictures/default.jpg', null);

INSERT INTO ChildcareTransaction VALUES ('1000001164', 'Regular Childcare', '101164', '2014-09-16', '12:00:00', '14:00:00', 20.50);

INSERT INTO AllowedConnections VALUES ('101165', '126370', '126373', 12637, null);

INSERT INTO Child VALUES ('126373', 'Child1166', '1166child', '2006-02-02', null, null, '../../Pictures/default.jpg', null);

INSERT INTO ChildcareTransaction VALUES ('1000001165', 'Regular Childcare', '101165', '2014-09-27', '12:00:00', '14:00:00', 20.50);

INSERT INTO AllowedConnections VALUES ('101166', '126370', '126374', 12637, null);

INSERT INTO Child VALUES ('126374', 'Child1167', '1167child', '2006-02-02', null, null, '../../Pictures/default.jpg', null);

INSERT INTO ChildcareTransaction VALUES ('1000001166', 'Regular Childcare', '101166', '2014-10-08', '12:00:00', '14:00:00', 20.50);

INSERT INTO AllowedConnections VALUES ('101167', '126370', '126375', 12637, null);

INSERT INTO Child VALUES ('126375', 'Child1168', '1168child', '2006-02-02', null, null, '../../Pictures/default.jpg', null);

INSERT INTO ChildcareTransaction VALUES ('1000001167', 'Regular Childcare', '101167', '2014-10-26', '12:00:00', '14:00:00', 20.50);

INSERT INTO Guardian VALUES ('126370', '1234', 'Guardian292', '292guardian', '555-555-5555', 'blah@blah.com', '123 nowhere', null, 'Spokane', 'WA', '99999', '../../Pictures/default.jpg', null);

INSERT INTO Family VALUES ('12637', 42);

INSERT INTO Guardian VALUES ('126371', '1234', 'Guardian2292', '2922guardian', '555-555-5555', 'blah@blah.com', '123 nowhere', null, 'Spokane', 'WA', '99999', '../../Pictures/default.jpg', null);

INSERT INTO AllowedConnections VALUES ('101168', '126380', '126382', 12638, null);

INSERT INTO Child VALUES ('126382', 'Child1169', '1169child', '2006-02-02', null, null, '../../Pictures/default.jpg', null);

INSERT INTO ChildcareTransaction VALUES ('1000001168', 'Regular Childcare', '101168', '2014-01-19', '12:00:00', '14:00:00', 20.50);

INSERT INTO AllowedConnections VALUES ('101169', '126380', '126383', 12638, null);

INSERT INTO Child VALUES ('126383', 'Child1170', '1170child', '2006-02-02', null, null, '../../Pictures/default.jpg', null);

INSERT INTO ChildcareTransaction VALUES ('1000001169', 'Regular Childcare', '101169', '2014-08-02', '12:00:00', '14:00:00', 20.50);

INSERT INTO AllowedConnections VALUES ('101170', '126380', '126384', 12638, null);

INSERT INTO Child VALUES ('126384', 'Child1171', '1171child', '2006-02-02', null, null, '../../Pictures/default.jpg', null);

INSERT INTO ChildcareTransaction VALUES ('1000001170', 'Regular Childcare', '101170', '2014-06-22', '12:00:00', '14:00:00', 20.50);

INSERT INTO AllowedConnections VALUES ('101171', '126380', '126385', 12638, null);

INSERT INTO Child VALUES ('126385', 'Child1172', '1172child', '2006-02-02', null, null, '../../Pictures/default.jpg', null);

INSERT INTO ChildcareTransaction VALUES ('1000001171', 'Regular Childcare', '101171', '2014-09-25', '12:00:00', '14:00:00', 20.50);

INSERT INTO Guardian VALUES ('126380', '1234', 'Guardian293', '293guardian', '555-555-5555', 'blah@blah.com', '123 nowhere', null, 'Spokane', 'WA', '99999', '../../Pictures/default.jpg', null);

INSERT INTO Family VALUES ('12638', 42);

INSERT INTO Guardian VALUES ('126381', '1234', 'Guardian2293', '2932guardian', '555-555-5555', 'blah@blah.com', '123 nowhere', null, 'Spokane', 'WA', '99999', '../../Pictures/default.jpg', null);

INSERT INTO AllowedConnections VALUES ('101172', '126390', '126392', 12639, null);

INSERT INTO Child VALUES ('126392', 'Child1173', '1173child', '2006-02-02', null, null, '../../Pictures/default.jpg', null);

INSERT INTO ChildcareTransaction VALUES ('1000001172', 'Regular Childcare', '101172', '2014-04-21', '12:00:00', '14:00:00', 20.50);

INSERT INTO AllowedConnections VALUES ('101173', '126390', '126393', 12639, null);

INSERT INTO Child VALUES ('126393', 'Child1174', '1174child', '2006-02-02', null, null, '../../Pictures/default.jpg', null);

INSERT INTO ChildcareTransaction VALUES ('1000001173', 'Regular Childcare', '101173', '2014-07-13', '12:00:00', '14:00:00', 20.50);

INSERT INTO AllowedConnections VALUES ('101174', '126390', '126394', 12639, null);

INSERT INTO Child VALUES ('126394', 'Child1175', '1175child', '2006-02-02', null, null, '../../Pictures/default.jpg', null);

INSERT INTO ChildcareTransaction VALUES ('1000001174', 'Regular Childcare', '101174', '2014-02-24', '12:00:00', '14:00:00', 20.50);

INSERT INTO AllowedConnections VALUES ('101175', '126390', '126395', 12639, null);

INSERT INTO Child VALUES ('126395', 'Child1176', '1176child', '2006-02-02', null, null, '../../Pictures/default.jpg', null);

INSERT INTO ChildcareTransaction VALUES ('1000001175', 'Regular Childcare', '101175', '2014-11-20', '12:00:00', '14:00:00', 20.50);

INSERT INTO Guardian VALUES ('126390', '1234', 'Guardian294', '294guardian', '555-555-5555', 'blah@blah.com', '123 nowhere', null, 'Spokane', 'WA', '99999', '../../Pictures/default.jpg', null);

INSERT INTO Family VALUES ('12639', 42);

INSERT INTO Guardian VALUES ('126391', '1234', 'Guardian2294', '2942guardian', '555-555-5555', 'blah@blah.com', '123 nowhere', null, 'Spokane', 'WA', '99999', '../../Pictures/default.jpg', null);

INSERT INTO AllowedConnections VALUES ('101176', '126400', '126402', 12640, null);

INSERT INTO Child VALUES ('126402', 'Child1177', '1177child', '2006-02-02', null, null, '../../Pictures/default.jpg', null);

INSERT INTO ChildcareTransaction VALUES ('1000001176', 'Regular Childcare', '101176', '2014-03-12', '12:00:00', '14:00:00', 20.50);

INSERT INTO AllowedConnections VALUES ('101177', '126400', '126403', 12640, null);

INSERT INTO Child VALUES ('126403', 'Child1178', '1178child', '2006-02-02', null, null, '../../Pictures/default.jpg', null);

INSERT INTO ChildcareTransaction VALUES ('1000001177', 'Regular Childcare', '101177', '2014-08-21', '12:00:00', '14:00:00', 20.50);

INSERT INTO AllowedConnections VALUES ('101178', '126400', '126404', 12640, null);

INSERT INTO Child VALUES ('126404', 'Child1179', '1179child', '2006-02-02', null, null, '../../Pictures/default.jpg', null);

INSERT INTO ChildcareTransaction VALUES ('1000001178', 'Regular Childcare', '101178', '2014-12-26', '12:00:00', '14:00:00', 20.50);

INSERT INTO AllowedConnections VALUES ('101179', '126400', '126405', 12640, null);

INSERT INTO Child VALUES ('126405', 'Child1180', '1180child', '2006-02-02', null, null, '../../Pictures/default.jpg', null);

INSERT INTO ChildcareTransaction VALUES ('1000001179', 'Regular Childcare', '101179', '2014-05-28', '12:00:00', '14:00:00', 20.50);

INSERT INTO Guardian VALUES ('126400', '1234', 'Guardian295', '295guardian', '555-555-5555', 'blah@blah.com', '123 nowhere', null, 'Spokane', 'WA', '99999', '../../Pictures/default.jpg', null);

INSERT INTO Family VALUES ('12640', 42);

INSERT INTO Guardian VALUES ('126401', '1234', 'Guardian2295', '2952guardian', '555-555-5555', 'blah@blah.com', '123 nowhere', null, 'Spokane', 'WA', '99999', '../../Pictures/default.jpg', null);

INSERT INTO AllowedConnections VALUES ('101180', '126410', '126412', 12641, null);

INSERT INTO Child VALUES ('126412', 'Child1181', '1181child', '2006-02-02', null, null, '../../Pictures/default.jpg', null);

INSERT INTO ChildcareTransaction VALUES ('1000001180', 'Regular Childcare', '101180', '2014-04-01', '12:00:00', '14:00:00', 20.50);

INSERT INTO AllowedConnections VALUES ('101181', '126410', '126413', 12641, null);

INSERT INTO Child VALUES ('126413', 'Child1182', '1182child', '2006-02-02', null, null, '../../Pictures/default.jpg', null);

INSERT INTO ChildcareTransaction VALUES ('1000001181', 'Regular Childcare', '101181', '2014-03-21', '12:00:00', '14:00:00', 20.50);

INSERT INTO AllowedConnections VALUES ('101182', '126410', '126414', 12641, null);

INSERT INTO Child VALUES ('126414', 'Child1183', '1183child', '2006-02-02', null, null, '../../Pictures/default.jpg', null);

INSERT INTO ChildcareTransaction VALUES ('1000001182', 'Regular Childcare', '101182', '2014-09-15', '12:00:00', '14:00:00', 20.50);

INSERT INTO AllowedConnections VALUES ('101183', '126410', '126415', 12641, null);

INSERT INTO Child VALUES ('126415', 'Child1184', '1184child', '2006-02-02', null, null, '../../Pictures/default.jpg', null);

INSERT INTO ChildcareTransaction VALUES ('1000001183', 'Regular Childcare', '101183', '2014-11-19', '12:00:00', '14:00:00', 20.50);

INSERT INTO Guardian VALUES ('126410', '1234', 'Guardian296', '296guardian', '555-555-5555', 'blah@blah.com', '123 nowhere', null, 'Spokane', 'WA', '99999', '../../Pictures/default.jpg', null);

INSERT INTO Family VALUES ('12641', 42);

INSERT INTO Guardian VALUES ('126411', '1234', 'Guardian2296', '2962guardian', '555-555-5555', 'blah@blah.com', '123 nowhere', null, 'Spokane', 'WA', '99999', '../../Pictures/default.jpg', null);

INSERT INTO AllowedConnections VALUES ('101184', '126420', '126422', 12642, null);

INSERT INTO Child VALUES ('126422', 'Child1185', '1185child', '2006-02-02', null, null, '../../Pictures/default.jpg', null);

INSERT INTO ChildcareTransaction VALUES ('1000001184', 'Regular Childcare', '101184', '2014-11-18', '12:00:00', '14:00:00', 20.50);

INSERT INTO AllowedConnections VALUES ('101185', '126420', '126423', 12642, null);

INSERT INTO Child VALUES ('126423', 'Child1186', '1186child', '2006-02-02', null, null, '../../Pictures/default.jpg', null);

INSERT INTO ChildcareTransaction VALUES ('1000001185', 'Regular Childcare', '101185', '2014-06-19', '12:00:00', '14:00:00', 20.50);

INSERT INTO AllowedConnections VALUES ('101186', '126420', '126424', 12642, null);

INSERT INTO Child VALUES ('126424', 'Child1187', '1187child', '2006-02-02', null, null, '../../Pictures/default.jpg', null);

INSERT INTO ChildcareTransaction VALUES ('1000001186', 'Regular Childcare', '101186', '2014-05-25', '12:00:00', '14:00:00', 20.50);

INSERT INTO AllowedConnections VALUES ('101187', '126420', '126425', 12642, null);

INSERT INTO Child VALUES ('126425', 'Child1188', '1188child', '2006-02-02', null, null, '../../Pictures/default.jpg', null);

INSERT INTO ChildcareTransaction VALUES ('1000001187', 'Regular Childcare', '101187', '2014-10-22', '12:00:00', '14:00:00', 20.50);

INSERT INTO Guardian VALUES ('126420', '1234', 'Guardian297', '297guardian', '555-555-5555', 'blah@blah.com', '123 nowhere', null, 'Spokane', 'WA', '99999', '../../Pictures/default.jpg', null);

INSERT INTO Family VALUES ('12642', 42);

INSERT INTO Guardian VALUES ('126421', '1234', 'Guardian2297', '2972guardian', '555-555-5555', 'blah@blah.com', '123 nowhere', null, 'Spokane', 'WA', '99999', '../../Pictures/default.jpg', null);

INSERT INTO AllowedConnections VALUES ('101188', '126430', '126432', 12643, null);

INSERT INTO Child VALUES ('126432', 'Child1189', '1189child', '2006-02-02', null, null, '../../Pictures/default.jpg', null);

INSERT INTO ChildcareTransaction VALUES ('1000001188', 'Regular Childcare', '101188', '2014-02-11', '12:00:00', '14:00:00', 20.50);

INSERT INTO AllowedConnections VALUES ('101189', '126430', '126433', 12643, null);

INSERT INTO Child VALUES ('126433', 'Child1190', '1190child', '2006-02-02', null, null, '../../Pictures/default.jpg', null);

INSERT INTO ChildcareTransaction VALUES ('1000001189', 'Regular Childcare', '101189', '2014-10-15', '12:00:00', '14:00:00', 20.50);

INSERT INTO AllowedConnections VALUES ('101190', '126430', '126434', 12643, null);

INSERT INTO Child VALUES ('126434', 'Child1191', '1191child', '2006-02-02', null, null, '../../Pictures/default.jpg', null);

INSERT INTO ChildcareTransaction VALUES ('1000001190', 'Regular Childcare', '101190', '2014-02-11', '12:00:00', '14:00:00', 20.50);

INSERT INTO AllowedConnections VALUES ('101191', '126430', '126435', 12643, null);

INSERT INTO Child VALUES ('126435', 'Child1192', '1192child', '2006-02-02', null, null, '../../Pictures/default.jpg', null);

INSERT INTO ChildcareTransaction VALUES ('1000001191', 'Regular Childcare', '101191', '2014-01-07', '12:00:00', '14:00:00', 20.50);

INSERT INTO Guardian VALUES ('126430', '1234', 'Guardian298', '298guardian', '555-555-5555', 'blah@blah.com', '123 nowhere', null, 'Spokane', 'WA', '99999', '../../Pictures/default.jpg', null);

INSERT INTO Family VALUES ('12643', 42);

INSERT INTO Guardian VALUES ('126431', '1234', 'Guardian2298', '2982guardian', '555-555-5555', 'blah@blah.com', '123 nowhere', null, 'Spokane', 'WA', '99999', '../../Pictures/default.jpg', null);

INSERT INTO AllowedConnections VALUES ('101192', '126440', '126442', 12644, null);

INSERT INTO Child VALUES ('126442', 'Child1193', '1193child', '2006-02-02', null, null, '../../Pictures/default.jpg', null);

INSERT INTO ChildcareTransaction VALUES ('1000001192', 'Regular Childcare', '101192', '2014-07-15', '12:00:00', '14:00:00', 20.50);

INSERT INTO AllowedConnections VALUES ('101193', '126440', '126443', 12644, null);

INSERT INTO Child VALUES ('126443', 'Child1194', '1194child', '2006-02-02', null, null, '../../Pictures/default.jpg', null);

INSERT INTO ChildcareTransaction VALUES ('1000001193', 'Regular Childcare', '101193', '2014-10-27', '12:00:00', '14:00:00', 20.50);

INSERT INTO AllowedConnections VALUES ('101194', '126440', '126444', 12644, null);

INSERT INTO Child VALUES ('126444', 'Child1195', '1195child', '2006-02-02', null, null, '../../Pictures/default.jpg', null);

INSERT INTO ChildcareTransaction VALUES ('1000001194', 'Regular Childcare', '101194', '2014-05-08', '12:00:00', '14:00:00', 20.50);

INSERT INTO AllowedConnections VALUES ('101195', '126440', '126445', 12644, null);

INSERT INTO Child VALUES ('126445', 'Child1196', '1196child', '2006-02-02', null, null, '../../Pictures/default.jpg', null);

INSERT INTO ChildcareTransaction VALUES ('1000001195', 'Regular Childcare', '101195', '2014-01-01', '12:00:00', '14:00:00', 20.50);

INSERT INTO Guardian VALUES ('126440', '1234', 'Guardian299', '299guardian', '555-555-5555', 'blah@blah.com', '123 nowhere', null, 'Spokane', 'WA', '99999', '../../Pictures/default.jpg', null);

INSERT INTO Family VALUES ('12644', 42);

INSERT INTO Guardian VALUES ('126441', '1234', 'Guardian2299', '2992guardian', '555-555-5555', 'blah@blah.com', '123 nowhere', null, 'Spokane', 'WA', '99999', '../../Pictures/default.jpg', null);

INSERT INTO AllowedConnections VALUES ('101196', '126450', '126452', 12645, null);

INSERT INTO Child VALUES ('126452', 'Child1197', '1197child', '2006-02-02', null, null, '../../Pictures/default.jpg', null);

INSERT INTO ChildcareTransaction VALUES ('1000001196', 'Regular Childcare', '101196', '2014-07-04', '12:00:00', '14:00:00', 20.50);

INSERT INTO AllowedConnections VALUES ('101197', '126450', '126453', 12645, null);

INSERT INTO Child VALUES ('126453', 'Child1198', '1198child', '2006-02-02', null, null, '../../Pictures/default.jpg', null);

INSERT INTO ChildcareTransaction VALUES ('1000001197', 'Regular Childcare', '101197', '2014-10-14', '12:00:00', '14:00:00', 20.50);

INSERT INTO AllowedConnections VALUES ('101198', '126450', '126454', 12645, null);

INSERT INTO Child VALUES ('126454', 'Child1199', '1199child', '2006-02-02', null, null, '../../Pictures/default.jpg', null);

INSERT INTO ChildcareTransaction VALUES ('1000001198', 'Regular Childcare', '101198', '2014-02-16', '12:00:00', '14:00:00', 20.50);

INSERT INTO AllowedConnections VALUES ('101199', '126450', '126455', 12645, null);

INSERT INTO Child VALUES ('126455', 'Child1200', '1200child', '2006-02-02', null, null, '../../Pictures/default.jpg', null);

INSERT INTO ChildcareTransaction VALUES ('1000001199', 'Regular Childcare', '101199', '2014-09-10', '12:00:00', '14:00:00', 20.50);

INSERT INTO Guardian VALUES ('126450', '1234', 'Guardian300', '300guardian', '555-555-5555', 'blah@blah.com', '123 nowhere', null, 'Spokane', 'WA', '99999', '../../Pictures/default.jpg', null);

INSERT INTO Family VALUES ('12645', 42);

INSERT INTO Guardian VALUES ('126451', '1234', 'Guardian2300', '3002guardian', '555-555-5555', 'blah@blah.com', '123 nowhere', null, 'Spokane', 'WA', '99999', '../../Pictures/default.jpg', null);

INSERT INTO AllowedConnections VALUES ('101200', '126460', '126462', 12646, null);

INSERT INTO Child VALUES ('126462', 'Child1201', '1201child', '2006-02-02', null, null, '../../Pictures/default.jpg', null);

INSERT INTO ChildcareTransaction VALUES ('1000001200', 'Regular Childcare', '101200', '2014-12-15', '12:00:00', '14:00:00', 20.50);

INSERT INTO AllowedConnections VALUES ('101201', '126460', '126463', 12646, null);

INSERT INTO Child VALUES ('126463', 'Child1202', '1202child', '2006-02-02', null, null, '../../Pictures/default.jpg', null);

INSERT INTO ChildcareTransaction VALUES ('1000001201', 'Regular Childcare', '101201', '2014-11-10', '12:00:00', '14:00:00', 20.50);

INSERT INTO AllowedConnections VALUES ('101202', '126460', '126464', 12646, null);

INSERT INTO Child VALUES ('126464', 'Child1203', '1203child', '2006-02-02', null, null, '../../Pictures/default.jpg', null);

INSERT INTO ChildcareTransaction VALUES ('1000001202', 'Regular Childcare', '101202', '2014-11-03', '12:00:00', '14:00:00', 20.50);

INSERT INTO AllowedConnections VALUES ('101203', '126460', '126465', 12646, null);

INSERT INTO Child VALUES ('126465', 'Child1204', '1204child', '2006-02-02', null, null, '../../Pictures/default.jpg', null);

INSERT INTO ChildcareTransaction VALUES ('1000001203', 'Regular Childcare', '101203', '2014-03-19', '12:00:00', '14:00:00', 20.50);

INSERT INTO Guardian VALUES ('126460', '1234', 'Guardian301', '301guardian', '555-555-5555', 'blah@blah.com', '123 nowhere', null, 'Spokane', 'WA', '99999', '../../Pictures/default.jpg', null);

INSERT INTO Family VALUES ('12646', 42);

INSERT INTO Guardian VALUES ('126461', '1234', 'Guardian2301', '3012guardian', '555-555-5555', 'blah@blah.com', '123 nowhere', null, 'Spokane', 'WA', '99999', '../../Pictures/default.jpg', null);

INSERT INTO AllowedConnections VALUES ('101204', '126470', '126472', 12647, null);

INSERT INTO Child VALUES ('126472', 'Child1205', '1205child', '2006-02-02', null, null, '../../Pictures/default.jpg', null);

INSERT INTO ChildcareTransaction VALUES ('1000001204', 'Regular Childcare', '101204', '2014-12-15', '12:00:00', '14:00:00', 20.50);

INSERT INTO AllowedConnections VALUES ('101205', '126470', '126473', 12647, null);

INSERT INTO Child VALUES ('126473', 'Child1206', '1206child', '2006-02-02', null, null, '../../Pictures/default.jpg', null);

INSERT INTO ChildcareTransaction VALUES ('1000001205', 'Regular Childcare', '101205', '2014-07-04', '12:00:00', '14:00:00', 20.50);

INSERT INTO AllowedConnections VALUES ('101206', '126470', '126474', 12647, null);

INSERT INTO Child VALUES ('126474', 'Child1207', '1207child', '2006-02-02', null, null, '../../Pictures/default.jpg', null);

INSERT INTO ChildcareTransaction VALUES ('1000001206', 'Regular Childcare', '101206', '2014-06-02', '12:00:00', '14:00:00', 20.50);

INSERT INTO AllowedConnections VALUES ('101207', '126470', '126475', 12647, null);

INSERT INTO Child VALUES ('126475', 'Child1208', '1208child', '2006-02-02', null, null, '../../Pictures/default.jpg', null);

INSERT INTO ChildcareTransaction VALUES ('1000001207', 'Regular Childcare', '101207', '2014-04-03', '12:00:00', '14:00:00', 20.50);

INSERT INTO Guardian VALUES ('126470', '1234', 'Guardian302', '302guardian', '555-555-5555', 'blah@blah.com', '123 nowhere', null, 'Spokane', 'WA', '99999', '../../Pictures/default.jpg', null);

INSERT INTO Family VALUES ('12647', 42);

INSERT INTO Guardian VALUES ('126471', '1234', 'Guardian2302', '3022guardian', '555-555-5555', 'blah@blah.com', '123 nowhere', null, 'Spokane', 'WA', '99999', '../../Pictures/default.jpg', null);

INSERT INTO AllowedConnections VALUES ('101208', '126480', '126482', 12648, null);

INSERT INTO Child VALUES ('126482', 'Child1209', '1209child', '2006-02-02', null, null, '../../Pictures/default.jpg', null);

INSERT INTO ChildcareTransaction VALUES ('1000001208', 'Regular Childcare', '101208', '2014-02-10', '12:00:00', '14:00:00', 20.50);

INSERT INTO AllowedConnections VALUES ('101209', '126480', '126483', 12648, null);

INSERT INTO Child VALUES ('126483', 'Child1210', '1210child', '2006-02-02', null, null, '../../Pictures/default.jpg', null);

INSERT INTO ChildcareTransaction VALUES ('1000001209', 'Regular Childcare', '101209', '2014-11-27', '12:00:00', '14:00:00', 20.50);

INSERT INTO AllowedConnections VALUES ('101210', '126480', '126484', 12648, null);

INSERT INTO Child VALUES ('126484', 'Child1211', '1211child', '2006-02-02', null, null, '../../Pictures/default.jpg', null);

INSERT INTO ChildcareTransaction VALUES ('1000001210', 'Regular Childcare', '101210', '2014-09-09', '12:00:00', '14:00:00', 20.50);

INSERT INTO AllowedConnections VALUES ('101211', '126480', '126485', 12648, null);

INSERT INTO Child VALUES ('126485', 'Child1212', '1212child', '2006-02-02', null, null, '../../Pictures/default.jpg', null);

INSERT INTO ChildcareTransaction VALUES ('1000001211', 'Regular Childcare', '101211', '2014-07-20', '12:00:00', '14:00:00', 20.50);

INSERT INTO Guardian VALUES ('126480', '1234', 'Guardian303', '303guardian', '555-555-5555', 'blah@blah.com', '123 nowhere', null, 'Spokane', 'WA', '99999', '../../Pictures/default.jpg', null);

INSERT INTO Family VALUES ('12648', 42);

INSERT INTO Guardian VALUES ('126481', '1234', 'Guardian2303', '3032guardian', '555-555-5555', 'blah@blah.com', '123 nowhere', null, 'Spokane', 'WA', '99999', '../../Pictures/default.jpg', null);

INSERT INTO AllowedConnections VALUES ('101212', '126490', '126492', 12649, null);

INSERT INTO Child VALUES ('126492', 'Child1213', '1213child', '2006-02-02', null, null, '../../Pictures/default.jpg', null);

INSERT INTO ChildcareTransaction VALUES ('1000001212', 'Regular Childcare', '101212', '2014-07-13', '12:00:00', '14:00:00', 20.50);

INSERT INTO AllowedConnections VALUES ('101213', '126490', '126493', 12649, null);

INSERT INTO Child VALUES ('126493', 'Child1214', '1214child', '2006-02-02', null, null, '../../Pictures/default.jpg', null);

INSERT INTO ChildcareTransaction VALUES ('1000001213', 'Regular Childcare', '101213', '2014-07-05', '12:00:00', '14:00:00', 20.50);

INSERT INTO AllowedConnections VALUES ('101214', '126490', '126494', 12649, null);

INSERT INTO Child VALUES ('126494', 'Child1215', '1215child', '2006-02-02', null, null, '../../Pictures/default.jpg', null);

INSERT INTO ChildcareTransaction VALUES ('1000001214', 'Regular Childcare', '101214', '2014-08-28', '12:00:00', '14:00:00', 20.50);

INSERT INTO AllowedConnections VALUES ('101215', '126490', '126495', 12649, null);

INSERT INTO Child VALUES ('126495', 'Child1216', '1216child', '2006-02-02', null, null, '../../Pictures/default.jpg', null);

INSERT INTO ChildcareTransaction VALUES ('1000001215', 'Regular Childcare', '101215', '2014-04-01', '12:00:00', '14:00:00', 20.50);

INSERT INTO Guardian VALUES ('126490', '1234', 'Guardian304', '304guardian', '555-555-5555', 'blah@blah.com', '123 nowhere', null, 'Spokane', 'WA', '99999', '../../Pictures/default.jpg', null);

INSERT INTO Family VALUES ('12649', 42);

INSERT INTO Guardian VALUES ('126491', '1234', 'Guardian2304', '3042guardian', '555-555-5555', 'blah@blah.com', '123 nowhere', null, 'Spokane', 'WA', '99999', '../../Pictures/default.jpg', null);

INSERT INTO AllowedConnections VALUES ('101216', '126500', '126502', 12650, null);

INSERT INTO Child VALUES ('126502', 'Child1217', '1217child', '2006-02-02', null, null, '../../Pictures/default.jpg', null);

INSERT INTO ChildcareTransaction VALUES ('1000001216', 'Regular Childcare', '101216', '2014-01-16', '12:00:00', '14:00:00', 20.50);

INSERT INTO AllowedConnections VALUES ('101217', '126500', '126503', 12650, null);

INSERT INTO Child VALUES ('126503', 'Child1218', '1218child', '2006-02-02', null, null, '../../Pictures/default.jpg', null);

INSERT INTO ChildcareTransaction VALUES ('1000001217', 'Regular Childcare', '101217', '2014-12-24', '12:00:00', '14:00:00', 20.50);

INSERT INTO AllowedConnections VALUES ('101218', '126500', '126504', 12650, null);

INSERT INTO Child VALUES ('126504', 'Child1219', '1219child', '2006-02-02', null, null, '../../Pictures/default.jpg', null);

INSERT INTO ChildcareTransaction VALUES ('1000001218', 'Regular Childcare', '101218', '2014-02-01', '12:00:00', '14:00:00', 20.50);

INSERT INTO AllowedConnections VALUES ('101219', '126500', '126505', 12650, null);

INSERT INTO Child VALUES ('126505', 'Child1220', '1220child', '2006-02-02', null, null, '../../Pictures/default.jpg', null);

INSERT INTO ChildcareTransaction VALUES ('1000001219', 'Regular Childcare', '101219', '2014-04-27', '12:00:00', '14:00:00', 20.50);

INSERT INTO Guardian VALUES ('126500', '1234', 'Guardian305', '305guardian', '555-555-5555', 'blah@blah.com', '123 nowhere', null, 'Spokane', 'WA', '99999', '../../Pictures/default.jpg', null);

INSERT INTO Family VALUES ('12650', 42);

INSERT INTO Guardian VALUES ('126501', '1234', 'Guardian2305', '3052guardian', '555-555-5555', 'blah@blah.com', '123 nowhere', null, 'Spokane', 'WA', '99999', '../../Pictures/default.jpg', null);

INSERT INTO AllowedConnections VALUES ('101220', '126510', '126512', 12651, null);

INSERT INTO Child VALUES ('126512', 'Child1221', '1221child', '2006-02-02', null, null, '../../Pictures/default.jpg', null);

INSERT INTO ChildcareTransaction VALUES ('1000001220', 'Regular Childcare', '101220', '2014-03-09', '12:00:00', '14:00:00', 20.50);

INSERT INTO AllowedConnections VALUES ('101221', '126510', '126513', 12651, null);

INSERT INTO Child VALUES ('126513', 'Child1222', '1222child', '2006-02-02', null, null, '../../Pictures/default.jpg', null);

INSERT INTO ChildcareTransaction VALUES ('1000001221', 'Regular Childcare', '101221', '2014-05-10', '12:00:00', '14:00:00', 20.50);

INSERT INTO AllowedConnections VALUES ('101222', '126510', '126514', 12651, null);

INSERT INTO Child VALUES ('126514', 'Child1223', '1223child', '2006-02-02', null, null, '../../Pictures/default.jpg', null);

INSERT INTO ChildcareTransaction VALUES ('1000001222', 'Regular Childcare', '101222', '2014-04-01', '12:00:00', '14:00:00', 20.50);

INSERT INTO AllowedConnections VALUES ('101223', '126510', '126515', 12651, null);

INSERT INTO Child VALUES ('126515', 'Child1224', '1224child', '2006-02-02', null, null, '../../Pictures/default.jpg', null);

INSERT INTO ChildcareTransaction VALUES ('1000001223', 'Regular Childcare', '101223', '2014-01-01', '12:00:00', '14:00:00', 20.50);

INSERT INTO Guardian VALUES ('126510', '1234', 'Guardian306', '306guardian', '555-555-5555', 'blah@blah.com', '123 nowhere', null, 'Spokane', 'WA', '99999', '../../Pictures/default.jpg', null);

INSERT INTO Family VALUES ('12651', 42);

INSERT INTO Guardian VALUES ('126511', '1234', 'Guardian2306', '3062guardian', '555-555-5555', 'blah@blah.com', '123 nowhere', null, 'Spokane', 'WA', '99999', '../../Pictures/default.jpg', null);

INSERT INTO AllowedConnections VALUES ('101224', '126520', '126522', 12652, null);

INSERT INTO Child VALUES ('126522', 'Child1225', '1225child', '2006-02-02', null, null, '../../Pictures/default.jpg', null);

INSERT INTO ChildcareTransaction VALUES ('1000001224', 'Regular Childcare', '101224', '2014-02-25', '12:00:00', '14:00:00', 20.50);

INSERT INTO AllowedConnections VALUES ('101225', '126520', '126523', 12652, null);

INSERT INTO Child VALUES ('126523', 'Child1226', '1226child', '2006-02-02', null, null, '../../Pictures/default.jpg', null);

INSERT INTO ChildcareTransaction VALUES ('1000001225', 'Regular Childcare', '101225', '2014-12-02', '12:00:00', '14:00:00', 20.50);

INSERT INTO AllowedConnections VALUES ('101226', '126520', '126524', 12652, null);

INSERT INTO Child VALUES ('126524', 'Child1227', '1227child', '2006-02-02', null, null, '../../Pictures/default.jpg', null);

INSERT INTO ChildcareTransaction VALUES ('1000001226', 'Regular Childcare', '101226', '2014-12-28', '12:00:00', '14:00:00', 20.50);

INSERT INTO AllowedConnections VALUES ('101227', '126520', '126525', 12652, null);

INSERT INTO Child VALUES ('126525', 'Child1228', '1228child', '2006-02-02', null, null, '../../Pictures/default.jpg', null);

INSERT INTO ChildcareTransaction VALUES ('1000001227', 'Regular Childcare', '101227', '2014-05-12', '12:00:00', '14:00:00', 20.50);

INSERT INTO Guardian VALUES ('126520', '1234', 'Guardian307', '307guardian', '555-555-5555', 'blah@blah.com', '123 nowhere', null, 'Spokane', 'WA', '99999', '../../Pictures/default.jpg', null);

INSERT INTO Family VALUES ('12652', 42);

INSERT INTO Guardian VALUES ('126521', '1234', 'Guardian2307', '3072guardian', '555-555-5555', 'blah@blah.com', '123 nowhere', null, 'Spokane', 'WA', '99999', '../../Pictures/default.jpg', null);

INSERT INTO AllowedConnections VALUES ('101228', '126530', '126532', 12653, null);

INSERT INTO Child VALUES ('126532', 'Child1229', '1229child', '2006-02-02', null, null, '../../Pictures/default.jpg', null);

INSERT INTO ChildcareTransaction VALUES ('1000001228', 'Regular Childcare', '101228', '2014-05-01', '12:00:00', '14:00:00', 20.50);

INSERT INTO AllowedConnections VALUES ('101229', '126530', '126533', 12653, null);

INSERT INTO Child VALUES ('126533', 'Child1230', '1230child', '2006-02-02', null, null, '../../Pictures/default.jpg', null);

INSERT INTO ChildcareTransaction VALUES ('1000001229', 'Regular Childcare', '101229', '2014-06-08', '12:00:00', '14:00:00', 20.50);

INSERT INTO AllowedConnections VALUES ('101230', '126530', '126534', 12653, null);

INSERT INTO Child VALUES ('126534', 'Child1231', '1231child', '2006-02-02', null, null, '../../Pictures/default.jpg', null);

INSERT INTO ChildcareTransaction VALUES ('1000001230', 'Regular Childcare', '101230', '2014-04-16', '12:00:00', '14:00:00', 20.50);

INSERT INTO AllowedConnections VALUES ('101231', '126530', '126535', 12653, null);

INSERT INTO Child VALUES ('126535', 'Child1232', '1232child', '2006-02-02', null, null, '../../Pictures/default.jpg', null);

INSERT INTO ChildcareTransaction VALUES ('1000001231', 'Regular Childcare', '101231', '2014-05-13', '12:00:00', '14:00:00', 20.50);

INSERT INTO Guardian VALUES ('126530', '1234', 'Guardian308', '308guardian', '555-555-5555', 'blah@blah.com', '123 nowhere', null, 'Spokane', 'WA', '99999', '../../Pictures/default.jpg', null);

INSERT INTO Family VALUES ('12653', 42);

INSERT INTO Guardian VALUES ('126531', '1234', 'Guardian2308', '3082guardian', '555-555-5555', 'blah@blah.com', '123 nowhere', null, 'Spokane', 'WA', '99999', '../../Pictures/default.jpg', null);

INSERT INTO AllowedConnections VALUES ('101232', '126540', '126542', 12654, null);

INSERT INTO Child VALUES ('126542', 'Child1233', '1233child', '2006-02-02', null, null, '../../Pictures/default.jpg', null);

INSERT INTO ChildcareTransaction VALUES ('1000001232', 'Regular Childcare', '101232', '2014-03-16', '12:00:00', '14:00:00', 20.50);

INSERT INTO AllowedConnections VALUES ('101233', '126540', '126543', 12654, null);

INSERT INTO Child VALUES ('126543', 'Child1234', '1234child', '2006-02-02', null, null, '../../Pictures/default.jpg', null);

INSERT INTO ChildcareTransaction VALUES ('1000001233', 'Regular Childcare', '101233', '2014-09-22', '12:00:00', '14:00:00', 20.50);

INSERT INTO AllowedConnections VALUES ('101234', '126540', '126544', 12654, null);

INSERT INTO Child VALUES ('126544', 'Child1235', '1235child', '2006-02-02', null, null, '../../Pictures/default.jpg', null);

INSERT INTO ChildcareTransaction VALUES ('1000001234', 'Regular Childcare', '101234', '2014-01-15', '12:00:00', '14:00:00', 20.50);

INSERT INTO AllowedConnections VALUES ('101235', '126540', '126545', 12654, null);

INSERT INTO Child VALUES ('126545', 'Child1236', '1236child', '2006-02-02', null, null, '../../Pictures/default.jpg', null);

INSERT INTO ChildcareTransaction VALUES ('1000001235', 'Regular Childcare', '101235', '2014-06-11', '12:00:00', '14:00:00', 20.50);

INSERT INTO Guardian VALUES ('126540', '1234', 'Guardian309', '309guardian', '555-555-5555', 'blah@blah.com', '123 nowhere', null, 'Spokane', 'WA', '99999', '../../Pictures/default.jpg', null);

INSERT INTO Family VALUES ('12654', 42);

INSERT INTO Guardian VALUES ('126541', '1234', 'Guardian2309', '3092guardian', '555-555-5555', 'blah@blah.com', '123 nowhere', null, 'Spokane', 'WA', '99999', '../../Pictures/default.jpg', null);

INSERT INTO AllowedConnections VALUES ('101236', '126550', '126552', 12655, null);

INSERT INTO Child VALUES ('126552', 'Child1237', '1237child', '2006-02-02', null, null, '../../Pictures/default.jpg', null);

INSERT INTO ChildcareTransaction VALUES ('1000001236', 'Regular Childcare', '101236', '2014-01-02', '12:00:00', '14:00:00', 20.50);

INSERT INTO AllowedConnections VALUES ('101237', '126550', '126553', 12655, null);

INSERT INTO Child VALUES ('126553', 'Child1238', '1238child', '2006-02-02', null, null, '../../Pictures/default.jpg', null);

INSERT INTO ChildcareTransaction VALUES ('1000001237', 'Regular Childcare', '101237', '2014-09-24', '12:00:00', '14:00:00', 20.50);

INSERT INTO AllowedConnections VALUES ('101238', '126550', '126554', 12655, null);

INSERT INTO Child VALUES ('126554', 'Child1239', '1239child', '2006-02-02', null, null, '../../Pictures/default.jpg', null);

INSERT INTO ChildcareTransaction VALUES ('1000001238', 'Regular Childcare', '101238', '2014-06-04', '12:00:00', '14:00:00', 20.50);

INSERT INTO AllowedConnections VALUES ('101239', '126550', '126555', 12655, null);

INSERT INTO Child VALUES ('126555', 'Child1240', '1240child', '2006-02-02', null, null, '../../Pictures/default.jpg', null);

INSERT INTO ChildcareTransaction VALUES ('1000001239', 'Regular Childcare', '101239', '2014-07-08', '12:00:00', '14:00:00', 20.50);

INSERT INTO Guardian VALUES ('126550', '1234', 'Guardian310', '310guardian', '555-555-5555', 'blah@blah.com', '123 nowhere', null, 'Spokane', 'WA', '99999', '../../Pictures/default.jpg', null);

INSERT INTO Family VALUES ('12655', 42);

INSERT INTO Guardian VALUES ('126551', '1234', 'Guardian2310', '3102guardian', '555-555-5555', 'blah@blah.com', '123 nowhere', null, 'Spokane', 'WA', '99999', '../../Pictures/default.jpg', null);

INSERT INTO AllowedConnections VALUES ('101240', '126560', '126562', 12656, null);

INSERT INTO Child VALUES ('126562', 'Child1241', '1241child', '2006-02-02', null, null, '../../Pictures/default.jpg', null);

INSERT INTO ChildcareTransaction VALUES ('1000001240', 'Regular Childcare', '101240', '2014-05-18', '12:00:00', '14:00:00', 20.50);

INSERT INTO AllowedConnections VALUES ('101241', '126560', '126563', 12656, null);

INSERT INTO Child VALUES ('126563', 'Child1242', '1242child', '2006-02-02', null, null, '../../Pictures/default.jpg', null);

INSERT INTO ChildcareTransaction VALUES ('1000001241', 'Regular Childcare', '101241', '2014-12-07', '12:00:00', '14:00:00', 20.50);

INSERT INTO AllowedConnections VALUES ('101242', '126560', '126564', 12656, null);

INSERT INTO Child VALUES ('126564', 'Child1243', '1243child', '2006-02-02', null, null, '../../Pictures/default.jpg', null);

INSERT INTO ChildcareTransaction VALUES ('1000001242', 'Regular Childcare', '101242', '2014-07-25', '12:00:00', '14:00:00', 20.50);

INSERT INTO AllowedConnections VALUES ('101243', '126560', '126565', 12656, null);

INSERT INTO Child VALUES ('126565', 'Child1244', '1244child', '2006-02-02', null, null, '../../Pictures/default.jpg', null);

INSERT INTO ChildcareTransaction VALUES ('1000001243', 'Regular Childcare', '101243', '2014-02-24', '12:00:00', '14:00:00', 20.50);

INSERT INTO Guardian VALUES ('126560', '1234', 'Guardian311', '311guardian', '555-555-5555', 'blah@blah.com', '123 nowhere', null, 'Spokane', 'WA', '99999', '../../Pictures/default.jpg', null);

INSERT INTO Family VALUES ('12656', 42);

INSERT INTO Guardian VALUES ('126561', '1234', 'Guardian2311', '3112guardian', '555-555-5555', 'blah@blah.com', '123 nowhere', null, 'Spokane', 'WA', '99999', '../../Pictures/default.jpg', null);

INSERT INTO AllowedConnections VALUES ('101244', '126570', '126572', 12657, null);

INSERT INTO Child VALUES ('126572', 'Child1245', '1245child', '2006-02-02', null, null, '../../Pictures/default.jpg', null);

INSERT INTO ChildcareTransaction VALUES ('1000001244', 'Regular Childcare', '101244', '2014-09-12', '12:00:00', '14:00:00', 20.50);

INSERT INTO AllowedConnections VALUES ('101245', '126570', '126573', 12657, null);

INSERT INTO Child VALUES ('126573', 'Child1246', '1246child', '2006-02-02', null, null, '../../Pictures/default.jpg', null);

INSERT INTO ChildcareTransaction VALUES ('1000001245', 'Regular Childcare', '101245', '2014-07-28', '12:00:00', '14:00:00', 20.50);

INSERT INTO AllowedConnections VALUES ('101246', '126570', '126574', 12657, null);

INSERT INTO Child VALUES ('126574', 'Child1247', '1247child', '2006-02-02', null, null, '../../Pictures/default.jpg', null);

INSERT INTO ChildcareTransaction VALUES ('1000001246', 'Regular Childcare', '101246', '2014-09-07', '12:00:00', '14:00:00', 20.50);

INSERT INTO AllowedConnections VALUES ('101247', '126570', '126575', 12657, null);

INSERT INTO Child VALUES ('126575', 'Child1248', '1248child', '2006-02-02', null, null, '../../Pictures/default.jpg', null);

INSERT INTO ChildcareTransaction VALUES ('1000001247', 'Regular Childcare', '101247', '2014-06-26', '12:00:00', '14:00:00', 20.50);

INSERT INTO Guardian VALUES ('126570', '1234', 'Guardian312', '312guardian', '555-555-5555', 'blah@blah.com', '123 nowhere', null, 'Spokane', 'WA', '99999', '../../Pictures/default.jpg', null);

INSERT INTO Family VALUES ('12657', 42);

INSERT INTO Guardian VALUES ('126571', '1234', 'Guardian2312', '3122guardian', '555-555-5555', 'blah@blah.com', '123 nowhere', null, 'Spokane', 'WA', '99999', '../../Pictures/default.jpg', null);

INSERT INTO AllowedConnections VALUES ('101248', '126580', '126582', 12658, null);

INSERT INTO Child VALUES ('126582', 'Child1249', '1249child', '2006-02-02', null, null, '../../Pictures/default.jpg', null);

INSERT INTO ChildcareTransaction VALUES ('1000001248', 'Regular Childcare', '101248', '2014-09-11', '12:00:00', '14:00:00', 20.50);

INSERT INTO AllowedConnections VALUES ('101249', '126580', '126583', 12658, null);

INSERT INTO Child VALUES ('126583', 'Child1250', '1250child', '2006-02-02', null, null, '../../Pictures/default.jpg', null);

INSERT INTO ChildcareTransaction VALUES ('1000001249', 'Regular Childcare', '101249', '2014-11-14', '12:00:00', '14:00:00', 20.50);

INSERT INTO AllowedConnections VALUES ('101250', '126580', '126584', 12658, null);

INSERT INTO Child VALUES ('126584', 'Child1251', '1251child', '2006-02-02', null, null, '../../Pictures/default.jpg', null);

INSERT INTO ChildcareTransaction VALUES ('1000001250', 'Regular Childcare', '101250', '2014-03-25', '12:00:00', '14:00:00', 20.50);

INSERT INTO AllowedConnections VALUES ('101251', '126580', '126585', 12658, null);

INSERT INTO Child VALUES ('126585', 'Child1252', '1252child', '2006-02-02', null, null, '../../Pictures/default.jpg', null);

INSERT INTO ChildcareTransaction VALUES ('1000001251', 'Regular Childcare', '101251', '2014-12-26', '12:00:00', '14:00:00', 20.50);

INSERT INTO Guardian VALUES ('126580', '1234', 'Guardian313', '313guardian', '555-555-5555', 'blah@blah.com', '123 nowhere', null, 'Spokane', 'WA', '99999', '../../Pictures/default.jpg', null);

INSERT INTO Family VALUES ('12658', 42);

INSERT INTO Guardian VALUES ('126581', '1234', 'Guardian2313', '3132guardian', '555-555-5555', 'blah@blah.com', '123 nowhere', null, 'Spokane', 'WA', '99999', '../../Pictures/default.jpg', null);

INSERT INTO AllowedConnections VALUES ('101252', '126590', '126592', 12659, null);

INSERT INTO Child VALUES ('126592', 'Child1253', '1253child', '2006-02-02', null, null, '../../Pictures/default.jpg', null);

INSERT INTO ChildcareTransaction VALUES ('1000001252', 'Regular Childcare', '101252', '2014-11-13', '12:00:00', '14:00:00', 20.50);

INSERT INTO AllowedConnections VALUES ('101253', '126590', '126593', 12659, null);

INSERT INTO Child VALUES ('126593', 'Child1254', '1254child', '2006-02-02', null, null, '../../Pictures/default.jpg', null);

INSERT INTO ChildcareTransaction VALUES ('1000001253', 'Regular Childcare', '101253', '2014-11-12', '12:00:00', '14:00:00', 20.50);

INSERT INTO AllowedConnections VALUES ('101254', '126590', '126594', 12659, null);

INSERT INTO Child VALUES ('126594', 'Child1255', '1255child', '2006-02-02', null, null, '../../Pictures/default.jpg', null);

INSERT INTO ChildcareTransaction VALUES ('1000001254', 'Regular Childcare', '101254', '2014-03-16', '12:00:00', '14:00:00', 20.50);

INSERT INTO AllowedConnections VALUES ('101255', '126590', '126595', 12659, null);

INSERT INTO Child VALUES ('126595', 'Child1256', '1256child', '2006-02-02', null, null, '../../Pictures/default.jpg', null);

INSERT INTO ChildcareTransaction VALUES ('1000001255', 'Regular Childcare', '101255', '2014-04-09', '12:00:00', '14:00:00', 20.50);

INSERT INTO Guardian VALUES ('126590', '1234', 'Guardian314', '314guardian', '555-555-5555', 'blah@blah.com', '123 nowhere', null, 'Spokane', 'WA', '99999', '../../Pictures/default.jpg', null);

INSERT INTO Family VALUES ('12659', 42);

INSERT INTO Guardian VALUES ('126591', '1234', 'Guardian2314', '3142guardian', '555-555-5555', 'blah@blah.com', '123 nowhere', null, 'Spokane', 'WA', '99999', '../../Pictures/default.jpg', null);

INSERT INTO AllowedConnections VALUES ('101256', '126600', '126602', 12660, null);

INSERT INTO Child VALUES ('126602', 'Child1257', '1257child', '2006-02-02', null, null, '../../Pictures/default.jpg', null);

INSERT INTO ChildcareTransaction VALUES ('1000001256', 'Regular Childcare', '101256', '2014-12-19', '12:00:00', '14:00:00', 20.50);

INSERT INTO AllowedConnections VALUES ('101257', '126600', '126603', 12660, null);

INSERT INTO Child VALUES ('126603', 'Child1258', '1258child', '2006-02-02', null, null, '../../Pictures/default.jpg', null);

INSERT INTO ChildcareTransaction VALUES ('1000001257', 'Regular Childcare', '101257', '2014-10-15', '12:00:00', '14:00:00', 20.50);

INSERT INTO AllowedConnections VALUES ('101258', '126600', '126604', 12660, null);

INSERT INTO Child VALUES ('126604', 'Child1259', '1259child', '2006-02-02', null, null, '../../Pictures/default.jpg', null);

INSERT INTO ChildcareTransaction VALUES ('1000001258', 'Regular Childcare', '101258', '2014-11-16', '12:00:00', '14:00:00', 20.50);

INSERT INTO AllowedConnections VALUES ('101259', '126600', '126605', 12660, null);

INSERT INTO Child VALUES ('126605', 'Child1260', '1260child', '2006-02-02', null, null, '../../Pictures/default.jpg', null);

INSERT INTO ChildcareTransaction VALUES ('1000001259', 'Regular Childcare', '101259', '2014-01-05', '12:00:00', '14:00:00', 20.50);

INSERT INTO Guardian VALUES ('126600', '1234', 'Guardian315', '315guardian', '555-555-5555', 'blah@blah.com', '123 nowhere', null, 'Spokane', 'WA', '99999', '../../Pictures/default.jpg', null);

INSERT INTO Family VALUES ('12660', 42);

INSERT INTO Guardian VALUES ('126601', '1234', 'Guardian2315', '3152guardian', '555-555-5555', 'blah@blah.com', '123 nowhere', null, 'Spokane', 'WA', '99999', '../../Pictures/default.jpg', null);

INSERT INTO AllowedConnections VALUES ('101260', '126610', '126612', 12661, null);

INSERT INTO Child VALUES ('126612', 'Child1261', '1261child', '2006-02-02', null, null, '../../Pictures/default.jpg', null);

INSERT INTO ChildcareTransaction VALUES ('1000001260', 'Regular Childcare', '101260', '2014-08-12', '12:00:00', '14:00:00', 20.50);

INSERT INTO AllowedConnections VALUES ('101261', '126610', '126613', 12661, null);

INSERT INTO Child VALUES ('126613', 'Child1262', '1262child', '2006-02-02', null, null, '../../Pictures/default.jpg', null);

INSERT INTO ChildcareTransaction VALUES ('1000001261', 'Regular Childcare', '101261', '2014-07-09', '12:00:00', '14:00:00', 20.50);

INSERT INTO AllowedConnections VALUES ('101262', '126610', '126614', 12661, null);

INSERT INTO Child VALUES ('126614', 'Child1263', '1263child', '2006-02-02', null, null, '../../Pictures/default.jpg', null);

INSERT INTO ChildcareTransaction VALUES ('1000001262', 'Regular Childcare', '101262', '2014-12-26', '12:00:00', '14:00:00', 20.50);

INSERT INTO AllowedConnections VALUES ('101263', '126610', '126615', 12661, null);

INSERT INTO Child VALUES ('126615', 'Child1264', '1264child', '2006-02-02', null, null, '../../Pictures/default.jpg', null);

INSERT INTO ChildcareTransaction VALUES ('1000001263', 'Regular Childcare', '101263', '2014-04-26', '12:00:00', '14:00:00', 20.50);

INSERT INTO Guardian VALUES ('126610', '1234', 'Guardian316', '316guardian', '555-555-5555', 'blah@blah.com', '123 nowhere', null, 'Spokane', 'WA', '99999', '../../Pictures/default.jpg', null);

INSERT INTO Family VALUES ('12661', 42);

INSERT INTO Guardian VALUES ('126611', '1234', 'Guardian2316', '3162guardian', '555-555-5555', 'blah@blah.com', '123 nowhere', null, 'Spokane', 'WA', '99999', '../../Pictures/default.jpg', null);

INSERT INTO AllowedConnections VALUES ('101264', '126620', '126622', 12662, null);

INSERT INTO Child VALUES ('126622', 'Child1265', '1265child', '2006-02-02', null, null, '../../Pictures/default.jpg', null);

INSERT INTO ChildcareTransaction VALUES ('1000001264', 'Regular Childcare', '101264', '2014-02-19', '12:00:00', '14:00:00', 20.50);

INSERT INTO AllowedConnections VALUES ('101265', '126620', '126623', 12662, null);

INSERT INTO Child VALUES ('126623', 'Child1266', '1266child', '2006-02-02', null, null, '../../Pictures/default.jpg', null);

INSERT INTO ChildcareTransaction VALUES ('1000001265', 'Regular Childcare', '101265', '2014-11-26', '12:00:00', '14:00:00', 20.50);

INSERT INTO AllowedConnections VALUES ('101266', '126620', '126624', 12662, null);

INSERT INTO Child VALUES ('126624', 'Child1267', '1267child', '2006-02-02', null, null, '../../Pictures/default.jpg', null);

INSERT INTO ChildcareTransaction VALUES ('1000001266', 'Regular Childcare', '101266', '2014-02-18', '12:00:00', '14:00:00', 20.50);

INSERT INTO AllowedConnections VALUES ('101267', '126620', '126625', 12662, null);

INSERT INTO Child VALUES ('126625', 'Child1268', '1268child', '2006-02-02', null, null, '../../Pictures/default.jpg', null);

INSERT INTO ChildcareTransaction VALUES ('1000001267', 'Regular Childcare', '101267', '2014-11-07', '12:00:00', '14:00:00', 20.50);

INSERT INTO Guardian VALUES ('126620', '1234', 'Guardian317', '317guardian', '555-555-5555', 'blah@blah.com', '123 nowhere', null, 'Spokane', 'WA', '99999', '../../Pictures/default.jpg', null);

INSERT INTO Family VALUES ('12662', 42);

INSERT INTO Guardian VALUES ('126621', '1234', 'Guardian2317', '3172guardian', '555-555-5555', 'blah@blah.com', '123 nowhere', null, 'Spokane', 'WA', '99999', '../../Pictures/default.jpg', null);

INSERT INTO AllowedConnections VALUES ('101268', '126630', '126632', 12663, null);

INSERT INTO Child VALUES ('126632', 'Child1269', '1269child', '2006-02-02', null, null, '../../Pictures/default.jpg', null);

INSERT INTO ChildcareTransaction VALUES ('1000001268', 'Regular Childcare', '101268', '2014-07-23', '12:00:00', '14:00:00', 20.50);

INSERT INTO AllowedConnections VALUES ('101269', '126630', '126633', 12663, null);

INSERT INTO Child VALUES ('126633', 'Child1270', '1270child', '2006-02-02', null, null, '../../Pictures/default.jpg', null);

INSERT INTO ChildcareTransaction VALUES ('1000001269', 'Regular Childcare', '101269', '2014-08-11', '12:00:00', '14:00:00', 20.50);

INSERT INTO AllowedConnections VALUES ('101270', '126630', '126634', 12663, null);

INSERT INTO Child VALUES ('126634', 'Child1271', '1271child', '2006-02-02', null, null, '../../Pictures/default.jpg', null);

INSERT INTO ChildcareTransaction VALUES ('1000001270', 'Regular Childcare', '101270', '2014-12-06', '12:00:00', '14:00:00', 20.50);

INSERT INTO AllowedConnections VALUES ('101271', '126630', '126635', 12663, null);

INSERT INTO Child VALUES ('126635', 'Child1272', '1272child', '2006-02-02', null, null, '../../Pictures/default.jpg', null);

INSERT INTO ChildcareTransaction VALUES ('1000001271', 'Regular Childcare', '101271', '2014-10-03', '12:00:00', '14:00:00', 20.50);

INSERT INTO Guardian VALUES ('126630', '1234', 'Guardian318', '318guardian', '555-555-5555', 'blah@blah.com', '123 nowhere', null, 'Spokane', 'WA', '99999', '../../Pictures/default.jpg', null);

INSERT INTO Family VALUES ('12663', 42);

INSERT INTO Guardian VALUES ('126631', '1234', 'Guardian2318', '3182guardian', '555-555-5555', 'blah@blah.com', '123 nowhere', null, 'Spokane', 'WA', '99999', '../../Pictures/default.jpg', null);

INSERT INTO AllowedConnections VALUES ('101272', '126640', '126642', 12664, null);

INSERT INTO Child VALUES ('126642', 'Child1273', '1273child', '2006-02-02', null, null, '../../Pictures/default.jpg', null);

INSERT INTO ChildcareTransaction VALUES ('1000001272', 'Regular Childcare', '101272', '2014-05-19', '12:00:00', '14:00:00', 20.50);

INSERT INTO AllowedConnections VALUES ('101273', '126640', '126643', 12664, null);

INSERT INTO Child VALUES ('126643', 'Child1274', '1274child', '2006-02-02', null, null, '../../Pictures/default.jpg', null);

INSERT INTO ChildcareTransaction VALUES ('1000001273', 'Regular Childcare', '101273', '2014-06-27', '12:00:00', '14:00:00', 20.50);

INSERT INTO AllowedConnections VALUES ('101274', '126640', '126644', 12664, null);

INSERT INTO Child VALUES ('126644', 'Child1275', '1275child', '2006-02-02', null, null, '../../Pictures/default.jpg', null);

INSERT INTO ChildcareTransaction VALUES ('1000001274', 'Regular Childcare', '101274', '2014-12-07', '12:00:00', '14:00:00', 20.50);

INSERT INTO AllowedConnections VALUES ('101275', '126640', '126645', 12664, null);

INSERT INTO Child VALUES ('126645', 'Child1276', '1276child', '2006-02-02', null, null, '../../Pictures/default.jpg', null);

INSERT INTO ChildcareTransaction VALUES ('1000001275', 'Regular Childcare', '101275', '2014-12-18', '12:00:00', '14:00:00', 20.50);

INSERT INTO Guardian VALUES ('126640', '1234', 'Guardian319', '319guardian', '555-555-5555', 'blah@blah.com', '123 nowhere', null, 'Spokane', 'WA', '99999', '../../Pictures/default.jpg', null);

INSERT INTO Family VALUES ('12664', 42);

INSERT INTO Guardian VALUES ('126641', '1234', 'Guardian2319', '3192guardian', '555-555-5555', 'blah@blah.com', '123 nowhere', null, 'Spokane', 'WA', '99999', '../../Pictures/default.jpg', null);

INSERT INTO AllowedConnections VALUES ('101276', '126650', '126652', 12665, null);

INSERT INTO Child VALUES ('126652', 'Child1277', '1277child', '2006-02-02', null, null, '../../Pictures/default.jpg', null);

INSERT INTO ChildcareTransaction VALUES ('1000001276', 'Regular Childcare', '101276', '2014-02-20', '12:00:00', '14:00:00', 20.50);

INSERT INTO AllowedConnections VALUES ('101277', '126650', '126653', 12665, null);

INSERT INTO Child VALUES ('126653', 'Child1278', '1278child', '2006-02-02', null, null, '../../Pictures/default.jpg', null);

INSERT INTO ChildcareTransaction VALUES ('1000001277', 'Regular Childcare', '101277', '2014-03-12', '12:00:00', '14:00:00', 20.50);

INSERT INTO AllowedConnections VALUES ('101278', '126650', '126654', 12665, null);

INSERT INTO Child VALUES ('126654', 'Child1279', '1279child', '2006-02-02', null, null, '../../Pictures/default.jpg', null);

INSERT INTO ChildcareTransaction VALUES ('1000001278', 'Regular Childcare', '101278', '2014-01-15', '12:00:00', '14:00:00', 20.50);

INSERT INTO AllowedConnections VALUES ('101279', '126650', '126655', 12665, null);

INSERT INTO Child VALUES ('126655', 'Child1280', '1280child', '2006-02-02', null, null, '../../Pictures/default.jpg', null);

INSERT INTO ChildcareTransaction VALUES ('1000001279', 'Regular Childcare', '101279', '2014-06-03', '12:00:00', '14:00:00', 20.50);

INSERT INTO Guardian VALUES ('126650', '1234', 'Guardian320', '320guardian', '555-555-5555', 'blah@blah.com', '123 nowhere', null, 'Spokane', 'WA', '99999', '../../Pictures/default.jpg', null);

INSERT INTO Family VALUES ('12665', 42);

INSERT INTO Guardian VALUES ('126651', '1234', 'Guardian2320', '3202guardian', '555-555-5555', 'blah@blah.com', '123 nowhere', null, 'Spokane', 'WA', '99999', '../../Pictures/default.jpg', null);

INSERT INTO AllowedConnections VALUES ('101280', '126660', '126662', 12666, null);

INSERT INTO Child VALUES ('126662', 'Child1281', '1281child', '2006-02-02', null, null, '../../Pictures/default.jpg', null);

INSERT INTO ChildcareTransaction VALUES ('1000001280', 'Regular Childcare', '101280', '2014-06-04', '12:00:00', '14:00:00', 20.50);

INSERT INTO AllowedConnections VALUES ('101281', '126660', '126663', 12666, null);

INSERT INTO Child VALUES ('126663', 'Child1282', '1282child', '2006-02-02', null, null, '../../Pictures/default.jpg', null);

INSERT INTO ChildcareTransaction VALUES ('1000001281', 'Regular Childcare', '101281', '2014-06-13', '12:00:00', '14:00:00', 20.50);

INSERT INTO AllowedConnections VALUES ('101282', '126660', '126664', 12666, null);

INSERT INTO Child VALUES ('126664', 'Child1283', '1283child', '2006-02-02', null, null, '../../Pictures/default.jpg', null);

INSERT INTO ChildcareTransaction VALUES ('1000001282', 'Regular Childcare', '101282', '2014-10-10', '12:00:00', '14:00:00', 20.50);

INSERT INTO AllowedConnections VALUES ('101283', '126660', '126665', 12666, null);

INSERT INTO Child VALUES ('126665', 'Child1284', '1284child', '2006-02-02', null, null, '../../Pictures/default.jpg', null);

INSERT INTO ChildcareTransaction VALUES ('1000001283', 'Regular Childcare', '101283', '2014-03-25', '12:00:00', '14:00:00', 20.50);

INSERT INTO Guardian VALUES ('126660', '1234', 'Guardian321', '321guardian', '555-555-5555', 'blah@blah.com', '123 nowhere', null, 'Spokane', 'WA', '99999', '../../Pictures/default.jpg', null);

INSERT INTO Family VALUES ('12666', 42);

INSERT INTO Guardian VALUES ('126661', '1234', 'Guardian2321', '3212guardian', '555-555-5555', 'blah@blah.com', '123 nowhere', null, 'Spokane', 'WA', '99999', '../../Pictures/default.jpg', null);

INSERT INTO AllowedConnections VALUES ('101284', '126670', '126672', 12667, null);

INSERT INTO Child VALUES ('126672', 'Child1285', '1285child', '2006-02-02', null, null, '../../Pictures/default.jpg', null);

INSERT INTO ChildcareTransaction VALUES ('1000001284', 'Regular Childcare', '101284', '2014-05-06', '12:00:00', '14:00:00', 20.50);

INSERT INTO AllowedConnections VALUES ('101285', '126670', '126673', 12667, null);

INSERT INTO Child VALUES ('126673', 'Child1286', '1286child', '2006-02-02', null, null, '../../Pictures/default.jpg', null);

INSERT INTO ChildcareTransaction VALUES ('1000001285', 'Regular Childcare', '101285', '2014-08-21', '12:00:00', '14:00:00', 20.50);

INSERT INTO AllowedConnections VALUES ('101286', '126670', '126674', 12667, null);

INSERT INTO Child VALUES ('126674', 'Child1287', '1287child', '2006-02-02', null, null, '../../Pictures/default.jpg', null);

INSERT INTO ChildcareTransaction VALUES ('1000001286', 'Regular Childcare', '101286', '2014-02-13', '12:00:00', '14:00:00', 20.50);

INSERT INTO AllowedConnections VALUES ('101287', '126670', '126675', 12667, null);

INSERT INTO Child VALUES ('126675', 'Child1288', '1288child', '2006-02-02', null, null, '../../Pictures/default.jpg', null);

INSERT INTO ChildcareTransaction VALUES ('1000001287', 'Regular Childcare', '101287', '2014-04-06', '12:00:00', '14:00:00', 20.50);

INSERT INTO Guardian VALUES ('126670', '1234', 'Guardian322', '322guardian', '555-555-5555', 'blah@blah.com', '123 nowhere', null, 'Spokane', 'WA', '99999', '../../Pictures/default.jpg', null);

INSERT INTO Family VALUES ('12667', 42);

INSERT INTO Guardian VALUES ('126671', '1234', 'Guardian2322', '3222guardian', '555-555-5555', 'blah@blah.com', '123 nowhere', null, 'Spokane', 'WA', '99999', '../../Pictures/default.jpg', null);

INSERT INTO AllowedConnections VALUES ('101288', '126680', '126682', 12668, null);

INSERT INTO Child VALUES ('126682', 'Child1289', '1289child', '2006-02-02', null, null, '../../Pictures/default.jpg', null);

INSERT INTO ChildcareTransaction VALUES ('1000001288', 'Regular Childcare', '101288', '2014-04-13', '12:00:00', '14:00:00', 20.50);

INSERT INTO AllowedConnections VALUES ('101289', '126680', '126683', 12668, null);

INSERT INTO Child VALUES ('126683', 'Child1290', '1290child', '2006-02-02', null, null, '../../Pictures/default.jpg', null);

INSERT INTO ChildcareTransaction VALUES ('1000001289', 'Regular Childcare', '101289', '2014-09-16', '12:00:00', '14:00:00', 20.50);

INSERT INTO AllowedConnections VALUES ('101290', '126680', '126684', 12668, null);

INSERT INTO Child VALUES ('126684', 'Child1291', '1291child', '2006-02-02', null, null, '../../Pictures/default.jpg', null);

INSERT INTO ChildcareTransaction VALUES ('1000001290', 'Regular Childcare', '101290', '2014-05-21', '12:00:00', '14:00:00', 20.50);

INSERT INTO AllowedConnections VALUES ('101291', '126680', '126685', 12668, null);

INSERT INTO Child VALUES ('126685', 'Child1292', '1292child', '2006-02-02', null, null, '../../Pictures/default.jpg', null);

INSERT INTO ChildcareTransaction VALUES ('1000001291', 'Regular Childcare', '101291', '2014-07-22', '12:00:00', '14:00:00', 20.50);

INSERT INTO Guardian VALUES ('126680', '1234', 'Guardian323', '323guardian', '555-555-5555', 'blah@blah.com', '123 nowhere', null, 'Spokane', 'WA', '99999', '../../Pictures/default.jpg', null);

INSERT INTO Family VALUES ('12668', 42);

INSERT INTO Guardian VALUES ('126681', '1234', 'Guardian2323', '3232guardian', '555-555-5555', 'blah@blah.com', '123 nowhere', null, 'Spokane', 'WA', '99999', '../../Pictures/default.jpg', null);

INSERT INTO AllowedConnections VALUES ('101292', '126690', '126692', 12669, null);

INSERT INTO Child VALUES ('126692', 'Child1293', '1293child', '2006-02-02', null, null, '../../Pictures/default.jpg', null);

INSERT INTO ChildcareTransaction VALUES ('1000001292', 'Regular Childcare', '101292', '2014-06-04', '12:00:00', '14:00:00', 20.50);

INSERT INTO AllowedConnections VALUES ('101293', '126690', '126693', 12669, null);

INSERT INTO Child VALUES ('126693', 'Child1294', '1294child', '2006-02-02', null, null, '../../Pictures/default.jpg', null);

INSERT INTO ChildcareTransaction VALUES ('1000001293', 'Regular Childcare', '101293', '2014-06-18', '12:00:00', '14:00:00', 20.50);

INSERT INTO AllowedConnections VALUES ('101294', '126690', '126694', 12669, null);

INSERT INTO Child VALUES ('126694', 'Child1295', '1295child', '2006-02-02', null, null, '../../Pictures/default.jpg', null);

INSERT INTO ChildcareTransaction VALUES ('1000001294', 'Regular Childcare', '101294', '2014-09-05', '12:00:00', '14:00:00', 20.50);

INSERT INTO AllowedConnections VALUES ('101295', '126690', '126695', 12669, null);

INSERT INTO Child VALUES ('126695', 'Child1296', '1296child', '2006-02-02', null, null, '../../Pictures/default.jpg', null);

INSERT INTO ChildcareTransaction VALUES ('1000001295', 'Regular Childcare', '101295', '2014-08-27', '12:00:00', '14:00:00', 20.50);

INSERT INTO Guardian VALUES ('126690', '1234', 'Guardian324', '324guardian', '555-555-5555', 'blah@blah.com', '123 nowhere', null, 'Spokane', 'WA', '99999', '../../Pictures/default.jpg', null);

INSERT INTO Family VALUES ('12669', 42);

INSERT INTO Guardian VALUES ('126691', '1234', 'Guardian2324', '3242guardian', '555-555-5555', 'blah@blah.com', '123 nowhere', null, 'Spokane', 'WA', '99999', '../../Pictures/default.jpg', null);

INSERT INTO AllowedConnections VALUES ('101296', '126700', '126702', 12670, null);

INSERT INTO Child VALUES ('126702', 'Child1297', '1297child', '2006-02-02', null, null, '../../Pictures/default.jpg', null);

INSERT INTO ChildcareTransaction VALUES ('1000001296', 'Regular Childcare', '101296', '2014-03-11', '12:00:00', '14:00:00', 20.50);

INSERT INTO AllowedConnections VALUES ('101297', '126700', '126703', 12670, null);

INSERT INTO Child VALUES ('126703', 'Child1298', '1298child', '2006-02-02', null, null, '../../Pictures/default.jpg', null);

INSERT INTO ChildcareTransaction VALUES ('1000001297', 'Regular Childcare', '101297', '2014-04-24', '12:00:00', '14:00:00', 20.50);

INSERT INTO AllowedConnections VALUES ('101298', '126700', '126704', 12670, null);

INSERT INTO Child VALUES ('126704', 'Child1299', '1299child', '2006-02-02', null, null, '../../Pictures/default.jpg', null);

INSERT INTO ChildcareTransaction VALUES ('1000001298', 'Regular Childcare', '101298', '2014-10-28', '12:00:00', '14:00:00', 20.50);

INSERT INTO AllowedConnections VALUES ('101299', '126700', '126705', 12670, null);

INSERT INTO Child VALUES ('126705', 'Child1300', '1300child', '2006-02-02', null, null, '../../Pictures/default.jpg', null);

INSERT INTO ChildcareTransaction VALUES ('1000001299', 'Regular Childcare', '101299', '2014-01-28', '12:00:00', '14:00:00', 20.50);

INSERT INTO Guardian VALUES ('126700', '1234', 'Guardian325', '325guardian', '555-555-5555', 'blah@blah.com', '123 nowhere', null, 'Spokane', 'WA', '99999', '../../Pictures/default.jpg', null);

INSERT INTO Family VALUES ('12670', 42);

INSERT INTO Guardian VALUES ('126701', '1234', 'Guardian2325', '3252guardian', '555-555-5555', 'blah@blah.com', '123 nowhere', null, 'Spokane', 'WA', '99999', '../../Pictures/default.jpg', null);

INSERT INTO AllowedConnections VALUES ('101300', '126710', '126712', 12671, null);

INSERT INTO Child VALUES ('126712', 'Child1301', '1301child', '2006-02-02', null, null, '../../Pictures/default.jpg', null);

INSERT INTO ChildcareTransaction VALUES ('1000001300', 'Regular Childcare', '101300', '2014-07-06', '12:00:00', '14:00:00', 20.50);

INSERT INTO AllowedConnections VALUES ('101301', '126710', '126713', 12671, null);

INSERT INTO Child VALUES ('126713', 'Child1302', '1302child', '2006-02-02', null, null, '../../Pictures/default.jpg', null);

INSERT INTO ChildcareTransaction VALUES ('1000001301', 'Regular Childcare', '101301', '2014-04-06', '12:00:00', '14:00:00', 20.50);

INSERT INTO AllowedConnections VALUES ('101302', '126710', '126714', 12671, null);

INSERT INTO Child VALUES ('126714', 'Child1303', '1303child', '2006-02-02', null, null, '../../Pictures/default.jpg', null);

INSERT INTO ChildcareTransaction VALUES ('1000001302', 'Regular Childcare', '101302', '2014-06-16', '12:00:00', '14:00:00', 20.50);

INSERT INTO AllowedConnections VALUES ('101303', '126710', '126715', 12671, null);

INSERT INTO Child VALUES ('126715', 'Child1304', '1304child', '2006-02-02', null, null, '../../Pictures/default.jpg', null);

INSERT INTO ChildcareTransaction VALUES ('1000001303', 'Regular Childcare', '101303', '2014-04-04', '12:00:00', '14:00:00', 20.50);

INSERT INTO Guardian VALUES ('126710', '1234', 'Guardian326', '326guardian', '555-555-5555', 'blah@blah.com', '123 nowhere', null, 'Spokane', 'WA', '99999', '../../Pictures/default.jpg', null);

INSERT INTO Family VALUES ('12671', 42);

INSERT INTO Guardian VALUES ('126711', '1234', 'Guardian2326', '3262guardian', '555-555-5555', 'blah@blah.com', '123 nowhere', null, 'Spokane', 'WA', '99999', '../../Pictures/default.jpg', null);

INSERT INTO AllowedConnections VALUES ('101304', '126720', '126722', 12672, null);

INSERT INTO Child VALUES ('126722', 'Child1305', '1305child', '2006-02-02', null, null, '../../Pictures/default.jpg', null);

INSERT INTO ChildcareTransaction VALUES ('1000001304', 'Regular Childcare', '101304', '2014-02-10', '12:00:00', '14:00:00', 20.50);

INSERT INTO AllowedConnections VALUES ('101305', '126720', '126723', 12672, null);

INSERT INTO Child VALUES ('126723', 'Child1306', '1306child', '2006-02-02', null, null, '../../Pictures/default.jpg', null);

INSERT INTO ChildcareTransaction VALUES ('1000001305', 'Regular Childcare', '101305', '2014-09-28', '12:00:00', '14:00:00', 20.50);

INSERT INTO AllowedConnections VALUES ('101306', '126720', '126724', 12672, null);

INSERT INTO Child VALUES ('126724', 'Child1307', '1307child', '2006-02-02', null, null, '../../Pictures/default.jpg', null);

INSERT INTO ChildcareTransaction VALUES ('1000001306', 'Regular Childcare', '101306', '2014-08-13', '12:00:00', '14:00:00', 20.50);

INSERT INTO AllowedConnections VALUES ('101307', '126720', '126725', 12672, null);

INSERT INTO Child VALUES ('126725', 'Child1308', '1308child', '2006-02-02', null, null, '../../Pictures/default.jpg', null);

INSERT INTO ChildcareTransaction VALUES ('1000001307', 'Regular Childcare', '101307', '2014-07-06', '12:00:00', '14:00:00', 20.50);

INSERT INTO Guardian VALUES ('126720', '1234', 'Guardian327', '327guardian', '555-555-5555', 'blah@blah.com', '123 nowhere', null, 'Spokane', 'WA', '99999', '../../Pictures/default.jpg', null);

INSERT INTO Family VALUES ('12672', 42);

INSERT INTO Guardian VALUES ('126721', '1234', 'Guardian2327', '3272guardian', '555-555-5555', 'blah@blah.com', '123 nowhere', null, 'Spokane', 'WA', '99999', '../../Pictures/default.jpg', null);

INSERT INTO AllowedConnections VALUES ('101308', '126730', '126732', 12673, null);

INSERT INTO Child VALUES ('126732', 'Child1309', '1309child', '2006-02-02', null, null, '../../Pictures/default.jpg', null);

INSERT INTO ChildcareTransaction VALUES ('1000001308', 'Regular Childcare', '101308', '2014-02-22', '12:00:00', '14:00:00', 20.50);

INSERT INTO AllowedConnections VALUES ('101309', '126730', '126733', 12673, null);

INSERT INTO Child VALUES ('126733', 'Child1310', '1310child', '2006-02-02', null, null, '../../Pictures/default.jpg', null);

INSERT INTO ChildcareTransaction VALUES ('1000001309', 'Regular Childcare', '101309', '2014-01-24', '12:00:00', '14:00:00', 20.50);

INSERT INTO AllowedConnections VALUES ('101310', '126730', '126734', 12673, null);

INSERT INTO Child VALUES ('126734', 'Child1311', '1311child', '2006-02-02', null, null, '../../Pictures/default.jpg', null);

INSERT INTO ChildcareTransaction VALUES ('1000001310', 'Regular Childcare', '101310', '2014-07-18', '12:00:00', '14:00:00', 20.50);

INSERT INTO AllowedConnections VALUES ('101311', '126730', '126735', 12673, null);

INSERT INTO Child VALUES ('126735', 'Child1312', '1312child', '2006-02-02', null, null, '../../Pictures/default.jpg', null);

INSERT INTO ChildcareTransaction VALUES ('1000001311', 'Regular Childcare', '101311', '2014-04-19', '12:00:00', '14:00:00', 20.50);

INSERT INTO Guardian VALUES ('126730', '1234', 'Guardian328', '328guardian', '555-555-5555', 'blah@blah.com', '123 nowhere', null, 'Spokane', 'WA', '99999', '../../Pictures/default.jpg', null);

INSERT INTO Family VALUES ('12673', 42);

INSERT INTO Guardian VALUES ('126731', '1234', 'Guardian2328', '3282guardian', '555-555-5555', 'blah@blah.com', '123 nowhere', null, 'Spokane', 'WA', '99999', '../../Pictures/default.jpg', null);

INSERT INTO AllowedConnections VALUES ('101312', '126740', '126742', 12674, null);

INSERT INTO Child VALUES ('126742', 'Child1313', '1313child', '2006-02-02', null, null, '../../Pictures/default.jpg', null);

INSERT INTO ChildcareTransaction VALUES ('1000001312', 'Regular Childcare', '101312', '2014-07-05', '12:00:00', '14:00:00', 20.50);

INSERT INTO AllowedConnections VALUES ('101313', '126740', '126743', 12674, null);

INSERT INTO Child VALUES ('126743', 'Child1314', '1314child', '2006-02-02', null, null, '../../Pictures/default.jpg', null);

INSERT INTO ChildcareTransaction VALUES ('1000001313', 'Regular Childcare', '101313', '2014-09-24', '12:00:00', '14:00:00', 20.50);

INSERT INTO AllowedConnections VALUES ('101314', '126740', '126744', 12674, null);

INSERT INTO Child VALUES ('126744', 'Child1315', '1315child', '2006-02-02', null, null, '../../Pictures/default.jpg', null);

INSERT INTO ChildcareTransaction VALUES ('1000001314', 'Regular Childcare', '101314', '2014-03-04', '12:00:00', '14:00:00', 20.50);

INSERT INTO AllowedConnections VALUES ('101315', '126740', '126745', 12674, null);

INSERT INTO Child VALUES ('126745', 'Child1316', '1316child', '2006-02-02', null, null, '../../Pictures/default.jpg', null);

INSERT INTO ChildcareTransaction VALUES ('1000001315', 'Regular Childcare', '101315', '2014-01-22', '12:00:00', '14:00:00', 20.50);

INSERT INTO Guardian VALUES ('126740', '1234', 'Guardian329', '329guardian', '555-555-5555', 'blah@blah.com', '123 nowhere', null, 'Spokane', 'WA', '99999', '../../Pictures/default.jpg', null);

INSERT INTO Family VALUES ('12674', 42);

INSERT INTO Guardian VALUES ('126741', '1234', 'Guardian2329', '3292guardian', '555-555-5555', 'blah@blah.com', '123 nowhere', null, 'Spokane', 'WA', '99999', '../../Pictures/default.jpg', null);

INSERT INTO AllowedConnections VALUES ('101316', '126750', '126752', 12675, null);

INSERT INTO Child VALUES ('126752', 'Child1317', '1317child', '2006-02-02', null, null, '../../Pictures/default.jpg', null);

INSERT INTO ChildcareTransaction VALUES ('1000001316', 'Regular Childcare', '101316', '2014-06-02', '12:00:00', '14:00:00', 20.50);

INSERT INTO AllowedConnections VALUES ('101317', '126750', '126753', 12675, null);

INSERT INTO Child VALUES ('126753', 'Child1318', '1318child', '2006-02-02', null, null, '../../Pictures/default.jpg', null);

INSERT INTO ChildcareTransaction VALUES ('1000001317', 'Regular Childcare', '101317', '2014-10-08', '12:00:00', '14:00:00', 20.50);

INSERT INTO AllowedConnections VALUES ('101318', '126750', '126754', 12675, null);

INSERT INTO Child VALUES ('126754', 'Child1319', '1319child', '2006-02-02', null, null, '../../Pictures/default.jpg', null);

INSERT INTO ChildcareTransaction VALUES ('1000001318', 'Regular Childcare', '101318', '2014-04-28', '12:00:00', '14:00:00', 20.50);

INSERT INTO AllowedConnections VALUES ('101319', '126750', '126755', 12675, null);

INSERT INTO Child VALUES ('126755', 'Child1320', '1320child', '2006-02-02', null, null, '../../Pictures/default.jpg', null);

INSERT INTO ChildcareTransaction VALUES ('1000001319', 'Regular Childcare', '101319', '2014-01-11', '12:00:00', '14:00:00', 20.50);

INSERT INTO Guardian VALUES ('126750', '1234', 'Guardian330', '330guardian', '555-555-5555', 'blah@blah.com', '123 nowhere', null, 'Spokane', 'WA', '99999', '../../Pictures/default.jpg', null);

INSERT INTO Family VALUES ('12675', 42);

INSERT INTO Guardian VALUES ('126751', '1234', 'Guardian2330', '3302guardian', '555-555-5555', 'blah@blah.com', '123 nowhere', null, 'Spokane', 'WA', '99999', '../../Pictures/default.jpg', null);

INSERT INTO AllowedConnections VALUES ('101320', '126760', '126762', 12676, null);

INSERT INTO Child VALUES ('126762', 'Child1321', '1321child', '2006-02-02', null, null, '../../Pictures/default.jpg', null);

INSERT INTO ChildcareTransaction VALUES ('1000001320', 'Regular Childcare', '101320', '2014-05-20', '12:00:00', '14:00:00', 20.50);

INSERT INTO AllowedConnections VALUES ('101321', '126760', '126763', 12676, null);

INSERT INTO Child VALUES ('126763', 'Child1322', '1322child', '2006-02-02', null, null, '../../Pictures/default.jpg', null);

INSERT INTO ChildcareTransaction VALUES ('1000001321', 'Regular Childcare', '101321', '2014-07-27', '12:00:00', '14:00:00', 20.50);

INSERT INTO AllowedConnections VALUES ('101322', '126760', '126764', 12676, null);

INSERT INTO Child VALUES ('126764', 'Child1323', '1323child', '2006-02-02', null, null, '../../Pictures/default.jpg', null);

INSERT INTO ChildcareTransaction VALUES ('1000001322', 'Regular Childcare', '101322', '2014-07-27', '12:00:00', '14:00:00', 20.50);

INSERT INTO AllowedConnections VALUES ('101323', '126760', '126765', 12676, null);

INSERT INTO Child VALUES ('126765', 'Child1324', '1324child', '2006-02-02', null, null, '../../Pictures/default.jpg', null);

INSERT INTO ChildcareTransaction VALUES ('1000001323', 'Regular Childcare', '101323', '2014-09-07', '12:00:00', '14:00:00', 20.50);

INSERT INTO Guardian VALUES ('126760', '1234', 'Guardian331', '331guardian', '555-555-5555', 'blah@blah.com', '123 nowhere', null, 'Spokane', 'WA', '99999', '../../Pictures/default.jpg', null);

INSERT INTO Family VALUES ('12676', 42);

INSERT INTO Guardian VALUES ('126761', '1234', 'Guardian2331', '3312guardian', '555-555-5555', 'blah@blah.com', '123 nowhere', null, 'Spokane', 'WA', '99999', '../../Pictures/default.jpg', null);

INSERT INTO AllowedConnections VALUES ('101324', '126770', '126772', 12677, null);

INSERT INTO Child VALUES ('126772', 'Child1325', '1325child', '2006-02-02', null, null, '../../Pictures/default.jpg', null);

INSERT INTO ChildcareTransaction VALUES ('1000001324', 'Regular Childcare', '101324', '2014-11-09', '12:00:00', '14:00:00', 20.50);

INSERT INTO AllowedConnections VALUES ('101325', '126770', '126773', 12677, null);

INSERT INTO Child VALUES ('126773', 'Child1326', '1326child', '2006-02-02', null, null, '../../Pictures/default.jpg', null);

INSERT INTO ChildcareTransaction VALUES ('1000001325', 'Regular Childcare', '101325', '2014-05-14', '12:00:00', '14:00:00', 20.50);

INSERT INTO AllowedConnections VALUES ('101326', '126770', '126774', 12677, null);

INSERT INTO Child VALUES ('126774', 'Child1327', '1327child', '2006-02-02', null, null, '../../Pictures/default.jpg', null);

INSERT INTO ChildcareTransaction VALUES ('1000001326', 'Regular Childcare', '101326', '2014-03-13', '12:00:00', '14:00:00', 20.50);

INSERT INTO AllowedConnections VALUES ('101327', '126770', '126775', 12677, null);

INSERT INTO Child VALUES ('126775', 'Child1328', '1328child', '2006-02-02', null, null, '../../Pictures/default.jpg', null);

INSERT INTO ChildcareTransaction VALUES ('1000001327', 'Regular Childcare', '101327', '2014-04-02', '12:00:00', '14:00:00', 20.50);

INSERT INTO Guardian VALUES ('126770', '1234', 'Guardian332', '332guardian', '555-555-5555', 'blah@blah.com', '123 nowhere', null, 'Spokane', 'WA', '99999', '../../Pictures/default.jpg', null);

INSERT INTO Family VALUES ('12677', 42);

INSERT INTO Guardian VALUES ('126771', '1234', 'Guardian2332', '3322guardian', '555-555-5555', 'blah@blah.com', '123 nowhere', null, 'Spokane', 'WA', '99999', '../../Pictures/default.jpg', null);

INSERT INTO AllowedConnections VALUES ('101328', '126780', '126782', 12678, null);

INSERT INTO Child VALUES ('126782', 'Child1329', '1329child', '2006-02-02', null, null, '../../Pictures/default.jpg', null);

INSERT INTO ChildcareTransaction VALUES ('1000001328', 'Regular Childcare', '101328', '2014-04-11', '12:00:00', '14:00:00', 20.50);

INSERT INTO AllowedConnections VALUES ('101329', '126780', '126783', 12678, null);

INSERT INTO Child VALUES ('126783', 'Child1330', '1330child', '2006-02-02', null, null, '../../Pictures/default.jpg', null);

INSERT INTO ChildcareTransaction VALUES ('1000001329', 'Regular Childcare', '101329', '2014-06-28', '12:00:00', '14:00:00', 20.50);

INSERT INTO AllowedConnections VALUES ('101330', '126780', '126784', 12678, null);

INSERT INTO Child VALUES ('126784', 'Child1331', '1331child', '2006-02-02', null, null, '../../Pictures/default.jpg', null);

INSERT INTO ChildcareTransaction VALUES ('1000001330', 'Regular Childcare', '101330', '2014-06-15', '12:00:00', '14:00:00', 20.50);

INSERT INTO AllowedConnections VALUES ('101331', '126780', '126785', 12678, null);

INSERT INTO Child VALUES ('126785', 'Child1332', '1332child', '2006-02-02', null, null, '../../Pictures/default.jpg', null);

INSERT INTO ChildcareTransaction VALUES ('1000001331', 'Regular Childcare', '101331', '2014-06-11', '12:00:00', '14:00:00', 20.50);

INSERT INTO Guardian VALUES ('126780', '1234', 'Guardian333', '333guardian', '555-555-5555', 'blah@blah.com', '123 nowhere', null, 'Spokane', 'WA', '99999', '../../Pictures/default.jpg', null);

INSERT INTO Family VALUES ('12678', 42);

INSERT INTO Guardian VALUES ('126781', '1234', 'Guardian2333', '3332guardian', '555-555-5555', 'blah@blah.com', '123 nowhere', null, 'Spokane', 'WA', '99999', '../../Pictures/default.jpg', null);

INSERT INTO AllowedConnections VALUES ('101332', '126790', '126792', 12679, null);

INSERT INTO Child VALUES ('126792', 'Child1333', '1333child', '2006-02-02', null, null, '../../Pictures/default.jpg', null);

INSERT INTO ChildcareTransaction VALUES ('1000001332', 'Regular Childcare', '101332', '2014-06-10', '12:00:00', '14:00:00', 20.50);

INSERT INTO AllowedConnections VALUES ('101333', '126790', '126793', 12679, null);

INSERT INTO Child VALUES ('126793', 'Child1334', '1334child', '2006-02-02', null, null, '../../Pictures/default.jpg', null);

INSERT INTO ChildcareTransaction VALUES ('1000001333', 'Regular Childcare', '101333', '2014-08-01', '12:00:00', '14:00:00', 20.50);

INSERT INTO AllowedConnections VALUES ('101334', '126790', '126794', 12679, null);

INSERT INTO Child VALUES ('126794', 'Child1335', '1335child', '2006-02-02', null, null, '../../Pictures/default.jpg', null);

INSERT INTO ChildcareTransaction VALUES ('1000001334', 'Regular Childcare', '101334', '2014-06-14', '12:00:00', '14:00:00', 20.50);

INSERT INTO AllowedConnections VALUES ('101335', '126790', '126795', 12679, null);

INSERT INTO Child VALUES ('126795', 'Child1336', '1336child', '2006-02-02', null, null, '../../Pictures/default.jpg', null);

INSERT INTO ChildcareTransaction VALUES ('1000001335', 'Regular Childcare', '101335', '2014-07-20', '12:00:00', '14:00:00', 20.50);

INSERT INTO Guardian VALUES ('126790', '1234', 'Guardian334', '334guardian', '555-555-5555', 'blah@blah.com', '123 nowhere', null, 'Spokane', 'WA', '99999', '../../Pictures/default.jpg', null);

INSERT INTO Family VALUES ('12679', 42);

INSERT INTO Guardian VALUES ('126791', '1234', 'Guardian2334', '3342guardian', '555-555-5555', 'blah@blah.com', '123 nowhere', null, 'Spokane', 'WA', '99999', '../../Pictures/default.jpg', null);

INSERT INTO AllowedConnections VALUES ('101336', '126800', '126802', 12680, null);

INSERT INTO Child VALUES ('126802', 'Child1337', '1337child', '2006-02-02', null, null, '../../Pictures/default.jpg', null);

INSERT INTO ChildcareTransaction VALUES ('1000001336', 'Regular Childcare', '101336', '2014-10-05', '12:00:00', '14:00:00', 20.50);

INSERT INTO AllowedConnections VALUES ('101337', '126800', '126803', 12680, null);

INSERT INTO Child VALUES ('126803', 'Child1338', '1338child', '2006-02-02', null, null, '../../Pictures/default.jpg', null);

INSERT INTO ChildcareTransaction VALUES ('1000001337', 'Regular Childcare', '101337', '2014-08-21', '12:00:00', '14:00:00', 20.50);

INSERT INTO AllowedConnections VALUES ('101338', '126800', '126804', 12680, null);

INSERT INTO Child VALUES ('126804', 'Child1339', '1339child', '2006-02-02', null, null, '../../Pictures/default.jpg', null);

INSERT INTO ChildcareTransaction VALUES ('1000001338', 'Regular Childcare', '101338', '2014-05-23', '12:00:00', '14:00:00', 20.50);

INSERT INTO AllowedConnections VALUES ('101339', '126800', '126805', 12680, null);

INSERT INTO Child VALUES ('126805', 'Child1340', '1340child', '2006-02-02', null, null, '../../Pictures/default.jpg', null);

INSERT INTO ChildcareTransaction VALUES ('1000001339', 'Regular Childcare', '101339', '2014-05-08', '12:00:00', '14:00:00', 20.50);

INSERT INTO Guardian VALUES ('126800', '1234', 'Guardian335', '335guardian', '555-555-5555', 'blah@blah.com', '123 nowhere', null, 'Spokane', 'WA', '99999', '../../Pictures/default.jpg', null);

INSERT INTO Family VALUES ('12680', 42);

INSERT INTO Guardian VALUES ('126801', '1234', 'Guardian2335', '3352guardian', '555-555-5555', 'blah@blah.com', '123 nowhere', null, 'Spokane', 'WA', '99999', '../../Pictures/default.jpg', null);

INSERT INTO AllowedConnections VALUES ('101340', '126810', '126812', 12681, null);

INSERT INTO Child VALUES ('126812', 'Child1341', '1341child', '2006-02-02', null, null, '../../Pictures/default.jpg', null);

INSERT INTO ChildcareTransaction VALUES ('1000001340', 'Regular Childcare', '101340', '2014-05-09', '12:00:00', '14:00:00', 20.50);

INSERT INTO AllowedConnections VALUES ('101341', '126810', '126813', 12681, null);

INSERT INTO Child VALUES ('126813', 'Child1342', '1342child', '2006-02-02', null, null, '../../Pictures/default.jpg', null);

INSERT INTO ChildcareTransaction VALUES ('1000001341', 'Regular Childcare', '101341', '2014-09-05', '12:00:00', '14:00:00', 20.50);

INSERT INTO AllowedConnections VALUES ('101342', '126810', '126814', 12681, null);

INSERT INTO Child VALUES ('126814', 'Child1343', '1343child', '2006-02-02', null, null, '../../Pictures/default.jpg', null);

INSERT INTO ChildcareTransaction VALUES ('1000001342', 'Regular Childcare', '101342', '2014-05-03', '12:00:00', '14:00:00', 20.50);

INSERT INTO AllowedConnections VALUES ('101343', '126810', '126815', 12681, null);

INSERT INTO Child VALUES ('126815', 'Child1344', '1344child', '2006-02-02', null, null, '../../Pictures/default.jpg', null);

INSERT INTO ChildcareTransaction VALUES ('1000001343', 'Regular Childcare', '101343', '2014-04-11', '12:00:00', '14:00:00', 20.50);

INSERT INTO Guardian VALUES ('126810', '1234', 'Guardian336', '336guardian', '555-555-5555', 'blah@blah.com', '123 nowhere', null, 'Spokane', 'WA', '99999', '../../Pictures/default.jpg', null);

INSERT INTO Family VALUES ('12681', 42);

INSERT INTO Guardian VALUES ('126811', '1234', 'Guardian2336', '3362guardian', '555-555-5555', 'blah@blah.com', '123 nowhere', null, 'Spokane', 'WA', '99999', '../../Pictures/default.jpg', null);

INSERT INTO AllowedConnections VALUES ('101344', '126820', '126822', 12682, null);

INSERT INTO Child VALUES ('126822', 'Child1345', '1345child', '2006-02-02', null, null, '../../Pictures/default.jpg', null);

INSERT INTO ChildcareTransaction VALUES ('1000001344', 'Regular Childcare', '101344', '2014-05-08', '12:00:00', '14:00:00', 20.50);

INSERT INTO AllowedConnections VALUES ('101345', '126820', '126823', 12682, null);

INSERT INTO Child VALUES ('126823', 'Child1346', '1346child', '2006-02-02', null, null, '../../Pictures/default.jpg', null);

INSERT INTO ChildcareTransaction VALUES ('1000001345', 'Regular Childcare', '101345', '2014-03-04', '12:00:00', '14:00:00', 20.50);

INSERT INTO AllowedConnections VALUES ('101346', '126820', '126824', 12682, null);

INSERT INTO Child VALUES ('126824', 'Child1347', '1347child', '2006-02-02', null, null, '../../Pictures/default.jpg', null);

INSERT INTO ChildcareTransaction VALUES ('1000001346', 'Regular Childcare', '101346', '2014-08-01', '12:00:00', '14:00:00', 20.50);

INSERT INTO AllowedConnections VALUES ('101347', '126820', '126825', 12682, null);

INSERT INTO Child VALUES ('126825', 'Child1348', '1348child', '2006-02-02', null, null, '../../Pictures/default.jpg', null);

INSERT INTO ChildcareTransaction VALUES ('1000001347', 'Regular Childcare', '101347', '2014-11-24', '12:00:00', '14:00:00', 20.50);

INSERT INTO Guardian VALUES ('126820', '1234', 'Guardian337', '337guardian', '555-555-5555', 'blah@blah.com', '123 nowhere', null, 'Spokane', 'WA', '99999', '../../Pictures/default.jpg', null);

INSERT INTO Family VALUES ('12682', 42);

INSERT INTO Guardian VALUES ('126821', '1234', 'Guardian2337', '3372guardian', '555-555-5555', 'blah@blah.com', '123 nowhere', null, 'Spokane', 'WA', '99999', '../../Pictures/default.jpg', null);

INSERT INTO AllowedConnections VALUES ('101348', '126830', '126832', 12683, null);

INSERT INTO Child VALUES ('126832', 'Child1349', '1349child', '2006-02-02', null, null, '../../Pictures/default.jpg', null);

INSERT INTO ChildcareTransaction VALUES ('1000001348', 'Regular Childcare', '101348', '2014-12-07', '12:00:00', '14:00:00', 20.50);

INSERT INTO AllowedConnections VALUES ('101349', '126830', '126833', 12683, null);

INSERT INTO Child VALUES ('126833', 'Child1350', '1350child', '2006-02-02', null, null, '../../Pictures/default.jpg', null);

INSERT INTO ChildcareTransaction VALUES ('1000001349', 'Regular Childcare', '101349', '2014-09-11', '12:00:00', '14:00:00', 20.50);

INSERT INTO AllowedConnections VALUES ('101350', '126830', '126834', 12683, null);

INSERT INTO Child VALUES ('126834', 'Child1351', '1351child', '2006-02-02', null, null, '../../Pictures/default.jpg', null);

INSERT INTO ChildcareTransaction VALUES ('1000001350', 'Regular Childcare', '101350', '2014-09-25', '12:00:00', '14:00:00', 20.50);

INSERT INTO AllowedConnections VALUES ('101351', '126830', '126835', 12683, null);

INSERT INTO Child VALUES ('126835', 'Child1352', '1352child', '2006-02-02', null, null, '../../Pictures/default.jpg', null);

INSERT INTO ChildcareTransaction VALUES ('1000001351', 'Regular Childcare', '101351', '2014-11-17', '12:00:00', '14:00:00', 20.50);

INSERT INTO Guardian VALUES ('126830', '1234', 'Guardian338', '338guardian', '555-555-5555', 'blah@blah.com', '123 nowhere', null, 'Spokane', 'WA', '99999', '../../Pictures/default.jpg', null);

INSERT INTO Family VALUES ('12683', 42);

INSERT INTO Guardian VALUES ('126831', '1234', 'Guardian2338', '3382guardian', '555-555-5555', 'blah@blah.com', '123 nowhere', null, 'Spokane', 'WA', '99999', '../../Pictures/default.jpg', null);

INSERT INTO AllowedConnections VALUES ('101352', '126840', '126842', 12684, null);

INSERT INTO Child VALUES ('126842', 'Child1353', '1353child', '2006-02-02', null, null, '../../Pictures/default.jpg', null);

INSERT INTO ChildcareTransaction VALUES ('1000001352', 'Regular Childcare', '101352', '2014-05-27', '12:00:00', '14:00:00', 20.50);

INSERT INTO AllowedConnections VALUES ('101353', '126840', '126843', 12684, null);

INSERT INTO Child VALUES ('126843', 'Child1354', '1354child', '2006-02-02', null, null, '../../Pictures/default.jpg', null);

INSERT INTO ChildcareTransaction VALUES ('1000001353', 'Regular Childcare', '101353', '2014-10-14', '12:00:00', '14:00:00', 20.50);

INSERT INTO AllowedConnections VALUES ('101354', '126840', '126844', 12684, null);

INSERT INTO Child VALUES ('126844', 'Child1355', '1355child', '2006-02-02', null, null, '../../Pictures/default.jpg', null);

INSERT INTO ChildcareTransaction VALUES ('1000001354', 'Regular Childcare', '101354', '2014-02-20', '12:00:00', '14:00:00', 20.50);

INSERT INTO AllowedConnections VALUES ('101355', '126840', '126845', 12684, null);

INSERT INTO Child VALUES ('126845', 'Child1356', '1356child', '2006-02-02', null, null, '../../Pictures/default.jpg', null);

INSERT INTO ChildcareTransaction VALUES ('1000001355', 'Regular Childcare', '101355', '2014-05-02', '12:00:00', '14:00:00', 20.50);

INSERT INTO Guardian VALUES ('126840', '1234', 'Guardian339', '339guardian', '555-555-5555', 'blah@blah.com', '123 nowhere', null, 'Spokane', 'WA', '99999', '../../Pictures/default.jpg', null);

INSERT INTO Family VALUES ('12684', 42);

INSERT INTO Guardian VALUES ('126841', '1234', 'Guardian2339', '3392guardian', '555-555-5555', 'blah@blah.com', '123 nowhere', null, 'Spokane', 'WA', '99999', '../../Pictures/default.jpg', null);

INSERT INTO AllowedConnections VALUES ('101356', '126850', '126852', 12685, null);

INSERT INTO Child VALUES ('126852', 'Child1357', '1357child', '2006-02-02', null, null, '../../Pictures/default.jpg', null);

INSERT INTO ChildcareTransaction VALUES ('1000001356', 'Regular Childcare', '101356', '2014-01-24', '12:00:00', '14:00:00', 20.50);

INSERT INTO AllowedConnections VALUES ('101357', '126850', '126853', 12685, null);

INSERT INTO Child VALUES ('126853', 'Child1358', '1358child', '2006-02-02', null, null, '../../Pictures/default.jpg', null);

INSERT INTO ChildcareTransaction VALUES ('1000001357', 'Regular Childcare', '101357', '2014-01-21', '12:00:00', '14:00:00', 20.50);

INSERT INTO AllowedConnections VALUES ('101358', '126850', '126854', 12685, null);

INSERT INTO Child VALUES ('126854', 'Child1359', '1359child', '2006-02-02', null, null, '../../Pictures/default.jpg', null);

INSERT INTO ChildcareTransaction VALUES ('1000001358', 'Regular Childcare', '101358', '2014-09-10', '12:00:00', '14:00:00', 20.50);

INSERT INTO AllowedConnections VALUES ('101359', '126850', '126855', 12685, null);

INSERT INTO Child VALUES ('126855', 'Child1360', '1360child', '2006-02-02', null, null, '../../Pictures/default.jpg', null);

INSERT INTO ChildcareTransaction VALUES ('1000001359', 'Regular Childcare', '101359', '2014-10-27', '12:00:00', '14:00:00', 20.50);

INSERT INTO Guardian VALUES ('126850', '1234', 'Guardian340', '340guardian', '555-555-5555', 'blah@blah.com', '123 nowhere', null, 'Spokane', 'WA', '99999', '../../Pictures/default.jpg', null);

INSERT INTO Family VALUES ('12685', 42);

INSERT INTO Guardian VALUES ('126851', '1234', 'Guardian2340', '3402guardian', '555-555-5555', 'blah@blah.com', '123 nowhere', null, 'Spokane', 'WA', '99999', '../../Pictures/default.jpg', null);

INSERT INTO AllowedConnections VALUES ('101360', '126860', '126862', 12686, null);

INSERT INTO Child VALUES ('126862', 'Child1361', '1361child', '2006-02-02', null, null, '../../Pictures/default.jpg', null);

INSERT INTO ChildcareTransaction VALUES ('1000001360', 'Regular Childcare', '101360', '2014-02-23', '12:00:00', '14:00:00', 20.50);

INSERT INTO AllowedConnections VALUES ('101361', '126860', '126863', 12686, null);

INSERT INTO Child VALUES ('126863', 'Child1362', '1362child', '2006-02-02', null, null, '../../Pictures/default.jpg', null);

INSERT INTO ChildcareTransaction VALUES ('1000001361', 'Regular Childcare', '101361', '2014-10-09', '12:00:00', '14:00:00', 20.50);

INSERT INTO AllowedConnections VALUES ('101362', '126860', '126864', 12686, null);

INSERT INTO Child VALUES ('126864', 'Child1363', '1363child', '2006-02-02', null, null, '../../Pictures/default.jpg', null);

INSERT INTO ChildcareTransaction VALUES ('1000001362', 'Regular Childcare', '101362', '2014-11-25', '12:00:00', '14:00:00', 20.50);

INSERT INTO AllowedConnections VALUES ('101363', '126860', '126865', 12686, null);

INSERT INTO Child VALUES ('126865', 'Child1364', '1364child', '2006-02-02', null, null, '../../Pictures/default.jpg', null);

INSERT INTO ChildcareTransaction VALUES ('1000001363', 'Regular Childcare', '101363', '2014-06-05', '12:00:00', '14:00:00', 20.50);

INSERT INTO Guardian VALUES ('126860', '1234', 'Guardian341', '341guardian', '555-555-5555', 'blah@blah.com', '123 nowhere', null, 'Spokane', 'WA', '99999', '../../Pictures/default.jpg', null);

INSERT INTO Family VALUES ('12686', 42);

INSERT INTO Guardian VALUES ('126861', '1234', 'Guardian2341', '3412guardian', '555-555-5555', 'blah@blah.com', '123 nowhere', null, 'Spokane', 'WA', '99999', '../../Pictures/default.jpg', null);

INSERT INTO AllowedConnections VALUES ('101364', '126870', '126872', 12687, null);

INSERT INTO Child VALUES ('126872', 'Child1365', '1365child', '2006-02-02', null, null, '../../Pictures/default.jpg', null);

INSERT INTO ChildcareTransaction VALUES ('1000001364', 'Regular Childcare', '101364', '2014-03-08', '12:00:00', '14:00:00', 20.50);

INSERT INTO AllowedConnections VALUES ('101365', '126870', '126873', 12687, null);

INSERT INTO Child VALUES ('126873', 'Child1366', '1366child', '2006-02-02', null, null, '../../Pictures/default.jpg', null);

INSERT INTO ChildcareTransaction VALUES ('1000001365', 'Regular Childcare', '101365', '2014-11-25', '12:00:00', '14:00:00', 20.50);

INSERT INTO AllowedConnections VALUES ('101366', '126870', '126874', 12687, null);

INSERT INTO Child VALUES ('126874', 'Child1367', '1367child', '2006-02-02', null, null, '../../Pictures/default.jpg', null);

INSERT INTO ChildcareTransaction VALUES ('1000001366', 'Regular Childcare', '101366', '2014-10-24', '12:00:00', '14:00:00', 20.50);

INSERT INTO AllowedConnections VALUES ('101367', '126870', '126875', 12687, null);

INSERT INTO Child VALUES ('126875', 'Child1368', '1368child', '2006-02-02', null, null, '../../Pictures/default.jpg', null);

INSERT INTO ChildcareTransaction VALUES ('1000001367', 'Regular Childcare', '101367', '2014-04-15', '12:00:00', '14:00:00', 20.50);

INSERT INTO Guardian VALUES ('126870', '1234', 'Guardian342', '342guardian', '555-555-5555', 'blah@blah.com', '123 nowhere', null, 'Spokane', 'WA', '99999', '../../Pictures/default.jpg', null);

INSERT INTO Family VALUES ('12687', 42);

INSERT INTO Guardian VALUES ('126871', '1234', 'Guardian2342', '3422guardian', '555-555-5555', 'blah@blah.com', '123 nowhere', null, 'Spokane', 'WA', '99999', '../../Pictures/default.jpg', null);

INSERT INTO AllowedConnections VALUES ('101368', '126880', '126882', 12688, null);

INSERT INTO Child VALUES ('126882', 'Child1369', '1369child', '2006-02-02', null, null, '../../Pictures/default.jpg', null);

INSERT INTO ChildcareTransaction VALUES ('1000001368', 'Regular Childcare', '101368', '2014-09-23', '12:00:00', '14:00:00', 20.50);

INSERT INTO AllowedConnections VALUES ('101369', '126880', '126883', 12688, null);

INSERT INTO Child VALUES ('126883', 'Child1370', '1370child', '2006-02-02', null, null, '../../Pictures/default.jpg', null);

INSERT INTO ChildcareTransaction VALUES ('1000001369', 'Regular Childcare', '101369', '2014-06-12', '12:00:00', '14:00:00', 20.50);

INSERT INTO AllowedConnections VALUES ('101370', '126880', '126884', 12688, null);

INSERT INTO Child VALUES ('126884', 'Child1371', '1371child', '2006-02-02', null, null, '../../Pictures/default.jpg', null);

INSERT INTO ChildcareTransaction VALUES ('1000001370', 'Regular Childcare', '101370', '2014-09-28', '12:00:00', '14:00:00', 20.50);

INSERT INTO AllowedConnections VALUES ('101371', '126880', '126885', 12688, null);

INSERT INTO Child VALUES ('126885', 'Child1372', '1372child', '2006-02-02', null, null, '../../Pictures/default.jpg', null);

INSERT INTO ChildcareTransaction VALUES ('1000001371', 'Regular Childcare', '101371', '2014-05-06', '12:00:00', '14:00:00', 20.50);

INSERT INTO Guardian VALUES ('126880', '1234', 'Guardian343', '343guardian', '555-555-5555', 'blah@blah.com', '123 nowhere', null, 'Spokane', 'WA', '99999', '../../Pictures/default.jpg', null);

INSERT INTO Family VALUES ('12688', 42);

INSERT INTO Guardian VALUES ('126881', '1234', 'Guardian2343', '3432guardian', '555-555-5555', 'blah@blah.com', '123 nowhere', null, 'Spokane', 'WA', '99999', '../../Pictures/default.jpg', null);

INSERT INTO AllowedConnections VALUES ('101372', '126890', '126892', 12689, null);

INSERT INTO Child VALUES ('126892', 'Child1373', '1373child', '2006-02-02', null, null, '../../Pictures/default.jpg', null);

INSERT INTO ChildcareTransaction VALUES ('1000001372', 'Regular Childcare', '101372', '2014-11-23', '12:00:00', '14:00:00', 20.50);

INSERT INTO AllowedConnections VALUES ('101373', '126890', '126893', 12689, null);

INSERT INTO Child VALUES ('126893', 'Child1374', '1374child', '2006-02-02', null, null, '../../Pictures/default.jpg', null);

INSERT INTO ChildcareTransaction VALUES ('1000001373', 'Regular Childcare', '101373', '2014-12-16', '12:00:00', '14:00:00', 20.50);

INSERT INTO AllowedConnections VALUES ('101374', '126890', '126894', 12689, null);

INSERT INTO Child VALUES ('126894', 'Child1375', '1375child', '2006-02-02', null, null, '../../Pictures/default.jpg', null);

INSERT INTO ChildcareTransaction VALUES ('1000001374', 'Regular Childcare', '101374', '2014-01-06', '12:00:00', '14:00:00', 20.50);

INSERT INTO AllowedConnections VALUES ('101375', '126890', '126895', 12689, null);

INSERT INTO Child VALUES ('126895', 'Child1376', '1376child', '2006-02-02', null, null, '../../Pictures/default.jpg', null);

INSERT INTO ChildcareTransaction VALUES ('1000001375', 'Regular Childcare', '101375', '2014-02-15', '12:00:00', '14:00:00', 20.50);

INSERT INTO Guardian VALUES ('126890', '1234', 'Guardian344', '344guardian', '555-555-5555', 'blah@blah.com', '123 nowhere', null, 'Spokane', 'WA', '99999', '../../Pictures/default.jpg', null);

INSERT INTO Family VALUES ('12689', 42);

INSERT INTO Guardian VALUES ('126891', '1234', 'Guardian2344', '3442guardian', '555-555-5555', 'blah@blah.com', '123 nowhere', null, 'Spokane', 'WA', '99999', '../../Pictures/default.jpg', null);

INSERT INTO AllowedConnections VALUES ('101376', '126900', '126902', 12690, null);

INSERT INTO Child VALUES ('126902', 'Child1377', '1377child', '2006-02-02', null, null, '../../Pictures/default.jpg', null);

INSERT INTO ChildcareTransaction VALUES ('1000001376', 'Regular Childcare', '101376', '2014-08-13', '12:00:00', '14:00:00', 20.50);

INSERT INTO AllowedConnections VALUES ('101377', '126900', '126903', 12690, null);

INSERT INTO Child VALUES ('126903', 'Child1378', '1378child', '2006-02-02', null, null, '../../Pictures/default.jpg', null);

INSERT INTO ChildcareTransaction VALUES ('1000001377', 'Regular Childcare', '101377', '2014-07-11', '12:00:00', '14:00:00', 20.50);

INSERT INTO AllowedConnections VALUES ('101378', '126900', '126904', 12690, null);

INSERT INTO Child VALUES ('126904', 'Child1379', '1379child', '2006-02-02', null, null, '../../Pictures/default.jpg', null);

INSERT INTO ChildcareTransaction VALUES ('1000001378', 'Regular Childcare', '101378', '2014-02-10', '12:00:00', '14:00:00', 20.50);

INSERT INTO AllowedConnections VALUES ('101379', '126900', '126905', 12690, null);

INSERT INTO Child VALUES ('126905', 'Child1380', '1380child', '2006-02-02', null, null, '../../Pictures/default.jpg', null);

INSERT INTO ChildcareTransaction VALUES ('1000001379', 'Regular Childcare', '101379', '2014-02-02', '12:00:00', '14:00:00', 20.50);

INSERT INTO Guardian VALUES ('126900', '1234', 'Guardian345', '345guardian', '555-555-5555', 'blah@blah.com', '123 nowhere', null, 'Spokane', 'WA', '99999', '../../Pictures/default.jpg', null);

INSERT INTO Family VALUES ('12690', 42);

INSERT INTO Guardian VALUES ('126901', '1234', 'Guardian2345', '3452guardian', '555-555-5555', 'blah@blah.com', '123 nowhere', null, 'Spokane', 'WA', '99999', '../../Pictures/default.jpg', null);

INSERT INTO AllowedConnections VALUES ('101380', '126910', '126912', 12691, null);

INSERT INTO Child VALUES ('126912', 'Child1381', '1381child', '2006-02-02', null, null, '../../Pictures/default.jpg', null);

INSERT INTO ChildcareTransaction VALUES ('1000001380', 'Regular Childcare', '101380', '2014-08-25', '12:00:00', '14:00:00', 20.50);

INSERT INTO AllowedConnections VALUES ('101381', '126910', '126913', 12691, null);

INSERT INTO Child VALUES ('126913', 'Child1382', '1382child', '2006-02-02', null, null, '../../Pictures/default.jpg', null);

INSERT INTO ChildcareTransaction VALUES ('1000001381', 'Regular Childcare', '101381', '2014-11-18', '12:00:00', '14:00:00', 20.50);

INSERT INTO AllowedConnections VALUES ('101382', '126910', '126914', 12691, null);

INSERT INTO Child VALUES ('126914', 'Child1383', '1383child', '2006-02-02', null, null, '../../Pictures/default.jpg', null);

INSERT INTO ChildcareTransaction VALUES ('1000001382', 'Regular Childcare', '101382', '2014-10-14', '12:00:00', '14:00:00', 20.50);

INSERT INTO AllowedConnections VALUES ('101383', '126910', '126915', 12691, null);

INSERT INTO Child VALUES ('126915', 'Child1384', '1384child', '2006-02-02', null, null, '../../Pictures/default.jpg', null);

INSERT INTO ChildcareTransaction VALUES ('1000001383', 'Regular Childcare', '101383', '2014-01-26', '12:00:00', '14:00:00', 20.50);

INSERT INTO Guardian VALUES ('126910', '1234', 'Guardian346', '346guardian', '555-555-5555', 'blah@blah.com', '123 nowhere', null, 'Spokane', 'WA', '99999', '../../Pictures/default.jpg', null);

INSERT INTO Family VALUES ('12691', 42);

INSERT INTO Guardian VALUES ('126911', '1234', 'Guardian2346', '3462guardian', '555-555-5555', 'blah@blah.com', '123 nowhere', null, 'Spokane', 'WA', '99999', '../../Pictures/default.jpg', null);

INSERT INTO AllowedConnections VALUES ('101384', '126920', '126922', 12692, null);

INSERT INTO Child VALUES ('126922', 'Child1385', '1385child', '2006-02-02', null, null, '../../Pictures/default.jpg', null);

INSERT INTO ChildcareTransaction VALUES ('1000001384', 'Regular Childcare', '101384', '2014-12-04', '12:00:00', '14:00:00', 20.50);

INSERT INTO AllowedConnections VALUES ('101385', '126920', '126923', 12692, null);

INSERT INTO Child VALUES ('126923', 'Child1386', '1386child', '2006-02-02', null, null, '../../Pictures/default.jpg', null);

INSERT INTO ChildcareTransaction VALUES ('1000001385', 'Regular Childcare', '101385', '2014-07-21', '12:00:00', '14:00:00', 20.50);

INSERT INTO AllowedConnections VALUES ('101386', '126920', '126924', 12692, null);

INSERT INTO Child VALUES ('126924', 'Child1387', '1387child', '2006-02-02', null, null, '../../Pictures/default.jpg', null);

INSERT INTO ChildcareTransaction VALUES ('1000001386', 'Regular Childcare', '101386', '2014-09-24', '12:00:00', '14:00:00', 20.50);

INSERT INTO AllowedConnections VALUES ('101387', '126920', '126925', 12692, null);

INSERT INTO Child VALUES ('126925', 'Child1388', '1388child', '2006-02-02', null, null, '../../Pictures/default.jpg', null);

INSERT INTO ChildcareTransaction VALUES ('1000001387', 'Regular Childcare', '101387', '2014-06-26', '12:00:00', '14:00:00', 20.50);

INSERT INTO Guardian VALUES ('126920', '1234', 'Guardian347', '347guardian', '555-555-5555', 'blah@blah.com', '123 nowhere', null, 'Spokane', 'WA', '99999', '../../Pictures/default.jpg', null);

INSERT INTO Family VALUES ('12692', 42);

INSERT INTO Guardian VALUES ('126921', '1234', 'Guardian2347', '3472guardian', '555-555-5555', 'blah@blah.com', '123 nowhere', null, 'Spokane', 'WA', '99999', '../../Pictures/default.jpg', null);

INSERT INTO AllowedConnections VALUES ('101388', '126930', '126932', 12693, null);

INSERT INTO Child VALUES ('126932', 'Child1389', '1389child', '2006-02-02', null, null, '../../Pictures/default.jpg', null);

INSERT INTO ChildcareTransaction VALUES ('1000001388', 'Regular Childcare', '101388', '2014-08-02', '12:00:00', '14:00:00', 20.50);

INSERT INTO AllowedConnections VALUES ('101389', '126930', '126933', 12693, null);

INSERT INTO Child VALUES ('126933', 'Child1390', '1390child', '2006-02-02', null, null, '../../Pictures/default.jpg', null);

INSERT INTO ChildcareTransaction VALUES ('1000001389', 'Regular Childcare', '101389', '2014-02-04', '12:00:00', '14:00:00', 20.50);

INSERT INTO AllowedConnections VALUES ('101390', '126930', '126934', 12693, null);

INSERT INTO Child VALUES ('126934', 'Child1391', '1391child', '2006-02-02', null, null, '../../Pictures/default.jpg', null);

INSERT INTO ChildcareTransaction VALUES ('1000001390', 'Regular Childcare', '101390', '2014-09-16', '12:00:00', '14:00:00', 20.50);

INSERT INTO AllowedConnections VALUES ('101391', '126930', '126935', 12693, null);

INSERT INTO Child VALUES ('126935', 'Child1392', '1392child', '2006-02-02', null, null, '../../Pictures/default.jpg', null);

INSERT INTO ChildcareTransaction VALUES ('1000001391', 'Regular Childcare', '101391', '2014-02-16', '12:00:00', '14:00:00', 20.50);

INSERT INTO Guardian VALUES ('126930', '1234', 'Guardian348', '348guardian', '555-555-5555', 'blah@blah.com', '123 nowhere', null, 'Spokane', 'WA', '99999', '../../Pictures/default.jpg', null);

INSERT INTO Family VALUES ('12693', 42);

INSERT INTO Guardian VALUES ('126931', '1234', 'Guardian2348', '3482guardian', '555-555-5555', 'blah@blah.com', '123 nowhere', null, 'Spokane', 'WA', '99999', '../../Pictures/default.jpg', null);

INSERT INTO AllowedConnections VALUES ('101392', '126940', '126942', 12694, null);

INSERT INTO Child VALUES ('126942', 'Child1393', '1393child', '2006-02-02', null, null, '../../Pictures/default.jpg', null);

INSERT INTO ChildcareTransaction VALUES ('1000001392', 'Regular Childcare', '101392', '2014-02-26', '12:00:00', '14:00:00', 20.50);

INSERT INTO AllowedConnections VALUES ('101393', '126940', '126943', 12694, null);

INSERT INTO Child VALUES ('126943', 'Child1394', '1394child', '2006-02-02', null, null, '../../Pictures/default.jpg', null);

INSERT INTO ChildcareTransaction VALUES ('1000001393', 'Regular Childcare', '101393', '2014-04-11', '12:00:00', '14:00:00', 20.50);

INSERT INTO AllowedConnections VALUES ('101394', '126940', '126944', 12694, null);

INSERT INTO Child VALUES ('126944', 'Child1395', '1395child', '2006-02-02', null, null, '../../Pictures/default.jpg', null);

INSERT INTO ChildcareTransaction VALUES ('1000001394', 'Regular Childcare', '101394', '2014-04-02', '12:00:00', '14:00:00', 20.50);

INSERT INTO AllowedConnections VALUES ('101395', '126940', '126945', 12694, null);

INSERT INTO Child VALUES ('126945', 'Child1396', '1396child', '2006-02-02', null, null, '../../Pictures/default.jpg', null);

INSERT INTO ChildcareTransaction VALUES ('1000001395', 'Regular Childcare', '101395', '2014-04-28', '12:00:00', '14:00:00', 20.50);

INSERT INTO Guardian VALUES ('126940', '1234', 'Guardian349', '349guardian', '555-555-5555', 'blah@blah.com', '123 nowhere', null, 'Spokane', 'WA', '99999', '../../Pictures/default.jpg', null);

INSERT INTO Family VALUES ('12694', 42);

INSERT INTO Guardian VALUES ('126941', '1234', 'Guardian2349', '3492guardian', '555-555-5555', 'blah@blah.com', '123 nowhere', null, 'Spokane', 'WA', '99999', '../../Pictures/default.jpg', null);

INSERT INTO AllowedConnections VALUES ('101396', '126950', '126952', 12695, null);

INSERT INTO Child VALUES ('126952', 'Child1397', '1397child', '2006-02-02', null, null, '../../Pictures/default.jpg', null);

INSERT INTO ChildcareTransaction VALUES ('1000001396', 'Regular Childcare', '101396', '2014-02-01', '12:00:00', '14:00:00', 20.50);

INSERT INTO AllowedConnections VALUES ('101397', '126950', '126953', 12695, null);

INSERT INTO Child VALUES ('126953', 'Child1398', '1398child', '2006-02-02', null, null, '../../Pictures/default.jpg', null);

INSERT INTO ChildcareTransaction VALUES ('1000001397', 'Regular Childcare', '101397', '2014-07-21', '12:00:00', '14:00:00', 20.50);

INSERT INTO AllowedConnections VALUES ('101398', '126950', '126954', 12695, null);

INSERT INTO Child VALUES ('126954', 'Child1399', '1399child', '2006-02-02', null, null, '../../Pictures/default.jpg', null);

INSERT INTO ChildcareTransaction VALUES ('1000001398', 'Regular Childcare', '101398', '2014-07-11', '12:00:00', '14:00:00', 20.50);

INSERT INTO AllowedConnections VALUES ('101399', '126950', '126955', 12695, null);

INSERT INTO Child VALUES ('126955', 'Child1400', '1400child', '2006-02-02', null, null, '../../Pictures/default.jpg', null);

INSERT INTO ChildcareTransaction VALUES ('1000001399', 'Regular Childcare', '101399', '2014-12-06', '12:00:00', '14:00:00', 20.50);

INSERT INTO Guardian VALUES ('126950', '1234', 'Guardian350', '350guardian', '555-555-5555', 'blah@blah.com', '123 nowhere', null, 'Spokane', 'WA', '99999', '../../Pictures/default.jpg', null);

INSERT INTO Family VALUES ('12695', 42);

INSERT INTO Guardian VALUES ('126951', '1234', 'Guardian2350', '3502guardian', '555-555-5555', 'blah@blah.com', '123 nowhere', null, 'Spokane', 'WA', '99999', '../../Pictures/default.jpg', null);

INSERT INTO AllowedConnections VALUES ('101400', '126960', '126962', 12696, null);

INSERT INTO Child VALUES ('126962', 'Child1401', '1401child', '2006-02-02', null, null, '../../Pictures/default.jpg', null);

INSERT INTO ChildcareTransaction VALUES ('1000001400', 'Regular Childcare', '101400', '2014-09-27', '12:00:00', '14:00:00', 20.50);

INSERT INTO AllowedConnections VALUES ('101401', '126960', '126963', 12696, null);

INSERT INTO Child VALUES ('126963', 'Child1402', '1402child', '2006-02-02', null, null, '../../Pictures/default.jpg', null);

INSERT INTO ChildcareTransaction VALUES ('1000001401', 'Regular Childcare', '101401', '2014-08-14', '12:00:00', '14:00:00', 20.50);

INSERT INTO AllowedConnections VALUES ('101402', '126960', '126964', 12696, null);

INSERT INTO Child VALUES ('126964', 'Child1403', '1403child', '2006-02-02', null, null, '../../Pictures/default.jpg', null);

INSERT INTO ChildcareTransaction VALUES ('1000001402', 'Regular Childcare', '101402', '2014-10-05', '12:00:00', '14:00:00', 20.50);

INSERT INTO AllowedConnections VALUES ('101403', '126960', '126965', 12696, null);

INSERT INTO Child VALUES ('126965', 'Child1404', '1404child', '2006-02-02', null, null, '../../Pictures/default.jpg', null);

INSERT INTO ChildcareTransaction VALUES ('1000001403', 'Regular Childcare', '101403', '2014-04-14', '12:00:00', '14:00:00', 20.50);

INSERT INTO Guardian VALUES ('126960', '1234', 'Guardian351', '351guardian', '555-555-5555', 'blah@blah.com', '123 nowhere', null, 'Spokane', 'WA', '99999', '../../Pictures/default.jpg', null);

INSERT INTO Family VALUES ('12696', 42);

INSERT INTO Guardian VALUES ('126961', '1234', 'Guardian2351', '3512guardian', '555-555-5555', 'blah@blah.com', '123 nowhere', null, 'Spokane', 'WA', '99999', '../../Pictures/default.jpg', null);

INSERT INTO AllowedConnections VALUES ('101404', '126970', '126972', 12697, null);

INSERT INTO Child VALUES ('126972', 'Child1405', '1405child', '2006-02-02', null, null, '../../Pictures/default.jpg', null);

INSERT INTO ChildcareTransaction VALUES ('1000001404', 'Regular Childcare', '101404', '2014-05-08', '12:00:00', '14:00:00', 20.50);

INSERT INTO AllowedConnections VALUES ('101405', '126970', '126973', 12697, null);

INSERT INTO Child VALUES ('126973', 'Child1406', '1406child', '2006-02-02', null, null, '../../Pictures/default.jpg', null);

INSERT INTO ChildcareTransaction VALUES ('1000001405', 'Regular Childcare', '101405', '2014-11-16', '12:00:00', '14:00:00', 20.50);

INSERT INTO AllowedConnections VALUES ('101406', '126970', '126974', 12697, null);

INSERT INTO Child VALUES ('126974', 'Child1407', '1407child', '2006-02-02', null, null, '../../Pictures/default.jpg', null);

INSERT INTO ChildcareTransaction VALUES ('1000001406', 'Regular Childcare', '101406', '2014-02-06', '12:00:00', '14:00:00', 20.50);

INSERT INTO AllowedConnections VALUES ('101407', '126970', '126975', 12697, null);

INSERT INTO Child VALUES ('126975', 'Child1408', '1408child', '2006-02-02', null, null, '../../Pictures/default.jpg', null);

INSERT INTO ChildcareTransaction VALUES ('1000001407', 'Regular Childcare', '101407', '2014-03-25', '12:00:00', '14:00:00', 20.50);

INSERT INTO Guardian VALUES ('126970', '1234', 'Guardian352', '352guardian', '555-555-5555', 'blah@blah.com', '123 nowhere', null, 'Spokane', 'WA', '99999', '../../Pictures/default.jpg', null);

INSERT INTO Family VALUES ('12697', 42);

INSERT INTO Guardian VALUES ('126971', '1234', 'Guardian2352', '3522guardian', '555-555-5555', 'blah@blah.com', '123 nowhere', null, 'Spokane', 'WA', '99999', '../../Pictures/default.jpg', null);

INSERT INTO AllowedConnections VALUES ('101408', '126980', '126982', 12698, null);

INSERT INTO Child VALUES ('126982', 'Child1409', '1409child', '2006-02-02', null, null, '../../Pictures/default.jpg', null);

INSERT INTO ChildcareTransaction VALUES ('1000001408', 'Regular Childcare', '101408', '2014-07-14', '12:00:00', '14:00:00', 20.50);

INSERT INTO AllowedConnections VALUES ('101409', '126980', '126983', 12698, null);

INSERT INTO Child VALUES ('126983', 'Child1410', '1410child', '2006-02-02', null, null, '../../Pictures/default.jpg', null);

INSERT INTO ChildcareTransaction VALUES ('1000001409', 'Regular Childcare', '101409', '2014-09-11', '12:00:00', '14:00:00', 20.50);

INSERT INTO AllowedConnections VALUES ('101410', '126980', '126984', 12698, null);

INSERT INTO Child VALUES ('126984', 'Child1411', '1411child', '2006-02-02', null, null, '../../Pictures/default.jpg', null);

INSERT INTO ChildcareTransaction VALUES ('1000001410', 'Regular Childcare', '101410', '2014-11-21', '12:00:00', '14:00:00', 20.50);

INSERT INTO AllowedConnections VALUES ('101411', '126980', '126985', 12698, null);

INSERT INTO Child VALUES ('126985', 'Child1412', '1412child', '2006-02-02', null, null, '../../Pictures/default.jpg', null);

INSERT INTO ChildcareTransaction VALUES ('1000001411', 'Regular Childcare', '101411', '2014-04-15', '12:00:00', '14:00:00', 20.50);

INSERT INTO Guardian VALUES ('126980', '1234', 'Guardian353', '353guardian', '555-555-5555', 'blah@blah.com', '123 nowhere', null, 'Spokane', 'WA', '99999', '../../Pictures/default.jpg', null);

INSERT INTO Family VALUES ('12698', 42);

INSERT INTO Guardian VALUES ('126981', '1234', 'Guardian2353', '3532guardian', '555-555-5555', 'blah@blah.com', '123 nowhere', null, 'Spokane', 'WA', '99999', '../../Pictures/default.jpg', null);

INSERT INTO AllowedConnections VALUES ('101412', '126990', '126992', 12699, null);

INSERT INTO Child VALUES ('126992', 'Child1413', '1413child', '2006-02-02', null, null, '../../Pictures/default.jpg', null);

INSERT INTO ChildcareTransaction VALUES ('1000001412', 'Regular Childcare', '101412', '2014-10-28', '12:00:00', '14:00:00', 20.50);

INSERT INTO AllowedConnections VALUES ('101413', '126990', '126993', 12699, null);

INSERT INTO Child VALUES ('126993', 'Child1414', '1414child', '2006-02-02', null, null, '../../Pictures/default.jpg', null);

INSERT INTO ChildcareTransaction VALUES ('1000001413', 'Regular Childcare', '101413', '2014-12-11', '12:00:00', '14:00:00', 20.50);

INSERT INTO AllowedConnections VALUES ('101414', '126990', '126994', 12699, null);

INSERT INTO Child VALUES ('126994', 'Child1415', '1415child', '2006-02-02', null, null, '../../Pictures/default.jpg', null);

INSERT INTO ChildcareTransaction VALUES ('1000001414', 'Regular Childcare', '101414', '2014-11-06', '12:00:00', '14:00:00', 20.50);

INSERT INTO AllowedConnections VALUES ('101415', '126990', '126995', 12699, null);

INSERT INTO Child VALUES ('126995', 'Child1416', '1416child', '2006-02-02', null, null, '../../Pictures/default.jpg', null);

INSERT INTO ChildcareTransaction VALUES ('1000001415', 'Regular Childcare', '101415', '2014-04-06', '12:00:00', '14:00:00', 20.50);

INSERT INTO Guardian VALUES ('126990', '1234', 'Guardian354', '354guardian', '555-555-5555', 'blah@blah.com', '123 nowhere', null, 'Spokane', 'WA', '99999', '../../Pictures/default.jpg', null);

INSERT INTO Family VALUES ('12699', 42);

INSERT INTO Guardian VALUES ('126991', '1234', 'Guardian2354', '3542guardian', '555-555-5555', 'blah@blah.com', '123 nowhere', null, 'Spokane', 'WA', '99999', '../../Pictures/default.jpg', null);

INSERT INTO AllowedConnections VALUES ('101416', '127000', '127002', 12700, null);

INSERT INTO Child VALUES ('127002', 'Child1417', '1417child', '2006-02-02', null, null, '../../Pictures/default.jpg', null);

INSERT INTO ChildcareTransaction VALUES ('1000001416', 'Regular Childcare', '101416', '2014-10-18', '12:00:00', '14:00:00', 20.50);

INSERT INTO AllowedConnections VALUES ('101417', '127000', '127003', 12700, null);

INSERT INTO Child VALUES ('127003', 'Child1418', '1418child', '2006-02-02', null, null, '../../Pictures/default.jpg', null);

INSERT INTO ChildcareTransaction VALUES ('1000001417', 'Regular Childcare', '101417', '2014-01-06', '12:00:00', '14:00:00', 20.50);

INSERT INTO AllowedConnections VALUES ('101418', '127000', '127004', 12700, null);

INSERT INTO Child VALUES ('127004', 'Child1419', '1419child', '2006-02-02', null, null, '../../Pictures/default.jpg', null);

INSERT INTO ChildcareTransaction VALUES ('1000001418', 'Regular Childcare', '101418', '2014-08-12', '12:00:00', '14:00:00', 20.50);

INSERT INTO AllowedConnections VALUES ('101419', '127000', '127005', 12700, null);

INSERT INTO Child VALUES ('127005', 'Child1420', '1420child', '2006-02-02', null, null, '../../Pictures/default.jpg', null);

INSERT INTO ChildcareTransaction VALUES ('1000001419', 'Regular Childcare', '101419', '2014-10-22', '12:00:00', '14:00:00', 20.50);

INSERT INTO Guardian VALUES ('127000', '1234', 'Guardian355', '355guardian', '555-555-5555', 'blah@blah.com', '123 nowhere', null, 'Spokane', 'WA', '99999', '../../Pictures/default.jpg', null);

INSERT INTO Family VALUES ('12700', 42);

INSERT INTO Guardian VALUES ('127001', '1234', 'Guardian2355', '3552guardian', '555-555-5555', 'blah@blah.com', '123 nowhere', null, 'Spokane', 'WA', '99999', '../../Pictures/default.jpg', null);

INSERT INTO AllowedConnections VALUES ('101420', '127010', '127012', 12701, null);

INSERT INTO Child VALUES ('127012', 'Child1421', '1421child', '2006-02-02', null, null, '../../Pictures/default.jpg', null);

INSERT INTO ChildcareTransaction VALUES ('1000001420', 'Regular Childcare', '101420', '2014-10-14', '12:00:00', '14:00:00', 20.50);

INSERT INTO AllowedConnections VALUES ('101421', '127010', '127013', 12701, null);

INSERT INTO Child VALUES ('127013', 'Child1422', '1422child', '2006-02-02', null, null, '../../Pictures/default.jpg', null);

INSERT INTO ChildcareTransaction VALUES ('1000001421', 'Regular Childcare', '101421', '2014-12-09', '12:00:00', '14:00:00', 20.50);

INSERT INTO AllowedConnections VALUES ('101422', '127010', '127014', 12701, null);

INSERT INTO Child VALUES ('127014', 'Child1423', '1423child', '2006-02-02', null, null, '../../Pictures/default.jpg', null);

INSERT INTO ChildcareTransaction VALUES ('1000001422', 'Regular Childcare', '101422', '2014-10-18', '12:00:00', '14:00:00', 20.50);

INSERT INTO AllowedConnections VALUES ('101423', '127010', '127015', 12701, null);

INSERT INTO Child VALUES ('127015', 'Child1424', '1424child', '2006-02-02', null, null, '../../Pictures/default.jpg', null);

INSERT INTO ChildcareTransaction VALUES ('1000001423', 'Regular Childcare', '101423', '2014-12-05', '12:00:00', '14:00:00', 20.50);

INSERT INTO Guardian VALUES ('127010', '1234', 'Guardian356', '356guardian', '555-555-5555', 'blah@blah.com', '123 nowhere', null, 'Spokane', 'WA', '99999', '../../Pictures/default.jpg', null);

INSERT INTO Family VALUES ('12701', 42);

INSERT INTO Guardian VALUES ('127011', '1234', 'Guardian2356', '3562guardian', '555-555-5555', 'blah@blah.com', '123 nowhere', null, 'Spokane', 'WA', '99999', '../../Pictures/default.jpg', null);

INSERT INTO AllowedConnections VALUES ('101424', '127020', '127022', 12702, null);

INSERT INTO Child VALUES ('127022', 'Child1425', '1425child', '2006-02-02', null, null, '../../Pictures/default.jpg', null);

INSERT INTO ChildcareTransaction VALUES ('1000001424', 'Regular Childcare', '101424', '2014-07-17', '12:00:00', '14:00:00', 20.50);

INSERT INTO AllowedConnections VALUES ('101425', '127020', '127023', 12702, null);

INSERT INTO Child VALUES ('127023', 'Child1426', '1426child', '2006-02-02', null, null, '../../Pictures/default.jpg', null);

INSERT INTO ChildcareTransaction VALUES ('1000001425', 'Regular Childcare', '101425', '2014-10-23', '12:00:00', '14:00:00', 20.50);

INSERT INTO AllowedConnections VALUES ('101426', '127020', '127024', 12702, null);

INSERT INTO Child VALUES ('127024', 'Child1427', '1427child', '2006-02-02', null, null, '../../Pictures/default.jpg', null);

INSERT INTO ChildcareTransaction VALUES ('1000001426', 'Regular Childcare', '101426', '2014-03-02', '12:00:00', '14:00:00', 20.50);

INSERT INTO AllowedConnections VALUES ('101427', '127020', '127025', 12702, null);

INSERT INTO Child VALUES ('127025', 'Child1428', '1428child', '2006-02-02', null, null, '../../Pictures/default.jpg', null);

INSERT INTO ChildcareTransaction VALUES ('1000001427', 'Regular Childcare', '101427', '2014-06-02', '12:00:00', '14:00:00', 20.50);

INSERT INTO Guardian VALUES ('127020', '1234', 'Guardian357', '357guardian', '555-555-5555', 'blah@blah.com', '123 nowhere', null, 'Spokane', 'WA', '99999', '../../Pictures/default.jpg', null);

INSERT INTO Family VALUES ('12702', 42);

INSERT INTO Guardian VALUES ('127021', '1234', 'Guardian2357', '3572guardian', '555-555-5555', 'blah@blah.com', '123 nowhere', null, 'Spokane', 'WA', '99999', '../../Pictures/default.jpg', null);

INSERT INTO AllowedConnections VALUES ('101428', '127030', '127032', 12703, null);

INSERT INTO Child VALUES ('127032', 'Child1429', '1429child', '2006-02-02', null, null, '../../Pictures/default.jpg', null);

INSERT INTO ChildcareTransaction VALUES ('1000001428', 'Regular Childcare', '101428', '2014-01-16', '12:00:00', '14:00:00', 20.50);

INSERT INTO AllowedConnections VALUES ('101429', '127030', '127033', 12703, null);

INSERT INTO Child VALUES ('127033', 'Child1430', '1430child', '2006-02-02', null, null, '../../Pictures/default.jpg', null);

INSERT INTO ChildcareTransaction VALUES ('1000001429', 'Regular Childcare', '101429', '2014-05-12', '12:00:00', '14:00:00', 20.50);

INSERT INTO AllowedConnections VALUES ('101430', '127030', '127034', 12703, null);

INSERT INTO Child VALUES ('127034', 'Child1431', '1431child', '2006-02-02', null, null, '../../Pictures/default.jpg', null);

INSERT INTO ChildcareTransaction VALUES ('1000001430', 'Regular Childcare', '101430', '2014-06-02', '12:00:00', '14:00:00', 20.50);

INSERT INTO AllowedConnections VALUES ('101431', '127030', '127035', 12703, null);

INSERT INTO Child VALUES ('127035', 'Child1432', '1432child', '2006-02-02', null, null, '../../Pictures/default.jpg', null);

INSERT INTO ChildcareTransaction VALUES ('1000001431', 'Regular Childcare', '101431', '2014-01-20', '12:00:00', '14:00:00', 20.50);

INSERT INTO Guardian VALUES ('127030', '1234', 'Guardian358', '358guardian', '555-555-5555', 'blah@blah.com', '123 nowhere', null, 'Spokane', 'WA', '99999', '../../Pictures/default.jpg', null);

INSERT INTO Family VALUES ('12703', 42);

INSERT INTO Guardian VALUES ('127031', '1234', 'Guardian2358', '3582guardian', '555-555-5555', 'blah@blah.com', '123 nowhere', null, 'Spokane', 'WA', '99999', '../../Pictures/default.jpg', null);

INSERT INTO AllowedConnections VALUES ('101432', '127040', '127042', 12704, null);

INSERT INTO Child VALUES ('127042', 'Child1433', '1433child', '2006-02-02', null, null, '../../Pictures/default.jpg', null);

INSERT INTO ChildcareTransaction VALUES ('1000001432', 'Regular Childcare', '101432', '2014-11-27', '12:00:00', '14:00:00', 20.50);

INSERT INTO AllowedConnections VALUES ('101433', '127040', '127043', 12704, null);

INSERT INTO Child VALUES ('127043', 'Child1434', '1434child', '2006-02-02', null, null, '../../Pictures/default.jpg', null);

INSERT INTO ChildcareTransaction VALUES ('1000001433', 'Regular Childcare', '101433', '2014-05-21', '12:00:00', '14:00:00', 20.50);

INSERT INTO AllowedConnections VALUES ('101434', '127040', '127044', 12704, null);

INSERT INTO Child VALUES ('127044', 'Child1435', '1435child', '2006-02-02', null, null, '../../Pictures/default.jpg', null);

INSERT INTO ChildcareTransaction VALUES ('1000001434', 'Regular Childcare', '101434', '2014-08-19', '12:00:00', '14:00:00', 20.50);

INSERT INTO AllowedConnections VALUES ('101435', '127040', '127045', 12704, null);

INSERT INTO Child VALUES ('127045', 'Child1436', '1436child', '2006-02-02', null, null, '../../Pictures/default.jpg', null);

INSERT INTO ChildcareTransaction VALUES ('1000001435', 'Regular Childcare', '101435', '2014-06-26', '12:00:00', '14:00:00', 20.50);

INSERT INTO Guardian VALUES ('127040', '1234', 'Guardian359', '359guardian', '555-555-5555', 'blah@blah.com', '123 nowhere', null, 'Spokane', 'WA', '99999', '../../Pictures/default.jpg', null);

INSERT INTO Family VALUES ('12704', 42);

INSERT INTO Guardian VALUES ('127041', '1234', 'Guardian2359', '3592guardian', '555-555-5555', 'blah@blah.com', '123 nowhere', null, 'Spokane', 'WA', '99999', '../../Pictures/default.jpg', null);

INSERT INTO AllowedConnections VALUES ('101436', '127050', '127052', 12705, null);

INSERT INTO Child VALUES ('127052', 'Child1437', '1437child', '2006-02-02', null, null, '../../Pictures/default.jpg', null);

INSERT INTO ChildcareTransaction VALUES ('1000001436', 'Regular Childcare', '101436', '2014-03-26', '12:00:00', '14:00:00', 20.50);

INSERT INTO AllowedConnections VALUES ('101437', '127050', '127053', 12705, null);

INSERT INTO Child VALUES ('127053', 'Child1438', '1438child', '2006-02-02', null, null, '../../Pictures/default.jpg', null);

INSERT INTO ChildcareTransaction VALUES ('1000001437', 'Regular Childcare', '101437', '2014-10-05', '12:00:00', '14:00:00', 20.50);

INSERT INTO AllowedConnections VALUES ('101438', '127050', '127054', 12705, null);

INSERT INTO Child VALUES ('127054', 'Child1439', '1439child', '2006-02-02', null, null, '../../Pictures/default.jpg', null);

INSERT INTO ChildcareTransaction VALUES ('1000001438', 'Regular Childcare', '101438', '2014-12-23', '12:00:00', '14:00:00', 20.50);

INSERT INTO AllowedConnections VALUES ('101439', '127050', '127055', 12705, null);

INSERT INTO Child VALUES ('127055', 'Child1440', '1440child', '2006-02-02', null, null, '../../Pictures/default.jpg', null);

INSERT INTO ChildcareTransaction VALUES ('1000001439', 'Regular Childcare', '101439', '2014-05-10', '12:00:00', '14:00:00', 20.50);

INSERT INTO Guardian VALUES ('127050', '1234', 'Guardian360', '360guardian', '555-555-5555', 'blah@blah.com', '123 nowhere', null, 'Spokane', 'WA', '99999', '../../Pictures/default.jpg', null);

INSERT INTO Family VALUES ('12705', 42);

INSERT INTO Guardian VALUES ('127051', '1234', 'Guardian2360', '3602guardian', '555-555-5555', 'blah@blah.com', '123 nowhere', null, 'Spokane', 'WA', '99999', '../../Pictures/default.jpg', null);

INSERT INTO AllowedConnections VALUES ('101440', '127060', '127062', 12706, null);

INSERT INTO Child VALUES ('127062', 'Child1441', '1441child', '2006-02-02', null, null, '../../Pictures/default.jpg', null);

INSERT INTO ChildcareTransaction VALUES ('1000001440', 'Regular Childcare', '101440', '2014-10-05', '12:00:00', '14:00:00', 20.50);

INSERT INTO AllowedConnections VALUES ('101441', '127060', '127063', 12706, null);

INSERT INTO Child VALUES ('127063', 'Child1442', '1442child', '2006-02-02', null, null, '../../Pictures/default.jpg', null);

INSERT INTO ChildcareTransaction VALUES ('1000001441', 'Regular Childcare', '101441', '2014-07-25', '12:00:00', '14:00:00', 20.50);

INSERT INTO AllowedConnections VALUES ('101442', '127060', '127064', 12706, null);

INSERT INTO Child VALUES ('127064', 'Child1443', '1443child', '2006-02-02', null, null, '../../Pictures/default.jpg', null);

INSERT INTO ChildcareTransaction VALUES ('1000001442', 'Regular Childcare', '101442', '2014-02-23', '12:00:00', '14:00:00', 20.50);

INSERT INTO AllowedConnections VALUES ('101443', '127060', '127065', 12706, null);

INSERT INTO Child VALUES ('127065', 'Child1444', '1444child', '2006-02-02', null, null, '../../Pictures/default.jpg', null);

INSERT INTO ChildcareTransaction VALUES ('1000001443', 'Regular Childcare', '101443', '2014-05-04', '12:00:00', '14:00:00', 20.50);

INSERT INTO Guardian VALUES ('127060', '1234', 'Guardian361', '361guardian', '555-555-5555', 'blah@blah.com', '123 nowhere', null, 'Spokane', 'WA', '99999', '../../Pictures/default.jpg', null);

INSERT INTO Family VALUES ('12706', 42);

INSERT INTO Guardian VALUES ('127061', '1234', 'Guardian2361', '3612guardian', '555-555-5555', 'blah@blah.com', '123 nowhere', null, 'Spokane', 'WA', '99999', '../../Pictures/default.jpg', null);

INSERT INTO AllowedConnections VALUES ('101444', '127070', '127072', 12707, null);

INSERT INTO Child VALUES ('127072', 'Child1445', '1445child', '2006-02-02', null, null, '../../Pictures/default.jpg', null);

INSERT INTO ChildcareTransaction VALUES ('1000001444', 'Regular Childcare', '101444', '2014-12-15', '12:00:00', '14:00:00', 20.50);

INSERT INTO AllowedConnections VALUES ('101445', '127070', '127073', 12707, null);

INSERT INTO Child VALUES ('127073', 'Child1446', '1446child', '2006-02-02', null, null, '../../Pictures/default.jpg', null);

INSERT INTO ChildcareTransaction VALUES ('1000001445', 'Regular Childcare', '101445', '2014-11-22', '12:00:00', '14:00:00', 20.50);

INSERT INTO AllowedConnections VALUES ('101446', '127070', '127074', 12707, null);

INSERT INTO Child VALUES ('127074', 'Child1447', '1447child', '2006-02-02', null, null, '../../Pictures/default.jpg', null);

INSERT INTO ChildcareTransaction VALUES ('1000001446', 'Regular Childcare', '101446', '2014-02-10', '12:00:00', '14:00:00', 20.50);

INSERT INTO AllowedConnections VALUES ('101447', '127070', '127075', 12707, null);

INSERT INTO Child VALUES ('127075', 'Child1448', '1448child', '2006-02-02', null, null, '../../Pictures/default.jpg', null);

INSERT INTO ChildcareTransaction VALUES ('1000001447', 'Regular Childcare', '101447', '2014-11-15', '12:00:00', '14:00:00', 20.50);

INSERT INTO Guardian VALUES ('127070', '1234', 'Guardian362', '362guardian', '555-555-5555', 'blah@blah.com', '123 nowhere', null, 'Spokane', 'WA', '99999', '../../Pictures/default.jpg', null);

INSERT INTO Family VALUES ('12707', 42);

INSERT INTO Guardian VALUES ('127071', '1234', 'Guardian2362', '3622guardian', '555-555-5555', 'blah@blah.com', '123 nowhere', null, 'Spokane', 'WA', '99999', '../../Pictures/default.jpg', null);

INSERT INTO AllowedConnections VALUES ('101448', '127080', '127082', 12708, null);

INSERT INTO Child VALUES ('127082', 'Child1449', '1449child', '2006-02-02', null, null, '../../Pictures/default.jpg', null);

INSERT INTO ChildcareTransaction VALUES ('1000001448', 'Regular Childcare', '101448', '2014-03-17', '12:00:00', '14:00:00', 20.50);

INSERT INTO AllowedConnections VALUES ('101449', '127080', '127083', 12708, null);

INSERT INTO Child VALUES ('127083', 'Child1450', '1450child', '2006-02-02', null, null, '../../Pictures/default.jpg', null);

INSERT INTO ChildcareTransaction VALUES ('1000001449', 'Regular Childcare', '101449', '2014-06-24', '12:00:00', '14:00:00', 20.50);

INSERT INTO AllowedConnections VALUES ('101450', '127080', '127084', 12708, null);

INSERT INTO Child VALUES ('127084', 'Child1451', '1451child', '2006-02-02', null, null, '../../Pictures/default.jpg', null);

INSERT INTO ChildcareTransaction VALUES ('1000001450', 'Regular Childcare', '101450', '2014-01-04', '12:00:00', '14:00:00', 20.50);

INSERT INTO AllowedConnections VALUES ('101451', '127080', '127085', 12708, null);

INSERT INTO Child VALUES ('127085', 'Child1452', '1452child', '2006-02-02', null, null, '../../Pictures/default.jpg', null);

INSERT INTO ChildcareTransaction VALUES ('1000001451', 'Regular Childcare', '101451', '2014-05-27', '12:00:00', '14:00:00', 20.50);

INSERT INTO Guardian VALUES ('127080', '1234', 'Guardian363', '363guardian', '555-555-5555', 'blah@blah.com', '123 nowhere', null, 'Spokane', 'WA', '99999', '../../Pictures/default.jpg', null);

INSERT INTO Family VALUES ('12708', 42);

INSERT INTO Guardian VALUES ('127081', '1234', 'Guardian2363', '3632guardian', '555-555-5555', 'blah@blah.com', '123 nowhere', null, 'Spokane', 'WA', '99999', '../../Pictures/default.jpg', null);

INSERT INTO AllowedConnections VALUES ('101452', '127090', '127092', 12709, null);

INSERT INTO Child VALUES ('127092', 'Child1453', '1453child', '2006-02-02', null, null, '../../Pictures/default.jpg', null);

INSERT INTO ChildcareTransaction VALUES ('1000001452', 'Regular Childcare', '101452', '2014-07-15', '12:00:00', '14:00:00', 20.50);

INSERT INTO AllowedConnections VALUES ('101453', '127090', '127093', 12709, null);

INSERT INTO Child VALUES ('127093', 'Child1454', '1454child', '2006-02-02', null, null, '../../Pictures/default.jpg', null);

INSERT INTO ChildcareTransaction VALUES ('1000001453', 'Regular Childcare', '101453', '2014-12-08', '12:00:00', '14:00:00', 20.50);

INSERT INTO AllowedConnections VALUES ('101454', '127090', '127094', 12709, null);

INSERT INTO Child VALUES ('127094', 'Child1455', '1455child', '2006-02-02', null, null, '../../Pictures/default.jpg', null);

INSERT INTO ChildcareTransaction VALUES ('1000001454', 'Regular Childcare', '101454', '2014-08-20', '12:00:00', '14:00:00', 20.50);

INSERT INTO AllowedConnections VALUES ('101455', '127090', '127095', 12709, null);

INSERT INTO Child VALUES ('127095', 'Child1456', '1456child', '2006-02-02', null, null, '../../Pictures/default.jpg', null);

INSERT INTO ChildcareTransaction VALUES ('1000001455', 'Regular Childcare', '101455', '2014-03-12', '12:00:00', '14:00:00', 20.50);

INSERT INTO Guardian VALUES ('127090', '1234', 'Guardian364', '364guardian', '555-555-5555', 'blah@blah.com', '123 nowhere', null, 'Spokane', 'WA', '99999', '../../Pictures/default.jpg', null);

INSERT INTO Family VALUES ('12709', 42);

INSERT INTO Guardian VALUES ('127091', '1234', 'Guardian2364', '3642guardian', '555-555-5555', 'blah@blah.com', '123 nowhere', null, 'Spokane', 'WA', '99999', '../../Pictures/default.jpg', null);

INSERT INTO AllowedConnections VALUES ('101456', '127100', '127102', 12710, null);

INSERT INTO Child VALUES ('127102', 'Child1457', '1457child', '2006-02-02', null, null, '../../Pictures/default.jpg', null);

INSERT INTO ChildcareTransaction VALUES ('1000001456', 'Regular Childcare', '101456', '2014-10-10', '12:00:00', '14:00:00', 20.50);

INSERT INTO AllowedConnections VALUES ('101457', '127100', '127103', 12710, null);

INSERT INTO Child VALUES ('127103', 'Child1458', '1458child', '2006-02-02', null, null, '../../Pictures/default.jpg', null);

INSERT INTO ChildcareTransaction VALUES ('1000001457', 'Regular Childcare', '101457', '2014-04-22', '12:00:00', '14:00:00', 20.50);

INSERT INTO AllowedConnections VALUES ('101458', '127100', '127104', 12710, null);

INSERT INTO Child VALUES ('127104', 'Child1459', '1459child', '2006-02-02', null, null, '../../Pictures/default.jpg', null);

INSERT INTO ChildcareTransaction VALUES ('1000001458', 'Regular Childcare', '101458', '2014-11-19', '12:00:00', '14:00:00', 20.50);

INSERT INTO AllowedConnections VALUES ('101459', '127100', '127105', 12710, null);

INSERT INTO Child VALUES ('127105', 'Child1460', '1460child', '2006-02-02', null, null, '../../Pictures/default.jpg', null);

INSERT INTO ChildcareTransaction VALUES ('1000001459', 'Regular Childcare', '101459', '2014-05-26', '12:00:00', '14:00:00', 20.50);

INSERT INTO Guardian VALUES ('127100', '1234', 'Guardian365', '365guardian', '555-555-5555', 'blah@blah.com', '123 nowhere', null, 'Spokane', 'WA', '99999', '../../Pictures/default.jpg', null);

INSERT INTO Family VALUES ('12710', 42);

INSERT INTO Guardian VALUES ('127101', '1234', 'Guardian2365', '3652guardian', '555-555-5555', 'blah@blah.com', '123 nowhere', null, 'Spokane', 'WA', '99999', '../../Pictures/default.jpg', null);

INSERT INTO AllowedConnections VALUES ('101460', '127110', '127112', 12711, null);

INSERT INTO Child VALUES ('127112', 'Child1461', '1461child', '2006-02-02', null, null, '../../Pictures/default.jpg', null);

INSERT INTO ChildcareTransaction VALUES ('1000001460', 'Regular Childcare', '101460', '2014-12-11', '12:00:00', '14:00:00', 20.50);

INSERT INTO AllowedConnections VALUES ('101461', '127110', '127113', 12711, null);

INSERT INTO Child VALUES ('127113', 'Child1462', '1462child', '2006-02-02', null, null, '../../Pictures/default.jpg', null);

INSERT INTO ChildcareTransaction VALUES ('1000001461', 'Regular Childcare', '101461', '2014-04-20', '12:00:00', '14:00:00', 20.50);

INSERT INTO AllowedConnections VALUES ('101462', '127110', '127114', 12711, null);

INSERT INTO Child VALUES ('127114', 'Child1463', '1463child', '2006-02-02', null, null, '../../Pictures/default.jpg', null);

INSERT INTO ChildcareTransaction VALUES ('1000001462', 'Regular Childcare', '101462', '2014-08-06', '12:00:00', '14:00:00', 20.50);

INSERT INTO AllowedConnections VALUES ('101463', '127110', '127115', 12711, null);

INSERT INTO Child VALUES ('127115', 'Child1464', '1464child', '2006-02-02', null, null, '../../Pictures/default.jpg', null);

INSERT INTO ChildcareTransaction VALUES ('1000001463', 'Regular Childcare', '101463', '2014-03-16', '12:00:00', '14:00:00', 20.50);

INSERT INTO Guardian VALUES ('127110', '1234', 'Guardian366', '366guardian', '555-555-5555', 'blah@blah.com', '123 nowhere', null, 'Spokane', 'WA', '99999', '../../Pictures/default.jpg', null);

INSERT INTO Family VALUES ('12711', 42);

INSERT INTO Guardian VALUES ('127111', '1234', 'Guardian2366', '3662guardian', '555-555-5555', 'blah@blah.com', '123 nowhere', null, 'Spokane', 'WA', '99999', '../../Pictures/default.jpg', null);

INSERT INTO AllowedConnections VALUES ('101464', '127120', '127122', 12712, null);

INSERT INTO Child VALUES ('127122', 'Child1465', '1465child', '2006-02-02', null, null, '../../Pictures/default.jpg', null);

INSERT INTO ChildcareTransaction VALUES ('1000001464', 'Regular Childcare', '101464', '2014-09-20', '12:00:00', '14:00:00', 20.50);

INSERT INTO AllowedConnections VALUES ('101465', '127120', '127123', 12712, null);

INSERT INTO Child VALUES ('127123', 'Child1466', '1466child', '2006-02-02', null, null, '../../Pictures/default.jpg', null);

INSERT INTO ChildcareTransaction VALUES ('1000001465', 'Regular Childcare', '101465', '2014-01-15', '12:00:00', '14:00:00', 20.50);

INSERT INTO AllowedConnections VALUES ('101466', '127120', '127124', 12712, null);

INSERT INTO Child VALUES ('127124', 'Child1467', '1467child', '2006-02-02', null, null, '../../Pictures/default.jpg', null);

INSERT INTO ChildcareTransaction VALUES ('1000001466', 'Regular Childcare', '101466', '2014-08-03', '12:00:00', '14:00:00', 20.50);

INSERT INTO AllowedConnections VALUES ('101467', '127120', '127125', 12712, null);

INSERT INTO Child VALUES ('127125', 'Child1468', '1468child', '2006-02-02', null, null, '../../Pictures/default.jpg', null);

INSERT INTO ChildcareTransaction VALUES ('1000001467', 'Regular Childcare', '101467', '2014-01-04', '12:00:00', '14:00:00', 20.50);

INSERT INTO Guardian VALUES ('127120', '1234', 'Guardian367', '367guardian', '555-555-5555', 'blah@blah.com', '123 nowhere', null, 'Spokane', 'WA', '99999', '../../Pictures/default.jpg', null);

INSERT INTO Family VALUES ('12712', 42);

INSERT INTO Guardian VALUES ('127121', '1234', 'Guardian2367', '3672guardian', '555-555-5555', 'blah@blah.com', '123 nowhere', null, 'Spokane', 'WA', '99999', '../../Pictures/default.jpg', null);

INSERT INTO AllowedConnections VALUES ('101468', '127130', '127132', 12713, null);

INSERT INTO Child VALUES ('127132', 'Child1469', '1469child', '2006-02-02', null, null, '../../Pictures/default.jpg', null);

INSERT INTO ChildcareTransaction VALUES ('1000001468', 'Regular Childcare', '101468', '2014-07-11', '12:00:00', '14:00:00', 20.50);

INSERT INTO AllowedConnections VALUES ('101469', '127130', '127133', 12713, null);

INSERT INTO Child VALUES ('127133', 'Child1470', '1470child', '2006-02-02', null, null, '../../Pictures/default.jpg', null);

INSERT INTO ChildcareTransaction VALUES ('1000001469', 'Regular Childcare', '101469', '2014-11-21', '12:00:00', '14:00:00', 20.50);

INSERT INTO AllowedConnections VALUES ('101470', '127130', '127134', 12713, null);

INSERT INTO Child VALUES ('127134', 'Child1471', '1471child', '2006-02-02', null, null, '../../Pictures/default.jpg', null);

INSERT INTO ChildcareTransaction VALUES ('1000001470', 'Regular Childcare', '101470', '2014-12-05', '12:00:00', '14:00:00', 20.50);

INSERT INTO AllowedConnections VALUES ('101471', '127130', '127135', 12713, null);

INSERT INTO Child VALUES ('127135', 'Child1472', '1472child', '2006-02-02', null, null, '../../Pictures/default.jpg', null);

INSERT INTO ChildcareTransaction VALUES ('1000001471', 'Regular Childcare', '101471', '2014-03-21', '12:00:00', '14:00:00', 20.50);

INSERT INTO Guardian VALUES ('127130', '1234', 'Guardian368', '368guardian', '555-555-5555', 'blah@blah.com', '123 nowhere', null, 'Spokane', 'WA', '99999', '../../Pictures/default.jpg', null);

INSERT INTO Family VALUES ('12713', 42);

INSERT INTO Guardian VALUES ('127131', '1234', 'Guardian2368', '3682guardian', '555-555-5555', 'blah@blah.com', '123 nowhere', null, 'Spokane', 'WA', '99999', '../../Pictures/default.jpg', null);

INSERT INTO AllowedConnections VALUES ('101472', '127140', '127142', 12714, null);

INSERT INTO Child VALUES ('127142', 'Child1473', '1473child', '2006-02-02', null, null, '../../Pictures/default.jpg', null);

INSERT INTO ChildcareTransaction VALUES ('1000001472', 'Regular Childcare', '101472', '2014-12-14', '12:00:00', '14:00:00', 20.50);

INSERT INTO AllowedConnections VALUES ('101473', '127140', '127143', 12714, null);

INSERT INTO Child VALUES ('127143', 'Child1474', '1474child', '2006-02-02', null, null, '../../Pictures/default.jpg', null);

INSERT INTO ChildcareTransaction VALUES ('1000001473', 'Regular Childcare', '101473', '2014-12-24', '12:00:00', '14:00:00', 20.50);

INSERT INTO AllowedConnections VALUES ('101474', '127140', '127144', 12714, null);

INSERT INTO Child VALUES ('127144', 'Child1475', '1475child', '2006-02-02', null, null, '../../Pictures/default.jpg', null);

INSERT INTO ChildcareTransaction VALUES ('1000001474', 'Regular Childcare', '101474', '2014-03-07', '12:00:00', '14:00:00', 20.50);

INSERT INTO AllowedConnections VALUES ('101475', '127140', '127145', 12714, null);

INSERT INTO Child VALUES ('127145', 'Child1476', '1476child', '2006-02-02', null, null, '../../Pictures/default.jpg', null);

INSERT INTO ChildcareTransaction VALUES ('1000001475', 'Regular Childcare', '101475', '2014-07-26', '12:00:00', '14:00:00', 20.50);

INSERT INTO Guardian VALUES ('127140', '1234', 'Guardian369', '369guardian', '555-555-5555', 'blah@blah.com', '123 nowhere', null, 'Spokane', 'WA', '99999', '../../Pictures/default.jpg', null);

INSERT INTO Family VALUES ('12714', 42);

INSERT INTO Guardian VALUES ('127141', '1234', 'Guardian2369', '3692guardian', '555-555-5555', 'blah@blah.com', '123 nowhere', null, 'Spokane', 'WA', '99999', '../../Pictures/default.jpg', null);

INSERT INTO AllowedConnections VALUES ('101476', '127150', '127152', 12715, null);

INSERT INTO Child VALUES ('127152', 'Child1477', '1477child', '2006-02-02', null, null, '../../Pictures/default.jpg', null);

INSERT INTO ChildcareTransaction VALUES ('1000001476', 'Regular Childcare', '101476', '2014-08-11', '12:00:00', '14:00:00', 20.50);

INSERT INTO AllowedConnections VALUES ('101477', '127150', '127153', 12715, null);

INSERT INTO Child VALUES ('127153', 'Child1478', '1478child', '2006-02-02', null, null, '../../Pictures/default.jpg', null);

INSERT INTO ChildcareTransaction VALUES ('1000001477', 'Regular Childcare', '101477', '2014-06-19', '12:00:00', '14:00:00', 20.50);

INSERT INTO AllowedConnections VALUES ('101478', '127150', '127154', 12715, null);

INSERT INTO Child VALUES ('127154', 'Child1479', '1479child', '2006-02-02', null, null, '../../Pictures/default.jpg', null);

INSERT INTO ChildcareTransaction VALUES ('1000001478', 'Regular Childcare', '101478', '2014-04-08', '12:00:00', '14:00:00', 20.50);

INSERT INTO AllowedConnections VALUES ('101479', '127150', '127155', 12715, null);

INSERT INTO Child VALUES ('127155', 'Child1480', '1480child', '2006-02-02', null, null, '../../Pictures/default.jpg', null);

INSERT INTO ChildcareTransaction VALUES ('1000001479', 'Regular Childcare', '101479', '2014-01-13', '12:00:00', '14:00:00', 20.50);

INSERT INTO Guardian VALUES ('127150', '1234', 'Guardian370', '370guardian', '555-555-5555', 'blah@blah.com', '123 nowhere', null, 'Spokane', 'WA', '99999', '../../Pictures/default.jpg', null);

INSERT INTO Family VALUES ('12715', 42);

INSERT INTO Guardian VALUES ('127151', '1234', 'Guardian2370', '3702guardian', '555-555-5555', 'blah@blah.com', '123 nowhere', null, 'Spokane', 'WA', '99999', '../../Pictures/default.jpg', null);

INSERT INTO AllowedConnections VALUES ('101480', '127160', '127162', 12716, null);

INSERT INTO Child VALUES ('127162', 'Child1481', '1481child', '2006-02-02', null, null, '../../Pictures/default.jpg', null);

INSERT INTO ChildcareTransaction VALUES ('1000001480', 'Regular Childcare', '101480', '2014-03-08', '12:00:00', '14:00:00', 20.50);

INSERT INTO AllowedConnections VALUES ('101481', '127160', '127163', 12716, null);

INSERT INTO Child VALUES ('127163', 'Child1482', '1482child', '2006-02-02', null, null, '../../Pictures/default.jpg', null);

INSERT INTO ChildcareTransaction VALUES ('1000001481', 'Regular Childcare', '101481', '2014-05-09', '12:00:00', '14:00:00', 20.50);

INSERT INTO AllowedConnections VALUES ('101482', '127160', '127164', 12716, null);

INSERT INTO Child VALUES ('127164', 'Child1483', '1483child', '2006-02-02', null, null, '../../Pictures/default.jpg', null);

INSERT INTO ChildcareTransaction VALUES ('1000001482', 'Regular Childcare', '101482', '2014-04-04', '12:00:00', '14:00:00', 20.50);

INSERT INTO AllowedConnections VALUES ('101483', '127160', '127165', 12716, null);

INSERT INTO Child VALUES ('127165', 'Child1484', '1484child', '2006-02-02', null, null, '../../Pictures/default.jpg', null);

INSERT INTO ChildcareTransaction VALUES ('1000001483', 'Regular Childcare', '101483', '2014-07-15', '12:00:00', '14:00:00', 20.50);

INSERT INTO Guardian VALUES ('127160', '1234', 'Guardian371', '371guardian', '555-555-5555', 'blah@blah.com', '123 nowhere', null, 'Spokane', 'WA', '99999', '../../Pictures/default.jpg', null);

INSERT INTO Family VALUES ('12716', 42);

INSERT INTO Guardian VALUES ('127161', '1234', 'Guardian2371', '3712guardian', '555-555-5555', 'blah@blah.com', '123 nowhere', null, 'Spokane', 'WA', '99999', '../../Pictures/default.jpg', null);

INSERT INTO AllowedConnections VALUES ('101484', '127170', '127172', 12717, null);

INSERT INTO Child VALUES ('127172', 'Child1485', '1485child', '2006-02-02', null, null, '../../Pictures/default.jpg', null);

INSERT INTO ChildcareTransaction VALUES ('1000001484', 'Regular Childcare', '101484', '2014-07-25', '12:00:00', '14:00:00', 20.50);

INSERT INTO AllowedConnections VALUES ('101485', '127170', '127173', 12717, null);

INSERT INTO Child VALUES ('127173', 'Child1486', '1486child', '2006-02-02', null, null, '../../Pictures/default.jpg', null);

INSERT INTO ChildcareTransaction VALUES ('1000001485', 'Regular Childcare', '101485', '2014-07-25', '12:00:00', '14:00:00', 20.50);

INSERT INTO AllowedConnections VALUES ('101486', '127170', '127174', 12717, null);

INSERT INTO Child VALUES ('127174', 'Child1487', '1487child', '2006-02-02', null, null, '../../Pictures/default.jpg', null);

INSERT INTO ChildcareTransaction VALUES ('1000001486', 'Regular Childcare', '101486', '2014-12-09', '12:00:00', '14:00:00', 20.50);

INSERT INTO AllowedConnections VALUES ('101487', '127170', '127175', 12717, null);

INSERT INTO Child VALUES ('127175', 'Child1488', '1488child', '2006-02-02', null, null, '../../Pictures/default.jpg', null);

INSERT INTO ChildcareTransaction VALUES ('1000001487', 'Regular Childcare', '101487', '2014-06-07', '12:00:00', '14:00:00', 20.50);

INSERT INTO Guardian VALUES ('127170', '1234', 'Guardian372', '372guardian', '555-555-5555', 'blah@blah.com', '123 nowhere', null, 'Spokane', 'WA', '99999', '../../Pictures/default.jpg', null);

INSERT INTO Family VALUES ('12717', 42);

INSERT INTO Guardian VALUES ('127171', '1234', 'Guardian2372', '3722guardian', '555-555-5555', 'blah@blah.com', '123 nowhere', null, 'Spokane', 'WA', '99999', '../../Pictures/default.jpg', null);

INSERT INTO AllowedConnections VALUES ('101488', '127180', '127182', 12718, null);

INSERT INTO Child VALUES ('127182', 'Child1489', '1489child', '2006-02-02', null, null, '../../Pictures/default.jpg', null);

INSERT INTO ChildcareTransaction VALUES ('1000001488', 'Regular Childcare', '101488', '2014-05-14', '12:00:00', '14:00:00', 20.50);

INSERT INTO AllowedConnections VALUES ('101489', '127180', '127183', 12718, null);

INSERT INTO Child VALUES ('127183', 'Child1490', '1490child', '2006-02-02', null, null, '../../Pictures/default.jpg', null);

INSERT INTO ChildcareTransaction VALUES ('1000001489', 'Regular Childcare', '101489', '2014-07-26', '12:00:00', '14:00:00', 20.50);

INSERT INTO AllowedConnections VALUES ('101490', '127180', '127184', 12718, null);

INSERT INTO Child VALUES ('127184', 'Child1491', '1491child', '2006-02-02', null, null, '../../Pictures/default.jpg', null);

INSERT INTO ChildcareTransaction VALUES ('1000001490', 'Regular Childcare', '101490', '2014-12-27', '12:00:00', '14:00:00', 20.50);

INSERT INTO AllowedConnections VALUES ('101491', '127180', '127185', 12718, null);

INSERT INTO Child VALUES ('127185', 'Child1492', '1492child', '2006-02-02', null, null, '../../Pictures/default.jpg', null);

INSERT INTO ChildcareTransaction VALUES ('1000001491', 'Regular Childcare', '101491', '2014-10-04', '12:00:00', '14:00:00', 20.50);

INSERT INTO Guardian VALUES ('127180', '1234', 'Guardian373', '373guardian', '555-555-5555', 'blah@blah.com', '123 nowhere', null, 'Spokane', 'WA', '99999', '../../Pictures/default.jpg', null);

INSERT INTO Family VALUES ('12718', 42);

INSERT INTO Guardian VALUES ('127181', '1234', 'Guardian2373', '3732guardian', '555-555-5555', 'blah@blah.com', '123 nowhere', null, 'Spokane', 'WA', '99999', '../../Pictures/default.jpg', null);

INSERT INTO AllowedConnections VALUES ('101492', '127190', '127192', 12719, null);

INSERT INTO Child VALUES ('127192', 'Child1493', '1493child', '2006-02-02', null, null, '../../Pictures/default.jpg', null);

INSERT INTO ChildcareTransaction VALUES ('1000001492', 'Regular Childcare', '101492', '2014-08-16', '12:00:00', '14:00:00', 20.50);

INSERT INTO AllowedConnections VALUES ('101493', '127190', '127193', 12719, null);

INSERT INTO Child VALUES ('127193', 'Child1494', '1494child', '2006-02-02', null, null, '../../Pictures/default.jpg', null);

INSERT INTO ChildcareTransaction VALUES ('1000001493', 'Regular Childcare', '101493', '2014-11-18', '12:00:00', '14:00:00', 20.50);

INSERT INTO AllowedConnections VALUES ('101494', '127190', '127194', 12719, null);

INSERT INTO Child VALUES ('127194', 'Child1495', '1495child', '2006-02-02', null, null, '../../Pictures/default.jpg', null);

INSERT INTO ChildcareTransaction VALUES ('1000001494', 'Regular Childcare', '101494', '2014-01-07', '12:00:00', '14:00:00', 20.50);

INSERT INTO AllowedConnections VALUES ('101495', '127190', '127195', 12719, null);

INSERT INTO Child VALUES ('127195', 'Child1496', '1496child', '2006-02-02', null, null, '../../Pictures/default.jpg', null);

INSERT INTO ChildcareTransaction VALUES ('1000001495', 'Regular Childcare', '101495', '2014-06-04', '12:00:00', '14:00:00', 20.50);

INSERT INTO Guardian VALUES ('127190', '1234', 'Guardian374', '374guardian', '555-555-5555', 'blah@blah.com', '123 nowhere', null, 'Spokane', 'WA', '99999', '../../Pictures/default.jpg', null);

INSERT INTO Family VALUES ('12719', 42);

INSERT INTO Guardian VALUES ('127191', '1234', 'Guardian2374', '3742guardian', '555-555-5555', 'blah@blah.com', '123 nowhere', null, 'Spokane', 'WA', '99999', '../../Pictures/default.jpg', null);

INSERT INTO AllowedConnections VALUES ('101496', '127200', '127202', 12720, null);

INSERT INTO Child VALUES ('127202', 'Child1497', '1497child', '2006-02-02', null, null, '../../Pictures/default.jpg', null);

INSERT INTO ChildcareTransaction VALUES ('1000001496', 'Regular Childcare', '101496', '2014-05-03', '12:00:00', '14:00:00', 20.50);

INSERT INTO AllowedConnections VALUES ('101497', '127200', '127203', 12720, null);

INSERT INTO Child VALUES ('127203', 'Child1498', '1498child', '2006-02-02', null, null, '../../Pictures/default.jpg', null);

INSERT INTO ChildcareTransaction VALUES ('1000001497', 'Regular Childcare', '101497', '2014-10-14', '12:00:00', '14:00:00', 20.50);

INSERT INTO AllowedConnections VALUES ('101498', '127200', '127204', 12720, null);

INSERT INTO Child VALUES ('127204', 'Child1499', '1499child', '2006-02-02', null, null, '../../Pictures/default.jpg', null);

INSERT INTO ChildcareTransaction VALUES ('1000001498', 'Regular Childcare', '101498', '2014-10-20', '12:00:00', '14:00:00', 20.50);

INSERT INTO AllowedConnections VALUES ('101499', '127200', '127205', 12720, null);

INSERT INTO Child VALUES ('127205', 'Child1500', '1500child', '2006-02-02', null, null, '../../Pictures/default.jpg', null);

INSERT INTO ChildcareTransaction VALUES ('1000001499', 'Regular Childcare', '101499', '2014-02-18', '12:00:00', '14:00:00', 20.50);

INSERT INTO Guardian VALUES ('127200', '1234', 'Guardian375', '375guardian', '555-555-5555', 'blah@blah.com', '123 nowhere', null, 'Spokane', 'WA', '99999', '../../Pictures/default.jpg', null);

INSERT INTO Family VALUES ('12720', 42);

INSERT INTO Guardian VALUES ('127201', '1234', 'Guardian2375', '3752guardian', '555-555-5555', 'blah@blah.com', '123 nowhere', null, 'Spokane', 'WA', '99999', '../../Pictures/default.jpg', null);

INSERT INTO AllowedConnections VALUES ('101500', '127210', '127212', 12721, null);

INSERT INTO Child VALUES ('127212', 'Child1501', '1501child', '2006-02-02', null, null, '../../Pictures/default.jpg', null);

INSERT INTO ChildcareTransaction VALUES ('1000001500', 'Regular Childcare', '101500', '2014-05-23', '12:00:00', '14:00:00', 20.50);

INSERT INTO AllowedConnections VALUES ('101501', '127210', '127213', 12721, null);

INSERT INTO Child VALUES ('127213', 'Child1502', '1502child', '2006-02-02', null, null, '../../Pictures/default.jpg', null);

INSERT INTO ChildcareTransaction VALUES ('1000001501', 'Regular Childcare', '101501', '2014-10-02', '12:00:00', '14:00:00', 20.50);

INSERT INTO AllowedConnections VALUES ('101502', '127210', '127214', 12721, null);

INSERT INTO Child VALUES ('127214', 'Child1503', '1503child', '2006-02-02', null, null, '../../Pictures/default.jpg', null);

INSERT INTO ChildcareTransaction VALUES ('1000001502', 'Regular Childcare', '101502', '2014-06-17', '12:00:00', '14:00:00', 20.50);

INSERT INTO AllowedConnections VALUES ('101503', '127210', '127215', 12721, null);

INSERT INTO Child VALUES ('127215', 'Child1504', '1504child', '2006-02-02', null, null, '../../Pictures/default.jpg', null);

INSERT INTO ChildcareTransaction VALUES ('1000001503', 'Regular Childcare', '101503', '2014-05-22', '12:00:00', '14:00:00', 20.50);

INSERT INTO Guardian VALUES ('127210', '1234', 'Guardian376', '376guardian', '555-555-5555', 'blah@blah.com', '123 nowhere', null, 'Spokane', 'WA', '99999', '../../Pictures/default.jpg', null);

INSERT INTO Family VALUES ('12721', 42);

INSERT INTO Guardian VALUES ('127211', '1234', 'Guardian2376', '3762guardian', '555-555-5555', 'blah@blah.com', '123 nowhere', null, 'Spokane', 'WA', '99999', '../../Pictures/default.jpg', null);

INSERT INTO AllowedConnections VALUES ('101504', '127220', '127222', 12722, null);

INSERT INTO Child VALUES ('127222', 'Child1505', '1505child', '2006-02-02', null, null, '../../Pictures/default.jpg', null);

INSERT INTO ChildcareTransaction VALUES ('1000001504', 'Regular Childcare', '101504', '2014-09-28', '12:00:00', '14:00:00', 20.50);

INSERT INTO AllowedConnections VALUES ('101505', '127220', '127223', 12722, null);

INSERT INTO Child VALUES ('127223', 'Child1506', '1506child', '2006-02-02', null, null, '../../Pictures/default.jpg', null);

INSERT INTO ChildcareTransaction VALUES ('1000001505', 'Regular Childcare', '101505', '2014-06-09', '12:00:00', '14:00:00', 20.50);

INSERT INTO AllowedConnections VALUES ('101506', '127220', '127224', 12722, null);

INSERT INTO Child VALUES ('127224', 'Child1507', '1507child', '2006-02-02', null, null, '../../Pictures/default.jpg', null);

INSERT INTO ChildcareTransaction VALUES ('1000001506', 'Regular Childcare', '101506', '2014-09-09', '12:00:00', '14:00:00', 20.50);

INSERT INTO AllowedConnections VALUES ('101507', '127220', '127225', 12722, null);

INSERT INTO Child VALUES ('127225', 'Child1508', '1508child', '2006-02-02', null, null, '../../Pictures/default.jpg', null);

INSERT INTO ChildcareTransaction VALUES ('1000001507', 'Regular Childcare', '101507', '2014-02-22', '12:00:00', '14:00:00', 20.50);

INSERT INTO Guardian VALUES ('127220', '1234', 'Guardian377', '377guardian', '555-555-5555', 'blah@blah.com', '123 nowhere', null, 'Spokane', 'WA', '99999', '../../Pictures/default.jpg', null);

INSERT INTO Family VALUES ('12722', 42);

INSERT INTO Guardian VALUES ('127221', '1234', 'Guardian2377', '3772guardian', '555-555-5555', 'blah@blah.com', '123 nowhere', null, 'Spokane', 'WA', '99999', '../../Pictures/default.jpg', null);

INSERT INTO AllowedConnections VALUES ('101508', '127230', '127232', 12723, null);

INSERT INTO Child VALUES ('127232', 'Child1509', '1509child', '2006-02-02', null, null, '../../Pictures/default.jpg', null);

INSERT INTO ChildcareTransaction VALUES ('1000001508', 'Regular Childcare', '101508', '2014-09-27', '12:00:00', '14:00:00', 20.50);

INSERT INTO AllowedConnections VALUES ('101509', '127230', '127233', 12723, null);

INSERT INTO Child VALUES ('127233', 'Child1510', '1510child', '2006-02-02', null, null, '../../Pictures/default.jpg', null);

INSERT INTO ChildcareTransaction VALUES ('1000001509', 'Regular Childcare', '101509', '2014-08-11', '12:00:00', '14:00:00', 20.50);

INSERT INTO AllowedConnections VALUES ('101510', '127230', '127234', 12723, null);

INSERT INTO Child VALUES ('127234', 'Child1511', '1511child', '2006-02-02', null, null, '../../Pictures/default.jpg', null);

INSERT INTO ChildcareTransaction VALUES ('1000001510', 'Regular Childcare', '101510', '2014-12-11', '12:00:00', '14:00:00', 20.50);

INSERT INTO AllowedConnections VALUES ('101511', '127230', '127235', 12723, null);

INSERT INTO Child VALUES ('127235', 'Child1512', '1512child', '2006-02-02', null, null, '../../Pictures/default.jpg', null);

INSERT INTO ChildcareTransaction VALUES ('1000001511', 'Regular Childcare', '101511', '2014-09-23', '12:00:00', '14:00:00', 20.50);

INSERT INTO Guardian VALUES ('127230', '1234', 'Guardian378', '378guardian', '555-555-5555', 'blah@blah.com', '123 nowhere', null, 'Spokane', 'WA', '99999', '../../Pictures/default.jpg', null);

INSERT INTO Family VALUES ('12723', 42);

INSERT INTO Guardian VALUES ('127231', '1234', 'Guardian2378', '3782guardian', '555-555-5555', 'blah@blah.com', '123 nowhere', null, 'Spokane', 'WA', '99999', '../../Pictures/default.jpg', null);

INSERT INTO AllowedConnections VALUES ('101512', '127240', '127242', 12724, null);

INSERT INTO Child VALUES ('127242', 'Child1513', '1513child', '2006-02-02', null, null, '../../Pictures/default.jpg', null);

INSERT INTO ChildcareTransaction VALUES ('1000001512', 'Regular Childcare', '101512', '2014-03-02', '12:00:00', '14:00:00', 20.50);

INSERT INTO AllowedConnections VALUES ('101513', '127240', '127243', 12724, null);

INSERT INTO Child VALUES ('127243', 'Child1514', '1514child', '2006-02-02', null, null, '../../Pictures/default.jpg', null);

INSERT INTO ChildcareTransaction VALUES ('1000001513', 'Regular Childcare', '101513', '2014-09-21', '12:00:00', '14:00:00', 20.50);

INSERT INTO AllowedConnections VALUES ('101514', '127240', '127244', 12724, null);

INSERT INTO Child VALUES ('127244', 'Child1515', '1515child', '2006-02-02', null, null, '../../Pictures/default.jpg', null);

INSERT INTO ChildcareTransaction VALUES ('1000001514', 'Regular Childcare', '101514', '2014-07-06', '12:00:00', '14:00:00', 20.50);

INSERT INTO AllowedConnections VALUES ('101515', '127240', '127245', 12724, null);

INSERT INTO Child VALUES ('127245', 'Child1516', '1516child', '2006-02-02', null, null, '../../Pictures/default.jpg', null);

INSERT INTO ChildcareTransaction VALUES ('1000001515', 'Regular Childcare', '101515', '2014-05-05', '12:00:00', '14:00:00', 20.50);

INSERT INTO Guardian VALUES ('127240', '1234', 'Guardian379', '379guardian', '555-555-5555', 'blah@blah.com', '123 nowhere', null, 'Spokane', 'WA', '99999', '../../Pictures/default.jpg', null);

INSERT INTO Family VALUES ('12724', 42);

INSERT INTO Guardian VALUES ('127241', '1234', 'Guardian2379', '3792guardian', '555-555-5555', 'blah@blah.com', '123 nowhere', null, 'Spokane', 'WA', '99999', '../../Pictures/default.jpg', null);

INSERT INTO AllowedConnections VALUES ('101516', '127250', '127252', 12725, null);

INSERT INTO Child VALUES ('127252', 'Child1517', '1517child', '2006-02-02', null, null, '../../Pictures/default.jpg', null);

INSERT INTO ChildcareTransaction VALUES ('1000001516', 'Regular Childcare', '101516', '2014-11-05', '12:00:00', '14:00:00', 20.50);

INSERT INTO AllowedConnections VALUES ('101517', '127250', '127253', 12725, null);

INSERT INTO Child VALUES ('127253', 'Child1518', '1518child', '2006-02-02', null, null, '../../Pictures/default.jpg', null);

INSERT INTO ChildcareTransaction VALUES ('1000001517', 'Regular Childcare', '101517', '2014-01-09', '12:00:00', '14:00:00', 20.50);

INSERT INTO AllowedConnections VALUES ('101518', '127250', '127254', 12725, null);

INSERT INTO Child VALUES ('127254', 'Child1519', '1519child', '2006-02-02', null, null, '../../Pictures/default.jpg', null);

INSERT INTO ChildcareTransaction VALUES ('1000001518', 'Regular Childcare', '101518', '2014-10-28', '12:00:00', '14:00:00', 20.50);

INSERT INTO AllowedConnections VALUES ('101519', '127250', '127255', 12725, null);

INSERT INTO Child VALUES ('127255', 'Child1520', '1520child', '2006-02-02', null, null, '../../Pictures/default.jpg', null);

INSERT INTO ChildcareTransaction VALUES ('1000001519', 'Regular Childcare', '101519', '2014-01-03', '12:00:00', '14:00:00', 20.50);

INSERT INTO Guardian VALUES ('127250', '1234', 'Guardian380', '380guardian', '555-555-5555', 'blah@blah.com', '123 nowhere', null, 'Spokane', 'WA', '99999', '../../Pictures/default.jpg', null);

INSERT INTO Family VALUES ('12725', 42);

INSERT INTO Guardian VALUES ('127251', '1234', 'Guardian2380', '3802guardian', '555-555-5555', 'blah@blah.com', '123 nowhere', null, 'Spokane', 'WA', '99999', '../../Pictures/default.jpg', null);

INSERT INTO AllowedConnections VALUES ('101520', '127260', '127262', 12726, null);

INSERT INTO Child VALUES ('127262', 'Child1521', '1521child', '2006-02-02', null, null, '../../Pictures/default.jpg', null);

INSERT INTO ChildcareTransaction VALUES ('1000001520', 'Regular Childcare', '101520', '2014-01-27', '12:00:00', '14:00:00', 20.50);

INSERT INTO AllowedConnections VALUES ('101521', '127260', '127263', 12726, null);

INSERT INTO Child VALUES ('127263', 'Child1522', '1522child', '2006-02-02', null, null, '../../Pictures/default.jpg', null);

INSERT INTO ChildcareTransaction VALUES ('1000001521', 'Regular Childcare', '101521', '2014-09-13', '12:00:00', '14:00:00', 20.50);

INSERT INTO AllowedConnections VALUES ('101522', '127260', '127264', 12726, null);

INSERT INTO Child VALUES ('127264', 'Child1523', '1523child', '2006-02-02', null, null, '../../Pictures/default.jpg', null);

INSERT INTO ChildcareTransaction VALUES ('1000001522', 'Regular Childcare', '101522', '2014-10-19', '12:00:00', '14:00:00', 20.50);

INSERT INTO AllowedConnections VALUES ('101523', '127260', '127265', 12726, null);

INSERT INTO Child VALUES ('127265', 'Child1524', '1524child', '2006-02-02', null, null, '../../Pictures/default.jpg', null);

INSERT INTO ChildcareTransaction VALUES ('1000001523', 'Regular Childcare', '101523', '2014-02-22', '12:00:00', '14:00:00', 20.50);

INSERT INTO Guardian VALUES ('127260', '1234', 'Guardian381', '381guardian', '555-555-5555', 'blah@blah.com', '123 nowhere', null, 'Spokane', 'WA', '99999', '../../Pictures/default.jpg', null);

INSERT INTO Family VALUES ('12726', 42);

INSERT INTO Guardian VALUES ('127261', '1234', 'Guardian2381', '3812guardian', '555-555-5555', 'blah@blah.com', '123 nowhere', null, 'Spokane', 'WA', '99999', '../../Pictures/default.jpg', null);

INSERT INTO AllowedConnections VALUES ('101524', '127270', '127272', 12727, null);

INSERT INTO Child VALUES ('127272', 'Child1525', '1525child', '2006-02-02', null, null, '../../Pictures/default.jpg', null);

INSERT INTO ChildcareTransaction VALUES ('1000001524', 'Regular Childcare', '101524', '2014-09-11', '12:00:00', '14:00:00', 20.50);

INSERT INTO AllowedConnections VALUES ('101525', '127270', '127273', 12727, null);

INSERT INTO Child VALUES ('127273', 'Child1526', '1526child', '2006-02-02', null, null, '../../Pictures/default.jpg', null);

INSERT INTO ChildcareTransaction VALUES ('1000001525', 'Regular Childcare', '101525', '2014-05-04', '12:00:00', '14:00:00', 20.50);

INSERT INTO AllowedConnections VALUES ('101526', '127270', '127274', 12727, null);

INSERT INTO Child VALUES ('127274', 'Child1527', '1527child', '2006-02-02', null, null, '../../Pictures/default.jpg', null);

INSERT INTO ChildcareTransaction VALUES ('1000001526', 'Regular Childcare', '101526', '2014-06-11', '12:00:00', '14:00:00', 20.50);

INSERT INTO AllowedConnections VALUES ('101527', '127270', '127275', 12727, null);

INSERT INTO Child VALUES ('127275', 'Child1528', '1528child', '2006-02-02', null, null, '../../Pictures/default.jpg', null);

INSERT INTO ChildcareTransaction VALUES ('1000001527', 'Regular Childcare', '101527', '2014-09-01', '12:00:00', '14:00:00', 20.50);

INSERT INTO Guardian VALUES ('127270', '1234', 'Guardian382', '382guardian', '555-555-5555', 'blah@blah.com', '123 nowhere', null, 'Spokane', 'WA', '99999', '../../Pictures/default.jpg', null);

INSERT INTO Family VALUES ('12727', 42);

INSERT INTO Guardian VALUES ('127271', '1234', 'Guardian2382', '3822guardian', '555-555-5555', 'blah@blah.com', '123 nowhere', null, 'Spokane', 'WA', '99999', '../../Pictures/default.jpg', null);

INSERT INTO AllowedConnections VALUES ('101528', '127280', '127282', 12728, null);

INSERT INTO Child VALUES ('127282', 'Child1529', '1529child', '2006-02-02', null, null, '../../Pictures/default.jpg', null);

INSERT INTO ChildcareTransaction VALUES ('1000001528', 'Regular Childcare', '101528', '2014-09-03', '12:00:00', '14:00:00', 20.50);

INSERT INTO AllowedConnections VALUES ('101529', '127280', '127283', 12728, null);

INSERT INTO Child VALUES ('127283', 'Child1530', '1530child', '2006-02-02', null, null, '../../Pictures/default.jpg', null);

INSERT INTO ChildcareTransaction VALUES ('1000001529', 'Regular Childcare', '101529', '2014-06-20', '12:00:00', '14:00:00', 20.50);

INSERT INTO AllowedConnections VALUES ('101530', '127280', '127284', 12728, null);

INSERT INTO Child VALUES ('127284', 'Child1531', '1531child', '2006-02-02', null, null, '../../Pictures/default.jpg', null);

INSERT INTO ChildcareTransaction VALUES ('1000001530', 'Regular Childcare', '101530', '2014-04-18', '12:00:00', '14:00:00', 20.50);

INSERT INTO AllowedConnections VALUES ('101531', '127280', '127285', 12728, null);

INSERT INTO Child VALUES ('127285', 'Child1532', '1532child', '2006-02-02', null, null, '../../Pictures/default.jpg', null);

INSERT INTO ChildcareTransaction VALUES ('1000001531', 'Regular Childcare', '101531', '2014-10-25', '12:00:00', '14:00:00', 20.50);

INSERT INTO Guardian VALUES ('127280', '1234', 'Guardian383', '383guardian', '555-555-5555', 'blah@blah.com', '123 nowhere', null, 'Spokane', 'WA', '99999', '../../Pictures/default.jpg', null);

INSERT INTO Family VALUES ('12728', 42);

INSERT INTO Guardian VALUES ('127281', '1234', 'Guardian2383', '3832guardian', '555-555-5555', 'blah@blah.com', '123 nowhere', null, 'Spokane', 'WA', '99999', '../../Pictures/default.jpg', null);

INSERT INTO AllowedConnections VALUES ('101532', '127290', '127292', 12729, null);

INSERT INTO Child VALUES ('127292', 'Child1533', '1533child', '2006-02-02', null, null, '../../Pictures/default.jpg', null);

INSERT INTO ChildcareTransaction VALUES ('1000001532', 'Regular Childcare', '101532', '2014-02-10', '12:00:00', '14:00:00', 20.50);

INSERT INTO AllowedConnections VALUES ('101533', '127290', '127293', 12729, null);

INSERT INTO Child VALUES ('127293', 'Child1534', '1534child', '2006-02-02', null, null, '../../Pictures/default.jpg', null);

INSERT INTO ChildcareTransaction VALUES ('1000001533', 'Regular Childcare', '101533', '2014-10-01', '12:00:00', '14:00:00', 20.50);

INSERT INTO AllowedConnections VALUES ('101534', '127290', '127294', 12729, null);

INSERT INTO Child VALUES ('127294', 'Child1535', '1535child', '2006-02-02', null, null, '../../Pictures/default.jpg', null);

INSERT INTO ChildcareTransaction VALUES ('1000001534', 'Regular Childcare', '101534', '2014-12-26', '12:00:00', '14:00:00', 20.50);

INSERT INTO AllowedConnections VALUES ('101535', '127290', '127295', 12729, null);

INSERT INTO Child VALUES ('127295', 'Child1536', '1536child', '2006-02-02', null, null, '../../Pictures/default.jpg', null);

INSERT INTO ChildcareTransaction VALUES ('1000001535', 'Regular Childcare', '101535', '2014-10-09', '12:00:00', '14:00:00', 20.50);

INSERT INTO Guardian VALUES ('127290', '1234', 'Guardian384', '384guardian', '555-555-5555', 'blah@blah.com', '123 nowhere', null, 'Spokane', 'WA', '99999', '../../Pictures/default.jpg', null);

INSERT INTO Family VALUES ('12729', 42);

INSERT INTO Guardian VALUES ('127291', '1234', 'Guardian2384', '3842guardian', '555-555-5555', 'blah@blah.com', '123 nowhere', null, 'Spokane', 'WA', '99999', '../../Pictures/default.jpg', null);

INSERT INTO AllowedConnections VALUES ('101536', '127300', '127302', 12730, null);

INSERT INTO Child VALUES ('127302', 'Child1537', '1537child', '2006-02-02', null, null, '../../Pictures/default.jpg', null);

INSERT INTO ChildcareTransaction VALUES ('1000001536', 'Regular Childcare', '101536', '2014-06-23', '12:00:00', '14:00:00', 20.50);

INSERT INTO AllowedConnections VALUES ('101537', '127300', '127303', 12730, null);

INSERT INTO Child VALUES ('127303', 'Child1538', '1538child', '2006-02-02', null, null, '../../Pictures/default.jpg', null);

INSERT INTO ChildcareTransaction VALUES ('1000001537', 'Regular Childcare', '101537', '2014-03-06', '12:00:00', '14:00:00', 20.50);

INSERT INTO AllowedConnections VALUES ('101538', '127300', '127304', 12730, null);

INSERT INTO Child VALUES ('127304', 'Child1539', '1539child', '2006-02-02', null, null, '../../Pictures/default.jpg', null);

INSERT INTO ChildcareTransaction VALUES ('1000001538', 'Regular Childcare', '101538', '2014-11-06', '12:00:00', '14:00:00', 20.50);

INSERT INTO AllowedConnections VALUES ('101539', '127300', '127305', 12730, null);

INSERT INTO Child VALUES ('127305', 'Child1540', '1540child', '2006-02-02', null, null, '../../Pictures/default.jpg', null);

INSERT INTO ChildcareTransaction VALUES ('1000001539', 'Regular Childcare', '101539', '2014-06-19', '12:00:00', '14:00:00', 20.50);

INSERT INTO Guardian VALUES ('127300', '1234', 'Guardian385', '385guardian', '555-555-5555', 'blah@blah.com', '123 nowhere', null, 'Spokane', 'WA', '99999', '../../Pictures/default.jpg', null);

INSERT INTO Family VALUES ('12730', 42);

INSERT INTO Guardian VALUES ('127301', '1234', 'Guardian2385', '3852guardian', '555-555-5555', 'blah@blah.com', '123 nowhere', null, 'Spokane', 'WA', '99999', '../../Pictures/default.jpg', null);

INSERT INTO AllowedConnections VALUES ('101540', '127310', '127312', 12731, null);

INSERT INTO Child VALUES ('127312', 'Child1541', '1541child', '2006-02-02', null, null, '../../Pictures/default.jpg', null);

INSERT INTO ChildcareTransaction VALUES ('1000001540', 'Regular Childcare', '101540', '2014-09-02', '12:00:00', '14:00:00', 20.50);

INSERT INTO AllowedConnections VALUES ('101541', '127310', '127313', 12731, null);

INSERT INTO Child VALUES ('127313', 'Child1542', '1542child', '2006-02-02', null, null, '../../Pictures/default.jpg', null);

INSERT INTO ChildcareTransaction VALUES ('1000001541', 'Regular Childcare', '101541', '2014-01-28', '12:00:00', '14:00:00', 20.50);

INSERT INTO AllowedConnections VALUES ('101542', '127310', '127314', 12731, null);

INSERT INTO Child VALUES ('127314', 'Child1543', '1543child', '2006-02-02', null, null, '../../Pictures/default.jpg', null);

INSERT INTO ChildcareTransaction VALUES ('1000001542', 'Regular Childcare', '101542', '2014-02-12', '12:00:00', '14:00:00', 20.50);

INSERT INTO AllowedConnections VALUES ('101543', '127310', '127315', 12731, null);

INSERT INTO Child VALUES ('127315', 'Child1544', '1544child', '2006-02-02', null, null, '../../Pictures/default.jpg', null);

INSERT INTO ChildcareTransaction VALUES ('1000001543', 'Regular Childcare', '101543', '2014-01-10', '12:00:00', '14:00:00', 20.50);

INSERT INTO Guardian VALUES ('127310', '1234', 'Guardian386', '386guardian', '555-555-5555', 'blah@blah.com', '123 nowhere', null, 'Spokane', 'WA', '99999', '../../Pictures/default.jpg', null);

INSERT INTO Family VALUES ('12731', 42);

INSERT INTO Guardian VALUES ('127311', '1234', 'Guardian2386', '3862guardian', '555-555-5555', 'blah@blah.com', '123 nowhere', null, 'Spokane', 'WA', '99999', '../../Pictures/default.jpg', null);

INSERT INTO AllowedConnections VALUES ('101544', '127320', '127322', 12732, null);

INSERT INTO Child VALUES ('127322', 'Child1545', '1545child', '2006-02-02', null, null, '../../Pictures/default.jpg', null);

INSERT INTO ChildcareTransaction VALUES ('1000001544', 'Regular Childcare', '101544', '2014-02-07', '12:00:00', '14:00:00', 20.50);

INSERT INTO AllowedConnections VALUES ('101545', '127320', '127323', 12732, null);

INSERT INTO Child VALUES ('127323', 'Child1546', '1546child', '2006-02-02', null, null, '../../Pictures/default.jpg', null);

INSERT INTO ChildcareTransaction VALUES ('1000001545', 'Regular Childcare', '101545', '2014-08-21', '12:00:00', '14:00:00', 20.50);

INSERT INTO AllowedConnections VALUES ('101546', '127320', '127324', 12732, null);

INSERT INTO Child VALUES ('127324', 'Child1547', '1547child', '2006-02-02', null, null, '../../Pictures/default.jpg', null);

INSERT INTO ChildcareTransaction VALUES ('1000001546', 'Regular Childcare', '101546', '2014-11-12', '12:00:00', '14:00:00', 20.50);

INSERT INTO AllowedConnections VALUES ('101547', '127320', '127325', 12732, null);

INSERT INTO Child VALUES ('127325', 'Child1548', '1548child', '2006-02-02', null, null, '../../Pictures/default.jpg', null);

INSERT INTO ChildcareTransaction VALUES ('1000001547', 'Regular Childcare', '101547', '2014-09-22', '12:00:00', '14:00:00', 20.50);

INSERT INTO Guardian VALUES ('127320', '1234', 'Guardian387', '387guardian', '555-555-5555', 'blah@blah.com', '123 nowhere', null, 'Spokane', 'WA', '99999', '../../Pictures/default.jpg', null);

INSERT INTO Family VALUES ('12732', 42);

INSERT INTO Guardian VALUES ('127321', '1234', 'Guardian2387', '3872guardian', '555-555-5555', 'blah@blah.com', '123 nowhere', null, 'Spokane', 'WA', '99999', '../../Pictures/default.jpg', null);

INSERT INTO AllowedConnections VALUES ('101548', '127330', '127332', 12733, null);

INSERT INTO Child VALUES ('127332', 'Child1549', '1549child', '2006-02-02', null, null, '../../Pictures/default.jpg', null);

INSERT INTO ChildcareTransaction VALUES ('1000001548', 'Regular Childcare', '101548', '2014-07-19', '12:00:00', '14:00:00', 20.50);

INSERT INTO AllowedConnections VALUES ('101549', '127330', '127333', 12733, null);

INSERT INTO Child VALUES ('127333', 'Child1550', '1550child', '2006-02-02', null, null, '../../Pictures/default.jpg', null);

INSERT INTO ChildcareTransaction VALUES ('1000001549', 'Regular Childcare', '101549', '2014-09-09', '12:00:00', '14:00:00', 20.50);

INSERT INTO AllowedConnections VALUES ('101550', '127330', '127334', 12733, null);

INSERT INTO Child VALUES ('127334', 'Child1551', '1551child', '2006-02-02', null, null, '../../Pictures/default.jpg', null);

INSERT INTO ChildcareTransaction VALUES ('1000001550', 'Regular Childcare', '101550', '2014-09-10', '12:00:00', '14:00:00', 20.50);

INSERT INTO AllowedConnections VALUES ('101551', '127330', '127335', 12733, null);

INSERT INTO Child VALUES ('127335', 'Child1552', '1552child', '2006-02-02', null, null, '../../Pictures/default.jpg', null);

INSERT INTO ChildcareTransaction VALUES ('1000001551', 'Regular Childcare', '101551', '2014-12-17', '12:00:00', '14:00:00', 20.50);

INSERT INTO Guardian VALUES ('127330', '1234', 'Guardian388', '388guardian', '555-555-5555', 'blah@blah.com', '123 nowhere', null, 'Spokane', 'WA', '99999', '../../Pictures/default.jpg', null);

INSERT INTO Family VALUES ('12733', 42);

INSERT INTO Guardian VALUES ('127331', '1234', 'Guardian2388', '3882guardian', '555-555-5555', 'blah@blah.com', '123 nowhere', null, 'Spokane', 'WA', '99999', '../../Pictures/default.jpg', null);

INSERT INTO AllowedConnections VALUES ('101552', '127340', '127342', 12734, null);

INSERT INTO Child VALUES ('127342', 'Child1553', '1553child', '2006-02-02', null, null, '../../Pictures/default.jpg', null);

INSERT INTO ChildcareTransaction VALUES ('1000001552', 'Regular Childcare', '101552', '2014-12-16', '12:00:00', '14:00:00', 20.50);

INSERT INTO AllowedConnections VALUES ('101553', '127340', '127343', 12734, null);

INSERT INTO Child VALUES ('127343', 'Child1554', '1554child', '2006-02-02', null, null, '../../Pictures/default.jpg', null);

INSERT INTO ChildcareTransaction VALUES ('1000001553', 'Regular Childcare', '101553', '2014-08-14', '12:00:00', '14:00:00', 20.50);

INSERT INTO AllowedConnections VALUES ('101554', '127340', '127344', 12734, null);

INSERT INTO Child VALUES ('127344', 'Child1555', '1555child', '2006-02-02', null, null, '../../Pictures/default.jpg', null);

INSERT INTO ChildcareTransaction VALUES ('1000001554', 'Regular Childcare', '101554', '2014-02-08', '12:00:00', '14:00:00', 20.50);

INSERT INTO AllowedConnections VALUES ('101555', '127340', '127345', 12734, null);

INSERT INTO Child VALUES ('127345', 'Child1556', '1556child', '2006-02-02', null, null, '../../Pictures/default.jpg', null);

INSERT INTO ChildcareTransaction VALUES ('1000001555', 'Regular Childcare', '101555', '2014-02-21', '12:00:00', '14:00:00', 20.50);

INSERT INTO Guardian VALUES ('127340', '1234', 'Guardian389', '389guardian', '555-555-5555', 'blah@blah.com', '123 nowhere', null, 'Spokane', 'WA', '99999', '../../Pictures/default.jpg', null);

INSERT INTO Family VALUES ('12734', 42);

INSERT INTO Guardian VALUES ('127341', '1234', 'Guardian2389', '3892guardian', '555-555-5555', 'blah@blah.com', '123 nowhere', null, 'Spokane', 'WA', '99999', '../../Pictures/default.jpg', null);

INSERT INTO AllowedConnections VALUES ('101556', '127350', '127352', 12735, null);

INSERT INTO Child VALUES ('127352', 'Child1557', '1557child', '2006-02-02', null, null, '../../Pictures/default.jpg', null);

INSERT INTO ChildcareTransaction VALUES ('1000001556', 'Regular Childcare', '101556', '2014-11-25', '12:00:00', '14:00:00', 20.50);

INSERT INTO AllowedConnections VALUES ('101557', '127350', '127353', 12735, null);

INSERT INTO Child VALUES ('127353', 'Child1558', '1558child', '2006-02-02', null, null, '../../Pictures/default.jpg', null);

INSERT INTO ChildcareTransaction VALUES ('1000001557', 'Regular Childcare', '101557', '2014-10-05', '12:00:00', '14:00:00', 20.50);

INSERT INTO AllowedConnections VALUES ('101558', '127350', '127354', 12735, null);

INSERT INTO Child VALUES ('127354', 'Child1559', '1559child', '2006-02-02', null, null, '../../Pictures/default.jpg', null);

INSERT INTO ChildcareTransaction VALUES ('1000001558', 'Regular Childcare', '101558', '2014-06-09', '12:00:00', '14:00:00', 20.50);

INSERT INTO AllowedConnections VALUES ('101559', '127350', '127355', 12735, null);

INSERT INTO Child VALUES ('127355', 'Child1560', '1560child', '2006-02-02', null, null, '../../Pictures/default.jpg', null);

INSERT INTO ChildcareTransaction VALUES ('1000001559', 'Regular Childcare', '101559', '2014-09-19', '12:00:00', '14:00:00', 20.50);

INSERT INTO Guardian VALUES ('127350', '1234', 'Guardian390', '390guardian', '555-555-5555', 'blah@blah.com', '123 nowhere', null, 'Spokane', 'WA', '99999', '../../Pictures/default.jpg', null);

INSERT INTO Family VALUES ('12735', 42);

INSERT INTO Guardian VALUES ('127351', '1234', 'Guardian2390', '3902guardian', '555-555-5555', 'blah@blah.com', '123 nowhere', null, 'Spokane', 'WA', '99999', '../../Pictures/default.jpg', null);

INSERT INTO AllowedConnections VALUES ('101560', '127360', '127362', 12736, null);

INSERT INTO Child VALUES ('127362', 'Child1561', '1561child', '2006-02-02', null, null, '../../Pictures/default.jpg', null);

INSERT INTO ChildcareTransaction VALUES ('1000001560', 'Regular Childcare', '101560', '2014-04-26', '12:00:00', '14:00:00', 20.50);

INSERT INTO AllowedConnections VALUES ('101561', '127360', '127363', 12736, null);

INSERT INTO Child VALUES ('127363', 'Child1562', '1562child', '2006-02-02', null, null, '../../Pictures/default.jpg', null);

INSERT INTO ChildcareTransaction VALUES ('1000001561', 'Regular Childcare', '101561', '2014-12-05', '12:00:00', '14:00:00', 20.50);

INSERT INTO AllowedConnections VALUES ('101562', '127360', '127364', 12736, null);

INSERT INTO Child VALUES ('127364', 'Child1563', '1563child', '2006-02-02', null, null, '../../Pictures/default.jpg', null);

INSERT INTO ChildcareTransaction VALUES ('1000001562', 'Regular Childcare', '101562', '2014-07-05', '12:00:00', '14:00:00', 20.50);

INSERT INTO AllowedConnections VALUES ('101563', '127360', '127365', 12736, null);

INSERT INTO Child VALUES ('127365', 'Child1564', '1564child', '2006-02-02', null, null, '../../Pictures/default.jpg', null);

INSERT INTO ChildcareTransaction VALUES ('1000001563', 'Regular Childcare', '101563', '2014-07-16', '12:00:00', '14:00:00', 20.50);

INSERT INTO Guardian VALUES ('127360', '1234', 'Guardian391', '391guardian', '555-555-5555', 'blah@blah.com', '123 nowhere', null, 'Spokane', 'WA', '99999', '../../Pictures/default.jpg', null);

INSERT INTO Family VALUES ('12736', 42);

INSERT INTO Guardian VALUES ('127361', '1234', 'Guardian2391', '3912guardian', '555-555-5555', 'blah@blah.com', '123 nowhere', null, 'Spokane', 'WA', '99999', '../../Pictures/default.jpg', null);

INSERT INTO AllowedConnections VALUES ('101564', '127370', '127372', 12737, null);

INSERT INTO Child VALUES ('127372', 'Child1565', '1565child', '2006-02-02', null, null, '../../Pictures/default.jpg', null);

INSERT INTO ChildcareTransaction VALUES ('1000001564', 'Regular Childcare', '101564', '2014-12-07', '12:00:00', '14:00:00', 20.50);

INSERT INTO AllowedConnections VALUES ('101565', '127370', '127373', 12737, null);

INSERT INTO Child VALUES ('127373', 'Child1566', '1566child', '2006-02-02', null, null, '../../Pictures/default.jpg', null);

INSERT INTO ChildcareTransaction VALUES ('1000001565', 'Regular Childcare', '101565', '2014-10-18', '12:00:00', '14:00:00', 20.50);

INSERT INTO AllowedConnections VALUES ('101566', '127370', '127374', 12737, null);

INSERT INTO Child VALUES ('127374', 'Child1567', '1567child', '2006-02-02', null, null, '../../Pictures/default.jpg', null);

INSERT INTO ChildcareTransaction VALUES ('1000001566', 'Regular Childcare', '101566', '2014-01-12', '12:00:00', '14:00:00', 20.50);

INSERT INTO AllowedConnections VALUES ('101567', '127370', '127375', 12737, null);

INSERT INTO Child VALUES ('127375', 'Child1568', '1568child', '2006-02-02', null, null, '../../Pictures/default.jpg', null);

INSERT INTO ChildcareTransaction VALUES ('1000001567', 'Regular Childcare', '101567', '2014-10-10', '12:00:00', '14:00:00', 20.50);

INSERT INTO Guardian VALUES ('127370', '1234', 'Guardian392', '392guardian', '555-555-5555', 'blah@blah.com', '123 nowhere', null, 'Spokane', 'WA', '99999', '../../Pictures/default.jpg', null);

INSERT INTO Family VALUES ('12737', 42);

INSERT INTO Guardian VALUES ('127371', '1234', 'Guardian2392', '3922guardian', '555-555-5555', 'blah@blah.com', '123 nowhere', null, 'Spokane', 'WA', '99999', '../../Pictures/default.jpg', null);

INSERT INTO AllowedConnections VALUES ('101568', '127380', '127382', 12738, null);

INSERT INTO Child VALUES ('127382', 'Child1569', '1569child', '2006-02-02', null, null, '../../Pictures/default.jpg', null);

INSERT INTO ChildcareTransaction VALUES ('1000001568', 'Regular Childcare', '101568', '2014-01-01', '12:00:00', '14:00:00', 20.50);

INSERT INTO AllowedConnections VALUES ('101569', '127380', '127383', 12738, null);

INSERT INTO Child VALUES ('127383', 'Child1570', '1570child', '2006-02-02', null, null, '../../Pictures/default.jpg', null);

INSERT INTO ChildcareTransaction VALUES ('1000001569', 'Regular Childcare', '101569', '2014-11-11', '12:00:00', '14:00:00', 20.50);

INSERT INTO AllowedConnections VALUES ('101570', '127380', '127384', 12738, null);

INSERT INTO Child VALUES ('127384', 'Child1571', '1571child', '2006-02-02', null, null, '../../Pictures/default.jpg', null);

INSERT INTO ChildcareTransaction VALUES ('1000001570', 'Regular Childcare', '101570', '2014-01-06', '12:00:00', '14:00:00', 20.50);

INSERT INTO AllowedConnections VALUES ('101571', '127380', '127385', 12738, null);

INSERT INTO Child VALUES ('127385', 'Child1572', '1572child', '2006-02-02', null, null, '../../Pictures/default.jpg', null);

INSERT INTO ChildcareTransaction VALUES ('1000001571', 'Regular Childcare', '101571', '2014-11-16', '12:00:00', '14:00:00', 20.50);

INSERT INTO Guardian VALUES ('127380', '1234', 'Guardian393', '393guardian', '555-555-5555', 'blah@blah.com', '123 nowhere', null, 'Spokane', 'WA', '99999', '../../Pictures/default.jpg', null);

INSERT INTO Family VALUES ('12738', 42);

INSERT INTO Guardian VALUES ('127381', '1234', 'Guardian2393', '3932guardian', '555-555-5555', 'blah@blah.com', '123 nowhere', null, 'Spokane', 'WA', '99999', '../../Pictures/default.jpg', null);

INSERT INTO AllowedConnections VALUES ('101572', '127390', '127392', 12739, null);

INSERT INTO Child VALUES ('127392', 'Child1573', '1573child', '2006-02-02', null, null, '../../Pictures/default.jpg', null);

INSERT INTO ChildcareTransaction VALUES ('1000001572', 'Regular Childcare', '101572', '2014-06-25', '12:00:00', '14:00:00', 20.50);

INSERT INTO AllowedConnections VALUES ('101573', '127390', '127393', 12739, null);

INSERT INTO Child VALUES ('127393', 'Child1574', '1574child', '2006-02-02', null, null, '../../Pictures/default.jpg', null);

INSERT INTO ChildcareTransaction VALUES ('1000001573', 'Regular Childcare', '101573', '2014-03-23', '12:00:00', '14:00:00', 20.50);

INSERT INTO AllowedConnections VALUES ('101574', '127390', '127394', 12739, null);

INSERT INTO Child VALUES ('127394', 'Child1575', '1575child', '2006-02-02', null, null, '../../Pictures/default.jpg', null);

INSERT INTO ChildcareTransaction VALUES ('1000001574', 'Regular Childcare', '101574', '2014-06-03', '12:00:00', '14:00:00', 20.50);

INSERT INTO AllowedConnections VALUES ('101575', '127390', '127395', 12739, null);

INSERT INTO Child VALUES ('127395', 'Child1576', '1576child', '2006-02-02', null, null, '../../Pictures/default.jpg', null);

INSERT INTO ChildcareTransaction VALUES ('1000001575', 'Regular Childcare', '101575', '2014-05-12', '12:00:00', '14:00:00', 20.50);

INSERT INTO Guardian VALUES ('127390', '1234', 'Guardian394', '394guardian', '555-555-5555', 'blah@blah.com', '123 nowhere', null, 'Spokane', 'WA', '99999', '../../Pictures/default.jpg', null);

INSERT INTO Family VALUES ('12739', 42);

INSERT INTO Guardian VALUES ('127391', '1234', 'Guardian2394', '3942guardian', '555-555-5555', 'blah@blah.com', '123 nowhere', null, 'Spokane', 'WA', '99999', '../../Pictures/default.jpg', null);

INSERT INTO AllowedConnections VALUES ('101576', '127400', '127402', 12740, null);

INSERT INTO Child VALUES ('127402', 'Child1577', '1577child', '2006-02-02', null, null, '../../Pictures/default.jpg', null);

INSERT INTO ChildcareTransaction VALUES ('1000001576', 'Regular Childcare', '101576', '2014-04-01', '12:00:00', '14:00:00', 20.50);

INSERT INTO AllowedConnections VALUES ('101577', '127400', '127403', 12740, null);

INSERT INTO Child VALUES ('127403', 'Child1578', '1578child', '2006-02-02', null, null, '../../Pictures/default.jpg', null);

INSERT INTO ChildcareTransaction VALUES ('1000001577', 'Regular Childcare', '101577', '2014-10-04', '12:00:00', '14:00:00', 20.50);

INSERT INTO AllowedConnections VALUES ('101578', '127400', '127404', 12740, null);

INSERT INTO Child VALUES ('127404', 'Child1579', '1579child', '2006-02-02', null, null, '../../Pictures/default.jpg', null);

INSERT INTO ChildcareTransaction VALUES ('1000001578', 'Regular Childcare', '101578', '2014-11-02', '12:00:00', '14:00:00', 20.50);

INSERT INTO AllowedConnections VALUES ('101579', '127400', '127405', 12740, null);

INSERT INTO Child VALUES ('127405', 'Child1580', '1580child', '2006-02-02', null, null, '../../Pictures/default.jpg', null);

INSERT INTO ChildcareTransaction VALUES ('1000001579', 'Regular Childcare', '101579', '2014-08-08', '12:00:00', '14:00:00', 20.50);

INSERT INTO Guardian VALUES ('127400', '1234', 'Guardian395', '395guardian', '555-555-5555', 'blah@blah.com', '123 nowhere', null, 'Spokane', 'WA', '99999', '../../Pictures/default.jpg', null);

INSERT INTO Family VALUES ('12740', 42);

INSERT INTO Guardian VALUES ('127401', '1234', 'Guardian2395', '3952guardian', '555-555-5555', 'blah@blah.com', '123 nowhere', null, 'Spokane', 'WA', '99999', '../../Pictures/default.jpg', null);

INSERT INTO AllowedConnections VALUES ('101580', '127410', '127412', 12741, null);

INSERT INTO Child VALUES ('127412', 'Child1581', '1581child', '2006-02-02', null, null, '../../Pictures/default.jpg', null);

INSERT INTO ChildcareTransaction VALUES ('1000001580', 'Regular Childcare', '101580', '2014-09-27', '12:00:00', '14:00:00', 20.50);

INSERT INTO AllowedConnections VALUES ('101581', '127410', '127413', 12741, null);

INSERT INTO Child VALUES ('127413', 'Child1582', '1582child', '2006-02-02', null, null, '../../Pictures/default.jpg', null);

INSERT INTO ChildcareTransaction VALUES ('1000001581', 'Regular Childcare', '101581', '2014-09-04', '12:00:00', '14:00:00', 20.50);

INSERT INTO AllowedConnections VALUES ('101582', '127410', '127414', 12741, null);

INSERT INTO Child VALUES ('127414', 'Child1583', '1583child', '2006-02-02', null, null, '../../Pictures/default.jpg', null);

INSERT INTO ChildcareTransaction VALUES ('1000001582', 'Regular Childcare', '101582', '2014-10-04', '12:00:00', '14:00:00', 20.50);

INSERT INTO AllowedConnections VALUES ('101583', '127410', '127415', 12741, null);

INSERT INTO Child VALUES ('127415', 'Child1584', '1584child', '2006-02-02', null, null, '../../Pictures/default.jpg', null);

INSERT INTO ChildcareTransaction VALUES ('1000001583', 'Regular Childcare', '101583', '2014-12-24', '12:00:00', '14:00:00', 20.50);

INSERT INTO Guardian VALUES ('127410', '1234', 'Guardian396', '396guardian', '555-555-5555', 'blah@blah.com', '123 nowhere', null, 'Spokane', 'WA', '99999', '../../Pictures/default.jpg', null);

INSERT INTO Family VALUES ('12741', 42);

INSERT INTO Guardian VALUES ('127411', '1234', 'Guardian2396', '3962guardian', '555-555-5555', 'blah@blah.com', '123 nowhere', null, 'Spokane', 'WA', '99999', '../../Pictures/default.jpg', null);

INSERT INTO AllowedConnections VALUES ('101584', '127420', '127422', 12742, null);

INSERT INTO Child VALUES ('127422', 'Child1585', '1585child', '2006-02-02', null, null, '../../Pictures/default.jpg', null);

INSERT INTO ChildcareTransaction VALUES ('1000001584', 'Regular Childcare', '101584', '2014-01-21', '12:00:00', '14:00:00', 20.50);

INSERT INTO AllowedConnections VALUES ('101585', '127420', '127423', 12742, null);

INSERT INTO Child VALUES ('127423', 'Child1586', '1586child', '2006-02-02', null, null, '../../Pictures/default.jpg', null);

INSERT INTO ChildcareTransaction VALUES ('1000001585', 'Regular Childcare', '101585', '2014-05-09', '12:00:00', '14:00:00', 20.50);

INSERT INTO AllowedConnections VALUES ('101586', '127420', '127424', 12742, null);

INSERT INTO Child VALUES ('127424', 'Child1587', '1587child', '2006-02-02', null, null, '../../Pictures/default.jpg', null);

INSERT INTO ChildcareTransaction VALUES ('1000001586', 'Regular Childcare', '101586', '2014-09-05', '12:00:00', '14:00:00', 20.50);

INSERT INTO AllowedConnections VALUES ('101587', '127420', '127425', 12742, null);

INSERT INTO Child VALUES ('127425', 'Child1588', '1588child', '2006-02-02', null, null, '../../Pictures/default.jpg', null);

INSERT INTO ChildcareTransaction VALUES ('1000001587', 'Regular Childcare', '101587', '2014-11-01', '12:00:00', '14:00:00', 20.50);

INSERT INTO Guardian VALUES ('127420', '1234', 'Guardian397', '397guardian', '555-555-5555', 'blah@blah.com', '123 nowhere', null, 'Spokane', 'WA', '99999', '../../Pictures/default.jpg', null);

INSERT INTO Family VALUES ('12742', 42);

INSERT INTO Guardian VALUES ('127421', '1234', 'Guardian2397', '3972guardian', '555-555-5555', 'blah@blah.com', '123 nowhere', null, 'Spokane', 'WA', '99999', '../../Pictures/default.jpg', null);

INSERT INTO AllowedConnections VALUES ('101588', '127430', '127432', 12743, null);

INSERT INTO Child VALUES ('127432', 'Child1589', '1589child', '2006-02-02', null, null, '../../Pictures/default.jpg', null);

INSERT INTO ChildcareTransaction VALUES ('1000001588', 'Regular Childcare', '101588', '2014-11-04', '12:00:00', '14:00:00', 20.50);

INSERT INTO AllowedConnections VALUES ('101589', '127430', '127433', 12743, null);

INSERT INTO Child VALUES ('127433', 'Child1590', '1590child', '2006-02-02', null, null, '../../Pictures/default.jpg', null);

INSERT INTO ChildcareTransaction VALUES ('1000001589', 'Regular Childcare', '101589', '2014-08-20', '12:00:00', '14:00:00', 20.50);

INSERT INTO AllowedConnections VALUES ('101590', '127430', '127434', 12743, null);

INSERT INTO Child VALUES ('127434', 'Child1591', '1591child', '2006-02-02', null, null, '../../Pictures/default.jpg', null);

INSERT INTO ChildcareTransaction VALUES ('1000001590', 'Regular Childcare', '101590', '2014-12-23', '12:00:00', '14:00:00', 20.50);

INSERT INTO AllowedConnections VALUES ('101591', '127430', '127435', 12743, null);

INSERT INTO Child VALUES ('127435', 'Child1592', '1592child', '2006-02-02', null, null, '../../Pictures/default.jpg', null);

INSERT INTO ChildcareTransaction VALUES ('1000001591', 'Regular Childcare', '101591', '2014-09-15', '12:00:00', '14:00:00', 20.50);

INSERT INTO Guardian VALUES ('127430', '1234', 'Guardian398', '398guardian', '555-555-5555', 'blah@blah.com', '123 nowhere', null, 'Spokane', 'WA', '99999', '../../Pictures/default.jpg', null);

INSERT INTO Family VALUES ('12743', 42);

INSERT INTO Guardian VALUES ('127431', '1234', 'Guardian2398', '3982guardian', '555-555-5555', 'blah@blah.com', '123 nowhere', null, 'Spokane', 'WA', '99999', '../../Pictures/default.jpg', null);

INSERT INTO AllowedConnections VALUES ('101592', '127440', '127442', 12744, null);

INSERT INTO Child VALUES ('127442', 'Child1593', '1593child', '2006-02-02', null, null, '../../Pictures/default.jpg', null);

INSERT INTO ChildcareTransaction VALUES ('1000001592', 'Regular Childcare', '101592', '2014-04-19', '12:00:00', '14:00:00', 20.50);

INSERT INTO AllowedConnections VALUES ('101593', '127440', '127443', 12744, null);

INSERT INTO Child VALUES ('127443', 'Child1594', '1594child', '2006-02-02', null, null, '../../Pictures/default.jpg', null);

INSERT INTO ChildcareTransaction VALUES ('1000001593', 'Regular Childcare', '101593', '2014-10-05', '12:00:00', '14:00:00', 20.50);

INSERT INTO AllowedConnections VALUES ('101594', '127440', '127444', 12744, null);

INSERT INTO Child VALUES ('127444', 'Child1595', '1595child', '2006-02-02', null, null, '../../Pictures/default.jpg', null);

INSERT INTO ChildcareTransaction VALUES ('1000001594', 'Regular Childcare', '101594', '2014-01-23', '12:00:00', '14:00:00', 20.50);

INSERT INTO AllowedConnections VALUES ('101595', '127440', '127445', 12744, null);

INSERT INTO Child VALUES ('127445', 'Child1596', '1596child', '2006-02-02', null, null, '../../Pictures/default.jpg', null);

INSERT INTO ChildcareTransaction VALUES ('1000001595', 'Regular Childcare', '101595', '2014-06-06', '12:00:00', '14:00:00', 20.50);

INSERT INTO Guardian VALUES ('127440', '1234', 'Guardian399', '399guardian', '555-555-5555', 'blah@blah.com', '123 nowhere', null, 'Spokane', 'WA', '99999', '../../Pictures/default.jpg', null);

INSERT INTO Family VALUES ('12744', 42);

INSERT INTO Guardian VALUES ('127441', '1234', 'Guardian2399', '3992guardian', '555-555-5555', 'blah@blah.com', '123 nowhere', null, 'Spokane', 'WA', '99999', '../../Pictures/default.jpg', null);

INSERT INTO AllowedConnections VALUES ('101596', '127450', '127452', 12745, null);

INSERT INTO Child VALUES ('127452', 'Child1597', '1597child', '2006-02-02', null, null, '../../Pictures/default.jpg', null);

INSERT INTO ChildcareTransaction VALUES ('1000001596', 'Regular Childcare', '101596', '2014-08-14', '12:00:00', '14:00:00', 20.50);

INSERT INTO AllowedConnections VALUES ('101597', '127450', '127453', 12745, null);

INSERT INTO Child VALUES ('127453', 'Child1598', '1598child', '2006-02-02', null, null, '../../Pictures/default.jpg', null);

INSERT INTO ChildcareTransaction VALUES ('1000001597', 'Regular Childcare', '101597', '2014-04-10', '12:00:00', '14:00:00', 20.50);

INSERT INTO AllowedConnections VALUES ('101598', '127450', '127454', 12745, null);

INSERT INTO Child VALUES ('127454', 'Child1599', '1599child', '2006-02-02', null, null, '../../Pictures/default.jpg', null);

INSERT INTO ChildcareTransaction VALUES ('1000001598', 'Regular Childcare', '101598', '2014-03-06', '12:00:00', '14:00:00', 20.50);

INSERT INTO AllowedConnections VALUES ('101599', '127450', '127455', 12745, null);

INSERT INTO Child VALUES ('127455', 'Child1600', '1600child', '2006-02-02', null, null, '../../Pictures/default.jpg', null);

INSERT INTO ChildcareTransaction VALUES ('1000001599', 'Regular Childcare', '101599', '2014-08-22', '12:00:00', '14:00:00', 20.50);

INSERT INTO Guardian VALUES ('127450', '1234', 'Guardian400', '400guardian', '555-555-5555', 'blah@blah.com', '123 nowhere', null, 'Spokane', 'WA', '99999', '../../Pictures/default.jpg', null);

INSERT INTO Family VALUES ('12745', 42);

INSERT INTO Guardian VALUES ('127451', '1234', 'Guardian2400', '4002guardian', '555-555-5555', 'blah@blah.com', '123 nowhere', null, 'Spokane', 'WA', '99999', '../../Pictures/default.jpg', null);

INSERT INTO AllowedConnections VALUES ('101600', '127460', '127462', 12746, null);

INSERT INTO Child VALUES ('127462', 'Child1601', '1601child', '2006-02-02', null, null, '../../Pictures/default.jpg', null);

INSERT INTO ChildcareTransaction VALUES ('1000001600', 'Regular Childcare', '101600', '2014-09-24', '12:00:00', '14:00:00', 20.50);

INSERT INTO AllowedConnections VALUES ('101601', '127460', '127463', 12746, null);

INSERT INTO Child VALUES ('127463', 'Child1602', '1602child', '2006-02-02', null, null, '../../Pictures/default.jpg', null);

INSERT INTO ChildcareTransaction VALUES ('1000001601', 'Regular Childcare', '101601', '2014-01-05', '12:00:00', '14:00:00', 20.50);

INSERT INTO AllowedConnections VALUES ('101602', '127460', '127464', 12746, null);

INSERT INTO Child VALUES ('127464', 'Child1603', '1603child', '2006-02-02', null, null, '../../Pictures/default.jpg', null);

INSERT INTO ChildcareTransaction VALUES ('1000001602', 'Regular Childcare', '101602', '2014-09-24', '12:00:00', '14:00:00', 20.50);

INSERT INTO AllowedConnections VALUES ('101603', '127460', '127465', 12746, null);

INSERT INTO Child VALUES ('127465', 'Child1604', '1604child', '2006-02-02', null, null, '../../Pictures/default.jpg', null);

INSERT INTO ChildcareTransaction VALUES ('1000001603', 'Regular Childcare', '101603', '2014-06-19', '12:00:00', '14:00:00', 20.50);

INSERT INTO Guardian VALUES ('127460', '1234', 'Guardian401', '401guardian', '555-555-5555', 'blah@blah.com', '123 nowhere', null, 'Spokane', 'WA', '99999', '../../Pictures/default.jpg', null);

INSERT INTO Family VALUES ('12746', 42);

INSERT INTO Guardian VALUES ('127461', '1234', 'Guardian2401', '4012guardian', '555-555-5555', 'blah@blah.com', '123 nowhere', null, 'Spokane', 'WA', '99999', '../../Pictures/default.jpg', null);

INSERT INTO AllowedConnections VALUES ('101604', '127470', '127472', 12747, null);

INSERT INTO Child VALUES ('127472', 'Child1605', '1605child', '2006-02-02', null, null, '../../Pictures/default.jpg', null);

INSERT INTO ChildcareTransaction VALUES ('1000001604', 'Regular Childcare', '101604', '2014-10-18', '12:00:00', '14:00:00', 20.50);

INSERT INTO AllowedConnections VALUES ('101605', '127470', '127473', 12747, null);

INSERT INTO Child VALUES ('127473', 'Child1606', '1606child', '2006-02-02', null, null, '../../Pictures/default.jpg', null);

INSERT INTO ChildcareTransaction VALUES ('1000001605', 'Regular Childcare', '101605', '2014-01-17', '12:00:00', '14:00:00', 20.50);

INSERT INTO AllowedConnections VALUES ('101606', '127470', '127474', 12747, null);

INSERT INTO Child VALUES ('127474', 'Child1607', '1607child', '2006-02-02', null, null, '../../Pictures/default.jpg', null);

INSERT INTO ChildcareTransaction VALUES ('1000001606', 'Regular Childcare', '101606', '2014-04-09', '12:00:00', '14:00:00', 20.50);

INSERT INTO AllowedConnections VALUES ('101607', '127470', '127475', 12747, null);

INSERT INTO Child VALUES ('127475', 'Child1608', '1608child', '2006-02-02', null, null, '../../Pictures/default.jpg', null);

INSERT INTO ChildcareTransaction VALUES ('1000001607', 'Regular Childcare', '101607', '2014-03-04', '12:00:00', '14:00:00', 20.50);

INSERT INTO Guardian VALUES ('127470', '1234', 'Guardian402', '402guardian', '555-555-5555', 'blah@blah.com', '123 nowhere', null, 'Spokane', 'WA', '99999', '../../Pictures/default.jpg', null);

INSERT INTO Family VALUES ('12747', 42);

INSERT INTO Guardian VALUES ('127471', '1234', 'Guardian2402', '4022guardian', '555-555-5555', 'blah@blah.com', '123 nowhere', null, 'Spokane', 'WA', '99999', '../../Pictures/default.jpg', null);

INSERT INTO AllowedConnections VALUES ('101608', '127480', '127482', 12748, null);

INSERT INTO Child VALUES ('127482', 'Child1609', '1609child', '2006-02-02', null, null, '../../Pictures/default.jpg', null);

INSERT INTO ChildcareTransaction VALUES ('1000001608', 'Regular Childcare', '101608', '2014-10-18', '12:00:00', '14:00:00', 20.50);

INSERT INTO AllowedConnections VALUES ('101609', '127480', '127483', 12748, null);

INSERT INTO Child VALUES ('127483', 'Child1610', '1610child', '2006-02-02', null, null, '../../Pictures/default.jpg', null);

INSERT INTO ChildcareTransaction VALUES ('1000001609', 'Regular Childcare', '101609', '2014-03-24', '12:00:00', '14:00:00', 20.50);

INSERT INTO AllowedConnections VALUES ('101610', '127480', '127484', 12748, null);

INSERT INTO Child VALUES ('127484', 'Child1611', '1611child', '2006-02-02', null, null, '../../Pictures/default.jpg', null);

INSERT INTO ChildcareTransaction VALUES ('1000001610', 'Regular Childcare', '101610', '2014-09-23', '12:00:00', '14:00:00', 20.50);

INSERT INTO AllowedConnections VALUES ('101611', '127480', '127485', 12748, null);

INSERT INTO Child VALUES ('127485', 'Child1612', '1612child', '2006-02-02', null, null, '../../Pictures/default.jpg', null);

INSERT INTO ChildcareTransaction VALUES ('1000001611', 'Regular Childcare', '101611', '2014-03-21', '12:00:00', '14:00:00', 20.50);

INSERT INTO Guardian VALUES ('127480', '1234', 'Guardian403', '403guardian', '555-555-5555', 'blah@blah.com', '123 nowhere', null, 'Spokane', 'WA', '99999', '../../Pictures/default.jpg', null);

INSERT INTO Family VALUES ('12748', 42);

INSERT INTO Guardian VALUES ('127481', '1234', 'Guardian2403', '4032guardian', '555-555-5555', 'blah@blah.com', '123 nowhere', null, 'Spokane', 'WA', '99999', '../../Pictures/default.jpg', null);

INSERT INTO AllowedConnections VALUES ('101612', '127490', '127492', 12749, null);

INSERT INTO Child VALUES ('127492', 'Child1613', '1613child', '2006-02-02', null, null, '../../Pictures/default.jpg', null);

INSERT INTO ChildcareTransaction VALUES ('1000001612', 'Regular Childcare', '101612', '2014-12-01', '12:00:00', '14:00:00', 20.50);

INSERT INTO AllowedConnections VALUES ('101613', '127490', '127493', 12749, null);

INSERT INTO Child VALUES ('127493', 'Child1614', '1614child', '2006-02-02', null, null, '../../Pictures/default.jpg', null);

INSERT INTO ChildcareTransaction VALUES ('1000001613', 'Regular Childcare', '101613', '2014-07-25', '12:00:00', '14:00:00', 20.50);

INSERT INTO AllowedConnections VALUES ('101614', '127490', '127494', 12749, null);

INSERT INTO Child VALUES ('127494', 'Child1615', '1615child', '2006-02-02', null, null, '../../Pictures/default.jpg', null);

INSERT INTO ChildcareTransaction VALUES ('1000001614', 'Regular Childcare', '101614', '2014-11-24', '12:00:00', '14:00:00', 20.50);

INSERT INTO AllowedConnections VALUES ('101615', '127490', '127495', 12749, null);

INSERT INTO Child VALUES ('127495', 'Child1616', '1616child', '2006-02-02', null, null, '../../Pictures/default.jpg', null);

INSERT INTO ChildcareTransaction VALUES ('1000001615', 'Regular Childcare', '101615', '2014-03-09', '12:00:00', '14:00:00', 20.50);

INSERT INTO Guardian VALUES ('127490', '1234', 'Guardian404', '404guardian', '555-555-5555', 'blah@blah.com', '123 nowhere', null, 'Spokane', 'WA', '99999', '../../Pictures/default.jpg', null);

INSERT INTO Family VALUES ('12749', 42);

INSERT INTO Guardian VALUES ('127491', '1234', 'Guardian2404', '4042guardian', '555-555-5555', 'blah@blah.com', '123 nowhere', null, 'Spokane', 'WA', '99999', '../../Pictures/default.jpg', null);

INSERT INTO AllowedConnections VALUES ('101616', '127500', '127502', 12750, null);

INSERT INTO Child VALUES ('127502', 'Child1617', '1617child', '2006-02-02', null, null, '../../Pictures/default.jpg', null);

INSERT INTO ChildcareTransaction VALUES ('1000001616', 'Regular Childcare', '101616', '2014-11-13', '12:00:00', '14:00:00', 20.50);

INSERT INTO AllowedConnections VALUES ('101617', '127500', '127503', 12750, null);

INSERT INTO Child VALUES ('127503', 'Child1618', '1618child', '2006-02-02', null, null, '../../Pictures/default.jpg', null);

INSERT INTO ChildcareTransaction VALUES ('1000001617', 'Regular Childcare', '101617', '2014-11-02', '12:00:00', '14:00:00', 20.50);

INSERT INTO AllowedConnections VALUES ('101618', '127500', '127504', 12750, null);

INSERT INTO Child VALUES ('127504', 'Child1619', '1619child', '2006-02-02', null, null, '../../Pictures/default.jpg', null);

INSERT INTO ChildcareTransaction VALUES ('1000001618', 'Regular Childcare', '101618', '2014-05-17', '12:00:00', '14:00:00', 20.50);

INSERT INTO AllowedConnections VALUES ('101619', '127500', '127505', 12750, null);

INSERT INTO Child VALUES ('127505', 'Child1620', '1620child', '2006-02-02', null, null, '../../Pictures/default.jpg', null);

INSERT INTO ChildcareTransaction VALUES ('1000001619', 'Regular Childcare', '101619', '2014-04-27', '12:00:00', '14:00:00', 20.50);

INSERT INTO Guardian VALUES ('127500', '1234', 'Guardian405', '405guardian', '555-555-5555', 'blah@blah.com', '123 nowhere', null, 'Spokane', 'WA', '99999', '../../Pictures/default.jpg', null);

INSERT INTO Family VALUES ('12750', 42);

INSERT INTO Guardian VALUES ('127501', '1234', 'Guardian2405', '4052guardian', '555-555-5555', 'blah@blah.com', '123 nowhere', null, 'Spokane', 'WA', '99999', '../../Pictures/default.jpg', null);

INSERT INTO AllowedConnections VALUES ('101620', '127510', '127512', 12751, null);

INSERT INTO Child VALUES ('127512', 'Child1621', '1621child', '2006-02-02', null, null, '../../Pictures/default.jpg', null);

INSERT INTO ChildcareTransaction VALUES ('1000001620', 'Regular Childcare', '101620', '2014-12-11', '12:00:00', '14:00:00', 20.50);

INSERT INTO AllowedConnections VALUES ('101621', '127510', '127513', 12751, null);

INSERT INTO Child VALUES ('127513', 'Child1622', '1622child', '2006-02-02', null, null, '../../Pictures/default.jpg', null);

INSERT INTO ChildcareTransaction VALUES ('1000001621', 'Regular Childcare', '101621', '2014-04-02', '12:00:00', '14:00:00', 20.50);

INSERT INTO AllowedConnections VALUES ('101622', '127510', '127514', 12751, null);

INSERT INTO Child VALUES ('127514', 'Child1623', '1623child', '2006-02-02', null, null, '../../Pictures/default.jpg', null);

INSERT INTO ChildcareTransaction VALUES ('1000001622', 'Regular Childcare', '101622', '2014-09-07', '12:00:00', '14:00:00', 20.50);

INSERT INTO AllowedConnections VALUES ('101623', '127510', '127515', 12751, null);

INSERT INTO Child VALUES ('127515', 'Child1624', '1624child', '2006-02-02', null, null, '../../Pictures/default.jpg', null);

INSERT INTO ChildcareTransaction VALUES ('1000001623', 'Regular Childcare', '101623', '2014-11-03', '12:00:00', '14:00:00', 20.50);

INSERT INTO Guardian VALUES ('127510', '1234', 'Guardian406', '406guardian', '555-555-5555', 'blah@blah.com', '123 nowhere', null, 'Spokane', 'WA', '99999', '../../Pictures/default.jpg', null);

INSERT INTO Family VALUES ('12751', 42);

INSERT INTO Guardian VALUES ('127511', '1234', 'Guardian2406', '4062guardian', '555-555-5555', 'blah@blah.com', '123 nowhere', null, 'Spokane', 'WA', '99999', '../../Pictures/default.jpg', null);

INSERT INTO AllowedConnections VALUES ('101624', '127520', '127522', 12752, null);

INSERT INTO Child VALUES ('127522', 'Child1625', '1625child', '2006-02-02', null, null, '../../Pictures/default.jpg', null);

INSERT INTO ChildcareTransaction VALUES ('1000001624', 'Regular Childcare', '101624', '2014-05-02', '12:00:00', '14:00:00', 20.50);

INSERT INTO AllowedConnections VALUES ('101625', '127520', '127523', 12752, null);

INSERT INTO Child VALUES ('127523', 'Child1626', '1626child', '2006-02-02', null, null, '../../Pictures/default.jpg', null);

INSERT INTO ChildcareTransaction VALUES ('1000001625', 'Regular Childcare', '101625', '2014-01-11', '12:00:00', '14:00:00', 20.50);

INSERT INTO AllowedConnections VALUES ('101626', '127520', '127524', 12752, null);

INSERT INTO Child VALUES ('127524', 'Child1627', '1627child', '2006-02-02', null, null, '../../Pictures/default.jpg', null);

INSERT INTO ChildcareTransaction VALUES ('1000001626', 'Regular Childcare', '101626', '2014-04-14', '12:00:00', '14:00:00', 20.50);

INSERT INTO AllowedConnections VALUES ('101627', '127520', '127525', 12752, null);

INSERT INTO Child VALUES ('127525', 'Child1628', '1628child', '2006-02-02', null, null, '../../Pictures/default.jpg', null);

INSERT INTO ChildcareTransaction VALUES ('1000001627', 'Regular Childcare', '101627', '2014-09-24', '12:00:00', '14:00:00', 20.50);

INSERT INTO Guardian VALUES ('127520', '1234', 'Guardian407', '407guardian', '555-555-5555', 'blah@blah.com', '123 nowhere', null, 'Spokane', 'WA', '99999', '../../Pictures/default.jpg', null);

INSERT INTO Family VALUES ('12752', 42);

INSERT INTO Guardian VALUES ('127521', '1234', 'Guardian2407', '4072guardian', '555-555-5555', 'blah@blah.com', '123 nowhere', null, 'Spokane', 'WA', '99999', '../../Pictures/default.jpg', null);

INSERT INTO AllowedConnections VALUES ('101628', '127530', '127532', 12753, null);

INSERT INTO Child VALUES ('127532', 'Child1629', '1629child', '2006-02-02', null, null, '../../Pictures/default.jpg', null);

INSERT INTO ChildcareTransaction VALUES ('1000001628', 'Regular Childcare', '101628', '2014-11-08', '12:00:00', '14:00:00', 20.50);

INSERT INTO AllowedConnections VALUES ('101629', '127530', '127533', 12753, null);

INSERT INTO Child VALUES ('127533', 'Child1630', '1630child', '2006-02-02', null, null, '../../Pictures/default.jpg', null);

INSERT INTO ChildcareTransaction VALUES ('1000001629', 'Regular Childcare', '101629', '2014-11-28', '12:00:00', '14:00:00', 20.50);

INSERT INTO AllowedConnections VALUES ('101630', '127530', '127534', 12753, null);

INSERT INTO Child VALUES ('127534', 'Child1631', '1631child', '2006-02-02', null, null, '../../Pictures/default.jpg', null);

INSERT INTO ChildcareTransaction VALUES ('1000001630', 'Regular Childcare', '101630', '2014-09-12', '12:00:00', '14:00:00', 20.50);

INSERT INTO AllowedConnections VALUES ('101631', '127530', '127535', 12753, null);

INSERT INTO Child VALUES ('127535', 'Child1632', '1632child', '2006-02-02', null, null, '../../Pictures/default.jpg', null);

INSERT INTO ChildcareTransaction VALUES ('1000001631', 'Regular Childcare', '101631', '2014-08-07', '12:00:00', '14:00:00', 20.50);

INSERT INTO Guardian VALUES ('127530', '1234', 'Guardian408', '408guardian', '555-555-5555', 'blah@blah.com', '123 nowhere', null, 'Spokane', 'WA', '99999', '../../Pictures/default.jpg', null);

INSERT INTO Family VALUES ('12753', 42);

INSERT INTO Guardian VALUES ('127531', '1234', 'Guardian2408', '4082guardian', '555-555-5555', 'blah@blah.com', '123 nowhere', null, 'Spokane', 'WA', '99999', '../../Pictures/default.jpg', null);

INSERT INTO AllowedConnections VALUES ('101632', '127540', '127542', 12754, null);

INSERT INTO Child VALUES ('127542', 'Child1633', '1633child', '2006-02-02', null, null, '../../Pictures/default.jpg', null);

INSERT INTO ChildcareTransaction VALUES ('1000001632', 'Regular Childcare', '101632', '2014-10-25', '12:00:00', '14:00:00', 20.50);

INSERT INTO AllowedConnections VALUES ('101633', '127540', '127543', 12754, null);

INSERT INTO Child VALUES ('127543', 'Child1634', '1634child', '2006-02-02', null, null, '../../Pictures/default.jpg', null);

INSERT INTO ChildcareTransaction VALUES ('1000001633', 'Regular Childcare', '101633', '2014-12-19', '12:00:00', '14:00:00', 20.50);

INSERT INTO AllowedConnections VALUES ('101634', '127540', '127544', 12754, null);

INSERT INTO Child VALUES ('127544', 'Child1635', '1635child', '2006-02-02', null, null, '../../Pictures/default.jpg', null);

INSERT INTO ChildcareTransaction VALUES ('1000001634', 'Regular Childcare', '101634', '2014-06-03', '12:00:00', '14:00:00', 20.50);

INSERT INTO AllowedConnections VALUES ('101635', '127540', '127545', 12754, null);

INSERT INTO Child VALUES ('127545', 'Child1636', '1636child', '2006-02-02', null, null, '../../Pictures/default.jpg', null);

INSERT INTO ChildcareTransaction VALUES ('1000001635', 'Regular Childcare', '101635', '2014-11-20', '12:00:00', '14:00:00', 20.50);

INSERT INTO Guardian VALUES ('127540', '1234', 'Guardian409', '409guardian', '555-555-5555', 'blah@blah.com', '123 nowhere', null, 'Spokane', 'WA', '99999', '../../Pictures/default.jpg', null);

INSERT INTO Family VALUES ('12754', 42);

INSERT INTO Guardian VALUES ('127541', '1234', 'Guardian2409', '4092guardian', '555-555-5555', 'blah@blah.com', '123 nowhere', null, 'Spokane', 'WA', '99999', '../../Pictures/default.jpg', null);

INSERT INTO AllowedConnections VALUES ('101636', '127550', '127552', 12755, null);

INSERT INTO Child VALUES ('127552', 'Child1637', '1637child', '2006-02-02', null, null, '../../Pictures/default.jpg', null);

INSERT INTO ChildcareTransaction VALUES ('1000001636', 'Regular Childcare', '101636', '2014-06-15', '12:00:00', '14:00:00', 20.50);

INSERT INTO AllowedConnections VALUES ('101637', '127550', '127553', 12755, null);

INSERT INTO Child VALUES ('127553', 'Child1638', '1638child', '2006-02-02', null, null, '../../Pictures/default.jpg', null);

INSERT INTO ChildcareTransaction VALUES ('1000001637', 'Regular Childcare', '101637', '2014-12-07', '12:00:00', '14:00:00', 20.50);

INSERT INTO AllowedConnections VALUES ('101638', '127550', '127554', 12755, null);

INSERT INTO Child VALUES ('127554', 'Child1639', '1639child', '2006-02-02', null, null, '../../Pictures/default.jpg', null);

INSERT INTO ChildcareTransaction VALUES ('1000001638', 'Regular Childcare', '101638', '2014-09-05', '12:00:00', '14:00:00', 20.50);

INSERT INTO AllowedConnections VALUES ('101639', '127550', '127555', 12755, null);

INSERT INTO Child VALUES ('127555', 'Child1640', '1640child', '2006-02-02', null, null, '../../Pictures/default.jpg', null);

INSERT INTO ChildcareTransaction VALUES ('1000001639', 'Regular Childcare', '101639', '2014-09-11', '12:00:00', '14:00:00', 20.50);

INSERT INTO Guardian VALUES ('127550', '1234', 'Guardian410', '410guardian', '555-555-5555', 'blah@blah.com', '123 nowhere', null, 'Spokane', 'WA', '99999', '../../Pictures/default.jpg', null);

INSERT INTO Family VALUES ('12755', 42);

INSERT INTO Guardian VALUES ('127551', '1234', 'Guardian2410', '4102guardian', '555-555-5555', 'blah@blah.com', '123 nowhere', null, 'Spokane', 'WA', '99999', '../../Pictures/default.jpg', null);

INSERT INTO AllowedConnections VALUES ('101640', '127560', '127562', 12756, null);

INSERT INTO Child VALUES ('127562', 'Child1641', '1641child', '2006-02-02', null, null, '../../Pictures/default.jpg', null);

INSERT INTO ChildcareTransaction VALUES ('1000001640', 'Regular Childcare', '101640', '2014-02-20', '12:00:00', '14:00:00', 20.50);

INSERT INTO AllowedConnections VALUES ('101641', '127560', '127563', 12756, null);

INSERT INTO Child VALUES ('127563', 'Child1642', '1642child', '2006-02-02', null, null, '../../Pictures/default.jpg', null);

INSERT INTO ChildcareTransaction VALUES ('1000001641', 'Regular Childcare', '101641', '2014-01-08', '12:00:00', '14:00:00', 20.50);

INSERT INTO AllowedConnections VALUES ('101642', '127560', '127564', 12756, null);

INSERT INTO Child VALUES ('127564', 'Child1643', '1643child', '2006-02-02', null, null, '../../Pictures/default.jpg', null);

INSERT INTO ChildcareTransaction VALUES ('1000001642', 'Regular Childcare', '101642', '2014-06-06', '12:00:00', '14:00:00', 20.50);

INSERT INTO AllowedConnections VALUES ('101643', '127560', '127565', 12756, null);

INSERT INTO Child VALUES ('127565', 'Child1644', '1644child', '2006-02-02', null, null, '../../Pictures/default.jpg', null);

INSERT INTO ChildcareTransaction VALUES ('1000001643', 'Regular Childcare', '101643', '2014-12-19', '12:00:00', '14:00:00', 20.50);

INSERT INTO Guardian VALUES ('127560', '1234', 'Guardian411', '411guardian', '555-555-5555', 'blah@blah.com', '123 nowhere', null, 'Spokane', 'WA', '99999', '../../Pictures/default.jpg', null);

INSERT INTO Family VALUES ('12756', 42);

INSERT INTO Guardian VALUES ('127561', '1234', 'Guardian2411', '4112guardian', '555-555-5555', 'blah@blah.com', '123 nowhere', null, 'Spokane', 'WA', '99999', '../../Pictures/default.jpg', null);

INSERT INTO AllowedConnections VALUES ('101644', '127570', '127572', 12757, null);

INSERT INTO Child VALUES ('127572', 'Child1645', '1645child', '2006-02-02', null, null, '../../Pictures/default.jpg', null);

INSERT INTO ChildcareTransaction VALUES ('1000001644', 'Regular Childcare', '101644', '2014-11-23', '12:00:00', '14:00:00', 20.50);

INSERT INTO AllowedConnections VALUES ('101645', '127570', '127573', 12757, null);

INSERT INTO Child VALUES ('127573', 'Child1646', '1646child', '2006-02-02', null, null, '../../Pictures/default.jpg', null);

INSERT INTO ChildcareTransaction VALUES ('1000001645', 'Regular Childcare', '101645', '2014-10-24', '12:00:00', '14:00:00', 20.50);

INSERT INTO AllowedConnections VALUES ('101646', '127570', '127574', 12757, null);

INSERT INTO Child VALUES ('127574', 'Child1647', '1647child', '2006-02-02', null, null, '../../Pictures/default.jpg', null);

INSERT INTO ChildcareTransaction VALUES ('1000001646', 'Regular Childcare', '101646', '2014-12-23', '12:00:00', '14:00:00', 20.50);

INSERT INTO AllowedConnections VALUES ('101647', '127570', '127575', 12757, null);

INSERT INTO Child VALUES ('127575', 'Child1648', '1648child', '2006-02-02', null, null, '../../Pictures/default.jpg', null);

INSERT INTO ChildcareTransaction VALUES ('1000001647', 'Regular Childcare', '101647', '2014-01-22', '12:00:00', '14:00:00', 20.50);

INSERT INTO Guardian VALUES ('127570', '1234', 'Guardian412', '412guardian', '555-555-5555', 'blah@blah.com', '123 nowhere', null, 'Spokane', 'WA', '99999', '../../Pictures/default.jpg', null);

INSERT INTO Family VALUES ('12757', 42);

INSERT INTO Guardian VALUES ('127571', '1234', 'Guardian2412', '4122guardian', '555-555-5555', 'blah@blah.com', '123 nowhere', null, 'Spokane', 'WA', '99999', '../../Pictures/default.jpg', null);

INSERT INTO AllowedConnections VALUES ('101648', '127580', '127582', 12758, null);

INSERT INTO Child VALUES ('127582', 'Child1649', '1649child', '2006-02-02', null, null, '../../Pictures/default.jpg', null);

INSERT INTO ChildcareTransaction VALUES ('1000001648', 'Regular Childcare', '101648', '2014-07-16', '12:00:00', '14:00:00', 20.50);

INSERT INTO AllowedConnections VALUES ('101649', '127580', '127583', 12758, null);

INSERT INTO Child VALUES ('127583', 'Child1650', '1650child', '2006-02-02', null, null, '../../Pictures/default.jpg', null);

INSERT INTO ChildcareTransaction VALUES ('1000001649', 'Regular Childcare', '101649', '2014-07-26', '12:00:00', '14:00:00', 20.50);

INSERT INTO AllowedConnections VALUES ('101650', '127580', '127584', 12758, null);

INSERT INTO Child VALUES ('127584', 'Child1651', '1651child', '2006-02-02', null, null, '../../Pictures/default.jpg', null);

INSERT INTO ChildcareTransaction VALUES ('1000001650', 'Regular Childcare', '101650', '2014-11-17', '12:00:00', '14:00:00', 20.50);

INSERT INTO AllowedConnections VALUES ('101651', '127580', '127585', 12758, null);

INSERT INTO Child VALUES ('127585', 'Child1652', '1652child', '2006-02-02', null, null, '../../Pictures/default.jpg', null);

INSERT INTO ChildcareTransaction VALUES ('1000001651', 'Regular Childcare', '101651', '2014-09-16', '12:00:00', '14:00:00', 20.50);

INSERT INTO Guardian VALUES ('127580', '1234', 'Guardian413', '413guardian', '555-555-5555', 'blah@blah.com', '123 nowhere', null, 'Spokane', 'WA', '99999', '../../Pictures/default.jpg', null);

INSERT INTO Family VALUES ('12758', 42);

INSERT INTO Guardian VALUES ('127581', '1234', 'Guardian2413', '4132guardian', '555-555-5555', 'blah@blah.com', '123 nowhere', null, 'Spokane', 'WA', '99999', '../../Pictures/default.jpg', null);

INSERT INTO AllowedConnections VALUES ('101652', '127590', '127592', 12759, null);

INSERT INTO Child VALUES ('127592', 'Child1653', '1653child', '2006-02-02', null, null, '../../Pictures/default.jpg', null);

INSERT INTO ChildcareTransaction VALUES ('1000001652', 'Regular Childcare', '101652', '2014-01-07', '12:00:00', '14:00:00', 20.50);

INSERT INTO AllowedConnections VALUES ('101653', '127590', '127593', 12759, null);

INSERT INTO Child VALUES ('127593', 'Child1654', '1654child', '2006-02-02', null, null, '../../Pictures/default.jpg', null);

INSERT INTO ChildcareTransaction VALUES ('1000001653', 'Regular Childcare', '101653', '2014-08-21', '12:00:00', '14:00:00', 20.50);

INSERT INTO AllowedConnections VALUES ('101654', '127590', '127594', 12759, null);

INSERT INTO Child VALUES ('127594', 'Child1655', '1655child', '2006-02-02', null, null, '../../Pictures/default.jpg', null);

INSERT INTO ChildcareTransaction VALUES ('1000001654', 'Regular Childcare', '101654', '2014-02-15', '12:00:00', '14:00:00', 20.50);

INSERT INTO AllowedConnections VALUES ('101655', '127590', '127595', 12759, null);

INSERT INTO Child VALUES ('127595', 'Child1656', '1656child', '2006-02-02', null, null, '../../Pictures/default.jpg', null);

INSERT INTO ChildcareTransaction VALUES ('1000001655', 'Regular Childcare', '101655', '2014-12-14', '12:00:00', '14:00:00', 20.50);

INSERT INTO Guardian VALUES ('127590', '1234', 'Guardian414', '414guardian', '555-555-5555', 'blah@blah.com', '123 nowhere', null, 'Spokane', 'WA', '99999', '../../Pictures/default.jpg', null);

INSERT INTO Family VALUES ('12759', 42);

INSERT INTO Guardian VALUES ('127591', '1234', 'Guardian2414', '4142guardian', '555-555-5555', 'blah@blah.com', '123 nowhere', null, 'Spokane', 'WA', '99999', '../../Pictures/default.jpg', null);

INSERT INTO AllowedConnections VALUES ('101656', '127600', '127602', 12760, null);

INSERT INTO Child VALUES ('127602', 'Child1657', '1657child', '2006-02-02', null, null, '../../Pictures/default.jpg', null);

INSERT INTO ChildcareTransaction VALUES ('1000001656', 'Regular Childcare', '101656', '2014-01-22', '12:00:00', '14:00:00', 20.50);

INSERT INTO AllowedConnections VALUES ('101657', '127600', '127603', 12760, null);

INSERT INTO Child VALUES ('127603', 'Child1658', '1658child', '2006-02-02', null, null, '../../Pictures/default.jpg', null);

INSERT INTO ChildcareTransaction VALUES ('1000001657', 'Regular Childcare', '101657', '2014-02-27', '12:00:00', '14:00:00', 20.50);

INSERT INTO AllowedConnections VALUES ('101658', '127600', '127604', 12760, null);

INSERT INTO Child VALUES ('127604', 'Child1659', '1659child', '2006-02-02', null, null, '../../Pictures/default.jpg', null);

INSERT INTO ChildcareTransaction VALUES ('1000001658', 'Regular Childcare', '101658', '2014-01-11', '12:00:00', '14:00:00', 20.50);

INSERT INTO AllowedConnections VALUES ('101659', '127600', '127605', 12760, null);

INSERT INTO Child VALUES ('127605', 'Child1660', '1660child', '2006-02-02', null, null, '../../Pictures/default.jpg', null);

INSERT INTO ChildcareTransaction VALUES ('1000001659', 'Regular Childcare', '101659', '2014-10-15', '12:00:00', '14:00:00', 20.50);

INSERT INTO Guardian VALUES ('127600', '1234', 'Guardian415', '415guardian', '555-555-5555', 'blah@blah.com', '123 nowhere', null, 'Spokane', 'WA', '99999', '../../Pictures/default.jpg', null);

INSERT INTO Family VALUES ('12760', 42);

INSERT INTO Guardian VALUES ('127601', '1234', 'Guardian2415', '4152guardian', '555-555-5555', 'blah@blah.com', '123 nowhere', null, 'Spokane', 'WA', '99999', '../../Pictures/default.jpg', null);

INSERT INTO AllowedConnections VALUES ('101660', '127610', '127612', 12761, null);

INSERT INTO Child VALUES ('127612', 'Child1661', '1661child', '2006-02-02', null, null, '../../Pictures/default.jpg', null);

INSERT INTO ChildcareTransaction VALUES ('1000001660', 'Regular Childcare', '101660', '2014-07-08', '12:00:00', '14:00:00', 20.50);

INSERT INTO AllowedConnections VALUES ('101661', '127610', '127613', 12761, null);

INSERT INTO Child VALUES ('127613', 'Child1662', '1662child', '2006-02-02', null, null, '../../Pictures/default.jpg', null);

INSERT INTO ChildcareTransaction VALUES ('1000001661', 'Regular Childcare', '101661', '2014-04-15', '12:00:00', '14:00:00', 20.50);

INSERT INTO AllowedConnections VALUES ('101662', '127610', '127614', 12761, null);

INSERT INTO Child VALUES ('127614', 'Child1663', '1663child', '2006-02-02', null, null, '../../Pictures/default.jpg', null);

INSERT INTO ChildcareTransaction VALUES ('1000001662', 'Regular Childcare', '101662', '2014-05-05', '12:00:00', '14:00:00', 20.50);

INSERT INTO AllowedConnections VALUES ('101663', '127610', '127615', 12761, null);

INSERT INTO Child VALUES ('127615', 'Child1664', '1664child', '2006-02-02', null, null, '../../Pictures/default.jpg', null);

INSERT INTO ChildcareTransaction VALUES ('1000001663', 'Regular Childcare', '101663', '2014-12-10', '12:00:00', '14:00:00', 20.50);

INSERT INTO Guardian VALUES ('127610', '1234', 'Guardian416', '416guardian', '555-555-5555', 'blah@blah.com', '123 nowhere', null, 'Spokane', 'WA', '99999', '../../Pictures/default.jpg', null);

INSERT INTO Family VALUES ('12761', 42);

INSERT INTO Guardian VALUES ('127611', '1234', 'Guardian2416', '4162guardian', '555-555-5555', 'blah@blah.com', '123 nowhere', null, 'Spokane', 'WA', '99999', '../../Pictures/default.jpg', null);

INSERT INTO AllowedConnections VALUES ('101664', '127620', '127622', 12762, null);

INSERT INTO Child VALUES ('127622', 'Child1665', '1665child', '2006-02-02', null, null, '../../Pictures/default.jpg', null);

INSERT INTO ChildcareTransaction VALUES ('1000001664', 'Regular Childcare', '101664', '2014-10-10', '12:00:00', '14:00:00', 20.50);

INSERT INTO AllowedConnections VALUES ('101665', '127620', '127623', 12762, null);

INSERT INTO Child VALUES ('127623', 'Child1666', '1666child', '2006-02-02', null, null, '../../Pictures/default.jpg', null);

INSERT INTO ChildcareTransaction VALUES ('1000001665', 'Regular Childcare', '101665', '2014-10-11', '12:00:00', '14:00:00', 20.50);

INSERT INTO AllowedConnections VALUES ('101666', '127620', '127624', 12762, null);

INSERT INTO Child VALUES ('127624', 'Child1667', '1667child', '2006-02-02', null, null, '../../Pictures/default.jpg', null);

INSERT INTO ChildcareTransaction VALUES ('1000001666', 'Regular Childcare', '101666', '2014-05-09', '12:00:00', '14:00:00', 20.50);

INSERT INTO AllowedConnections VALUES ('101667', '127620', '127625', 12762, null);

INSERT INTO Child VALUES ('127625', 'Child1668', '1668child', '2006-02-02', null, null, '../../Pictures/default.jpg', null);

INSERT INTO ChildcareTransaction VALUES ('1000001667', 'Regular Childcare', '101667', '2014-05-08', '12:00:00', '14:00:00', 20.50);

INSERT INTO Guardian VALUES ('127620', '1234', 'Guardian417', '417guardian', '555-555-5555', 'blah@blah.com', '123 nowhere', null, 'Spokane', 'WA', '99999', '../../Pictures/default.jpg', null);

INSERT INTO Family VALUES ('12762', 42);

INSERT INTO Guardian VALUES ('127621', '1234', 'Guardian2417', '4172guardian', '555-555-5555', 'blah@blah.com', '123 nowhere', null, 'Spokane', 'WA', '99999', '../../Pictures/default.jpg', null);

INSERT INTO AllowedConnections VALUES ('101668', '127630', '127632', 12763, null);

INSERT INTO Child VALUES ('127632', 'Child1669', '1669child', '2006-02-02', null, null, '../../Pictures/default.jpg', null);

INSERT INTO ChildcareTransaction VALUES ('1000001668', 'Regular Childcare', '101668', '2014-07-28', '12:00:00', '14:00:00', 20.50);

INSERT INTO AllowedConnections VALUES ('101669', '127630', '127633', 12763, null);

INSERT INTO Child VALUES ('127633', 'Child1670', '1670child', '2006-02-02', null, null, '../../Pictures/default.jpg', null);

INSERT INTO ChildcareTransaction VALUES ('1000001669', 'Regular Childcare', '101669', '2014-08-03', '12:00:00', '14:00:00', 20.50);

INSERT INTO AllowedConnections VALUES ('101670', '127630', '127634', 12763, null);

INSERT INTO Child VALUES ('127634', 'Child1671', '1671child', '2006-02-02', null, null, '../../Pictures/default.jpg', null);

INSERT INTO ChildcareTransaction VALUES ('1000001670', 'Regular Childcare', '101670', '2014-11-01', '12:00:00', '14:00:00', 20.50);

INSERT INTO AllowedConnections VALUES ('101671', '127630', '127635', 12763, null);

INSERT INTO Child VALUES ('127635', 'Child1672', '1672child', '2006-02-02', null, null, '../../Pictures/default.jpg', null);

INSERT INTO ChildcareTransaction VALUES ('1000001671', 'Regular Childcare', '101671', '2014-09-01', '12:00:00', '14:00:00', 20.50);

INSERT INTO Guardian VALUES ('127630', '1234', 'Guardian418', '418guardian', '555-555-5555', 'blah@blah.com', '123 nowhere', null, 'Spokane', 'WA', '99999', '../../Pictures/default.jpg', null);

INSERT INTO Family VALUES ('12763', 42);

INSERT INTO Guardian VALUES ('127631', '1234', 'Guardian2418', '4182guardian', '555-555-5555', 'blah@blah.com', '123 nowhere', null, 'Spokane', 'WA', '99999', '../../Pictures/default.jpg', null);

INSERT INTO AllowedConnections VALUES ('101672', '127640', '127642', 12764, null);

INSERT INTO Child VALUES ('127642', 'Child1673', '1673child', '2006-02-02', null, null, '../../Pictures/default.jpg', null);

INSERT INTO ChildcareTransaction VALUES ('1000001672', 'Regular Childcare', '101672', '2014-12-01', '12:00:00', '14:00:00', 20.50);

INSERT INTO AllowedConnections VALUES ('101673', '127640', '127643', 12764, null);

INSERT INTO Child VALUES ('127643', 'Child1674', '1674child', '2006-02-02', null, null, '../../Pictures/default.jpg', null);

INSERT INTO ChildcareTransaction VALUES ('1000001673', 'Regular Childcare', '101673', '2014-08-27', '12:00:00', '14:00:00', 20.50);

INSERT INTO AllowedConnections VALUES ('101674', '127640', '127644', 12764, null);

INSERT INTO Child VALUES ('127644', 'Child1675', '1675child', '2006-02-02', null, null, '../../Pictures/default.jpg', null);

INSERT INTO ChildcareTransaction VALUES ('1000001674', 'Regular Childcare', '101674', '2014-06-08', '12:00:00', '14:00:00', 20.50);

INSERT INTO AllowedConnections VALUES ('101675', '127640', '127645', 12764, null);

INSERT INTO Child VALUES ('127645', 'Child1676', '1676child', '2006-02-02', null, null, '../../Pictures/default.jpg', null);

INSERT INTO ChildcareTransaction VALUES ('1000001675', 'Regular Childcare', '101675', '2014-06-10', '12:00:00', '14:00:00', 20.50);

INSERT INTO Guardian VALUES ('127640', '1234', 'Guardian419', '419guardian', '555-555-5555', 'blah@blah.com', '123 nowhere', null, 'Spokane', 'WA', '99999', '../../Pictures/default.jpg', null);

INSERT INTO Family VALUES ('12764', 42);

INSERT INTO Guardian VALUES ('127641', '1234', 'Guardian2419', '4192guardian', '555-555-5555', 'blah@blah.com', '123 nowhere', null, 'Spokane', 'WA', '99999', '../../Pictures/default.jpg', null);

INSERT INTO AllowedConnections VALUES ('101676', '127650', '127652', 12765, null);

INSERT INTO Child VALUES ('127652', 'Child1677', '1677child', '2006-02-02', null, null, '../../Pictures/default.jpg', null);

INSERT INTO ChildcareTransaction VALUES ('1000001676', 'Regular Childcare', '101676', '2014-12-17', '12:00:00', '14:00:00', 20.50);

INSERT INTO AllowedConnections VALUES ('101677', '127650', '127653', 12765, null);

INSERT INTO Child VALUES ('127653', 'Child1678', '1678child', '2006-02-02', null, null, '../../Pictures/default.jpg', null);

INSERT INTO ChildcareTransaction VALUES ('1000001677', 'Regular Childcare', '101677', '2014-05-06', '12:00:00', '14:00:00', 20.50);

INSERT INTO AllowedConnections VALUES ('101678', '127650', '127654', 12765, null);

INSERT INTO Child VALUES ('127654', 'Child1679', '1679child', '2006-02-02', null, null, '../../Pictures/default.jpg', null);

INSERT INTO ChildcareTransaction VALUES ('1000001678', 'Regular Childcare', '101678', '2014-07-24', '12:00:00', '14:00:00', 20.50);

INSERT INTO AllowedConnections VALUES ('101679', '127650', '127655', 12765, null);

INSERT INTO Child VALUES ('127655', 'Child1680', '1680child', '2006-02-02', null, null, '../../Pictures/default.jpg', null);

INSERT INTO ChildcareTransaction VALUES ('1000001679', 'Regular Childcare', '101679', '2014-09-22', '12:00:00', '14:00:00', 20.50);

INSERT INTO Guardian VALUES ('127650', '1234', 'Guardian420', '420guardian', '555-555-5555', 'blah@blah.com', '123 nowhere', null, 'Spokane', 'WA', '99999', '../../Pictures/default.jpg', null);

INSERT INTO Family VALUES ('12765', 42);

INSERT INTO Guardian VALUES ('127651', '1234', 'Guardian2420', '4202guardian', '555-555-5555', 'blah@blah.com', '123 nowhere', null, 'Spokane', 'WA', '99999', '../../Pictures/default.jpg', null);

INSERT INTO AllowedConnections VALUES ('101680', '127660', '127662', 12766, null);

INSERT INTO Child VALUES ('127662', 'Child1681', '1681child', '2006-02-02', null, null, '../../Pictures/default.jpg', null);

INSERT INTO ChildcareTransaction VALUES ('1000001680', 'Regular Childcare', '101680', '2014-10-26', '12:00:00', '14:00:00', 20.50);

INSERT INTO AllowedConnections VALUES ('101681', '127660', '127663', 12766, null);

INSERT INTO Child VALUES ('127663', 'Child1682', '1682child', '2006-02-02', null, null, '../../Pictures/default.jpg', null);

INSERT INTO ChildcareTransaction VALUES ('1000001681', 'Regular Childcare', '101681', '2014-03-28', '12:00:00', '14:00:00', 20.50);

INSERT INTO AllowedConnections VALUES ('101682', '127660', '127664', 12766, null);

INSERT INTO Child VALUES ('127664', 'Child1683', '1683child', '2006-02-02', null, null, '../../Pictures/default.jpg', null);

INSERT INTO ChildcareTransaction VALUES ('1000001682', 'Regular Childcare', '101682', '2014-06-02', '12:00:00', '14:00:00', 20.50);

INSERT INTO AllowedConnections VALUES ('101683', '127660', '127665', 12766, null);

INSERT INTO Child VALUES ('127665', 'Child1684', '1684child', '2006-02-02', null, null, '../../Pictures/default.jpg', null);

INSERT INTO ChildcareTransaction VALUES ('1000001683', 'Regular Childcare', '101683', '2014-11-14', '12:00:00', '14:00:00', 20.50);

INSERT INTO Guardian VALUES ('127660', '1234', 'Guardian421', '421guardian', '555-555-5555', 'blah@blah.com', '123 nowhere', null, 'Spokane', 'WA', '99999', '../../Pictures/default.jpg', null);

INSERT INTO Family VALUES ('12766', 42);

INSERT INTO Guardian VALUES ('127661', '1234', 'Guardian2421', '4212guardian', '555-555-5555', 'blah@blah.com', '123 nowhere', null, 'Spokane', 'WA', '99999', '../../Pictures/default.jpg', null);

INSERT INTO AllowedConnections VALUES ('101684', '127670', '127672', 12767, null);

INSERT INTO Child VALUES ('127672', 'Child1685', '1685child', '2006-02-02', null, null, '../../Pictures/default.jpg', null);

INSERT INTO ChildcareTransaction VALUES ('1000001684', 'Regular Childcare', '101684', '2014-02-04', '12:00:00', '14:00:00', 20.50);

INSERT INTO AllowedConnections VALUES ('101685', '127670', '127673', 12767, null);

INSERT INTO Child VALUES ('127673', 'Child1686', '1686child', '2006-02-02', null, null, '../../Pictures/default.jpg', null);

INSERT INTO ChildcareTransaction VALUES ('1000001685', 'Regular Childcare', '101685', '2014-07-04', '12:00:00', '14:00:00', 20.50);

INSERT INTO AllowedConnections VALUES ('101686', '127670', '127674', 12767, null);

INSERT INTO Child VALUES ('127674', 'Child1687', '1687child', '2006-02-02', null, null, '../../Pictures/default.jpg', null);

INSERT INTO ChildcareTransaction VALUES ('1000001686', 'Regular Childcare', '101686', '2014-01-10', '12:00:00', '14:00:00', 20.50);

INSERT INTO AllowedConnections VALUES ('101687', '127670', '127675', 12767, null);

INSERT INTO Child VALUES ('127675', 'Child1688', '1688child', '2006-02-02', null, null, '../../Pictures/default.jpg', null);

INSERT INTO ChildcareTransaction VALUES ('1000001687', 'Regular Childcare', '101687', '2014-07-05', '12:00:00', '14:00:00', 20.50);

INSERT INTO Guardian VALUES ('127670', '1234', 'Guardian422', '422guardian', '555-555-5555', 'blah@blah.com', '123 nowhere', null, 'Spokane', 'WA', '99999', '../../Pictures/default.jpg', null);

INSERT INTO Family VALUES ('12767', 42);

INSERT INTO Guardian VALUES ('127671', '1234', 'Guardian2422', '4222guardian', '555-555-5555', 'blah@blah.com', '123 nowhere', null, 'Spokane', 'WA', '99999', '../../Pictures/default.jpg', null);

INSERT INTO AllowedConnections VALUES ('101688', '127680', '127682', 12768, null);

INSERT INTO Child VALUES ('127682', 'Child1689', '1689child', '2006-02-02', null, null, '../../Pictures/default.jpg', null);

INSERT INTO ChildcareTransaction VALUES ('1000001688', 'Regular Childcare', '101688', '2014-07-08', '12:00:00', '14:00:00', 20.50);

INSERT INTO AllowedConnections VALUES ('101689', '127680', '127683', 12768, null);

INSERT INTO Child VALUES ('127683', 'Child1690', '1690child', '2006-02-02', null, null, '../../Pictures/default.jpg', null);

INSERT INTO ChildcareTransaction VALUES ('1000001689', 'Regular Childcare', '101689', '2014-11-17', '12:00:00', '14:00:00', 20.50);

INSERT INTO AllowedConnections VALUES ('101690', '127680', '127684', 12768, null);

INSERT INTO Child VALUES ('127684', 'Child1691', '1691child', '2006-02-02', null, null, '../../Pictures/default.jpg', null);

INSERT INTO ChildcareTransaction VALUES ('1000001690', 'Regular Childcare', '101690', '2014-08-03', '12:00:00', '14:00:00', 20.50);

INSERT INTO AllowedConnections VALUES ('101691', '127680', '127685', 12768, null);

INSERT INTO Child VALUES ('127685', 'Child1692', '1692child', '2006-02-02', null, null, '../../Pictures/default.jpg', null);

INSERT INTO ChildcareTransaction VALUES ('1000001691', 'Regular Childcare', '101691', '2014-06-22', '12:00:00', '14:00:00', 20.50);

INSERT INTO Guardian VALUES ('127680', '1234', 'Guardian423', '423guardian', '555-555-5555', 'blah@blah.com', '123 nowhere', null, 'Spokane', 'WA', '99999', '../../Pictures/default.jpg', null);

INSERT INTO Family VALUES ('12768', 42);

INSERT INTO Guardian VALUES ('127681', '1234', 'Guardian2423', '4232guardian', '555-555-5555', 'blah@blah.com', '123 nowhere', null, 'Spokane', 'WA', '99999', '../../Pictures/default.jpg', null);

INSERT INTO AllowedConnections VALUES ('101692', '127690', '127692', 12769, null);

INSERT INTO Child VALUES ('127692', 'Child1693', '1693child', '2006-02-02', null, null, '../../Pictures/default.jpg', null);

INSERT INTO ChildcareTransaction VALUES ('1000001692', 'Regular Childcare', '101692', '2014-06-17', '12:00:00', '14:00:00', 20.50);

INSERT INTO AllowedConnections VALUES ('101693', '127690', '127693', 12769, null);

INSERT INTO Child VALUES ('127693', 'Child1694', '1694child', '2006-02-02', null, null, '../../Pictures/default.jpg', null);

INSERT INTO ChildcareTransaction VALUES ('1000001693', 'Regular Childcare', '101693', '2014-06-23', '12:00:00', '14:00:00', 20.50);

INSERT INTO AllowedConnections VALUES ('101694', '127690', '127694', 12769, null);

INSERT INTO Child VALUES ('127694', 'Child1695', '1695child', '2006-02-02', null, null, '../../Pictures/default.jpg', null);

INSERT INTO ChildcareTransaction VALUES ('1000001694', 'Regular Childcare', '101694', '2014-05-15', '12:00:00', '14:00:00', 20.50);

INSERT INTO AllowedConnections VALUES ('101695', '127690', '127695', 12769, null);

INSERT INTO Child VALUES ('127695', 'Child1696', '1696child', '2006-02-02', null, null, '../../Pictures/default.jpg', null);

INSERT INTO ChildcareTransaction VALUES ('1000001695', 'Regular Childcare', '101695', '2014-06-19', '12:00:00', '14:00:00', 20.50);

INSERT INTO Guardian VALUES ('127690', '1234', 'Guardian424', '424guardian', '555-555-5555', 'blah@blah.com', '123 nowhere', null, 'Spokane', 'WA', '99999', '../../Pictures/default.jpg', null);

INSERT INTO Family VALUES ('12769', 42);

INSERT INTO Guardian VALUES ('127691', '1234', 'Guardian2424', '4242guardian', '555-555-5555', 'blah@blah.com', '123 nowhere', null, 'Spokane', 'WA', '99999', '../../Pictures/default.jpg', null);

INSERT INTO AllowedConnections VALUES ('101696', '127700', '127702', 12770, null);

INSERT INTO Child VALUES ('127702', 'Child1697', '1697child', '2006-02-02', null, null, '../../Pictures/default.jpg', null);

INSERT INTO ChildcareTransaction VALUES ('1000001696', 'Regular Childcare', '101696', '2014-03-06', '12:00:00', '14:00:00', 20.50);

INSERT INTO AllowedConnections VALUES ('101697', '127700', '127703', 12770, null);

INSERT INTO Child VALUES ('127703', 'Child1698', '1698child', '2006-02-02', null, null, '../../Pictures/default.jpg', null);

INSERT INTO ChildcareTransaction VALUES ('1000001697', 'Regular Childcare', '101697', '2014-06-17', '12:00:00', '14:00:00', 20.50);

INSERT INTO AllowedConnections VALUES ('101698', '127700', '127704', 12770, null);

INSERT INTO Child VALUES ('127704', 'Child1699', '1699child', '2006-02-02', null, null, '../../Pictures/default.jpg', null);

INSERT INTO ChildcareTransaction VALUES ('1000001698', 'Regular Childcare', '101698', '2014-06-04', '12:00:00', '14:00:00', 20.50);

INSERT INTO AllowedConnections VALUES ('101699', '127700', '127705', 12770, null);

INSERT INTO Child VALUES ('127705', 'Child1700', '1700child', '2006-02-02', null, null, '../../Pictures/default.jpg', null);

INSERT INTO ChildcareTransaction VALUES ('1000001699', 'Regular Childcare', '101699', '2014-03-03', '12:00:00', '14:00:00', 20.50);

INSERT INTO Guardian VALUES ('127700', '1234', 'Guardian425', '425guardian', '555-555-5555', 'blah@blah.com', '123 nowhere', null, 'Spokane', 'WA', '99999', '../../Pictures/default.jpg', null);

INSERT INTO Family VALUES ('12770', 42);

INSERT INTO Guardian VALUES ('127701', '1234', 'Guardian2425', '4252guardian', '555-555-5555', 'blah@blah.com', '123 nowhere', null, 'Spokane', 'WA', '99999', '../../Pictures/default.jpg', null);

INSERT INTO AllowedConnections VALUES ('101700', '127710', '127712', 12771, null);

INSERT INTO Child VALUES ('127712', 'Child1701', '1701child', '2006-02-02', null, null, '../../Pictures/default.jpg', null);

INSERT INTO ChildcareTransaction VALUES ('1000001700', 'Regular Childcare', '101700', '2014-08-03', '12:00:00', '14:00:00', 20.50);

INSERT INTO AllowedConnections VALUES ('101701', '127710', '127713', 12771, null);

INSERT INTO Child VALUES ('127713', 'Child1702', '1702child', '2006-02-02', null, null, '../../Pictures/default.jpg', null);

INSERT INTO ChildcareTransaction VALUES ('1000001701', 'Regular Childcare', '101701', '2014-04-15', '12:00:00', '14:00:00', 20.50);

INSERT INTO AllowedConnections VALUES ('101702', '127710', '127714', 12771, null);

INSERT INTO Child VALUES ('127714', 'Child1703', '1703child', '2006-02-02', null, null, '../../Pictures/default.jpg', null);

INSERT INTO ChildcareTransaction VALUES ('1000001702', 'Regular Childcare', '101702', '2014-01-05', '12:00:00', '14:00:00', 20.50);

INSERT INTO AllowedConnections VALUES ('101703', '127710', '127715', 12771, null);

INSERT INTO Child VALUES ('127715', 'Child1704', '1704child', '2006-02-02', null, null, '../../Pictures/default.jpg', null);

INSERT INTO ChildcareTransaction VALUES ('1000001703', 'Regular Childcare', '101703', '2014-11-18', '12:00:00', '14:00:00', 20.50);

INSERT INTO Guardian VALUES ('127710', '1234', 'Guardian426', '426guardian', '555-555-5555', 'blah@blah.com', '123 nowhere', null, 'Spokane', 'WA', '99999', '../../Pictures/default.jpg', null);

INSERT INTO Family VALUES ('12771', 42);

INSERT INTO Guardian VALUES ('127711', '1234', 'Guardian2426', '4262guardian', '555-555-5555', 'blah@blah.com', '123 nowhere', null, 'Spokane', 'WA', '99999', '../../Pictures/default.jpg', null);

INSERT INTO AllowedConnections VALUES ('101704', '127720', '127722', 12772, null);

INSERT INTO Child VALUES ('127722', 'Child1705', '1705child', '2006-02-02', null, null, '../../Pictures/default.jpg', null);

INSERT INTO ChildcareTransaction VALUES ('1000001704', 'Regular Childcare', '101704', '2014-07-14', '12:00:00', '14:00:00', 20.50);

INSERT INTO AllowedConnections VALUES ('101705', '127720', '127723', 12772, null);

INSERT INTO Child VALUES ('127723', 'Child1706', '1706child', '2006-02-02', null, null, '../../Pictures/default.jpg', null);

INSERT INTO ChildcareTransaction VALUES ('1000001705', 'Regular Childcare', '101705', '2014-12-14', '12:00:00', '14:00:00', 20.50);

INSERT INTO AllowedConnections VALUES ('101706', '127720', '127724', 12772, null);

INSERT INTO Child VALUES ('127724', 'Child1707', '1707child', '2006-02-02', null, null, '../../Pictures/default.jpg', null);

INSERT INTO ChildcareTransaction VALUES ('1000001706', 'Regular Childcare', '101706', '2014-03-24', '12:00:00', '14:00:00', 20.50);

INSERT INTO AllowedConnections VALUES ('101707', '127720', '127725', 12772, null);

INSERT INTO Child VALUES ('127725', 'Child1708', '1708child', '2006-02-02', null, null, '../../Pictures/default.jpg', null);

INSERT INTO ChildcareTransaction VALUES ('1000001707', 'Regular Childcare', '101707', '2014-11-16', '12:00:00', '14:00:00', 20.50);

INSERT INTO Guardian VALUES ('127720', '1234', 'Guardian427', '427guardian', '555-555-5555', 'blah@blah.com', '123 nowhere', null, 'Spokane', 'WA', '99999', '../../Pictures/default.jpg', null);

INSERT INTO Family VALUES ('12772', 42);

INSERT INTO Guardian VALUES ('127721', '1234', 'Guardian2427', '4272guardian', '555-555-5555', 'blah@blah.com', '123 nowhere', null, 'Spokane', 'WA', '99999', '../../Pictures/default.jpg', null);

INSERT INTO AllowedConnections VALUES ('101708', '127730', '127732', 12773, null);

INSERT INTO Child VALUES ('127732', 'Child1709', '1709child', '2006-02-02', null, null, '../../Pictures/default.jpg', null);

INSERT INTO ChildcareTransaction VALUES ('1000001708', 'Regular Childcare', '101708', '2014-05-17', '12:00:00', '14:00:00', 20.50);

INSERT INTO AllowedConnections VALUES ('101709', '127730', '127733', 12773, null);

INSERT INTO Child VALUES ('127733', 'Child1710', '1710child', '2006-02-02', null, null, '../../Pictures/default.jpg', null);

INSERT INTO ChildcareTransaction VALUES ('1000001709', 'Regular Childcare', '101709', '2014-06-10', '12:00:00', '14:00:00', 20.50);

INSERT INTO AllowedConnections VALUES ('101710', '127730', '127734', 12773, null);

INSERT INTO Child VALUES ('127734', 'Child1711', '1711child', '2006-02-02', null, null, '../../Pictures/default.jpg', null);

INSERT INTO ChildcareTransaction VALUES ('1000001710', 'Regular Childcare', '101710', '2014-01-14', '12:00:00', '14:00:00', 20.50);

INSERT INTO AllowedConnections VALUES ('101711', '127730', '127735', 12773, null);

INSERT INTO Child VALUES ('127735', 'Child1712', '1712child', '2006-02-02', null, null, '../../Pictures/default.jpg', null);

INSERT INTO ChildcareTransaction VALUES ('1000001711', 'Regular Childcare', '101711', '2014-01-09', '12:00:00', '14:00:00', 20.50);

INSERT INTO Guardian VALUES ('127730', '1234', 'Guardian428', '428guardian', '555-555-5555', 'blah@blah.com', '123 nowhere', null, 'Spokane', 'WA', '99999', '../../Pictures/default.jpg', null);

INSERT INTO Family VALUES ('12773', 42);

INSERT INTO Guardian VALUES ('127731', '1234', 'Guardian2428', '4282guardian', '555-555-5555', 'blah@blah.com', '123 nowhere', null, 'Spokane', 'WA', '99999', '../../Pictures/default.jpg', null);

INSERT INTO AllowedConnections VALUES ('101712', '127740', '127742', 12774, null);

INSERT INTO Child VALUES ('127742', 'Child1713', '1713child', '2006-02-02', null, null, '../../Pictures/default.jpg', null);

INSERT INTO ChildcareTransaction VALUES ('1000001712', 'Regular Childcare', '101712', '2014-10-10', '12:00:00', '14:00:00', 20.50);

INSERT INTO AllowedConnections VALUES ('101713', '127740', '127743', 12774, null);

INSERT INTO Child VALUES ('127743', 'Child1714', '1714child', '2006-02-02', null, null, '../../Pictures/default.jpg', null);

INSERT INTO ChildcareTransaction VALUES ('1000001713', 'Regular Childcare', '101713', '2014-07-18', '12:00:00', '14:00:00', 20.50);

INSERT INTO AllowedConnections VALUES ('101714', '127740', '127744', 12774, null);

INSERT INTO Child VALUES ('127744', 'Child1715', '1715child', '2006-02-02', null, null, '../../Pictures/default.jpg', null);

INSERT INTO ChildcareTransaction VALUES ('1000001714', 'Regular Childcare', '101714', '2014-08-08', '12:00:00', '14:00:00', 20.50);

INSERT INTO AllowedConnections VALUES ('101715', '127740', '127745', 12774, null);

INSERT INTO Child VALUES ('127745', 'Child1716', '1716child', '2006-02-02', null, null, '../../Pictures/default.jpg', null);

INSERT INTO ChildcareTransaction VALUES ('1000001715', 'Regular Childcare', '101715', '2014-12-05', '12:00:00', '14:00:00', 20.50);

INSERT INTO Guardian VALUES ('127740', '1234', 'Guardian429', '429guardian', '555-555-5555', 'blah@blah.com', '123 nowhere', null, 'Spokane', 'WA', '99999', '../../Pictures/default.jpg', null);

INSERT INTO Family VALUES ('12774', 42);

INSERT INTO Guardian VALUES ('127741', '1234', 'Guardian2429', '4292guardian', '555-555-5555', 'blah@blah.com', '123 nowhere', null, 'Spokane', 'WA', '99999', '../../Pictures/default.jpg', null);

INSERT INTO AllowedConnections VALUES ('101716', '127750', '127752', 12775, null);

INSERT INTO Child VALUES ('127752', 'Child1717', '1717child', '2006-02-02', null, null, '../../Pictures/default.jpg', null);

INSERT INTO ChildcareTransaction VALUES ('1000001716', 'Regular Childcare', '101716', '2014-06-06', '12:00:00', '14:00:00', 20.50);

INSERT INTO AllowedConnections VALUES ('101717', '127750', '127753', 12775, null);

INSERT INTO Child VALUES ('127753', 'Child1718', '1718child', '2006-02-02', null, null, '../../Pictures/default.jpg', null);

INSERT INTO ChildcareTransaction VALUES ('1000001717', 'Regular Childcare', '101717', '2014-04-26', '12:00:00', '14:00:00', 20.50);

INSERT INTO AllowedConnections VALUES ('101718', '127750', '127754', 12775, null);

INSERT INTO Child VALUES ('127754', 'Child1719', '1719child', '2006-02-02', null, null, '../../Pictures/default.jpg', null);

INSERT INTO ChildcareTransaction VALUES ('1000001718', 'Regular Childcare', '101718', '2014-08-13', '12:00:00', '14:00:00', 20.50);

INSERT INTO AllowedConnections VALUES ('101719', '127750', '127755', 12775, null);

INSERT INTO Child VALUES ('127755', 'Child1720', '1720child', '2006-02-02', null, null, '../../Pictures/default.jpg', null);

INSERT INTO ChildcareTransaction VALUES ('1000001719', 'Regular Childcare', '101719', '2014-09-12', '12:00:00', '14:00:00', 20.50);

INSERT INTO Guardian VALUES ('127750', '1234', 'Guardian430', '430guardian', '555-555-5555', 'blah@blah.com', '123 nowhere', null, 'Spokane', 'WA', '99999', '../../Pictures/default.jpg', null);

INSERT INTO Family VALUES ('12775', 42);

INSERT INTO Guardian VALUES ('127751', '1234', 'Guardian2430', '4302guardian', '555-555-5555', 'blah@blah.com', '123 nowhere', null, 'Spokane', 'WA', '99999', '../../Pictures/default.jpg', null);

INSERT INTO AllowedConnections VALUES ('101720', '127760', '127762', 12776, null);

INSERT INTO Child VALUES ('127762', 'Child1721', '1721child', '2006-02-02', null, null, '../../Pictures/default.jpg', null);

INSERT INTO ChildcareTransaction VALUES ('1000001720', 'Regular Childcare', '101720', '2014-10-28', '12:00:00', '14:00:00', 20.50);

INSERT INTO AllowedConnections VALUES ('101721', '127760', '127763', 12776, null);

INSERT INTO Child VALUES ('127763', 'Child1722', '1722child', '2006-02-02', null, null, '../../Pictures/default.jpg', null);

INSERT INTO ChildcareTransaction VALUES ('1000001721', 'Regular Childcare', '101721', '2014-08-17', '12:00:00', '14:00:00', 20.50);

INSERT INTO AllowedConnections VALUES ('101722', '127760', '127764', 12776, null);

INSERT INTO Child VALUES ('127764', 'Child1723', '1723child', '2006-02-02', null, null, '../../Pictures/default.jpg', null);

INSERT INTO ChildcareTransaction VALUES ('1000001722', 'Regular Childcare', '101722', '2014-12-20', '12:00:00', '14:00:00', 20.50);

INSERT INTO AllowedConnections VALUES ('101723', '127760', '127765', 12776, null);

INSERT INTO Child VALUES ('127765', 'Child1724', '1724child', '2006-02-02', null, null, '../../Pictures/default.jpg', null);

INSERT INTO ChildcareTransaction VALUES ('1000001723', 'Regular Childcare', '101723', '2014-04-14', '12:00:00', '14:00:00', 20.50);

INSERT INTO Guardian VALUES ('127760', '1234', 'Guardian431', '431guardian', '555-555-5555', 'blah@blah.com', '123 nowhere', null, 'Spokane', 'WA', '99999', '../../Pictures/default.jpg', null);

INSERT INTO Family VALUES ('12776', 42);

INSERT INTO Guardian VALUES ('127761', '1234', 'Guardian2431', '4312guardian', '555-555-5555', 'blah@blah.com', '123 nowhere', null, 'Spokane', 'WA', '99999', '../../Pictures/default.jpg', null);

INSERT INTO AllowedConnections VALUES ('101724', '127770', '127772', 12777, null);

INSERT INTO Child VALUES ('127772', 'Child1725', '1725child', '2006-02-02', null, null, '../../Pictures/default.jpg', null);

INSERT INTO ChildcareTransaction VALUES ('1000001724', 'Regular Childcare', '101724', '2014-12-03', '12:00:00', '14:00:00', 20.50);

INSERT INTO AllowedConnections VALUES ('101725', '127770', '127773', 12777, null);

INSERT INTO Child VALUES ('127773', 'Child1726', '1726child', '2006-02-02', null, null, '../../Pictures/default.jpg', null);

INSERT INTO ChildcareTransaction VALUES ('1000001725', 'Regular Childcare', '101725', '2014-05-15', '12:00:00', '14:00:00', 20.50);

INSERT INTO AllowedConnections VALUES ('101726', '127770', '127774', 12777, null);

INSERT INTO Child VALUES ('127774', 'Child1727', '1727child', '2006-02-02', null, null, '../../Pictures/default.jpg', null);

INSERT INTO ChildcareTransaction VALUES ('1000001726', 'Regular Childcare', '101726', '2014-09-11', '12:00:00', '14:00:00', 20.50);

INSERT INTO AllowedConnections VALUES ('101727', '127770', '127775', 12777, null);

INSERT INTO Child VALUES ('127775', 'Child1728', '1728child', '2006-02-02', null, null, '../../Pictures/default.jpg', null);

INSERT INTO ChildcareTransaction VALUES ('1000001727', 'Regular Childcare', '101727', '2014-05-27', '12:00:00', '14:00:00', 20.50);

INSERT INTO Guardian VALUES ('127770', '1234', 'Guardian432', '432guardian', '555-555-5555', 'blah@blah.com', '123 nowhere', null, 'Spokane', 'WA', '99999', '../../Pictures/default.jpg', null);

INSERT INTO Family VALUES ('12777', 42);

INSERT INTO Guardian VALUES ('127771', '1234', 'Guardian2432', '4322guardian', '555-555-5555', 'blah@blah.com', '123 nowhere', null, 'Spokane', 'WA', '99999', '../../Pictures/default.jpg', null);

INSERT INTO AllowedConnections VALUES ('101728', '127780', '127782', 12778, null);

INSERT INTO Child VALUES ('127782', 'Child1729', '1729child', '2006-02-02', null, null, '../../Pictures/default.jpg', null);

INSERT INTO ChildcareTransaction VALUES ('1000001728', 'Regular Childcare', '101728', '2014-12-25', '12:00:00', '14:00:00', 20.50);

INSERT INTO AllowedConnections VALUES ('101729', '127780', '127783', 12778, null);

INSERT INTO Child VALUES ('127783', 'Child1730', '1730child', '2006-02-02', null, null, '../../Pictures/default.jpg', null);

INSERT INTO ChildcareTransaction VALUES ('1000001729', 'Regular Childcare', '101729', '2014-05-08', '12:00:00', '14:00:00', 20.50);

INSERT INTO AllowedConnections VALUES ('101730', '127780', '127784', 12778, null);

INSERT INTO Child VALUES ('127784', 'Child1731', '1731child', '2006-02-02', null, null, '../../Pictures/default.jpg', null);

INSERT INTO ChildcareTransaction VALUES ('1000001730', 'Regular Childcare', '101730', '2014-09-04', '12:00:00', '14:00:00', 20.50);

INSERT INTO AllowedConnections VALUES ('101731', '127780', '127785', 12778, null);

INSERT INTO Child VALUES ('127785', 'Child1732', '1732child', '2006-02-02', null, null, '../../Pictures/default.jpg', null);

INSERT INTO ChildcareTransaction VALUES ('1000001731', 'Regular Childcare', '101731', '2014-04-08', '12:00:00', '14:00:00', 20.50);

INSERT INTO Guardian VALUES ('127780', '1234', 'Guardian433', '433guardian', '555-555-5555', 'blah@blah.com', '123 nowhere', null, 'Spokane', 'WA', '99999', '../../Pictures/default.jpg', null);

INSERT INTO Family VALUES ('12778', 42);

INSERT INTO Guardian VALUES ('127781', '1234', 'Guardian2433', '4332guardian', '555-555-5555', 'blah@blah.com', '123 nowhere', null, 'Spokane', 'WA', '99999', '../../Pictures/default.jpg', null);

INSERT INTO AllowedConnections VALUES ('101732', '127790', '127792', 12779, null);

INSERT INTO Child VALUES ('127792', 'Child1733', '1733child', '2006-02-02', null, null, '../../Pictures/default.jpg', null);

INSERT INTO ChildcareTransaction VALUES ('1000001732', 'Regular Childcare', '101732', '2014-11-01', '12:00:00', '14:00:00', 20.50);

INSERT INTO AllowedConnections VALUES ('101733', '127790', '127793', 12779, null);

INSERT INTO Child VALUES ('127793', 'Child1734', '1734child', '2006-02-02', null, null, '../../Pictures/default.jpg', null);

INSERT INTO ChildcareTransaction VALUES ('1000001733', 'Regular Childcare', '101733', '2014-08-05', '12:00:00', '14:00:00', 20.50);

INSERT INTO AllowedConnections VALUES ('101734', '127790', '127794', 12779, null);

INSERT INTO Child VALUES ('127794', 'Child1735', '1735child', '2006-02-02', null, null, '../../Pictures/default.jpg', null);

INSERT INTO ChildcareTransaction VALUES ('1000001734', 'Regular Childcare', '101734', '2014-12-17', '12:00:00', '14:00:00', 20.50);

INSERT INTO AllowedConnections VALUES ('101735', '127790', '127795', 12779, null);

INSERT INTO Child VALUES ('127795', 'Child1736', '1736child', '2006-02-02', null, null, '../../Pictures/default.jpg', null);

INSERT INTO ChildcareTransaction VALUES ('1000001735', 'Regular Childcare', '101735', '2014-11-20', '12:00:00', '14:00:00', 20.50);

INSERT INTO Guardian VALUES ('127790', '1234', 'Guardian434', '434guardian', '555-555-5555', 'blah@blah.com', '123 nowhere', null, 'Spokane', 'WA', '99999', '../../Pictures/default.jpg', null);

INSERT INTO Family VALUES ('12779', 42);

INSERT INTO Guardian VALUES ('127791', '1234', 'Guardian2434', '4342guardian', '555-555-5555', 'blah@blah.com', '123 nowhere', null, 'Spokane', 'WA', '99999', '../../Pictures/default.jpg', null);

INSERT INTO AllowedConnections VALUES ('101736', '127800', '127802', 12780, null);

INSERT INTO Child VALUES ('127802', 'Child1737', '1737child', '2006-02-02', null, null, '../../Pictures/default.jpg', null);

INSERT INTO ChildcareTransaction VALUES ('1000001736', 'Regular Childcare', '101736', '2014-01-11', '12:00:00', '14:00:00', 20.50);

INSERT INTO AllowedConnections VALUES ('101737', '127800', '127803', 12780, null);

INSERT INTO Child VALUES ('127803', 'Child1738', '1738child', '2006-02-02', null, null, '../../Pictures/default.jpg', null);

INSERT INTO ChildcareTransaction VALUES ('1000001737', 'Regular Childcare', '101737', '2014-12-20', '12:00:00', '14:00:00', 20.50);

INSERT INTO AllowedConnections VALUES ('101738', '127800', '127804', 12780, null);

INSERT INTO Child VALUES ('127804', 'Child1739', '1739child', '2006-02-02', null, null, '../../Pictures/default.jpg', null);

INSERT INTO ChildcareTransaction VALUES ('1000001738', 'Regular Childcare', '101738', '2014-03-02', '12:00:00', '14:00:00', 20.50);

INSERT INTO AllowedConnections VALUES ('101739', '127800', '127805', 12780, null);

INSERT INTO Child VALUES ('127805', 'Child1740', '1740child', '2006-02-02', null, null, '../../Pictures/default.jpg', null);

INSERT INTO ChildcareTransaction VALUES ('1000001739', 'Regular Childcare', '101739', '2014-12-28', '12:00:00', '14:00:00', 20.50);

INSERT INTO Guardian VALUES ('127800', '1234', 'Guardian435', '435guardian', '555-555-5555', 'blah@blah.com', '123 nowhere', null, 'Spokane', 'WA', '99999', '../../Pictures/default.jpg', null);

INSERT INTO Family VALUES ('12780', 42);

INSERT INTO Guardian VALUES ('127801', '1234', 'Guardian2435', '4352guardian', '555-555-5555', 'blah@blah.com', '123 nowhere', null, 'Spokane', 'WA', '99999', '../../Pictures/default.jpg', null);

INSERT INTO AllowedConnections VALUES ('101740', '127810', '127812', 12781, null);

INSERT INTO Child VALUES ('127812', 'Child1741', '1741child', '2006-02-02', null, null, '../../Pictures/default.jpg', null);

INSERT INTO ChildcareTransaction VALUES ('1000001740', 'Regular Childcare', '101740', '2014-08-15', '12:00:00', '14:00:00', 20.50);

INSERT INTO AllowedConnections VALUES ('101741', '127810', '127813', 12781, null);

INSERT INTO Child VALUES ('127813', 'Child1742', '1742child', '2006-02-02', null, null, '../../Pictures/default.jpg', null);

INSERT INTO ChildcareTransaction VALUES ('1000001741', 'Regular Childcare', '101741', '2014-04-09', '12:00:00', '14:00:00', 20.50);

INSERT INTO AllowedConnections VALUES ('101742', '127810', '127814', 12781, null);

INSERT INTO Child VALUES ('127814', 'Child1743', '1743child', '2006-02-02', null, null, '../../Pictures/default.jpg', null);

INSERT INTO ChildcareTransaction VALUES ('1000001742', 'Regular Childcare', '101742', '2014-06-21', '12:00:00', '14:00:00', 20.50);

INSERT INTO AllowedConnections VALUES ('101743', '127810', '127815', 12781, null);

INSERT INTO Child VALUES ('127815', 'Child1744', '1744child', '2006-02-02', null, null, '../../Pictures/default.jpg', null);

INSERT INTO ChildcareTransaction VALUES ('1000001743', 'Regular Childcare', '101743', '2014-05-21', '12:00:00', '14:00:00', 20.50);

INSERT INTO Guardian VALUES ('127810', '1234', 'Guardian436', '436guardian', '555-555-5555', 'blah@blah.com', '123 nowhere', null, 'Spokane', 'WA', '99999', '../../Pictures/default.jpg', null);

INSERT INTO Family VALUES ('12781', 42);

INSERT INTO Guardian VALUES ('127811', '1234', 'Guardian2436', '4362guardian', '555-555-5555', 'blah@blah.com', '123 nowhere', null, 'Spokane', 'WA', '99999', '../../Pictures/default.jpg', null);

INSERT INTO AllowedConnections VALUES ('101744', '127820', '127822', 12782, null);

INSERT INTO Child VALUES ('127822', 'Child1745', '1745child', '2006-02-02', null, null, '../../Pictures/default.jpg', null);

INSERT INTO ChildcareTransaction VALUES ('1000001744', 'Regular Childcare', '101744', '2014-11-09', '12:00:00', '14:00:00', 20.50);

INSERT INTO AllowedConnections VALUES ('101745', '127820', '127823', 12782, null);

INSERT INTO Child VALUES ('127823', 'Child1746', '1746child', '2006-02-02', null, null, '../../Pictures/default.jpg', null);

INSERT INTO ChildcareTransaction VALUES ('1000001745', 'Regular Childcare', '101745', '2014-06-09', '12:00:00', '14:00:00', 20.50);

INSERT INTO AllowedConnections VALUES ('101746', '127820', '127824', 12782, null);

INSERT INTO Child VALUES ('127824', 'Child1747', '1747child', '2006-02-02', null, null, '../../Pictures/default.jpg', null);

INSERT INTO ChildcareTransaction VALUES ('1000001746', 'Regular Childcare', '101746', '2014-02-27', '12:00:00', '14:00:00', 20.50);

INSERT INTO AllowedConnections VALUES ('101747', '127820', '127825', 12782, null);

INSERT INTO Child VALUES ('127825', 'Child1748', '1748child', '2006-02-02', null, null, '../../Pictures/default.jpg', null);

INSERT INTO ChildcareTransaction VALUES ('1000001747', 'Regular Childcare', '101747', '2014-05-08', '12:00:00', '14:00:00', 20.50);

INSERT INTO Guardian VALUES ('127820', '1234', 'Guardian437', '437guardian', '555-555-5555', 'blah@blah.com', '123 nowhere', null, 'Spokane', 'WA', '99999', '../../Pictures/default.jpg', null);

INSERT INTO Family VALUES ('12782', 42);

INSERT INTO Guardian VALUES ('127821', '1234', 'Guardian2437', '4372guardian', '555-555-5555', 'blah@blah.com', '123 nowhere', null, 'Spokane', 'WA', '99999', '../../Pictures/default.jpg', null);

INSERT INTO AllowedConnections VALUES ('101748', '127830', '127832', 12783, null);

INSERT INTO Child VALUES ('127832', 'Child1749', '1749child', '2006-02-02', null, null, '../../Pictures/default.jpg', null);

INSERT INTO ChildcareTransaction VALUES ('1000001748', 'Regular Childcare', '101748', '2014-07-14', '12:00:00', '14:00:00', 20.50);

INSERT INTO AllowedConnections VALUES ('101749', '127830', '127833', 12783, null);

INSERT INTO Child VALUES ('127833', 'Child1750', '1750child', '2006-02-02', null, null, '../../Pictures/default.jpg', null);

INSERT INTO ChildcareTransaction VALUES ('1000001749', 'Regular Childcare', '101749', '2014-01-26', '12:00:00', '14:00:00', 20.50);

INSERT INTO AllowedConnections VALUES ('101750', '127830', '127834', 12783, null);

INSERT INTO Child VALUES ('127834', 'Child1751', '1751child', '2006-02-02', null, null, '../../Pictures/default.jpg', null);

INSERT INTO ChildcareTransaction VALUES ('1000001750', 'Regular Childcare', '101750', '2014-09-26', '12:00:00', '14:00:00', 20.50);

INSERT INTO AllowedConnections VALUES ('101751', '127830', '127835', 12783, null);

INSERT INTO Child VALUES ('127835', 'Child1752', '1752child', '2006-02-02', null, null, '../../Pictures/default.jpg', null);

INSERT INTO ChildcareTransaction VALUES ('1000001751', 'Regular Childcare', '101751', '2014-12-24', '12:00:00', '14:00:00', 20.50);

INSERT INTO Guardian VALUES ('127830', '1234', 'Guardian438', '438guardian', '555-555-5555', 'blah@blah.com', '123 nowhere', null, 'Spokane', 'WA', '99999', '../../Pictures/default.jpg', null);

INSERT INTO Family VALUES ('12783', 42);

INSERT INTO Guardian VALUES ('127831', '1234', 'Guardian2438', '4382guardian', '555-555-5555', 'blah@blah.com', '123 nowhere', null, 'Spokane', 'WA', '99999', '../../Pictures/default.jpg', null);

INSERT INTO AllowedConnections VALUES ('101752', '127840', '127842', 12784, null);

INSERT INTO Child VALUES ('127842', 'Child1753', '1753child', '2006-02-02', null, null, '../../Pictures/default.jpg', null);

INSERT INTO ChildcareTransaction VALUES ('1000001752', 'Regular Childcare', '101752', '2014-06-26', '12:00:00', '14:00:00', 20.50);

INSERT INTO AllowedConnections VALUES ('101753', '127840', '127843', 12784, null);

INSERT INTO Child VALUES ('127843', 'Child1754', '1754child', '2006-02-02', null, null, '../../Pictures/default.jpg', null);

INSERT INTO ChildcareTransaction VALUES ('1000001753', 'Regular Childcare', '101753', '2014-04-19', '12:00:00', '14:00:00', 20.50);

INSERT INTO AllowedConnections VALUES ('101754', '127840', '127844', 12784, null);

INSERT INTO Child VALUES ('127844', 'Child1755', '1755child', '2006-02-02', null, null, '../../Pictures/default.jpg', null);

INSERT INTO ChildcareTransaction VALUES ('1000001754', 'Regular Childcare', '101754', '2014-07-18', '12:00:00', '14:00:00', 20.50);

INSERT INTO AllowedConnections VALUES ('101755', '127840', '127845', 12784, null);

INSERT INTO Child VALUES ('127845', 'Child1756', '1756child', '2006-02-02', null, null, '../../Pictures/default.jpg', null);

INSERT INTO ChildcareTransaction VALUES ('1000001755', 'Regular Childcare', '101755', '2014-08-01', '12:00:00', '14:00:00', 20.50);

INSERT INTO Guardian VALUES ('127840', '1234', 'Guardian439', '439guardian', '555-555-5555', 'blah@blah.com', '123 nowhere', null, 'Spokane', 'WA', '99999', '../../Pictures/default.jpg', null);

INSERT INTO Family VALUES ('12784', 42);

INSERT INTO Guardian VALUES ('127841', '1234', 'Guardian2439', '4392guardian', '555-555-5555', 'blah@blah.com', '123 nowhere', null, 'Spokane', 'WA', '99999', '../../Pictures/default.jpg', null);

INSERT INTO AllowedConnections VALUES ('101756', '127850', '127852', 12785, null);

INSERT INTO Child VALUES ('127852', 'Child1757', '1757child', '2006-02-02', null, null, '../../Pictures/default.jpg', null);

INSERT INTO ChildcareTransaction VALUES ('1000001756', 'Regular Childcare', '101756', '2014-07-18', '12:00:00', '14:00:00', 20.50);

INSERT INTO AllowedConnections VALUES ('101757', '127850', '127853', 12785, null);

INSERT INTO Child VALUES ('127853', 'Child1758', '1758child', '2006-02-02', null, null, '../../Pictures/default.jpg', null);

INSERT INTO ChildcareTransaction VALUES ('1000001757', 'Regular Childcare', '101757', '2014-12-07', '12:00:00', '14:00:00', 20.50);

INSERT INTO AllowedConnections VALUES ('101758', '127850', '127854', 12785, null);

INSERT INTO Child VALUES ('127854', 'Child1759', '1759child', '2006-02-02', null, null, '../../Pictures/default.jpg', null);

INSERT INTO ChildcareTransaction VALUES ('1000001758', 'Regular Childcare', '101758', '2014-07-20', '12:00:00', '14:00:00', 20.50);

INSERT INTO AllowedConnections VALUES ('101759', '127850', '127855', 12785, null);

INSERT INTO Child VALUES ('127855', 'Child1760', '1760child', '2006-02-02', null, null, '../../Pictures/default.jpg', null);

INSERT INTO ChildcareTransaction VALUES ('1000001759', 'Regular Childcare', '101759', '2014-08-26', '12:00:00', '14:00:00', 20.50);

INSERT INTO Guardian VALUES ('127850', '1234', 'Guardian440', '440guardian', '555-555-5555', 'blah@blah.com', '123 nowhere', null, 'Spokane', 'WA', '99999', '../../Pictures/default.jpg', null);

INSERT INTO Family VALUES ('12785', 42);

INSERT INTO Guardian VALUES ('127851', '1234', 'Guardian2440', '4402guardian', '555-555-5555', 'blah@blah.com', '123 nowhere', null, 'Spokane', 'WA', '99999', '../../Pictures/default.jpg', null);

INSERT INTO AllowedConnections VALUES ('101760', '127860', '127862', 12786, null);

INSERT INTO Child VALUES ('127862', 'Child1761', '1761child', '2006-02-02', null, null, '../../Pictures/default.jpg', null);

INSERT INTO ChildcareTransaction VALUES ('1000001760', 'Regular Childcare', '101760', '2014-03-07', '12:00:00', '14:00:00', 20.50);

INSERT INTO AllowedConnections VALUES ('101761', '127860', '127863', 12786, null);

INSERT INTO Child VALUES ('127863', 'Child1762', '1762child', '2006-02-02', null, null, '../../Pictures/default.jpg', null);

INSERT INTO ChildcareTransaction VALUES ('1000001761', 'Regular Childcare', '101761', '2014-12-15', '12:00:00', '14:00:00', 20.50);

INSERT INTO AllowedConnections VALUES ('101762', '127860', '127864', 12786, null);

INSERT INTO Child VALUES ('127864', 'Child1763', '1763child', '2006-02-02', null, null, '../../Pictures/default.jpg', null);

INSERT INTO ChildcareTransaction VALUES ('1000001762', 'Regular Childcare', '101762', '2014-09-13', '12:00:00', '14:00:00', 20.50);

INSERT INTO AllowedConnections VALUES ('101763', '127860', '127865', 12786, null);

INSERT INTO Child VALUES ('127865', 'Child1764', '1764child', '2006-02-02', null, null, '../../Pictures/default.jpg', null);

INSERT INTO ChildcareTransaction VALUES ('1000001763', 'Regular Childcare', '101763', '2014-07-01', '12:00:00', '14:00:00', 20.50);

INSERT INTO Guardian VALUES ('127860', '1234', 'Guardian441', '441guardian', '555-555-5555', 'blah@blah.com', '123 nowhere', null, 'Spokane', 'WA', '99999', '../../Pictures/default.jpg', null);

INSERT INTO Family VALUES ('12786', 42);

INSERT INTO Guardian VALUES ('127861', '1234', 'Guardian2441', '4412guardian', '555-555-5555', 'blah@blah.com', '123 nowhere', null, 'Spokane', 'WA', '99999', '../../Pictures/default.jpg', null);

INSERT INTO AllowedConnections VALUES ('101764', '127870', '127872', 12787, null);

INSERT INTO Child VALUES ('127872', 'Child1765', '1765child', '2006-02-02', null, null, '../../Pictures/default.jpg', null);

INSERT INTO ChildcareTransaction VALUES ('1000001764', 'Regular Childcare', '101764', '2014-05-16', '12:00:00', '14:00:00', 20.50);

INSERT INTO AllowedConnections VALUES ('101765', '127870', '127873', 12787, null);

INSERT INTO Child VALUES ('127873', 'Child1766', '1766child', '2006-02-02', null, null, '../../Pictures/default.jpg', null);

INSERT INTO ChildcareTransaction VALUES ('1000001765', 'Regular Childcare', '101765', '2014-07-28', '12:00:00', '14:00:00', 20.50);

INSERT INTO AllowedConnections VALUES ('101766', '127870', '127874', 12787, null);

INSERT INTO Child VALUES ('127874', 'Child1767', '1767child', '2006-02-02', null, null, '../../Pictures/default.jpg', null);

INSERT INTO ChildcareTransaction VALUES ('1000001766', 'Regular Childcare', '101766', '2014-12-20', '12:00:00', '14:00:00', 20.50);

INSERT INTO AllowedConnections VALUES ('101767', '127870', '127875', 12787, null);

INSERT INTO Child VALUES ('127875', 'Child1768', '1768child', '2006-02-02', null, null, '../../Pictures/default.jpg', null);

INSERT INTO ChildcareTransaction VALUES ('1000001767', 'Regular Childcare', '101767', '2014-06-03', '12:00:00', '14:00:00', 20.50);

INSERT INTO Guardian VALUES ('127870', '1234', 'Guardian442', '442guardian', '555-555-5555', 'blah@blah.com', '123 nowhere', null, 'Spokane', 'WA', '99999', '../../Pictures/default.jpg', null);

INSERT INTO Family VALUES ('12787', 42);

INSERT INTO Guardian VALUES ('127871', '1234', 'Guardian2442', '4422guardian', '555-555-5555', 'blah@blah.com', '123 nowhere', null, 'Spokane', 'WA', '99999', '../../Pictures/default.jpg', null);

INSERT INTO AllowedConnections VALUES ('101768', '127880', '127882', 12788, null);

INSERT INTO Child VALUES ('127882', 'Child1769', '1769child', '2006-02-02', null, null, '../../Pictures/default.jpg', null);

INSERT INTO ChildcareTransaction VALUES ('1000001768', 'Regular Childcare', '101768', '2014-06-28', '12:00:00', '14:00:00', 20.50);

INSERT INTO AllowedConnections VALUES ('101769', '127880', '127883', 12788, null);

INSERT INTO Child VALUES ('127883', 'Child1770', '1770child', '2006-02-02', null, null, '../../Pictures/default.jpg', null);

INSERT INTO ChildcareTransaction VALUES ('1000001769', 'Regular Childcare', '101769', '2014-02-08', '12:00:00', '14:00:00', 20.50);

INSERT INTO AllowedConnections VALUES ('101770', '127880', '127884', 12788, null);

INSERT INTO Child VALUES ('127884', 'Child1771', '1771child', '2006-02-02', null, null, '../../Pictures/default.jpg', null);

INSERT INTO ChildcareTransaction VALUES ('1000001770', 'Regular Childcare', '101770', '2014-05-12', '12:00:00', '14:00:00', 20.50);

INSERT INTO AllowedConnections VALUES ('101771', '127880', '127885', 12788, null);

INSERT INTO Child VALUES ('127885', 'Child1772', '1772child', '2006-02-02', null, null, '../../Pictures/default.jpg', null);

INSERT INTO ChildcareTransaction VALUES ('1000001771', 'Regular Childcare', '101771', '2014-12-23', '12:00:00', '14:00:00', 20.50);

INSERT INTO Guardian VALUES ('127880', '1234', 'Guardian443', '443guardian', '555-555-5555', 'blah@blah.com', '123 nowhere', null, 'Spokane', 'WA', '99999', '../../Pictures/default.jpg', null);

INSERT INTO Family VALUES ('12788', 42);

INSERT INTO Guardian VALUES ('127881', '1234', 'Guardian2443', '4432guardian', '555-555-5555', 'blah@blah.com', '123 nowhere', null, 'Spokane', 'WA', '99999', '../../Pictures/default.jpg', null);

INSERT INTO AllowedConnections VALUES ('101772', '127890', '127892', 12789, null);

INSERT INTO Child VALUES ('127892', 'Child1773', '1773child', '2006-02-02', null, null, '../../Pictures/default.jpg', null);

INSERT INTO ChildcareTransaction VALUES ('1000001772', 'Regular Childcare', '101772', '2014-09-24', '12:00:00', '14:00:00', 20.50);

INSERT INTO AllowedConnections VALUES ('101773', '127890', '127893', 12789, null);

INSERT INTO Child VALUES ('127893', 'Child1774', '1774child', '2006-02-02', null, null, '../../Pictures/default.jpg', null);

INSERT INTO ChildcareTransaction VALUES ('1000001773', 'Regular Childcare', '101773', '2014-04-21', '12:00:00', '14:00:00', 20.50);

INSERT INTO AllowedConnections VALUES ('101774', '127890', '127894', 12789, null);

INSERT INTO Child VALUES ('127894', 'Child1775', '1775child', '2006-02-02', null, null, '../../Pictures/default.jpg', null);

INSERT INTO ChildcareTransaction VALUES ('1000001774', 'Regular Childcare', '101774', '2014-02-19', '12:00:00', '14:00:00', 20.50);

INSERT INTO AllowedConnections VALUES ('101775', '127890', '127895', 12789, null);

INSERT INTO Child VALUES ('127895', 'Child1776', '1776child', '2006-02-02', null, null, '../../Pictures/default.jpg', null);

INSERT INTO ChildcareTransaction VALUES ('1000001775', 'Regular Childcare', '101775', '2014-02-04', '12:00:00', '14:00:00', 20.50);

INSERT INTO Guardian VALUES ('127890', '1234', 'Guardian444', '444guardian', '555-555-5555', 'blah@blah.com', '123 nowhere', null, 'Spokane', 'WA', '99999', '../../Pictures/default.jpg', null);

INSERT INTO Family VALUES ('12789', 42);

INSERT INTO Guardian VALUES ('127891', '1234', 'Guardian2444', '4442guardian', '555-555-5555', 'blah@blah.com', '123 nowhere', null, 'Spokane', 'WA', '99999', '../../Pictures/default.jpg', null);

INSERT INTO AllowedConnections VALUES ('101776', '127900', '127902', 12790, null);

INSERT INTO Child VALUES ('127902', 'Child1777', '1777child', '2006-02-02', null, null, '../../Pictures/default.jpg', null);

INSERT INTO ChildcareTransaction VALUES ('1000001776', 'Regular Childcare', '101776', '2014-06-07', '12:00:00', '14:00:00', 20.50);

INSERT INTO AllowedConnections VALUES ('101777', '127900', '127903', 12790, null);

INSERT INTO Child VALUES ('127903', 'Child1778', '1778child', '2006-02-02', null, null, '../../Pictures/default.jpg', null);

INSERT INTO ChildcareTransaction VALUES ('1000001777', 'Regular Childcare', '101777', '2014-06-01', '12:00:00', '14:00:00', 20.50);

INSERT INTO AllowedConnections VALUES ('101778', '127900', '127904', 12790, null);

INSERT INTO Child VALUES ('127904', 'Child1779', '1779child', '2006-02-02', null, null, '../../Pictures/default.jpg', null);

INSERT INTO ChildcareTransaction VALUES ('1000001778', 'Regular Childcare', '101778', '2014-12-03', '12:00:00', '14:00:00', 20.50);

INSERT INTO AllowedConnections VALUES ('101779', '127900', '127905', 12790, null);

INSERT INTO Child VALUES ('127905', 'Child1780', '1780child', '2006-02-02', null, null, '../../Pictures/default.jpg', null);

INSERT INTO ChildcareTransaction VALUES ('1000001779', 'Regular Childcare', '101779', '2014-03-21', '12:00:00', '14:00:00', 20.50);

INSERT INTO Guardian VALUES ('127900', '1234', 'Guardian445', '445guardian', '555-555-5555', 'blah@blah.com', '123 nowhere', null, 'Spokane', 'WA', '99999', '../../Pictures/default.jpg', null);

INSERT INTO Family VALUES ('12790', 42);

INSERT INTO Guardian VALUES ('127901', '1234', 'Guardian2445', '4452guardian', '555-555-5555', 'blah@blah.com', '123 nowhere', null, 'Spokane', 'WA', '99999', '../../Pictures/default.jpg', null);

INSERT INTO AllowedConnections VALUES ('101780', '127910', '127912', 12791, null);

INSERT INTO Child VALUES ('127912', 'Child1781', '1781child', '2006-02-02', null, null, '../../Pictures/default.jpg', null);

INSERT INTO ChildcareTransaction VALUES ('1000001780', 'Regular Childcare', '101780', '2014-03-21', '12:00:00', '14:00:00', 20.50);

INSERT INTO AllowedConnections VALUES ('101781', '127910', '127913', 12791, null);

INSERT INTO Child VALUES ('127913', 'Child1782', '1782child', '2006-02-02', null, null, '../../Pictures/default.jpg', null);

INSERT INTO ChildcareTransaction VALUES ('1000001781', 'Regular Childcare', '101781', '2014-10-23', '12:00:00', '14:00:00', 20.50);

INSERT INTO AllowedConnections VALUES ('101782', '127910', '127914', 12791, null);

INSERT INTO Child VALUES ('127914', 'Child1783', '1783child', '2006-02-02', null, null, '../../Pictures/default.jpg', null);

INSERT INTO ChildcareTransaction VALUES ('1000001782', 'Regular Childcare', '101782', '2014-12-27', '12:00:00', '14:00:00', 20.50);

INSERT INTO AllowedConnections VALUES ('101783', '127910', '127915', 12791, null);

INSERT INTO Child VALUES ('127915', 'Child1784', '1784child', '2006-02-02', null, null, '../../Pictures/default.jpg', null);

INSERT INTO ChildcareTransaction VALUES ('1000001783', 'Regular Childcare', '101783', '2014-12-28', '12:00:00', '14:00:00', 20.50);

INSERT INTO Guardian VALUES ('127910', '1234', 'Guardian446', '446guardian', '555-555-5555', 'blah@blah.com', '123 nowhere', null, 'Spokane', 'WA', '99999', '../../Pictures/default.jpg', null);

INSERT INTO Family VALUES ('12791', 42);

INSERT INTO Guardian VALUES ('127911', '1234', 'Guardian2446', '4462guardian', '555-555-5555', 'blah@blah.com', '123 nowhere', null, 'Spokane', 'WA', '99999', '../../Pictures/default.jpg', null);

INSERT INTO AllowedConnections VALUES ('101784', '127920', '127922', 12792, null);

INSERT INTO Child VALUES ('127922', 'Child1785', '1785child', '2006-02-02', null, null, '../../Pictures/default.jpg', null);

INSERT INTO ChildcareTransaction VALUES ('1000001784', 'Regular Childcare', '101784', '2014-07-25', '12:00:00', '14:00:00', 20.50);

INSERT INTO AllowedConnections VALUES ('101785', '127920', '127923', 12792, null);

INSERT INTO Child VALUES ('127923', 'Child1786', '1786child', '2006-02-02', null, null, '../../Pictures/default.jpg', null);

INSERT INTO ChildcareTransaction VALUES ('1000001785', 'Regular Childcare', '101785', '2014-06-14', '12:00:00', '14:00:00', 20.50);

INSERT INTO AllowedConnections VALUES ('101786', '127920', '127924', 12792, null);

INSERT INTO Child VALUES ('127924', 'Child1787', '1787child', '2006-02-02', null, null, '../../Pictures/default.jpg', null);

INSERT INTO ChildcareTransaction VALUES ('1000001786', 'Regular Childcare', '101786', '2014-02-16', '12:00:00', '14:00:00', 20.50);

INSERT INTO AllowedConnections VALUES ('101787', '127920', '127925', 12792, null);

INSERT INTO Child VALUES ('127925', 'Child1788', '1788child', '2006-02-02', null, null, '../../Pictures/default.jpg', null);

INSERT INTO ChildcareTransaction VALUES ('1000001787', 'Regular Childcare', '101787', '2014-08-11', '12:00:00', '14:00:00', 20.50);

INSERT INTO Guardian VALUES ('127920', '1234', 'Guardian447', '447guardian', '555-555-5555', 'blah@blah.com', '123 nowhere', null, 'Spokane', 'WA', '99999', '../../Pictures/default.jpg', null);

INSERT INTO Family VALUES ('12792', 42);

INSERT INTO Guardian VALUES ('127921', '1234', 'Guardian2447', '4472guardian', '555-555-5555', 'blah@blah.com', '123 nowhere', null, 'Spokane', 'WA', '99999', '../../Pictures/default.jpg', null);

INSERT INTO AllowedConnections VALUES ('101788', '127930', '127932', 12793, null);

INSERT INTO Child VALUES ('127932', 'Child1789', '1789child', '2006-02-02', null, null, '../../Pictures/default.jpg', null);

INSERT INTO ChildcareTransaction VALUES ('1000001788', 'Regular Childcare', '101788', '2014-07-08', '12:00:00', '14:00:00', 20.50);

INSERT INTO AllowedConnections VALUES ('101789', '127930', '127933', 12793, null);

INSERT INTO Child VALUES ('127933', 'Child1790', '1790child', '2006-02-02', null, null, '../../Pictures/default.jpg', null);

INSERT INTO ChildcareTransaction VALUES ('1000001789', 'Regular Childcare', '101789', '2014-04-09', '12:00:00', '14:00:00', 20.50);

INSERT INTO AllowedConnections VALUES ('101790', '127930', '127934', 12793, null);

INSERT INTO Child VALUES ('127934', 'Child1791', '1791child', '2006-02-02', null, null, '../../Pictures/default.jpg', null);

INSERT INTO ChildcareTransaction VALUES ('1000001790', 'Regular Childcare', '101790', '2014-07-01', '12:00:00', '14:00:00', 20.50);

INSERT INTO AllowedConnections VALUES ('101791', '127930', '127935', 12793, null);

INSERT INTO Child VALUES ('127935', 'Child1792', '1792child', '2006-02-02', null, null, '../../Pictures/default.jpg', null);

INSERT INTO ChildcareTransaction VALUES ('1000001791', 'Regular Childcare', '101791', '2014-04-16', '12:00:00', '14:00:00', 20.50);

INSERT INTO Guardian VALUES ('127930', '1234', 'Guardian448', '448guardian', '555-555-5555', 'blah@blah.com', '123 nowhere', null, 'Spokane', 'WA', '99999', '../../Pictures/default.jpg', null);

INSERT INTO Family VALUES ('12793', 42);

INSERT INTO Guardian VALUES ('127931', '1234', 'Guardian2448', '4482guardian', '555-555-5555', 'blah@blah.com', '123 nowhere', null, 'Spokane', 'WA', '99999', '../../Pictures/default.jpg', null);

INSERT INTO AllowedConnections VALUES ('101792', '127940', '127942', 12794, null);

INSERT INTO Child VALUES ('127942', 'Child1793', '1793child', '2006-02-02', null, null, '../../Pictures/default.jpg', null);

INSERT INTO ChildcareTransaction VALUES ('1000001792', 'Regular Childcare', '101792', '2014-09-11', '12:00:00', '14:00:00', 20.50);

INSERT INTO AllowedConnections VALUES ('101793', '127940', '127943', 12794, null);

INSERT INTO Child VALUES ('127943', 'Child1794', '1794child', '2006-02-02', null, null, '../../Pictures/default.jpg', null);

INSERT INTO ChildcareTransaction VALUES ('1000001793', 'Regular Childcare', '101793', '2014-10-11', '12:00:00', '14:00:00', 20.50);

INSERT INTO AllowedConnections VALUES ('101794', '127940', '127944', 12794, null);

INSERT INTO Child VALUES ('127944', 'Child1795', '1795child', '2006-02-02', null, null, '../../Pictures/default.jpg', null);

INSERT INTO ChildcareTransaction VALUES ('1000001794', 'Regular Childcare', '101794', '2014-08-25', '12:00:00', '14:00:00', 20.50);

INSERT INTO AllowedConnections VALUES ('101795', '127940', '127945', 12794, null);

INSERT INTO Child VALUES ('127945', 'Child1796', '1796child', '2006-02-02', null, null, '../../Pictures/default.jpg', null);

INSERT INTO ChildcareTransaction VALUES ('1000001795', 'Regular Childcare', '101795', '2014-04-08', '12:00:00', '14:00:00', 20.50);

INSERT INTO Guardian VALUES ('127940', '1234', 'Guardian449', '449guardian', '555-555-5555', 'blah@blah.com', '123 nowhere', null, 'Spokane', 'WA', '99999', '../../Pictures/default.jpg', null);

INSERT INTO Family VALUES ('12794', 42);

INSERT INTO Guardian VALUES ('127941', '1234', 'Guardian2449', '4492guardian', '555-555-5555', 'blah@blah.com', '123 nowhere', null, 'Spokane', 'WA', '99999', '../../Pictures/default.jpg', null);

INSERT INTO AllowedConnections VALUES ('101796', '127950', '127952', 12795, null);

INSERT INTO Child VALUES ('127952', 'Child1797', '1797child', '2006-02-02', null, null, '../../Pictures/default.jpg', null);

INSERT INTO ChildcareTransaction VALUES ('1000001796', 'Regular Childcare', '101796', '2014-03-25', '12:00:00', '14:00:00', 20.50);

INSERT INTO AllowedConnections VALUES ('101797', '127950', '127953', 12795, null);

INSERT INTO Child VALUES ('127953', 'Child1798', '1798child', '2006-02-02', null, null, '../../Pictures/default.jpg', null);

INSERT INTO ChildcareTransaction VALUES ('1000001797', 'Regular Childcare', '101797', '2014-10-06', '12:00:00', '14:00:00', 20.50);

INSERT INTO AllowedConnections VALUES ('101798', '127950', '127954', 12795, null);

INSERT INTO Child VALUES ('127954', 'Child1799', '1799child', '2006-02-02', null, null, '../../Pictures/default.jpg', null);

INSERT INTO ChildcareTransaction VALUES ('1000001798', 'Regular Childcare', '101798', '2014-01-17', '12:00:00', '14:00:00', 20.50);

INSERT INTO AllowedConnections VALUES ('101799', '127950', '127955', 12795, null);

INSERT INTO Child VALUES ('127955', 'Child1800', '1800child', '2006-02-02', null, null, '../../Pictures/default.jpg', null);

INSERT INTO ChildcareTransaction VALUES ('1000001799', 'Regular Childcare', '101799', '2014-08-25', '12:00:00', '14:00:00', 20.50);

INSERT INTO Guardian VALUES ('127950', '1234', 'Guardian450', '450guardian', '555-555-5555', 'blah@blah.com', '123 nowhere', null, 'Spokane', 'WA', '99999', '../../Pictures/default.jpg', null);

INSERT INTO Family VALUES ('12795', 42);

INSERT INTO Guardian VALUES ('127951', '1234', 'Guardian2450', '4502guardian', '555-555-5555', 'blah@blah.com', '123 nowhere', null, 'Spokane', 'WA', '99999', '../../Pictures/default.jpg', null);

INSERT INTO AllowedConnections VALUES ('101800', '127960', '127962', 12796, null);

INSERT INTO Child VALUES ('127962', 'Child1801', '1801child', '2006-02-02', null, null, '../../Pictures/default.jpg', null);

INSERT INTO ChildcareTransaction VALUES ('1000001800', 'Regular Childcare', '101800', '2014-10-04', '12:00:00', '14:00:00', 20.50);

INSERT INTO AllowedConnections VALUES ('101801', '127960', '127963', 12796, null);

INSERT INTO Child VALUES ('127963', 'Child1802', '1802child', '2006-02-02', null, null, '../../Pictures/default.jpg', null);

INSERT INTO ChildcareTransaction VALUES ('1000001801', 'Regular Childcare', '101801', '2014-03-22', '12:00:00', '14:00:00', 20.50);

INSERT INTO AllowedConnections VALUES ('101802', '127960', '127964', 12796, null);

INSERT INTO Child VALUES ('127964', 'Child1803', '1803child', '2006-02-02', null, null, '../../Pictures/default.jpg', null);

INSERT INTO ChildcareTransaction VALUES ('1000001802', 'Regular Childcare', '101802', '2014-09-09', '12:00:00', '14:00:00', 20.50);

INSERT INTO AllowedConnections VALUES ('101803', '127960', '127965', 12796, null);

INSERT INTO Child VALUES ('127965', 'Child1804', '1804child', '2006-02-02', null, null, '../../Pictures/default.jpg', null);

INSERT INTO ChildcareTransaction VALUES ('1000001803', 'Regular Childcare', '101803', '2014-11-14', '12:00:00', '14:00:00', 20.50);

INSERT INTO Guardian VALUES ('127960', '1234', 'Guardian451', '451guardian', '555-555-5555', 'blah@blah.com', '123 nowhere', null, 'Spokane', 'WA', '99999', '../../Pictures/default.jpg', null);

INSERT INTO Family VALUES ('12796', 42);

INSERT INTO Guardian VALUES ('127961', '1234', 'Guardian2451', '4512guardian', '555-555-5555', 'blah@blah.com', '123 nowhere', null, 'Spokane', 'WA', '99999', '../../Pictures/default.jpg', null);

INSERT INTO AllowedConnections VALUES ('101804', '127970', '127972', 12797, null);

INSERT INTO Child VALUES ('127972', 'Child1805', '1805child', '2006-02-02', null, null, '../../Pictures/default.jpg', null);

INSERT INTO ChildcareTransaction VALUES ('1000001804', 'Regular Childcare', '101804', '2014-10-16', '12:00:00', '14:00:00', 20.50);

INSERT INTO AllowedConnections VALUES ('101805', '127970', '127973', 12797, null);

INSERT INTO Child VALUES ('127973', 'Child1806', '1806child', '2006-02-02', null, null, '../../Pictures/default.jpg', null);

INSERT INTO ChildcareTransaction VALUES ('1000001805', 'Regular Childcare', '101805', '2014-09-06', '12:00:00', '14:00:00', 20.50);

INSERT INTO AllowedConnections VALUES ('101806', '127970', '127974', 12797, null);

INSERT INTO Child VALUES ('127974', 'Child1807', '1807child', '2006-02-02', null, null, '../../Pictures/default.jpg', null);

INSERT INTO ChildcareTransaction VALUES ('1000001806', 'Regular Childcare', '101806', '2014-12-07', '12:00:00', '14:00:00', 20.50);

INSERT INTO AllowedConnections VALUES ('101807', '127970', '127975', 12797, null);

INSERT INTO Child VALUES ('127975', 'Child1808', '1808child', '2006-02-02', null, null, '../../Pictures/default.jpg', null);

INSERT INTO ChildcareTransaction VALUES ('1000001807', 'Regular Childcare', '101807', '2014-12-02', '12:00:00', '14:00:00', 20.50);

INSERT INTO Guardian VALUES ('127970', '1234', 'Guardian452', '452guardian', '555-555-5555', 'blah@blah.com', '123 nowhere', null, 'Spokane', 'WA', '99999', '../../Pictures/default.jpg', null);

INSERT INTO Family VALUES ('12797', 42);

INSERT INTO Guardian VALUES ('127971', '1234', 'Guardian2452', '4522guardian', '555-555-5555', 'blah@blah.com', '123 nowhere', null, 'Spokane', 'WA', '99999', '../../Pictures/default.jpg', null);

INSERT INTO AllowedConnections VALUES ('101808', '127980', '127982', 12798, null);

INSERT INTO Child VALUES ('127982', 'Child1809', '1809child', '2006-02-02', null, null, '../../Pictures/default.jpg', null);

INSERT INTO ChildcareTransaction VALUES ('1000001808', 'Regular Childcare', '101808', '2014-09-10', '12:00:00', '14:00:00', 20.50);

INSERT INTO AllowedConnections VALUES ('101809', '127980', '127983', 12798, null);

INSERT INTO Child VALUES ('127983', 'Child1810', '1810child', '2006-02-02', null, null, '../../Pictures/default.jpg', null);

INSERT INTO ChildcareTransaction VALUES ('1000001809', 'Regular Childcare', '101809', '2014-06-18', '12:00:00', '14:00:00', 20.50);

INSERT INTO AllowedConnections VALUES ('101810', '127980', '127984', 12798, null);

INSERT INTO Child VALUES ('127984', 'Child1811', '1811child', '2006-02-02', null, null, '../../Pictures/default.jpg', null);

INSERT INTO ChildcareTransaction VALUES ('1000001810', 'Regular Childcare', '101810', '2014-02-24', '12:00:00', '14:00:00', 20.50);

INSERT INTO AllowedConnections VALUES ('101811', '127980', '127985', 12798, null);

INSERT INTO Child VALUES ('127985', 'Child1812', '1812child', '2006-02-02', null, null, '../../Pictures/default.jpg', null);

INSERT INTO ChildcareTransaction VALUES ('1000001811', 'Regular Childcare', '101811', '2014-04-12', '12:00:00', '14:00:00', 20.50);

INSERT INTO Guardian VALUES ('127980', '1234', 'Guardian453', '453guardian', '555-555-5555', 'blah@blah.com', '123 nowhere', null, 'Spokane', 'WA', '99999', '../../Pictures/default.jpg', null);

INSERT INTO Family VALUES ('12798', 42);

INSERT INTO Guardian VALUES ('127981', '1234', 'Guardian2453', '4532guardian', '555-555-5555', 'blah@blah.com', '123 nowhere', null, 'Spokane', 'WA', '99999', '../../Pictures/default.jpg', null);

INSERT INTO AllowedConnections VALUES ('101812', '127990', '127992', 12799, null);

INSERT INTO Child VALUES ('127992', 'Child1813', '1813child', '2006-02-02', null, null, '../../Pictures/default.jpg', null);

INSERT INTO ChildcareTransaction VALUES ('1000001812', 'Regular Childcare', '101812', '2014-10-14', '12:00:00', '14:00:00', 20.50);

INSERT INTO AllowedConnections VALUES ('101813', '127990', '127993', 12799, null);

INSERT INTO Child VALUES ('127993', 'Child1814', '1814child', '2006-02-02', null, null, '../../Pictures/default.jpg', null);

INSERT INTO ChildcareTransaction VALUES ('1000001813', 'Regular Childcare', '101813', '2014-09-26', '12:00:00', '14:00:00', 20.50);

INSERT INTO AllowedConnections VALUES ('101814', '127990', '127994', 12799, null);

INSERT INTO Child VALUES ('127994', 'Child1815', '1815child', '2006-02-02', null, null, '../../Pictures/default.jpg', null);

INSERT INTO ChildcareTransaction VALUES ('1000001814', 'Regular Childcare', '101814', '2014-11-10', '12:00:00', '14:00:00', 20.50);

INSERT INTO AllowedConnections VALUES ('101815', '127990', '127995', 12799, null);

INSERT INTO Child VALUES ('127995', 'Child1816', '1816child', '2006-02-02', null, null, '../../Pictures/default.jpg', null);

INSERT INTO ChildcareTransaction VALUES ('1000001815', 'Regular Childcare', '101815', '2014-12-23', '12:00:00', '14:00:00', 20.50);

INSERT INTO Guardian VALUES ('127990', '1234', 'Guardian454', '454guardian', '555-555-5555', 'blah@blah.com', '123 nowhere', null, 'Spokane', 'WA', '99999', '../../Pictures/default.jpg', null);

INSERT INTO Family VALUES ('12799', 42);

INSERT INTO Guardian VALUES ('127991', '1234', 'Guardian2454', '4542guardian', '555-555-5555', 'blah@blah.com', '123 nowhere', null, 'Spokane', 'WA', '99999', '../../Pictures/default.jpg', null);

INSERT INTO AllowedConnections VALUES ('101816', '128000', '128002', 12800, null);

INSERT INTO Child VALUES ('128002', 'Child1817', '1817child', '2006-02-02', null, null, '../../Pictures/default.jpg', null);

INSERT INTO ChildcareTransaction VALUES ('1000001816', 'Regular Childcare', '101816', '2014-08-09', '12:00:00', '14:00:00', 20.50);

INSERT INTO AllowedConnections VALUES ('101817', '128000', '128003', 12800, null);

INSERT INTO Child VALUES ('128003', 'Child1818', '1818child', '2006-02-02', null, null, '../../Pictures/default.jpg', null);

INSERT INTO ChildcareTransaction VALUES ('1000001817', 'Regular Childcare', '101817', '2014-01-21', '12:00:00', '14:00:00', 20.50);

INSERT INTO AllowedConnections VALUES ('101818', '128000', '128004', 12800, null);

INSERT INTO Child VALUES ('128004', 'Child1819', '1819child', '2006-02-02', null, null, '../../Pictures/default.jpg', null);

INSERT INTO ChildcareTransaction VALUES ('1000001818', 'Regular Childcare', '101818', '2014-05-22', '12:00:00', '14:00:00', 20.50);

INSERT INTO AllowedConnections VALUES ('101819', '128000', '128005', 12800, null);

INSERT INTO Child VALUES ('128005', 'Child1820', '1820child', '2006-02-02', null, null, '../../Pictures/default.jpg', null);

INSERT INTO ChildcareTransaction VALUES ('1000001819', 'Regular Childcare', '101819', '2014-09-02', '12:00:00', '14:00:00', 20.50);

INSERT INTO Guardian VALUES ('128000', '1234', 'Guardian455', '455guardian', '555-555-5555', 'blah@blah.com', '123 nowhere', null, 'Spokane', 'WA', '99999', '../../Pictures/default.jpg', null);

INSERT INTO Family VALUES ('12800', 42);

INSERT INTO Guardian VALUES ('128001', '1234', 'Guardian2455', '4552guardian', '555-555-5555', 'blah@blah.com', '123 nowhere', null, 'Spokane', 'WA', '99999', '../../Pictures/default.jpg', null);

INSERT INTO AllowedConnections VALUES ('101820', '128010', '128012', 12801, null);

INSERT INTO Child VALUES ('128012', 'Child1821', '1821child', '2006-02-02', null, null, '../../Pictures/default.jpg', null);

INSERT INTO ChildcareTransaction VALUES ('1000001820', 'Regular Childcare', '101820', '2014-08-06', '12:00:00', '14:00:00', 20.50);

INSERT INTO AllowedConnections VALUES ('101821', '128010', '128013', 12801, null);

INSERT INTO Child VALUES ('128013', 'Child1822', '1822child', '2006-02-02', null, null, '../../Pictures/default.jpg', null);

INSERT INTO ChildcareTransaction VALUES ('1000001821', 'Regular Childcare', '101821', '2014-11-03', '12:00:00', '14:00:00', 20.50);

INSERT INTO AllowedConnections VALUES ('101822', '128010', '128014', 12801, null);

INSERT INTO Child VALUES ('128014', 'Child1823', '1823child', '2006-02-02', null, null, '../../Pictures/default.jpg', null);

INSERT INTO ChildcareTransaction VALUES ('1000001822', 'Regular Childcare', '101822', '2014-10-10', '12:00:00', '14:00:00', 20.50);

INSERT INTO AllowedConnections VALUES ('101823', '128010', '128015', 12801, null);

INSERT INTO Child VALUES ('128015', 'Child1824', '1824child', '2006-02-02', null, null, '../../Pictures/default.jpg', null);

INSERT INTO ChildcareTransaction VALUES ('1000001823', 'Regular Childcare', '101823', '2014-05-19', '12:00:00', '14:00:00', 20.50);

INSERT INTO Guardian VALUES ('128010', '1234', 'Guardian456', '456guardian', '555-555-5555', 'blah@blah.com', '123 nowhere', null, 'Spokane', 'WA', '99999', '../../Pictures/default.jpg', null);

INSERT INTO Family VALUES ('12801', 42);

INSERT INTO Guardian VALUES ('128011', '1234', 'Guardian2456', '4562guardian', '555-555-5555', 'blah@blah.com', '123 nowhere', null, 'Spokane', 'WA', '99999', '../../Pictures/default.jpg', null);

INSERT INTO AllowedConnections VALUES ('101824', '128020', '128022', 12802, null);

INSERT INTO Child VALUES ('128022', 'Child1825', '1825child', '2006-02-02', null, null, '../../Pictures/default.jpg', null);

INSERT INTO ChildcareTransaction VALUES ('1000001824', 'Regular Childcare', '101824', '2014-12-25', '12:00:00', '14:00:00', 20.50);

INSERT INTO AllowedConnections VALUES ('101825', '128020', '128023', 12802, null);

INSERT INTO Child VALUES ('128023', 'Child1826', '1826child', '2006-02-02', null, null, '../../Pictures/default.jpg', null);

INSERT INTO ChildcareTransaction VALUES ('1000001825', 'Regular Childcare', '101825', '2014-12-15', '12:00:00', '14:00:00', 20.50);

INSERT INTO AllowedConnections VALUES ('101826', '128020', '128024', 12802, null);

INSERT INTO Child VALUES ('128024', 'Child1827', '1827child', '2006-02-02', null, null, '../../Pictures/default.jpg', null);

INSERT INTO ChildcareTransaction VALUES ('1000001826', 'Regular Childcare', '101826', '2014-05-19', '12:00:00', '14:00:00', 20.50);

INSERT INTO AllowedConnections VALUES ('101827', '128020', '128025', 12802, null);

INSERT INTO Child VALUES ('128025', 'Child1828', '1828child', '2006-02-02', null, null, '../../Pictures/default.jpg', null);

INSERT INTO ChildcareTransaction VALUES ('1000001827', 'Regular Childcare', '101827', '2014-12-26', '12:00:00', '14:00:00', 20.50);

INSERT INTO Guardian VALUES ('128020', '1234', 'Guardian457', '457guardian', '555-555-5555', 'blah@blah.com', '123 nowhere', null, 'Spokane', 'WA', '99999', '../../Pictures/default.jpg', null);

INSERT INTO Family VALUES ('12802', 42);

INSERT INTO Guardian VALUES ('128021', '1234', 'Guardian2457', '4572guardian', '555-555-5555', 'blah@blah.com', '123 nowhere', null, 'Spokane', 'WA', '99999', '../../Pictures/default.jpg', null);

INSERT INTO AllowedConnections VALUES ('101828', '128030', '128032', 12803, null);

INSERT INTO Child VALUES ('128032', 'Child1829', '1829child', '2006-02-02', null, null, '../../Pictures/default.jpg', null);

INSERT INTO ChildcareTransaction VALUES ('1000001828', 'Regular Childcare', '101828', '2014-02-14', '12:00:00', '14:00:00', 20.50);

INSERT INTO AllowedConnections VALUES ('101829', '128030', '128033', 12803, null);

INSERT INTO Child VALUES ('128033', 'Child1830', '1830child', '2006-02-02', null, null, '../../Pictures/default.jpg', null);

INSERT INTO ChildcareTransaction VALUES ('1000001829', 'Regular Childcare', '101829', '2014-04-28', '12:00:00', '14:00:00', 20.50);

INSERT INTO AllowedConnections VALUES ('101830', '128030', '128034', 12803, null);

INSERT INTO Child VALUES ('128034', 'Child1831', '1831child', '2006-02-02', null, null, '../../Pictures/default.jpg', null);

INSERT INTO ChildcareTransaction VALUES ('1000001830', 'Regular Childcare', '101830', '2014-06-16', '12:00:00', '14:00:00', 20.50);

INSERT INTO AllowedConnections VALUES ('101831', '128030', '128035', 12803, null);

INSERT INTO Child VALUES ('128035', 'Child1832', '1832child', '2006-02-02', null, null, '../../Pictures/default.jpg', null);

INSERT INTO ChildcareTransaction VALUES ('1000001831', 'Regular Childcare', '101831', '2014-09-03', '12:00:00', '14:00:00', 20.50);

INSERT INTO Guardian VALUES ('128030', '1234', 'Guardian458', '458guardian', '555-555-5555', 'blah@blah.com', '123 nowhere', null, 'Spokane', 'WA', '99999', '../../Pictures/default.jpg', null);

INSERT INTO Family VALUES ('12803', 42);

INSERT INTO Guardian VALUES ('128031', '1234', 'Guardian2458', '4582guardian', '555-555-5555', 'blah@blah.com', '123 nowhere', null, 'Spokane', 'WA', '99999', '../../Pictures/default.jpg', null);

INSERT INTO AllowedConnections VALUES ('101832', '128040', '128042', 12804, null);

INSERT INTO Child VALUES ('128042', 'Child1833', '1833child', '2006-02-02', null, null, '../../Pictures/default.jpg', null);

INSERT INTO ChildcareTransaction VALUES ('1000001832', 'Regular Childcare', '101832', '2014-04-24', '12:00:00', '14:00:00', 20.50);

INSERT INTO AllowedConnections VALUES ('101833', '128040', '128043', 12804, null);

INSERT INTO Child VALUES ('128043', 'Child1834', '1834child', '2006-02-02', null, null, '../../Pictures/default.jpg', null);

INSERT INTO ChildcareTransaction VALUES ('1000001833', 'Regular Childcare', '101833', '2014-12-10', '12:00:00', '14:00:00', 20.50);

INSERT INTO AllowedConnections VALUES ('101834', '128040', '128044', 12804, null);

INSERT INTO Child VALUES ('128044', 'Child1835', '1835child', '2006-02-02', null, null, '../../Pictures/default.jpg', null);

INSERT INTO ChildcareTransaction VALUES ('1000001834', 'Regular Childcare', '101834', '2014-10-21', '12:00:00', '14:00:00', 20.50);

INSERT INTO AllowedConnections VALUES ('101835', '128040', '128045', 12804, null);

INSERT INTO Child VALUES ('128045', 'Child1836', '1836child', '2006-02-02', null, null, '../../Pictures/default.jpg', null);

INSERT INTO ChildcareTransaction VALUES ('1000001835', 'Regular Childcare', '101835', '2014-10-09', '12:00:00', '14:00:00', 20.50);

INSERT INTO Guardian VALUES ('128040', '1234', 'Guardian459', '459guardian', '555-555-5555', 'blah@blah.com', '123 nowhere', null, 'Spokane', 'WA', '99999', '../../Pictures/default.jpg', null);

INSERT INTO Family VALUES ('12804', 42);

INSERT INTO Guardian VALUES ('128041', '1234', 'Guardian2459', '4592guardian', '555-555-5555', 'blah@blah.com', '123 nowhere', null, 'Spokane', 'WA', '99999', '../../Pictures/default.jpg', null);

INSERT INTO AllowedConnections VALUES ('101836', '128050', '128052', 12805, null);

INSERT INTO Child VALUES ('128052', 'Child1837', '1837child', '2006-02-02', null, null, '../../Pictures/default.jpg', null);

INSERT INTO ChildcareTransaction VALUES ('1000001836', 'Regular Childcare', '101836', '2014-06-28', '12:00:00', '14:00:00', 20.50);

INSERT INTO AllowedConnections VALUES ('101837', '128050', '128053', 12805, null);

INSERT INTO Child VALUES ('128053', 'Child1838', '1838child', '2006-02-02', null, null, '../../Pictures/default.jpg', null);

INSERT INTO ChildcareTransaction VALUES ('1000001837', 'Regular Childcare', '101837', '2014-10-08', '12:00:00', '14:00:00', 20.50);

INSERT INTO AllowedConnections VALUES ('101838', '128050', '128054', 12805, null);

INSERT INTO Child VALUES ('128054', 'Child1839', '1839child', '2006-02-02', null, null, '../../Pictures/default.jpg', null);

INSERT INTO ChildcareTransaction VALUES ('1000001838', 'Regular Childcare', '101838', '2014-12-02', '12:00:00', '14:00:00', 20.50);

INSERT INTO AllowedConnections VALUES ('101839', '128050', '128055', 12805, null);

INSERT INTO Child VALUES ('128055', 'Child1840', '1840child', '2006-02-02', null, null, '../../Pictures/default.jpg', null);

INSERT INTO ChildcareTransaction VALUES ('1000001839', 'Regular Childcare', '101839', '2014-08-05', '12:00:00', '14:00:00', 20.50);

INSERT INTO Guardian VALUES ('128050', '1234', 'Guardian460', '460guardian', '555-555-5555', 'blah@blah.com', '123 nowhere', null, 'Spokane', 'WA', '99999', '../../Pictures/default.jpg', null);

INSERT INTO Family VALUES ('12805', 42);

INSERT INTO Guardian VALUES ('128051', '1234', 'Guardian2460', '4602guardian', '555-555-5555', 'blah@blah.com', '123 nowhere', null, 'Spokane', 'WA', '99999', '../../Pictures/default.jpg', null);

INSERT INTO AllowedConnections VALUES ('101840', '128060', '128062', 12806, null);

INSERT INTO Child VALUES ('128062', 'Child1841', '1841child', '2006-02-02', null, null, '../../Pictures/default.jpg', null);

INSERT INTO ChildcareTransaction VALUES ('1000001840', 'Regular Childcare', '101840', '2014-03-19', '12:00:00', '14:00:00', 20.50);

INSERT INTO AllowedConnections VALUES ('101841', '128060', '128063', 12806, null);

INSERT INTO Child VALUES ('128063', 'Child1842', '1842child', '2006-02-02', null, null, '../../Pictures/default.jpg', null);

INSERT INTO ChildcareTransaction VALUES ('1000001841', 'Regular Childcare', '101841', '2014-04-17', '12:00:00', '14:00:00', 20.50);

INSERT INTO AllowedConnections VALUES ('101842', '128060', '128064', 12806, null);

INSERT INTO Child VALUES ('128064', 'Child1843', '1843child', '2006-02-02', null, null, '../../Pictures/default.jpg', null);

INSERT INTO ChildcareTransaction VALUES ('1000001842', 'Regular Childcare', '101842', '2014-06-08', '12:00:00', '14:00:00', 20.50);

INSERT INTO AllowedConnections VALUES ('101843', '128060', '128065', 12806, null);

INSERT INTO Child VALUES ('128065', 'Child1844', '1844child', '2006-02-02', null, null, '../../Pictures/default.jpg', null);

INSERT INTO ChildcareTransaction VALUES ('1000001843', 'Regular Childcare', '101843', '2014-02-05', '12:00:00', '14:00:00', 20.50);

INSERT INTO Guardian VALUES ('128060', '1234', 'Guardian461', '461guardian', '555-555-5555', 'blah@blah.com', '123 nowhere', null, 'Spokane', 'WA', '99999', '../../Pictures/default.jpg', null);

INSERT INTO Family VALUES ('12806', 42);

INSERT INTO Guardian VALUES ('128061', '1234', 'Guardian2461', '4612guardian', '555-555-5555', 'blah@blah.com', '123 nowhere', null, 'Spokane', 'WA', '99999', '../../Pictures/default.jpg', null);

INSERT INTO AllowedConnections VALUES ('101844', '128070', '128072', 12807, null);

INSERT INTO Child VALUES ('128072', 'Child1845', '1845child', '2006-02-02', null, null, '../../Pictures/default.jpg', null);

INSERT INTO ChildcareTransaction VALUES ('1000001844', 'Regular Childcare', '101844', '2014-04-09', '12:00:00', '14:00:00', 20.50);

INSERT INTO AllowedConnections VALUES ('101845', '128070', '128073', 12807, null);

INSERT INTO Child VALUES ('128073', 'Child1846', '1846child', '2006-02-02', null, null, '../../Pictures/default.jpg', null);

INSERT INTO ChildcareTransaction VALUES ('1000001845', 'Regular Childcare', '101845', '2014-05-18', '12:00:00', '14:00:00', 20.50);

INSERT INTO AllowedConnections VALUES ('101846', '128070', '128074', 12807, null);

INSERT INTO Child VALUES ('128074', 'Child1847', '1847child', '2006-02-02', null, null, '../../Pictures/default.jpg', null);

INSERT INTO ChildcareTransaction VALUES ('1000001846', 'Regular Childcare', '101846', '2014-04-08', '12:00:00', '14:00:00', 20.50);

INSERT INTO AllowedConnections VALUES ('101847', '128070', '128075', 12807, null);

INSERT INTO Child VALUES ('128075', 'Child1848', '1848child', '2006-02-02', null, null, '../../Pictures/default.jpg', null);

INSERT INTO ChildcareTransaction VALUES ('1000001847', 'Regular Childcare', '101847', '2014-08-13', '12:00:00', '14:00:00', 20.50);

INSERT INTO Guardian VALUES ('128070', '1234', 'Guardian462', '462guardian', '555-555-5555', 'blah@blah.com', '123 nowhere', null, 'Spokane', 'WA', '99999', '../../Pictures/default.jpg', null);

INSERT INTO Family VALUES ('12807', 42);

INSERT INTO Guardian VALUES ('128071', '1234', 'Guardian2462', '4622guardian', '555-555-5555', 'blah@blah.com', '123 nowhere', null, 'Spokane', 'WA', '99999', '../../Pictures/default.jpg', null);

INSERT INTO AllowedConnections VALUES ('101848', '128080', '128082', 12808, null);

INSERT INTO Child VALUES ('128082', 'Child1849', '1849child', '2006-02-02', null, null, '../../Pictures/default.jpg', null);

INSERT INTO ChildcareTransaction VALUES ('1000001848', 'Regular Childcare', '101848', '2014-10-20', '12:00:00', '14:00:00', 20.50);

INSERT INTO AllowedConnections VALUES ('101849', '128080', '128083', 12808, null);

INSERT INTO Child VALUES ('128083', 'Child1850', '1850child', '2006-02-02', null, null, '../../Pictures/default.jpg', null);

INSERT INTO ChildcareTransaction VALUES ('1000001849', 'Regular Childcare', '101849', '2014-12-11', '12:00:00', '14:00:00', 20.50);

INSERT INTO AllowedConnections VALUES ('101850', '128080', '128084', 12808, null);

INSERT INTO Child VALUES ('128084', 'Child1851', '1851child', '2006-02-02', null, null, '../../Pictures/default.jpg', null);

INSERT INTO ChildcareTransaction VALUES ('1000001850', 'Regular Childcare', '101850', '2014-08-24', '12:00:00', '14:00:00', 20.50);

INSERT INTO AllowedConnections VALUES ('101851', '128080', '128085', 12808, null);

INSERT INTO Child VALUES ('128085', 'Child1852', '1852child', '2006-02-02', null, null, '../../Pictures/default.jpg', null);

INSERT INTO ChildcareTransaction VALUES ('1000001851', 'Regular Childcare', '101851', '2014-03-23', '12:00:00', '14:00:00', 20.50);

INSERT INTO Guardian VALUES ('128080', '1234', 'Guardian463', '463guardian', '555-555-5555', 'blah@blah.com', '123 nowhere', null, 'Spokane', 'WA', '99999', '../../Pictures/default.jpg', null);

INSERT INTO Family VALUES ('12808', 42);

INSERT INTO Guardian VALUES ('128081', '1234', 'Guardian2463', '4632guardian', '555-555-5555', 'blah@blah.com', '123 nowhere', null, 'Spokane', 'WA', '99999', '../../Pictures/default.jpg', null);

INSERT INTO AllowedConnections VALUES ('101852', '128090', '128092', 12809, null);

INSERT INTO Child VALUES ('128092', 'Child1853', '1853child', '2006-02-02', null, null, '../../Pictures/default.jpg', null);

INSERT INTO ChildcareTransaction VALUES ('1000001852', 'Regular Childcare', '101852', '2014-09-24', '12:00:00', '14:00:00', 20.50);

INSERT INTO AllowedConnections VALUES ('101853', '128090', '128093', 12809, null);

INSERT INTO Child VALUES ('128093', 'Child1854', '1854child', '2006-02-02', null, null, '../../Pictures/default.jpg', null);

INSERT INTO ChildcareTransaction VALUES ('1000001853', 'Regular Childcare', '101853', '2014-09-01', '12:00:00', '14:00:00', 20.50);

INSERT INTO AllowedConnections VALUES ('101854', '128090', '128094', 12809, null);

INSERT INTO Child VALUES ('128094', 'Child1855', '1855child', '2006-02-02', null, null, '../../Pictures/default.jpg', null);

INSERT INTO ChildcareTransaction VALUES ('1000001854', 'Regular Childcare', '101854', '2014-12-19', '12:00:00', '14:00:00', 20.50);

INSERT INTO AllowedConnections VALUES ('101855', '128090', '128095', 12809, null);

INSERT INTO Child VALUES ('128095', 'Child1856', '1856child', '2006-02-02', null, null, '../../Pictures/default.jpg', null);

INSERT INTO ChildcareTransaction VALUES ('1000001855', 'Regular Childcare', '101855', '2014-09-07', '12:00:00', '14:00:00', 20.50);

INSERT INTO Guardian VALUES ('128090', '1234', 'Guardian464', '464guardian', '555-555-5555', 'blah@blah.com', '123 nowhere', null, 'Spokane', 'WA', '99999', '../../Pictures/default.jpg', null);

INSERT INTO Family VALUES ('12809', 42);

INSERT INTO Guardian VALUES ('128091', '1234', 'Guardian2464', '4642guardian', '555-555-5555', 'blah@blah.com', '123 nowhere', null, 'Spokane', 'WA', '99999', '../../Pictures/default.jpg', null);

INSERT INTO AllowedConnections VALUES ('101856', '128100', '128102', 12810, null);

INSERT INTO Child VALUES ('128102', 'Child1857', '1857child', '2006-02-02', null, null, '../../Pictures/default.jpg', null);

INSERT INTO ChildcareTransaction VALUES ('1000001856', 'Regular Childcare', '101856', '2014-12-24', '12:00:00', '14:00:00', 20.50);

INSERT INTO AllowedConnections VALUES ('101857', '128100', '128103', 12810, null);

INSERT INTO Child VALUES ('128103', 'Child1858', '1858child', '2006-02-02', null, null, '../../Pictures/default.jpg', null);

INSERT INTO ChildcareTransaction VALUES ('1000001857', 'Regular Childcare', '101857', '2014-04-01', '12:00:00', '14:00:00', 20.50);

INSERT INTO AllowedConnections VALUES ('101858', '128100', '128104', 12810, null);

INSERT INTO Child VALUES ('128104', 'Child1859', '1859child', '2006-02-02', null, null, '../../Pictures/default.jpg', null);

INSERT INTO ChildcareTransaction VALUES ('1000001858', 'Regular Childcare', '101858', '2014-04-08', '12:00:00', '14:00:00', 20.50);

INSERT INTO AllowedConnections VALUES ('101859', '128100', '128105', 12810, null);

INSERT INTO Child VALUES ('128105', 'Child1860', '1860child', '2006-02-02', null, null, '../../Pictures/default.jpg', null);

INSERT INTO ChildcareTransaction VALUES ('1000001859', 'Regular Childcare', '101859', '2014-10-02', '12:00:00', '14:00:00', 20.50);

INSERT INTO Guardian VALUES ('128100', '1234', 'Guardian465', '465guardian', '555-555-5555', 'blah@blah.com', '123 nowhere', null, 'Spokane', 'WA', '99999', '../../Pictures/default.jpg', null);

INSERT INTO Family VALUES ('12810', 42);

INSERT INTO Guardian VALUES ('128101', '1234', 'Guardian2465', '4652guardian', '555-555-5555', 'blah@blah.com', '123 nowhere', null, 'Spokane', 'WA', '99999', '../../Pictures/default.jpg', null);

INSERT INTO AllowedConnections VALUES ('101860', '128110', '128112', 12811, null);

INSERT INTO Child VALUES ('128112', 'Child1861', '1861child', '2006-02-02', null, null, '../../Pictures/default.jpg', null);

INSERT INTO ChildcareTransaction VALUES ('1000001860', 'Regular Childcare', '101860', '2014-08-11', '12:00:00', '14:00:00', 20.50);

INSERT INTO AllowedConnections VALUES ('101861', '128110', '128113', 12811, null);

INSERT INTO Child VALUES ('128113', 'Child1862', '1862child', '2006-02-02', null, null, '../../Pictures/default.jpg', null);

INSERT INTO ChildcareTransaction VALUES ('1000001861', 'Regular Childcare', '101861', '2014-02-05', '12:00:00', '14:00:00', 20.50);

INSERT INTO AllowedConnections VALUES ('101862', '128110', '128114', 12811, null);

INSERT INTO Child VALUES ('128114', 'Child1863', '1863child', '2006-02-02', null, null, '../../Pictures/default.jpg', null);

INSERT INTO ChildcareTransaction VALUES ('1000001862', 'Regular Childcare', '101862', '2014-08-05', '12:00:00', '14:00:00', 20.50);

INSERT INTO AllowedConnections VALUES ('101863', '128110', '128115', 12811, null);

INSERT INTO Child VALUES ('128115', 'Child1864', '1864child', '2006-02-02', null, null, '../../Pictures/default.jpg', null);

INSERT INTO ChildcareTransaction VALUES ('1000001863', 'Regular Childcare', '101863', '2014-01-13', '12:00:00', '14:00:00', 20.50);

INSERT INTO Guardian VALUES ('128110', '1234', 'Guardian466', '466guardian', '555-555-5555', 'blah@blah.com', '123 nowhere', null, 'Spokane', 'WA', '99999', '../../Pictures/default.jpg', null);

INSERT INTO Family VALUES ('12811', 42);

INSERT INTO Guardian VALUES ('128111', '1234', 'Guardian2466', '4662guardian', '555-555-5555', 'blah@blah.com', '123 nowhere', null, 'Spokane', 'WA', '99999', '../../Pictures/default.jpg', null);

INSERT INTO AllowedConnections VALUES ('101864', '128120', '128122', 12812, null);

INSERT INTO Child VALUES ('128122', 'Child1865', '1865child', '2006-02-02', null, null, '../../Pictures/default.jpg', null);

INSERT INTO ChildcareTransaction VALUES ('1000001864', 'Regular Childcare', '101864', '2014-02-07', '12:00:00', '14:00:00', 20.50);

INSERT INTO AllowedConnections VALUES ('101865', '128120', '128123', 12812, null);

INSERT INTO Child VALUES ('128123', 'Child1866', '1866child', '2006-02-02', null, null, '../../Pictures/default.jpg', null);

INSERT INTO ChildcareTransaction VALUES ('1000001865', 'Regular Childcare', '101865', '2014-08-15', '12:00:00', '14:00:00', 20.50);

INSERT INTO AllowedConnections VALUES ('101866', '128120', '128124', 12812, null);

INSERT INTO Child VALUES ('128124', 'Child1867', '1867child', '2006-02-02', null, null, '../../Pictures/default.jpg', null);

INSERT INTO ChildcareTransaction VALUES ('1000001866', 'Regular Childcare', '101866', '2014-07-09', '12:00:00', '14:00:00', 20.50);

INSERT INTO AllowedConnections VALUES ('101867', '128120', '128125', 12812, null);

INSERT INTO Child VALUES ('128125', 'Child1868', '1868child', '2006-02-02', null, null, '../../Pictures/default.jpg', null);

INSERT INTO ChildcareTransaction VALUES ('1000001867', 'Regular Childcare', '101867', '2014-11-18', '12:00:00', '14:00:00', 20.50);

INSERT INTO Guardian VALUES ('128120', '1234', 'Guardian467', '467guardian', '555-555-5555', 'blah@blah.com', '123 nowhere', null, 'Spokane', 'WA', '99999', '../../Pictures/default.jpg', null);

INSERT INTO Family VALUES ('12812', 42);

INSERT INTO Guardian VALUES ('128121', '1234', 'Guardian2467', '4672guardian', '555-555-5555', 'blah@blah.com', '123 nowhere', null, 'Spokane', 'WA', '99999', '../../Pictures/default.jpg', null);

INSERT INTO AllowedConnections VALUES ('101868', '128130', '128132', 12813, null);

INSERT INTO Child VALUES ('128132', 'Child1869', '1869child', '2006-02-02', null, null, '../../Pictures/default.jpg', null);

INSERT INTO ChildcareTransaction VALUES ('1000001868', 'Regular Childcare', '101868', '2014-11-16', '12:00:00', '14:00:00', 20.50);

INSERT INTO AllowedConnections VALUES ('101869', '128130', '128133', 12813, null);

INSERT INTO Child VALUES ('128133', 'Child1870', '1870child', '2006-02-02', null, null, '../../Pictures/default.jpg', null);

INSERT INTO ChildcareTransaction VALUES ('1000001869', 'Regular Childcare', '101869', '2014-08-23', '12:00:00', '14:00:00', 20.50);

INSERT INTO AllowedConnections VALUES ('101870', '128130', '128134', 12813, null);

INSERT INTO Child VALUES ('128134', 'Child1871', '1871child', '2006-02-02', null, null, '../../Pictures/default.jpg', null);

INSERT INTO ChildcareTransaction VALUES ('1000001870', 'Regular Childcare', '101870', '2014-01-04', '12:00:00', '14:00:00', 20.50);

INSERT INTO AllowedConnections VALUES ('101871', '128130', '128135', 12813, null);

INSERT INTO Child VALUES ('128135', 'Child1872', '1872child', '2006-02-02', null, null, '../../Pictures/default.jpg', null);

INSERT INTO ChildcareTransaction VALUES ('1000001871', 'Regular Childcare', '101871', '2014-11-24', '12:00:00', '14:00:00', 20.50);

INSERT INTO Guardian VALUES ('128130', '1234', 'Guardian468', '468guardian', '555-555-5555', 'blah@blah.com', '123 nowhere', null, 'Spokane', 'WA', '99999', '../../Pictures/default.jpg', null);

INSERT INTO Family VALUES ('12813', 42);

INSERT INTO Guardian VALUES ('128131', '1234', 'Guardian2468', '4682guardian', '555-555-5555', 'blah@blah.com', '123 nowhere', null, 'Spokane', 'WA', '99999', '../../Pictures/default.jpg', null);

INSERT INTO AllowedConnections VALUES ('101872', '128140', '128142', 12814, null);

INSERT INTO Child VALUES ('128142', 'Child1873', '1873child', '2006-02-02', null, null, '../../Pictures/default.jpg', null);

INSERT INTO ChildcareTransaction VALUES ('1000001872', 'Regular Childcare', '101872', '2014-08-04', '12:00:00', '14:00:00', 20.50);

INSERT INTO AllowedConnections VALUES ('101873', '128140', '128143', 12814, null);

INSERT INTO Child VALUES ('128143', 'Child1874', '1874child', '2006-02-02', null, null, '../../Pictures/default.jpg', null);

INSERT INTO ChildcareTransaction VALUES ('1000001873', 'Regular Childcare', '101873', '2014-08-16', '12:00:00', '14:00:00', 20.50);

INSERT INTO AllowedConnections VALUES ('101874', '128140', '128144', 12814, null);

INSERT INTO Child VALUES ('128144', 'Child1875', '1875child', '2006-02-02', null, null, '../../Pictures/default.jpg', null);

INSERT INTO ChildcareTransaction VALUES ('1000001874', 'Regular Childcare', '101874', '2014-11-21', '12:00:00', '14:00:00', 20.50);

INSERT INTO AllowedConnections VALUES ('101875', '128140', '128145', 12814, null);

INSERT INTO Child VALUES ('128145', 'Child1876', '1876child', '2006-02-02', null, null, '../../Pictures/default.jpg', null);

INSERT INTO ChildcareTransaction VALUES ('1000001875', 'Regular Childcare', '101875', '2014-04-12', '12:00:00', '14:00:00', 20.50);

INSERT INTO Guardian VALUES ('128140', '1234', 'Guardian469', '469guardian', '555-555-5555', 'blah@blah.com', '123 nowhere', null, 'Spokane', 'WA', '99999', '../../Pictures/default.jpg', null);

INSERT INTO Family VALUES ('12814', 42);

INSERT INTO Guardian VALUES ('128141', '1234', 'Guardian2469', '4692guardian', '555-555-5555', 'blah@blah.com', '123 nowhere', null, 'Spokane', 'WA', '99999', '../../Pictures/default.jpg', null);

INSERT INTO AllowedConnections VALUES ('101876', '128150', '128152', 12815, null);

INSERT INTO Child VALUES ('128152', 'Child1877', '1877child', '2006-02-02', null, null, '../../Pictures/default.jpg', null);

INSERT INTO ChildcareTransaction VALUES ('1000001876', 'Regular Childcare', '101876', '2014-06-28', '12:00:00', '14:00:00', 20.50);

INSERT INTO AllowedConnections VALUES ('101877', '128150', '128153', 12815, null);

INSERT INTO Child VALUES ('128153', 'Child1878', '1878child', '2006-02-02', null, null, '../../Pictures/default.jpg', null);

INSERT INTO ChildcareTransaction VALUES ('1000001877', 'Regular Childcare', '101877', '2014-11-12', '12:00:00', '14:00:00', 20.50);

INSERT INTO AllowedConnections VALUES ('101878', '128150', '128154', 12815, null);

INSERT INTO Child VALUES ('128154', 'Child1879', '1879child', '2006-02-02', null, null, '../../Pictures/default.jpg', null);

INSERT INTO ChildcareTransaction VALUES ('1000001878', 'Regular Childcare', '101878', '2014-04-12', '12:00:00', '14:00:00', 20.50);

INSERT INTO AllowedConnections VALUES ('101879', '128150', '128155', 12815, null);

INSERT INTO Child VALUES ('128155', 'Child1880', '1880child', '2006-02-02', null, null, '../../Pictures/default.jpg', null);

INSERT INTO ChildcareTransaction VALUES ('1000001879', 'Regular Childcare', '101879', '2014-10-01', '12:00:00', '14:00:00', 20.50);

INSERT INTO Guardian VALUES ('128150', '1234', 'Guardian470', '470guardian', '555-555-5555', 'blah@blah.com', '123 nowhere', null, 'Spokane', 'WA', '99999', '../../Pictures/default.jpg', null);

INSERT INTO Family VALUES ('12815', 42);

INSERT INTO Guardian VALUES ('128151', '1234', 'Guardian2470', '4702guardian', '555-555-5555', 'blah@blah.com', '123 nowhere', null, 'Spokane', 'WA', '99999', '../../Pictures/default.jpg', null);

INSERT INTO AllowedConnections VALUES ('101880', '128160', '128162', 12816, null);

INSERT INTO Child VALUES ('128162', 'Child1881', '1881child', '2006-02-02', null, null, '../../Pictures/default.jpg', null);

INSERT INTO ChildcareTransaction VALUES ('1000001880', 'Regular Childcare', '101880', '2014-05-26', '12:00:00', '14:00:00', 20.50);

INSERT INTO AllowedConnections VALUES ('101881', '128160', '128163', 12816, null);

INSERT INTO Child VALUES ('128163', 'Child1882', '1882child', '2006-02-02', null, null, '../../Pictures/default.jpg', null);

INSERT INTO ChildcareTransaction VALUES ('1000001881', 'Regular Childcare', '101881', '2014-06-28', '12:00:00', '14:00:00', 20.50);

INSERT INTO AllowedConnections VALUES ('101882', '128160', '128164', 12816, null);

INSERT INTO Child VALUES ('128164', 'Child1883', '1883child', '2006-02-02', null, null, '../../Pictures/default.jpg', null);

INSERT INTO ChildcareTransaction VALUES ('1000001882', 'Regular Childcare', '101882', '2014-11-26', '12:00:00', '14:00:00', 20.50);

INSERT INTO AllowedConnections VALUES ('101883', '128160', '128165', 12816, null);

INSERT INTO Child VALUES ('128165', 'Child1884', '1884child', '2006-02-02', null, null, '../../Pictures/default.jpg', null);

INSERT INTO ChildcareTransaction VALUES ('1000001883', 'Regular Childcare', '101883', '2014-09-09', '12:00:00', '14:00:00', 20.50);

INSERT INTO Guardian VALUES ('128160', '1234', 'Guardian471', '471guardian', '555-555-5555', 'blah@blah.com', '123 nowhere', null, 'Spokane', 'WA', '99999', '../../Pictures/default.jpg', null);

INSERT INTO Family VALUES ('12816', 42);

INSERT INTO Guardian VALUES ('128161', '1234', 'Guardian2471', '4712guardian', '555-555-5555', 'blah@blah.com', '123 nowhere', null, 'Spokane', 'WA', '99999', '../../Pictures/default.jpg', null);

INSERT INTO AllowedConnections VALUES ('101884', '128170', '128172', 12817, null);

INSERT INTO Child VALUES ('128172', 'Child1885', '1885child', '2006-02-02', null, null, '../../Pictures/default.jpg', null);

INSERT INTO ChildcareTransaction VALUES ('1000001884', 'Regular Childcare', '101884', '2014-06-03', '12:00:00', '14:00:00', 20.50);

INSERT INTO AllowedConnections VALUES ('101885', '128170', '128173', 12817, null);

INSERT INTO Child VALUES ('128173', 'Child1886', '1886child', '2006-02-02', null, null, '../../Pictures/default.jpg', null);

INSERT INTO ChildcareTransaction VALUES ('1000001885', 'Regular Childcare', '101885', '2014-12-05', '12:00:00', '14:00:00', 20.50);

INSERT INTO AllowedConnections VALUES ('101886', '128170', '128174', 12817, null);

INSERT INTO Child VALUES ('128174', 'Child1887', '1887child', '2006-02-02', null, null, '../../Pictures/default.jpg', null);

INSERT INTO ChildcareTransaction VALUES ('1000001886', 'Regular Childcare', '101886', '2014-09-14', '12:00:00', '14:00:00', 20.50);

INSERT INTO AllowedConnections VALUES ('101887', '128170', '128175', 12817, null);

INSERT INTO Child VALUES ('128175', 'Child1888', '1888child', '2006-02-02', null, null, '../../Pictures/default.jpg', null);

INSERT INTO ChildcareTransaction VALUES ('1000001887', 'Regular Childcare', '101887', '2014-10-17', '12:00:00', '14:00:00', 20.50);

INSERT INTO Guardian VALUES ('128170', '1234', 'Guardian472', '472guardian', '555-555-5555', 'blah@blah.com', '123 nowhere', null, 'Spokane', 'WA', '99999', '../../Pictures/default.jpg', null);

INSERT INTO Family VALUES ('12817', 42);

INSERT INTO Guardian VALUES ('128171', '1234', 'Guardian2472', '4722guardian', '555-555-5555', 'blah@blah.com', '123 nowhere', null, 'Spokane', 'WA', '99999', '../../Pictures/default.jpg', null);

INSERT INTO AllowedConnections VALUES ('101888', '128180', '128182', 12818, null);

INSERT INTO Child VALUES ('128182', 'Child1889', '1889child', '2006-02-02', null, null, '../../Pictures/default.jpg', null);

INSERT INTO ChildcareTransaction VALUES ('1000001888', 'Regular Childcare', '101888', '2014-02-26', '12:00:00', '14:00:00', 20.50);

INSERT INTO AllowedConnections VALUES ('101889', '128180', '128183', 12818, null);

INSERT INTO Child VALUES ('128183', 'Child1890', '1890child', '2006-02-02', null, null, '../../Pictures/default.jpg', null);

INSERT INTO ChildcareTransaction VALUES ('1000001889', 'Regular Childcare', '101889', '2014-07-19', '12:00:00', '14:00:00', 20.50);

INSERT INTO AllowedConnections VALUES ('101890', '128180', '128184', 12818, null);

INSERT INTO Child VALUES ('128184', 'Child1891', '1891child', '2006-02-02', null, null, '../../Pictures/default.jpg', null);

INSERT INTO ChildcareTransaction VALUES ('1000001890', 'Regular Childcare', '101890', '2014-02-10', '12:00:00', '14:00:00', 20.50);

INSERT INTO AllowedConnections VALUES ('101891', '128180', '128185', 12818, null);

INSERT INTO Child VALUES ('128185', 'Child1892', '1892child', '2006-02-02', null, null, '../../Pictures/default.jpg', null);

INSERT INTO ChildcareTransaction VALUES ('1000001891', 'Regular Childcare', '101891', '2014-03-10', '12:00:00', '14:00:00', 20.50);

INSERT INTO Guardian VALUES ('128180', '1234', 'Guardian473', '473guardian', '555-555-5555', 'blah@blah.com', '123 nowhere', null, 'Spokane', 'WA', '99999', '../../Pictures/default.jpg', null);

INSERT INTO Family VALUES ('12818', 42);

INSERT INTO Guardian VALUES ('128181', '1234', 'Guardian2473', '4732guardian', '555-555-5555', 'blah@blah.com', '123 nowhere', null, 'Spokane', 'WA', '99999', '../../Pictures/default.jpg', null);

INSERT INTO AllowedConnections VALUES ('101892', '128190', '128192', 12819, null);

INSERT INTO Child VALUES ('128192', 'Child1893', '1893child', '2006-02-02', null, null, '../../Pictures/default.jpg', null);

INSERT INTO ChildcareTransaction VALUES ('1000001892', 'Regular Childcare', '101892', '2014-09-04', '12:00:00', '14:00:00', 20.50);

INSERT INTO AllowedConnections VALUES ('101893', '128190', '128193', 12819, null);

INSERT INTO Child VALUES ('128193', 'Child1894', '1894child', '2006-02-02', null, null, '../../Pictures/default.jpg', null);

INSERT INTO ChildcareTransaction VALUES ('1000001893', 'Regular Childcare', '101893', '2014-01-24', '12:00:00', '14:00:00', 20.50);

INSERT INTO AllowedConnections VALUES ('101894', '128190', '128194', 12819, null);

INSERT INTO Child VALUES ('128194', 'Child1895', '1895child', '2006-02-02', null, null, '../../Pictures/default.jpg', null);

INSERT INTO ChildcareTransaction VALUES ('1000001894', 'Regular Childcare', '101894', '2014-05-10', '12:00:00', '14:00:00', 20.50);

INSERT INTO AllowedConnections VALUES ('101895', '128190', '128195', 12819, null);

INSERT INTO Child VALUES ('128195', 'Child1896', '1896child', '2006-02-02', null, null, '../../Pictures/default.jpg', null);

INSERT INTO ChildcareTransaction VALUES ('1000001895', 'Regular Childcare', '101895', '2014-01-14', '12:00:00', '14:00:00', 20.50);

INSERT INTO Guardian VALUES ('128190', '1234', 'Guardian474', '474guardian', '555-555-5555', 'blah@blah.com', '123 nowhere', null, 'Spokane', 'WA', '99999', '../../Pictures/default.jpg', null);

INSERT INTO Family VALUES ('12819', 42);

INSERT INTO Guardian VALUES ('128191', '1234', 'Guardian2474', '4742guardian', '555-555-5555', 'blah@blah.com', '123 nowhere', null, 'Spokane', 'WA', '99999', '../../Pictures/default.jpg', null);

INSERT INTO AllowedConnections VALUES ('101896', '128200', '128202', 12820, null);

INSERT INTO Child VALUES ('128202', 'Child1897', '1897child', '2006-02-02', null, null, '../../Pictures/default.jpg', null);

INSERT INTO ChildcareTransaction VALUES ('1000001896', 'Regular Childcare', '101896', '2014-09-12', '12:00:00', '14:00:00', 20.50);

INSERT INTO AllowedConnections VALUES ('101897', '128200', '128203', 12820, null);

INSERT INTO Child VALUES ('128203', 'Child1898', '1898child', '2006-02-02', null, null, '../../Pictures/default.jpg', null);

INSERT INTO ChildcareTransaction VALUES ('1000001897', 'Regular Childcare', '101897', '2014-09-19', '12:00:00', '14:00:00', 20.50);

INSERT INTO AllowedConnections VALUES ('101898', '128200', '128204', 12820, null);

INSERT INTO Child VALUES ('128204', 'Child1899', '1899child', '2006-02-02', null, null, '../../Pictures/default.jpg', null);

INSERT INTO ChildcareTransaction VALUES ('1000001898', 'Regular Childcare', '101898', '2014-10-01', '12:00:00', '14:00:00', 20.50);

INSERT INTO AllowedConnections VALUES ('101899', '128200', '128205', 12820, null);

INSERT INTO Child VALUES ('128205', 'Child1900', '1900child', '2006-02-02', null, null, '../../Pictures/default.jpg', null);

INSERT INTO ChildcareTransaction VALUES ('1000001899', 'Regular Childcare', '101899', '2014-08-02', '12:00:00', '14:00:00', 20.50);

INSERT INTO Guardian VALUES ('128200', '1234', 'Guardian475', '475guardian', '555-555-5555', 'blah@blah.com', '123 nowhere', null, 'Spokane', 'WA', '99999', '../../Pictures/default.jpg', null);

INSERT INTO Family VALUES ('12820', 42);

INSERT INTO Guardian VALUES ('128201', '1234', 'Guardian2475', '4752guardian', '555-555-5555', 'blah@blah.com', '123 nowhere', null, 'Spokane', 'WA', '99999', '../../Pictures/default.jpg', null);

INSERT INTO AllowedConnections VALUES ('101900', '128210', '128212', 12821, null);

INSERT INTO Child VALUES ('128212', 'Child1901', '1901child', '2006-02-02', null, null, '../../Pictures/default.jpg', null);

INSERT INTO ChildcareTransaction VALUES ('1000001900', 'Regular Childcare', '101900', '2014-06-01', '12:00:00', '14:00:00', 20.50);

INSERT INTO AllowedConnections VALUES ('101901', '128210', '128213', 12821, null);

INSERT INTO Child VALUES ('128213', 'Child1902', '1902child', '2006-02-02', null, null, '../../Pictures/default.jpg', null);

INSERT INTO ChildcareTransaction VALUES ('1000001901', 'Regular Childcare', '101901', '2014-04-10', '12:00:00', '14:00:00', 20.50);

INSERT INTO AllowedConnections VALUES ('101902', '128210', '128214', 12821, null);

INSERT INTO Child VALUES ('128214', 'Child1903', '1903child', '2006-02-02', null, null, '../../Pictures/default.jpg', null);

INSERT INTO ChildcareTransaction VALUES ('1000001902', 'Regular Childcare', '101902', '2014-09-10', '12:00:00', '14:00:00', 20.50);

INSERT INTO AllowedConnections VALUES ('101903', '128210', '128215', 12821, null);

INSERT INTO Child VALUES ('128215', 'Child1904', '1904child', '2006-02-02', null, null, '../../Pictures/default.jpg', null);

INSERT INTO ChildcareTransaction VALUES ('1000001903', 'Regular Childcare', '101903', '2014-01-12', '12:00:00', '14:00:00', 20.50);

INSERT INTO Guardian VALUES ('128210', '1234', 'Guardian476', '476guardian', '555-555-5555', 'blah@blah.com', '123 nowhere', null, 'Spokane', 'WA', '99999', '../../Pictures/default.jpg', null);

INSERT INTO Family VALUES ('12821', 42);

INSERT INTO Guardian VALUES ('128211', '1234', 'Guardian2476', '4762guardian', '555-555-5555', 'blah@blah.com', '123 nowhere', null, 'Spokane', 'WA', '99999', '../../Pictures/default.jpg', null);

INSERT INTO AllowedConnections VALUES ('101904', '128220', '128222', 12822, null);

INSERT INTO Child VALUES ('128222', 'Child1905', '1905child', '2006-02-02', null, null, '../../Pictures/default.jpg', null);

INSERT INTO ChildcareTransaction VALUES ('1000001904', 'Regular Childcare', '101904', '2014-09-16', '12:00:00', '14:00:00', 20.50);

INSERT INTO AllowedConnections VALUES ('101905', '128220', '128223', 12822, null);

INSERT INTO Child VALUES ('128223', 'Child1906', '1906child', '2006-02-02', null, null, '../../Pictures/default.jpg', null);

INSERT INTO ChildcareTransaction VALUES ('1000001905', 'Regular Childcare', '101905', '2014-11-02', '12:00:00', '14:00:00', 20.50);

INSERT INTO AllowedConnections VALUES ('101906', '128220', '128224', 12822, null);

INSERT INTO Child VALUES ('128224', 'Child1907', '1907child', '2006-02-02', null, null, '../../Pictures/default.jpg', null);

INSERT INTO ChildcareTransaction VALUES ('1000001906', 'Regular Childcare', '101906', '2014-05-06', '12:00:00', '14:00:00', 20.50);

INSERT INTO AllowedConnections VALUES ('101907', '128220', '128225', 12822, null);

INSERT INTO Child VALUES ('128225', 'Child1908', '1908child', '2006-02-02', null, null, '../../Pictures/default.jpg', null);

INSERT INTO ChildcareTransaction VALUES ('1000001907', 'Regular Childcare', '101907', '2014-01-03', '12:00:00', '14:00:00', 20.50);

INSERT INTO Guardian VALUES ('128220', '1234', 'Guardian477', '477guardian', '555-555-5555', 'blah@blah.com', '123 nowhere', null, 'Spokane', 'WA', '99999', '../../Pictures/default.jpg', null);

INSERT INTO Family VALUES ('12822', 42);

INSERT INTO Guardian VALUES ('128221', '1234', 'Guardian2477', '4772guardian', '555-555-5555', 'blah@blah.com', '123 nowhere', null, 'Spokane', 'WA', '99999', '../../Pictures/default.jpg', null);

INSERT INTO AllowedConnections VALUES ('101908', '128230', '128232', 12823, null);

INSERT INTO Child VALUES ('128232', 'Child1909', '1909child', '2006-02-02', null, null, '../../Pictures/default.jpg', null);

INSERT INTO ChildcareTransaction VALUES ('1000001908', 'Regular Childcare', '101908', '2014-10-10', '12:00:00', '14:00:00', 20.50);

INSERT INTO AllowedConnections VALUES ('101909', '128230', '128233', 12823, null);

INSERT INTO Child VALUES ('128233', 'Child1910', '1910child', '2006-02-02', null, null, '../../Pictures/default.jpg', null);

INSERT INTO ChildcareTransaction VALUES ('1000001909', 'Regular Childcare', '101909', '2014-01-12', '12:00:00', '14:00:00', 20.50);

INSERT INTO AllowedConnections VALUES ('101910', '128230', '128234', 12823, null);

INSERT INTO Child VALUES ('128234', 'Child1911', '1911child', '2006-02-02', null, null, '../../Pictures/default.jpg', null);

INSERT INTO ChildcareTransaction VALUES ('1000001910', 'Regular Childcare', '101910', '2014-03-08', '12:00:00', '14:00:00', 20.50);

INSERT INTO AllowedConnections VALUES ('101911', '128230', '128235', 12823, null);

INSERT INTO Child VALUES ('128235', 'Child1912', '1912child', '2006-02-02', null, null, '../../Pictures/default.jpg', null);

INSERT INTO ChildcareTransaction VALUES ('1000001911', 'Regular Childcare', '101911', '2014-09-10', '12:00:00', '14:00:00', 20.50);

INSERT INTO Guardian VALUES ('128230', '1234', 'Guardian478', '478guardian', '555-555-5555', 'blah@blah.com', '123 nowhere', null, 'Spokane', 'WA', '99999', '../../Pictures/default.jpg', null);

INSERT INTO Family VALUES ('12823', 42);

INSERT INTO Guardian VALUES ('128231', '1234', 'Guardian2478', '4782guardian', '555-555-5555', 'blah@blah.com', '123 nowhere', null, 'Spokane', 'WA', '99999', '../../Pictures/default.jpg', null);

INSERT INTO AllowedConnections VALUES ('101912', '128240', '128242', 12824, null);

INSERT INTO Child VALUES ('128242', 'Child1913', '1913child', '2006-02-02', null, null, '../../Pictures/default.jpg', null);

INSERT INTO ChildcareTransaction VALUES ('1000001912', 'Regular Childcare', '101912', '2014-08-14', '12:00:00', '14:00:00', 20.50);

INSERT INTO AllowedConnections VALUES ('101913', '128240', '128243', 12824, null);

INSERT INTO Child VALUES ('128243', 'Child1914', '1914child', '2006-02-02', null, null, '../../Pictures/default.jpg', null);

INSERT INTO ChildcareTransaction VALUES ('1000001913', 'Regular Childcare', '101913', '2014-07-04', '12:00:00', '14:00:00', 20.50);

INSERT INTO AllowedConnections VALUES ('101914', '128240', '128244', 12824, null);

INSERT INTO Child VALUES ('128244', 'Child1915', '1915child', '2006-02-02', null, null, '../../Pictures/default.jpg', null);

INSERT INTO ChildcareTransaction VALUES ('1000001914', 'Regular Childcare', '101914', '2014-09-06', '12:00:00', '14:00:00', 20.50);

INSERT INTO AllowedConnections VALUES ('101915', '128240', '128245', 12824, null);

INSERT INTO Child VALUES ('128245', 'Child1916', '1916child', '2006-02-02', null, null, '../../Pictures/default.jpg', null);

INSERT INTO ChildcareTransaction VALUES ('1000001915', 'Regular Childcare', '101915', '2014-10-03', '12:00:00', '14:00:00', 20.50);

INSERT INTO Guardian VALUES ('128240', '1234', 'Guardian479', '479guardian', '555-555-5555', 'blah@blah.com', '123 nowhere', null, 'Spokane', 'WA', '99999', '../../Pictures/default.jpg', null);

INSERT INTO Family VALUES ('12824', 42);

INSERT INTO Guardian VALUES ('128241', '1234', 'Guardian2479', '4792guardian', '555-555-5555', 'blah@blah.com', '123 nowhere', null, 'Spokane', 'WA', '99999', '../../Pictures/default.jpg', null);

INSERT INTO AllowedConnections VALUES ('101916', '128250', '128252', 12825, null);

INSERT INTO Child VALUES ('128252', 'Child1917', '1917child', '2006-02-02', null, null, '../../Pictures/default.jpg', null);

INSERT INTO ChildcareTransaction VALUES ('1000001916', 'Regular Childcare', '101916', '2014-05-06', '12:00:00', '14:00:00', 20.50);

INSERT INTO AllowedConnections VALUES ('101917', '128250', '128253', 12825, null);

INSERT INTO Child VALUES ('128253', 'Child1918', '1918child', '2006-02-02', null, null, '../../Pictures/default.jpg', null);

INSERT INTO ChildcareTransaction VALUES ('1000001917', 'Regular Childcare', '101917', '2014-01-26', '12:00:00', '14:00:00', 20.50);

INSERT INTO AllowedConnections VALUES ('101918', '128250', '128254', 12825, null);

INSERT INTO Child VALUES ('128254', 'Child1919', '1919child', '2006-02-02', null, null, '../../Pictures/default.jpg', null);

INSERT INTO ChildcareTransaction VALUES ('1000001918', 'Regular Childcare', '101918', '2014-07-01', '12:00:00', '14:00:00', 20.50);

INSERT INTO AllowedConnections VALUES ('101919', '128250', '128255', 12825, null);

INSERT INTO Child VALUES ('128255', 'Child1920', '1920child', '2006-02-02', null, null, '../../Pictures/default.jpg', null);

INSERT INTO ChildcareTransaction VALUES ('1000001919', 'Regular Childcare', '101919', '2014-05-03', '12:00:00', '14:00:00', 20.50);

INSERT INTO Guardian VALUES ('128250', '1234', 'Guardian480', '480guardian', '555-555-5555', 'blah@blah.com', '123 nowhere', null, 'Spokane', 'WA', '99999', '../../Pictures/default.jpg', null);

INSERT INTO Family VALUES ('12825', 42);

INSERT INTO Guardian VALUES ('128251', '1234', 'Guardian2480', '4802guardian', '555-555-5555', 'blah@blah.com', '123 nowhere', null, 'Spokane', 'WA', '99999', '../../Pictures/default.jpg', null);

INSERT INTO AllowedConnections VALUES ('101920', '128260', '128262', 12826, null);

INSERT INTO Child VALUES ('128262', 'Child1921', '1921child', '2006-02-02', null, null, '../../Pictures/default.jpg', null);

INSERT INTO ChildcareTransaction VALUES ('1000001920', 'Regular Childcare', '101920', '2014-01-26', '12:00:00', '14:00:00', 20.50);

INSERT INTO AllowedConnections VALUES ('101921', '128260', '128263', 12826, null);

INSERT INTO Child VALUES ('128263', 'Child1922', '1922child', '2006-02-02', null, null, '../../Pictures/default.jpg', null);

INSERT INTO ChildcareTransaction VALUES ('1000001921', 'Regular Childcare', '101921', '2014-06-28', '12:00:00', '14:00:00', 20.50);

INSERT INTO AllowedConnections VALUES ('101922', '128260', '128264', 12826, null);

INSERT INTO Child VALUES ('128264', 'Child1923', '1923child', '2006-02-02', null, null, '../../Pictures/default.jpg', null);

INSERT INTO ChildcareTransaction VALUES ('1000001922', 'Regular Childcare', '101922', '2014-02-28', '12:00:00', '14:00:00', 20.50);

INSERT INTO AllowedConnections VALUES ('101923', '128260', '128265', 12826, null);

INSERT INTO Child VALUES ('128265', 'Child1924', '1924child', '2006-02-02', null, null, '../../Pictures/default.jpg', null);

INSERT INTO ChildcareTransaction VALUES ('1000001923', 'Regular Childcare', '101923', '2014-02-07', '12:00:00', '14:00:00', 20.50);

INSERT INTO Guardian VALUES ('128260', '1234', 'Guardian481', '481guardian', '555-555-5555', 'blah@blah.com', '123 nowhere', null, 'Spokane', 'WA', '99999', '../../Pictures/default.jpg', null);

INSERT INTO Family VALUES ('12826', 42);

INSERT INTO Guardian VALUES ('128261', '1234', 'Guardian2481', '4812guardian', '555-555-5555', 'blah@blah.com', '123 nowhere', null, 'Spokane', 'WA', '99999', '../../Pictures/default.jpg', null);

INSERT INTO AllowedConnections VALUES ('101924', '128270', '128272', 12827, null);

INSERT INTO Child VALUES ('128272', 'Child1925', '1925child', '2006-02-02', null, null, '../../Pictures/default.jpg', null);

INSERT INTO ChildcareTransaction VALUES ('1000001924', 'Regular Childcare', '101924', '2014-10-16', '12:00:00', '14:00:00', 20.50);

INSERT INTO AllowedConnections VALUES ('101925', '128270', '128273', 12827, null);

INSERT INTO Child VALUES ('128273', 'Child1926', '1926child', '2006-02-02', null, null, '../../Pictures/default.jpg', null);

INSERT INTO ChildcareTransaction VALUES ('1000001925', 'Regular Childcare', '101925', '2014-05-23', '12:00:00', '14:00:00', 20.50);

INSERT INTO AllowedConnections VALUES ('101926', '128270', '128274', 12827, null);

INSERT INTO Child VALUES ('128274', 'Child1927', '1927child', '2006-02-02', null, null, '../../Pictures/default.jpg', null);

INSERT INTO ChildcareTransaction VALUES ('1000001926', 'Regular Childcare', '101926', '2014-05-28', '12:00:00', '14:00:00', 20.50);

INSERT INTO AllowedConnections VALUES ('101927', '128270', '128275', 12827, null);

INSERT INTO Child VALUES ('128275', 'Child1928', '1928child', '2006-02-02', null, null, '../../Pictures/default.jpg', null);

INSERT INTO ChildcareTransaction VALUES ('1000001927', 'Regular Childcare', '101927', '2014-04-04', '12:00:00', '14:00:00', 20.50);

INSERT INTO Guardian VALUES ('128270', '1234', 'Guardian482', '482guardian', '555-555-5555', 'blah@blah.com', '123 nowhere', null, 'Spokane', 'WA', '99999', '../../Pictures/default.jpg', null);

INSERT INTO Family VALUES ('12827', 42);

INSERT INTO Guardian VALUES ('128271', '1234', 'Guardian2482', '4822guardian', '555-555-5555', 'blah@blah.com', '123 nowhere', null, 'Spokane', 'WA', '99999', '../../Pictures/default.jpg', null);

INSERT INTO AllowedConnections VALUES ('101928', '128280', '128282', 12828, null);

INSERT INTO Child VALUES ('128282', 'Child1929', '1929child', '2006-02-02', null, null, '../../Pictures/default.jpg', null);

INSERT INTO ChildcareTransaction VALUES ('1000001928', 'Regular Childcare', '101928', '2014-02-16', '12:00:00', '14:00:00', 20.50);

INSERT INTO AllowedConnections VALUES ('101929', '128280', '128283', 12828, null);

INSERT INTO Child VALUES ('128283', 'Child1930', '1930child', '2006-02-02', null, null, '../../Pictures/default.jpg', null);

INSERT INTO ChildcareTransaction VALUES ('1000001929', 'Regular Childcare', '101929', '2014-06-24', '12:00:00', '14:00:00', 20.50);

INSERT INTO AllowedConnections VALUES ('101930', '128280', '128284', 12828, null);

INSERT INTO Child VALUES ('128284', 'Child1931', '1931child', '2006-02-02', null, null, '../../Pictures/default.jpg', null);

INSERT INTO ChildcareTransaction VALUES ('1000001930', 'Regular Childcare', '101930', '2014-01-07', '12:00:00', '14:00:00', 20.50);

INSERT INTO AllowedConnections VALUES ('101931', '128280', '128285', 12828, null);

INSERT INTO Child VALUES ('128285', 'Child1932', '1932child', '2006-02-02', null, null, '../../Pictures/default.jpg', null);

INSERT INTO ChildcareTransaction VALUES ('1000001931', 'Regular Childcare', '101931', '2014-10-19', '12:00:00', '14:00:00', 20.50);

INSERT INTO Guardian VALUES ('128280', '1234', 'Guardian483', '483guardian', '555-555-5555', 'blah@blah.com', '123 nowhere', null, 'Spokane', 'WA', '99999', '../../Pictures/default.jpg', null);

INSERT INTO Family VALUES ('12828', 42);

INSERT INTO Guardian VALUES ('128281', '1234', 'Guardian2483', '4832guardian', '555-555-5555', 'blah@blah.com', '123 nowhere', null, 'Spokane', 'WA', '99999', '../../Pictures/default.jpg', null);

INSERT INTO AllowedConnections VALUES ('101932', '128290', '128292', 12829, null);

INSERT INTO Child VALUES ('128292', 'Child1933', '1933child', '2006-02-02', null, null, '../../Pictures/default.jpg', null);

INSERT INTO ChildcareTransaction VALUES ('1000001932', 'Regular Childcare', '101932', '2014-07-22', '12:00:00', '14:00:00', 20.50);

INSERT INTO AllowedConnections VALUES ('101933', '128290', '128293', 12829, null);

INSERT INTO Child VALUES ('128293', 'Child1934', '1934child', '2006-02-02', null, null, '../../Pictures/default.jpg', null);

INSERT INTO ChildcareTransaction VALUES ('1000001933', 'Regular Childcare', '101933', '2014-06-12', '12:00:00', '14:00:00', 20.50);

INSERT INTO AllowedConnections VALUES ('101934', '128290', '128294', 12829, null);

INSERT INTO Child VALUES ('128294', 'Child1935', '1935child', '2006-02-02', null, null, '../../Pictures/default.jpg', null);

INSERT INTO ChildcareTransaction VALUES ('1000001934', 'Regular Childcare', '101934', '2014-02-06', '12:00:00', '14:00:00', 20.50);

INSERT INTO AllowedConnections VALUES ('101935', '128290', '128295', 12829, null);

INSERT INTO Child VALUES ('128295', 'Child1936', '1936child', '2006-02-02', null, null, '../../Pictures/default.jpg', null);

INSERT INTO ChildcareTransaction VALUES ('1000001935', 'Regular Childcare', '101935', '2014-12-01', '12:00:00', '14:00:00', 20.50);

INSERT INTO Guardian VALUES ('128290', '1234', 'Guardian484', '484guardian', '555-555-5555', 'blah@blah.com', '123 nowhere', null, 'Spokane', 'WA', '99999', '../../Pictures/default.jpg', null);

INSERT INTO Family VALUES ('12829', 42);

INSERT INTO Guardian VALUES ('128291', '1234', 'Guardian2484', '4842guardian', '555-555-5555', 'blah@blah.com', '123 nowhere', null, 'Spokane', 'WA', '99999', '../../Pictures/default.jpg', null);

INSERT INTO AllowedConnections VALUES ('101936', '128300', '128302', 12830, null);

INSERT INTO Child VALUES ('128302', 'Child1937', '1937child', '2006-02-02', null, null, '../../Pictures/default.jpg', null);

INSERT INTO ChildcareTransaction VALUES ('1000001936', 'Regular Childcare', '101936', '2014-09-23', '12:00:00', '14:00:00', 20.50);

INSERT INTO AllowedConnections VALUES ('101937', '128300', '128303', 12830, null);

INSERT INTO Child VALUES ('128303', 'Child1938', '1938child', '2006-02-02', null, null, '../../Pictures/default.jpg', null);

INSERT INTO ChildcareTransaction VALUES ('1000001937', 'Regular Childcare', '101937', '2014-11-27', '12:00:00', '14:00:00', 20.50);

INSERT INTO AllowedConnections VALUES ('101938', '128300', '128304', 12830, null);

INSERT INTO Child VALUES ('128304', 'Child1939', '1939child', '2006-02-02', null, null, '../../Pictures/default.jpg', null);

INSERT INTO ChildcareTransaction VALUES ('1000001938', 'Regular Childcare', '101938', '2014-03-20', '12:00:00', '14:00:00', 20.50);

INSERT INTO AllowedConnections VALUES ('101939', '128300', '128305', 12830, null);

INSERT INTO Child VALUES ('128305', 'Child1940', '1940child', '2006-02-02', null, null, '../../Pictures/default.jpg', null);

INSERT INTO ChildcareTransaction VALUES ('1000001939', 'Regular Childcare', '101939', '2014-11-09', '12:00:00', '14:00:00', 20.50);

INSERT INTO Guardian VALUES ('128300', '1234', 'Guardian485', '485guardian', '555-555-5555', 'blah@blah.com', '123 nowhere', null, 'Spokane', 'WA', '99999', '../../Pictures/default.jpg', null);

INSERT INTO Family VALUES ('12830', 42);

INSERT INTO Guardian VALUES ('128301', '1234', 'Guardian2485', '4852guardian', '555-555-5555', 'blah@blah.com', '123 nowhere', null, 'Spokane', 'WA', '99999', '../../Pictures/default.jpg', null);

INSERT INTO AllowedConnections VALUES ('101940', '128310', '128312', 12831, null);

INSERT INTO Child VALUES ('128312', 'Child1941', '1941child', '2006-02-02', null, null, '../../Pictures/default.jpg', null);

INSERT INTO ChildcareTransaction VALUES ('1000001940', 'Regular Childcare', '101940', '2014-04-05', '12:00:00', '14:00:00', 20.50);

INSERT INTO AllowedConnections VALUES ('101941', '128310', '128313', 12831, null);

INSERT INTO Child VALUES ('128313', 'Child1942', '1942child', '2006-02-02', null, null, '../../Pictures/default.jpg', null);

INSERT INTO ChildcareTransaction VALUES ('1000001941', 'Regular Childcare', '101941', '2014-09-17', '12:00:00', '14:00:00', 20.50);

INSERT INTO AllowedConnections VALUES ('101942', '128310', '128314', 12831, null);

INSERT INTO Child VALUES ('128314', 'Child1943', '1943child', '2006-02-02', null, null, '../../Pictures/default.jpg', null);

INSERT INTO ChildcareTransaction VALUES ('1000001942', 'Regular Childcare', '101942', '2014-11-18', '12:00:00', '14:00:00', 20.50);

INSERT INTO AllowedConnections VALUES ('101943', '128310', '128315', 12831, null);

INSERT INTO Child VALUES ('128315', 'Child1944', '1944child', '2006-02-02', null, null, '../../Pictures/default.jpg', null);

INSERT INTO ChildcareTransaction VALUES ('1000001943', 'Regular Childcare', '101943', '2014-06-08', '12:00:00', '14:00:00', 20.50);

INSERT INTO Guardian VALUES ('128310', '1234', 'Guardian486', '486guardian', '555-555-5555', 'blah@blah.com', '123 nowhere', null, 'Spokane', 'WA', '99999', '../../Pictures/default.jpg', null);

INSERT INTO Family VALUES ('12831', 42);

INSERT INTO Guardian VALUES ('128311', '1234', 'Guardian2486', '4862guardian', '555-555-5555', 'blah@blah.com', '123 nowhere', null, 'Spokane', 'WA', '99999', '../../Pictures/default.jpg', null);

INSERT INTO AllowedConnections VALUES ('101944', '128320', '128322', 12832, null);

INSERT INTO Child VALUES ('128322', 'Child1945', '1945child', '2006-02-02', null, null, '../../Pictures/default.jpg', null);

INSERT INTO ChildcareTransaction VALUES ('1000001944', 'Regular Childcare', '101944', '2014-01-05', '12:00:00', '14:00:00', 20.50);

INSERT INTO AllowedConnections VALUES ('101945', '128320', '128323', 12832, null);

INSERT INTO Child VALUES ('128323', 'Child1946', '1946child', '2006-02-02', null, null, '../../Pictures/default.jpg', null);

INSERT INTO ChildcareTransaction VALUES ('1000001945', 'Regular Childcare', '101945', '2014-03-08', '12:00:00', '14:00:00', 20.50);

INSERT INTO AllowedConnections VALUES ('101946', '128320', '128324', 12832, null);

INSERT INTO Child VALUES ('128324', 'Child1947', '1947child', '2006-02-02', null, null, '../../Pictures/default.jpg', null);

INSERT INTO ChildcareTransaction VALUES ('1000001946', 'Regular Childcare', '101946', '2014-12-25', '12:00:00', '14:00:00', 20.50);

INSERT INTO AllowedConnections VALUES ('101947', '128320', '128325', 12832, null);

INSERT INTO Child VALUES ('128325', 'Child1948', '1948child', '2006-02-02', null, null, '../../Pictures/default.jpg', null);

INSERT INTO ChildcareTransaction VALUES ('1000001947', 'Regular Childcare', '101947', '2014-10-28', '12:00:00', '14:00:00', 20.50);

INSERT INTO Guardian VALUES ('128320', '1234', 'Guardian487', '487guardian', '555-555-5555', 'blah@blah.com', '123 nowhere', null, 'Spokane', 'WA', '99999', '../../Pictures/default.jpg', null);

INSERT INTO Family VALUES ('12832', 42);

INSERT INTO Guardian VALUES ('128321', '1234', 'Guardian2487', '4872guardian', '555-555-5555', 'blah@blah.com', '123 nowhere', null, 'Spokane', 'WA', '99999', '../../Pictures/default.jpg', null);

INSERT INTO AllowedConnections VALUES ('101948', '128330', '128332', 12833, null);

INSERT INTO Child VALUES ('128332', 'Child1949', '1949child', '2006-02-02', null, null, '../../Pictures/default.jpg', null);

INSERT INTO ChildcareTransaction VALUES ('1000001948', 'Regular Childcare', '101948', '2014-05-10', '12:00:00', '14:00:00', 20.50);

INSERT INTO AllowedConnections VALUES ('101949', '128330', '128333', 12833, null);

INSERT INTO Child VALUES ('128333', 'Child1950', '1950child', '2006-02-02', null, null, '../../Pictures/default.jpg', null);

INSERT INTO ChildcareTransaction VALUES ('1000001949', 'Regular Childcare', '101949', '2014-04-05', '12:00:00', '14:00:00', 20.50);

INSERT INTO AllowedConnections VALUES ('101950', '128330', '128334', 12833, null);

INSERT INTO Child VALUES ('128334', 'Child1951', '1951child', '2006-02-02', null, null, '../../Pictures/default.jpg', null);

INSERT INTO ChildcareTransaction VALUES ('1000001950', 'Regular Childcare', '101950', '2014-06-27', '12:00:00', '14:00:00', 20.50);

INSERT INTO AllowedConnections VALUES ('101951', '128330', '128335', 12833, null);

INSERT INTO Child VALUES ('128335', 'Child1952', '1952child', '2006-02-02', null, null, '../../Pictures/default.jpg', null);

INSERT INTO ChildcareTransaction VALUES ('1000001951', 'Regular Childcare', '101951', '2014-01-15', '12:00:00', '14:00:00', 20.50);

INSERT INTO Guardian VALUES ('128330', '1234', 'Guardian488', '488guardian', '555-555-5555', 'blah@blah.com', '123 nowhere', null, 'Spokane', 'WA', '99999', '../../Pictures/default.jpg', null);

INSERT INTO Family VALUES ('12833', 42);

INSERT INTO Guardian VALUES ('128331', '1234', 'Guardian2488', '4882guardian', '555-555-5555', 'blah@blah.com', '123 nowhere', null, 'Spokane', 'WA', '99999', '../../Pictures/default.jpg', null);

INSERT INTO AllowedConnections VALUES ('101952', '128340', '128342', 12834, null);

INSERT INTO Child VALUES ('128342', 'Child1953', '1953child', '2006-02-02', null, null, '../../Pictures/default.jpg', null);

INSERT INTO ChildcareTransaction VALUES ('1000001952', 'Regular Childcare', '101952', '2014-09-20', '12:00:00', '14:00:00', 20.50);

INSERT INTO AllowedConnections VALUES ('101953', '128340', '128343', 12834, null);

INSERT INTO Child VALUES ('128343', 'Child1954', '1954child', '2006-02-02', null, null, '../../Pictures/default.jpg', null);

INSERT INTO ChildcareTransaction VALUES ('1000001953', 'Regular Childcare', '101953', '2014-08-03', '12:00:00', '14:00:00', 20.50);

INSERT INTO AllowedConnections VALUES ('101954', '128340', '128344', 12834, null);

INSERT INTO Child VALUES ('128344', 'Child1955', '1955child', '2006-02-02', null, null, '../../Pictures/default.jpg', null);

INSERT INTO ChildcareTransaction VALUES ('1000001954', 'Regular Childcare', '101954', '2014-01-20', '12:00:00', '14:00:00', 20.50);

INSERT INTO AllowedConnections VALUES ('101955', '128340', '128345', 12834, null);

INSERT INTO Child VALUES ('128345', 'Child1956', '1956child', '2006-02-02', null, null, '../../Pictures/default.jpg', null);

INSERT INTO ChildcareTransaction VALUES ('1000001955', 'Regular Childcare', '101955', '2014-02-09', '12:00:00', '14:00:00', 20.50);

INSERT INTO Guardian VALUES ('128340', '1234', 'Guardian489', '489guardian', '555-555-5555', 'blah@blah.com', '123 nowhere', null, 'Spokane', 'WA', '99999', '../../Pictures/default.jpg', null);

INSERT INTO Family VALUES ('12834', 42);

INSERT INTO Guardian VALUES ('128341', '1234', 'Guardian2489', '4892guardian', '555-555-5555', 'blah@blah.com', '123 nowhere', null, 'Spokane', 'WA', '99999', '../../Pictures/default.jpg', null);

INSERT INTO AllowedConnections VALUES ('101956', '128350', '128352', 12835, null);

INSERT INTO Child VALUES ('128352', 'Child1957', '1957child', '2006-02-02', null, null, '../../Pictures/default.jpg', null);

INSERT INTO ChildcareTransaction VALUES ('1000001956', 'Regular Childcare', '101956', '2014-09-22', '12:00:00', '14:00:00', 20.50);

INSERT INTO AllowedConnections VALUES ('101957', '128350', '128353', 12835, null);

INSERT INTO Child VALUES ('128353', 'Child1958', '1958child', '2006-02-02', null, null, '../../Pictures/default.jpg', null);

INSERT INTO ChildcareTransaction VALUES ('1000001957', 'Regular Childcare', '101957', '2014-10-10', '12:00:00', '14:00:00', 20.50);

INSERT INTO AllowedConnections VALUES ('101958', '128350', '128354', 12835, null);

INSERT INTO Child VALUES ('128354', 'Child1959', '1959child', '2006-02-02', null, null, '../../Pictures/default.jpg', null);

INSERT INTO ChildcareTransaction VALUES ('1000001958', 'Regular Childcare', '101958', '2014-12-24', '12:00:00', '14:00:00', 20.50);

INSERT INTO AllowedConnections VALUES ('101959', '128350', '128355', 12835, null);

INSERT INTO Child VALUES ('128355', 'Child1960', '1960child', '2006-02-02', null, null, '../../Pictures/default.jpg', null);

INSERT INTO ChildcareTransaction VALUES ('1000001959', 'Regular Childcare', '101959', '2014-09-16', '12:00:00', '14:00:00', 20.50);

INSERT INTO Guardian VALUES ('128350', '1234', 'Guardian490', '490guardian', '555-555-5555', 'blah@blah.com', '123 nowhere', null, 'Spokane', 'WA', '99999', '../../Pictures/default.jpg', null);

INSERT INTO Family VALUES ('12835', 42);

INSERT INTO Guardian VALUES ('128351', '1234', 'Guardian2490', '4902guardian', '555-555-5555', 'blah@blah.com', '123 nowhere', null, 'Spokane', 'WA', '99999', '../../Pictures/default.jpg', null);

INSERT INTO AllowedConnections VALUES ('101960', '128360', '128362', 12836, null);

INSERT INTO Child VALUES ('128362', 'Child1961', '1961child', '2006-02-02', null, null, '../../Pictures/default.jpg', null);

INSERT INTO ChildcareTransaction VALUES ('1000001960', 'Regular Childcare', '101960', '2014-02-10', '12:00:00', '14:00:00', 20.50);

INSERT INTO AllowedConnections VALUES ('101961', '128360', '128363', 12836, null);

INSERT INTO Child VALUES ('128363', 'Child1962', '1962child', '2006-02-02', null, null, '../../Pictures/default.jpg', null);

INSERT INTO ChildcareTransaction VALUES ('1000001961', 'Regular Childcare', '101961', '2014-06-08', '12:00:00', '14:00:00', 20.50);

INSERT INTO AllowedConnections VALUES ('101962', '128360', '128364', 12836, null);

INSERT INTO Child VALUES ('128364', 'Child1963', '1963child', '2006-02-02', null, null, '../../Pictures/default.jpg', null);

INSERT INTO ChildcareTransaction VALUES ('1000001962', 'Regular Childcare', '101962', '2014-06-21', '12:00:00', '14:00:00', 20.50);

INSERT INTO AllowedConnections VALUES ('101963', '128360', '128365', 12836, null);

INSERT INTO Child VALUES ('128365', 'Child1964', '1964child', '2006-02-02', null, null, '../../Pictures/default.jpg', null);

INSERT INTO ChildcareTransaction VALUES ('1000001963', 'Regular Childcare', '101963', '2014-12-08', '12:00:00', '14:00:00', 20.50);

INSERT INTO Guardian VALUES ('128360', '1234', 'Guardian491', '491guardian', '555-555-5555', 'blah@blah.com', '123 nowhere', null, 'Spokane', 'WA', '99999', '../../Pictures/default.jpg', null);

INSERT INTO Family VALUES ('12836', 42);

INSERT INTO Guardian VALUES ('128361', '1234', 'Guardian2491', '4912guardian', '555-555-5555', 'blah@blah.com', '123 nowhere', null, 'Spokane', 'WA', '99999', '../../Pictures/default.jpg', null);

INSERT INTO AllowedConnections VALUES ('101964', '128370', '128372', 12837, null);

INSERT INTO Child VALUES ('128372', 'Child1965', '1965child', '2006-02-02', null, null, '../../Pictures/default.jpg', null);

INSERT INTO ChildcareTransaction VALUES ('1000001964', 'Regular Childcare', '101964', '2014-01-19', '12:00:00', '14:00:00', 20.50);

INSERT INTO AllowedConnections VALUES ('101965', '128370', '128373', 12837, null);

INSERT INTO Child VALUES ('128373', 'Child1966', '1966child', '2006-02-02', null, null, '../../Pictures/default.jpg', null);

INSERT INTO ChildcareTransaction VALUES ('1000001965', 'Regular Childcare', '101965', '2014-03-24', '12:00:00', '14:00:00', 20.50);

INSERT INTO AllowedConnections VALUES ('101966', '128370', '128374', 12837, null);

INSERT INTO Child VALUES ('128374', 'Child1967', '1967child', '2006-02-02', null, null, '../../Pictures/default.jpg', null);

INSERT INTO ChildcareTransaction VALUES ('1000001966', 'Regular Childcare', '101966', '2014-05-16', '12:00:00', '14:00:00', 20.50);

INSERT INTO AllowedConnections VALUES ('101967', '128370', '128375', 12837, null);

INSERT INTO Child VALUES ('128375', 'Child1968', '1968child', '2006-02-02', null, null, '../../Pictures/default.jpg', null);

INSERT INTO ChildcareTransaction VALUES ('1000001967', 'Regular Childcare', '101967', '2014-01-02', '12:00:00', '14:00:00', 20.50);

INSERT INTO Guardian VALUES ('128370', '1234', 'Guardian492', '492guardian', '555-555-5555', 'blah@blah.com', '123 nowhere', null, 'Spokane', 'WA', '99999', '../../Pictures/default.jpg', null);

INSERT INTO Family VALUES ('12837', 42);

INSERT INTO Guardian VALUES ('128371', '1234', 'Guardian2492', '4922guardian', '555-555-5555', 'blah@blah.com', '123 nowhere', null, 'Spokane', 'WA', '99999', '../../Pictures/default.jpg', null);

INSERT INTO AllowedConnections VALUES ('101968', '128380', '128382', 12838, null);

INSERT INTO Child VALUES ('128382', 'Child1969', '1969child', '2006-02-02', null, null, '../../Pictures/default.jpg', null);

INSERT INTO ChildcareTransaction VALUES ('1000001968', 'Regular Childcare', '101968', '2014-07-07', '12:00:00', '14:00:00', 20.50);

INSERT INTO AllowedConnections VALUES ('101969', '128380', '128383', 12838, null);

INSERT INTO Child VALUES ('128383', 'Child1970', '1970child', '2006-02-02', null, null, '../../Pictures/default.jpg', null);

INSERT INTO ChildcareTransaction VALUES ('1000001969', 'Regular Childcare', '101969', '2014-11-10', '12:00:00', '14:00:00', 20.50);

INSERT INTO AllowedConnections VALUES ('101970', '128380', '128384', 12838, null);

INSERT INTO Child VALUES ('128384', 'Child1971', '1971child', '2006-02-02', null, null, '../../Pictures/default.jpg', null);

INSERT INTO ChildcareTransaction VALUES ('1000001970', 'Regular Childcare', '101970', '2014-03-21', '12:00:00', '14:00:00', 20.50);

INSERT INTO AllowedConnections VALUES ('101971', '128380', '128385', 12838, null);

INSERT INTO Child VALUES ('128385', 'Child1972', '1972child', '2006-02-02', null, null, '../../Pictures/default.jpg', null);

INSERT INTO ChildcareTransaction VALUES ('1000001971', 'Regular Childcare', '101971', '2014-08-08', '12:00:00', '14:00:00', 20.50);

INSERT INTO Guardian VALUES ('128380', '1234', 'Guardian493', '493guardian', '555-555-5555', 'blah@blah.com', '123 nowhere', null, 'Spokane', 'WA', '99999', '../../Pictures/default.jpg', null);

INSERT INTO Family VALUES ('12838', 42);

INSERT INTO Guardian VALUES ('128381', '1234', 'Guardian2493', '4932guardian', '555-555-5555', 'blah@blah.com', '123 nowhere', null, 'Spokane', 'WA', '99999', '../../Pictures/default.jpg', null);

INSERT INTO AllowedConnections VALUES ('101972', '128390', '128392', 12839, null);

INSERT INTO Child VALUES ('128392', 'Child1973', '1973child', '2006-02-02', null, null, '../../Pictures/default.jpg', null);

INSERT INTO ChildcareTransaction VALUES ('1000001972', 'Regular Childcare', '101972', '2014-07-24', '12:00:00', '14:00:00', 20.50);

INSERT INTO AllowedConnections VALUES ('101973', '128390', '128393', 12839, null);

INSERT INTO Child VALUES ('128393', 'Child1974', '1974child', '2006-02-02', null, null, '../../Pictures/default.jpg', null);

INSERT INTO ChildcareTransaction VALUES ('1000001973', 'Regular Childcare', '101973', '2014-03-06', '12:00:00', '14:00:00', 20.50);

INSERT INTO AllowedConnections VALUES ('101974', '128390', '128394', 12839, null);

INSERT INTO Child VALUES ('128394', 'Child1975', '1975child', '2006-02-02', null, null, '../../Pictures/default.jpg', null);

INSERT INTO ChildcareTransaction VALUES ('1000001974', 'Regular Childcare', '101974', '2014-11-21', '12:00:00', '14:00:00', 20.50);

INSERT INTO AllowedConnections VALUES ('101975', '128390', '128395', 12839, null);

INSERT INTO Child VALUES ('128395', 'Child1976', '1976child', '2006-02-02', null, null, '../../Pictures/default.jpg', null);

INSERT INTO ChildcareTransaction VALUES ('1000001975', 'Regular Childcare', '101975', '2014-10-21', '12:00:00', '14:00:00', 20.50);

INSERT INTO Guardian VALUES ('128390', '1234', 'Guardian494', '494guardian', '555-555-5555', 'blah@blah.com', '123 nowhere', null, 'Spokane', 'WA', '99999', '../../Pictures/default.jpg', null);

INSERT INTO Family VALUES ('12839', 42);

INSERT INTO Guardian VALUES ('128391', '1234', 'Guardian2494', '4942guardian', '555-555-5555', 'blah@blah.com', '123 nowhere', null, 'Spokane', 'WA', '99999', '../../Pictures/default.jpg', null);

INSERT INTO AllowedConnections VALUES ('101976', '128400', '128402', 12840, null);

INSERT INTO Child VALUES ('128402', 'Child1977', '1977child', '2006-02-02', null, null, '../../Pictures/default.jpg', null);

INSERT INTO ChildcareTransaction VALUES ('1000001976', 'Regular Childcare', '101976', '2014-04-05', '12:00:00', '14:00:00', 20.50);

INSERT INTO AllowedConnections VALUES ('101977', '128400', '128403', 12840, null);

INSERT INTO Child VALUES ('128403', 'Child1978', '1978child', '2006-02-02', null, null, '../../Pictures/default.jpg', null);

INSERT INTO ChildcareTransaction VALUES ('1000001977', 'Regular Childcare', '101977', '2014-09-22', '12:00:00', '14:00:00', 20.50);

INSERT INTO AllowedConnections VALUES ('101978', '128400', '128404', 12840, null);

INSERT INTO Child VALUES ('128404', 'Child1979', '1979child', '2006-02-02', null, null, '../../Pictures/default.jpg', null);

INSERT INTO ChildcareTransaction VALUES ('1000001978', 'Regular Childcare', '101978', '2014-07-18', '12:00:00', '14:00:00', 20.50);

INSERT INTO AllowedConnections VALUES ('101979', '128400', '128405', 12840, null);

INSERT INTO Child VALUES ('128405', 'Child1980', '1980child', '2006-02-02', null, null, '../../Pictures/default.jpg', null);

INSERT INTO ChildcareTransaction VALUES ('1000001979', 'Regular Childcare', '101979', '2014-07-15', '12:00:00', '14:00:00', 20.50);

INSERT INTO Guardian VALUES ('128400', '1234', 'Guardian495', '495guardian', '555-555-5555', 'blah@blah.com', '123 nowhere', null, 'Spokane', 'WA', '99999', '../../Pictures/default.jpg', null);

INSERT INTO Family VALUES ('12840', 42);

INSERT INTO Guardian VALUES ('128401', '1234', 'Guardian2495', '4952guardian', '555-555-5555', 'blah@blah.com', '123 nowhere', null, 'Spokane', 'WA', '99999', '../../Pictures/default.jpg', null);

INSERT INTO AllowedConnections VALUES ('101980', '128410', '128412', 12841, null);

INSERT INTO Child VALUES ('128412', 'Child1981', '1981child', '2006-02-02', null, null, '../../Pictures/default.jpg', null);

INSERT INTO ChildcareTransaction VALUES ('1000001980', 'Regular Childcare', '101980', '2014-08-14', '12:00:00', '14:00:00', 20.50);

INSERT INTO AllowedConnections VALUES ('101981', '128410', '128413', 12841, null);

INSERT INTO Child VALUES ('128413', 'Child1982', '1982child', '2006-02-02', null, null, '../../Pictures/default.jpg', null);

INSERT INTO ChildcareTransaction VALUES ('1000001981', 'Regular Childcare', '101981', '2014-05-23', '12:00:00', '14:00:00', 20.50);

INSERT INTO AllowedConnections VALUES ('101982', '128410', '128414', 12841, null);

INSERT INTO Child VALUES ('128414', 'Child1983', '1983child', '2006-02-02', null, null, '../../Pictures/default.jpg', null);

INSERT INTO ChildcareTransaction VALUES ('1000001982', 'Regular Childcare', '101982', '2014-02-06', '12:00:00', '14:00:00', 20.50);

INSERT INTO AllowedConnections VALUES ('101983', '128410', '128415', 12841, null);

INSERT INTO Child VALUES ('128415', 'Child1984', '1984child', '2006-02-02', null, null, '../../Pictures/default.jpg', null);

INSERT INTO ChildcareTransaction VALUES ('1000001983', 'Regular Childcare', '101983', '2014-06-08', '12:00:00', '14:00:00', 20.50);

INSERT INTO Guardian VALUES ('128410', '1234', 'Guardian496', '496guardian', '555-555-5555', 'blah@blah.com', '123 nowhere', null, 'Spokane', 'WA', '99999', '../../Pictures/default.jpg', null);

INSERT INTO Family VALUES ('12841', 42);

INSERT INTO Guardian VALUES ('128411', '1234', 'Guardian2496', '4962guardian', '555-555-5555', 'blah@blah.com', '123 nowhere', null, 'Spokane', 'WA', '99999', '../../Pictures/default.jpg', null);

INSERT INTO AllowedConnections VALUES ('101984', '128420', '128422', 12842, null);

INSERT INTO Child VALUES ('128422', 'Child1985', '1985child', '2006-02-02', null, null, '../../Pictures/default.jpg', null);

INSERT INTO ChildcareTransaction VALUES ('1000001984', 'Regular Childcare', '101984', '2014-02-19', '12:00:00', '14:00:00', 20.50);

INSERT INTO AllowedConnections VALUES ('101985', '128420', '128423', 12842, null);

INSERT INTO Child VALUES ('128423', 'Child1986', '1986child', '2006-02-02', null, null, '../../Pictures/default.jpg', null);

INSERT INTO ChildcareTransaction VALUES ('1000001985', 'Regular Childcare', '101985', '2014-03-09', '12:00:00', '14:00:00', 20.50);

INSERT INTO AllowedConnections VALUES ('101986', '128420', '128424', 12842, null);

INSERT INTO Child VALUES ('128424', 'Child1987', '1987child', '2006-02-02', null, null, '../../Pictures/default.jpg', null);

INSERT INTO ChildcareTransaction VALUES ('1000001986', 'Regular Childcare', '101986', '2014-01-21', '12:00:00', '14:00:00', 20.50);

INSERT INTO AllowedConnections VALUES ('101987', '128420', '128425', 12842, null);

INSERT INTO Child VALUES ('128425', 'Child1988', '1988child', '2006-02-02', null, null, '../../Pictures/default.jpg', null);

INSERT INTO ChildcareTransaction VALUES ('1000001987', 'Regular Childcare', '101987', '2014-11-12', '12:00:00', '14:00:00', 20.50);

INSERT INTO Guardian VALUES ('128420', '1234', 'Guardian497', '497guardian', '555-555-5555', 'blah@blah.com', '123 nowhere', null, 'Spokane', 'WA', '99999', '../../Pictures/default.jpg', null);

INSERT INTO Family VALUES ('12842', 42);

INSERT INTO Guardian VALUES ('128421', '1234', 'Guardian2497', '4972guardian', '555-555-5555', 'blah@blah.com', '123 nowhere', null, 'Spokane', 'WA', '99999', '../../Pictures/default.jpg', null);

INSERT INTO AllowedConnections VALUES ('101988', '128430', '128432', 12843, null);

INSERT INTO Child VALUES ('128432', 'Child1989', '1989child', '2006-02-02', null, null, '../../Pictures/default.jpg', null);

INSERT INTO ChildcareTransaction VALUES ('1000001988', 'Regular Childcare', '101988', '2014-09-21', '12:00:00', '14:00:00', 20.50);

INSERT INTO AllowedConnections VALUES ('101989', '128430', '128433', 12843, null);

INSERT INTO Child VALUES ('128433', 'Child1990', '1990child', '2006-02-02', null, null, '../../Pictures/default.jpg', null);

INSERT INTO ChildcareTransaction VALUES ('1000001989', 'Regular Childcare', '101989', '2014-12-25', '12:00:00', '14:00:00', 20.50);

INSERT INTO AllowedConnections VALUES ('101990', '128430', '128434', 12843, null);

INSERT INTO Child VALUES ('128434', 'Child1991', '1991child', '2006-02-02', null, null, '../../Pictures/default.jpg', null);

INSERT INTO ChildcareTransaction VALUES ('1000001990', 'Regular Childcare', '101990', '2014-12-17', '12:00:00', '14:00:00', 20.50);

INSERT INTO AllowedConnections VALUES ('101991', '128430', '128435', 12843, null);

INSERT INTO Child VALUES ('128435', 'Child1992', '1992child', '2006-02-02', null, null, '../../Pictures/default.jpg', null);

INSERT INTO ChildcareTransaction VALUES ('1000001991', 'Regular Childcare', '101991', '2014-11-02', '12:00:00', '14:00:00', 20.50);

INSERT INTO Guardian VALUES ('128430', '1234', 'Guardian498', '498guardian', '555-555-5555', 'blah@blah.com', '123 nowhere', null, 'Spokane', 'WA', '99999', '../../Pictures/default.jpg', null);

INSERT INTO Family VALUES ('12843', 42);

INSERT INTO Guardian VALUES ('128431', '1234', 'Guardian2498', '4982guardian', '555-555-5555', 'blah@blah.com', '123 nowhere', null, 'Spokane', 'WA', '99999', '../../Pictures/default.jpg', null);

INSERT INTO AllowedConnections VALUES ('101992', '128440', '128442', 12844, null);

INSERT INTO Child VALUES ('128442', 'Child1993', '1993child', '2006-02-02', null, null, '../../Pictures/default.jpg', null);

INSERT INTO ChildcareTransaction VALUES ('1000001992', 'Regular Childcare', '101992', '2014-12-17', '12:00:00', '14:00:00', 20.50);

INSERT INTO AllowedConnections VALUES ('101993', '128440', '128443', 12844, null);

INSERT INTO Child VALUES ('128443', 'Child1994', '1994child', '2006-02-02', null, null, '../../Pictures/default.jpg', null);

INSERT INTO ChildcareTransaction VALUES ('1000001993', 'Regular Childcare', '101993', '2014-06-25', '12:00:00', '14:00:00', 20.50);

INSERT INTO AllowedConnections VALUES ('101994', '128440', '128444', 12844, null);

INSERT INTO Child VALUES ('128444', 'Child1995', '1995child', '2006-02-02', null, null, '../../Pictures/default.jpg', null);

INSERT INTO ChildcareTransaction VALUES ('1000001994', 'Regular Childcare', '101994', '2014-10-04', '12:00:00', '14:00:00', 20.50);

INSERT INTO AllowedConnections VALUES ('101995', '128440', '128445', 12844, null);

INSERT INTO Child VALUES ('128445', 'Child1996', '1996child', '2006-02-02', null, null, '../../Pictures/default.jpg', null);

INSERT INTO ChildcareTransaction VALUES ('1000001995', 'Regular Childcare', '101995', '2014-08-03', '12:00:00', '14:00:00', 20.50);

INSERT INTO Guardian VALUES ('128440', '1234', 'Guardian499', '499guardian', '555-555-5555', 'blah@blah.com', '123 nowhere', null, 'Spokane', 'WA', '99999', '../../Pictures/default.jpg', null);

INSERT INTO Family VALUES ('12844', 42);

INSERT INTO Guardian VALUES ('128441', '1234', 'Guardian2499', '4992guardian', '555-555-5555', 'blah@blah.com', '123 nowhere', null, 'Spokane', 'WA', '99999', '../../Pictures/default.jpg', null);

INSERT INTO AllowedConnections VALUES ('101996', '128450', '128452', 12845, null);

INSERT INTO Child VALUES ('128452', 'Child1997', '1997child', '2006-02-02', null, null, '../../Pictures/default.jpg', null);

INSERT INTO ChildcareTransaction VALUES ('1000001996', 'Regular Childcare', '101996', '2014-03-07', '12:00:00', '14:00:00', 20.50);

INSERT INTO AllowedConnections VALUES ('101997', '128450', '128453', 12845, null);

INSERT INTO Child VALUES ('128453', 'Child1998', '1998child', '2006-02-02', null, null, '../../Pictures/default.jpg', null);

INSERT INTO ChildcareTransaction VALUES ('1000001997', 'Regular Childcare', '101997', '2014-02-10', '12:00:00', '14:00:00', 20.50);

INSERT INTO AllowedConnections VALUES ('101998', '128450', '128454', 12845, null);

INSERT INTO Child VALUES ('128454', 'Child1999', '1999child', '2006-02-02', null, null, '../../Pictures/default.jpg', null);

INSERT INTO ChildcareTransaction VALUES ('1000001998', 'Regular Childcare', '101998', '2014-11-19', '12:00:00', '14:00:00', 20.50);

INSERT INTO AllowedConnections VALUES ('101999', '128450', '128455', 12845, null);

INSERT INTO Child VALUES ('128455', 'Child2000', '2000child', '2006-02-02', null, null, '../../Pictures/default.jpg', null);

INSERT INTO ChildcareTransaction VALUES ('1000001999', 'Regular Childcare', '101999', '2014-02-21', '12:00:00', '14:00:00', 20.50);

INSERT INTO Guardian VALUES ('128450', '1234', 'Guardian500', '500guardian', '555-555-5555', 'blah@blah.com', '123 nowhere', null, 'Spokane', 'WA', '99999', '../../Pictures/default.jpg', null);

INSERT INTO Family VALUES ('12845', 42);

INSERT INTO Guardian VALUES ('128451', '1234', 'Guardian2500', '5002guardian', '555-555-5555', 'blah@blah.com', '123 nowhere', null, 'Spokane', 'WA', '99999', '../../Pictures/default.jpg', null);

INSERT INTO AllowedConnections VALUES ('102000', '128460', '128462', 12846, null);

INSERT INTO Child VALUES ('128462', 'Child2001', '2001child', '2006-02-02', null, null, '../../Pictures/default.jpg', null);

INSERT INTO ChildcareTransaction VALUES ('1000002000', 'Regular Childcare', '102000', '2014-08-25', '12:00:00', '14:00:00', 20.50);

INSERT INTO AllowedConnections VALUES ('102001', '128460', '128463', 12846, null);

INSERT INTO Child VALUES ('128463', 'Child2002', '2002child', '2006-02-02', null, null, '../../Pictures/default.jpg', null);

INSERT INTO ChildcareTransaction VALUES ('1000002001', 'Regular Childcare', '102001', '2014-09-22', '12:00:00', '14:00:00', 20.50);

INSERT INTO AllowedConnections VALUES ('102002', '128460', '128464', 12846, null);

INSERT INTO Child VALUES ('128464', 'Child2003', '2003child', '2006-02-02', null, null, '../../Pictures/default.jpg', null);

INSERT INTO ChildcareTransaction VALUES ('1000002002', 'Regular Childcare', '102002', '2014-09-05', '12:00:00', '14:00:00', 20.50);

INSERT INTO AllowedConnections VALUES ('102003', '128460', '128465', 12846, null);

INSERT INTO Child VALUES ('128465', 'Child2004', '2004child', '2006-02-02', null, null, '../../Pictures/default.jpg', null);

INSERT INTO ChildcareTransaction VALUES ('1000002003', 'Regular Childcare', '102003', '2014-08-05', '12:00:00', '14:00:00', 20.50);

INSERT INTO Guardian VALUES ('128460', '1234', 'Guardian501', '501guardian', '555-555-5555', 'blah@blah.com', '123 nowhere', null, 'Spokane', 'WA', '99999', '../../Pictures/default.jpg', null);

INSERT INTO Family VALUES ('12846', 42);

INSERT INTO Guardian VALUES ('128461', '1234', 'Guardian2501', '5012guardian', '555-555-5555', 'blah@blah.com', '123 nowhere', null, 'Spokane', 'WA', '99999', '../../Pictures/default.jpg', null);

INSERT INTO AllowedConnections VALUES ('102004', '128470', '128472', 12847, null);

INSERT INTO Child VALUES ('128472', 'Child2005', '2005child', '2006-02-02', null, null, '../../Pictures/default.jpg', null);

INSERT INTO ChildcareTransaction VALUES ('1000002004', 'Regular Childcare', '102004', '2014-09-17', '12:00:00', '14:00:00', 20.50);

INSERT INTO AllowedConnections VALUES ('102005', '128470', '128473', 12847, null);

INSERT INTO Child VALUES ('128473', 'Child2006', '2006child', '2006-02-02', null, null, '../../Pictures/default.jpg', null);

INSERT INTO ChildcareTransaction VALUES ('1000002005', 'Regular Childcare', '102005', '2014-01-24', '12:00:00', '14:00:00', 20.50);

INSERT INTO AllowedConnections VALUES ('102006', '128470', '128474', 12847, null);

INSERT INTO Child VALUES ('128474', 'Child2007', '2007child', '2006-02-02', null, null, '../../Pictures/default.jpg', null);

INSERT INTO ChildcareTransaction VALUES ('1000002006', 'Regular Childcare', '102006', '2014-05-17', '12:00:00', '14:00:00', 20.50);

INSERT INTO AllowedConnections VALUES ('102007', '128470', '128475', 12847, null);

INSERT INTO Child VALUES ('128475', 'Child2008', '2008child', '2006-02-02', null, null, '../../Pictures/default.jpg', null);

INSERT INTO ChildcareTransaction VALUES ('1000002007', 'Regular Childcare', '102007', '2014-03-14', '12:00:00', '14:00:00', 20.50);

INSERT INTO Guardian VALUES ('128470', '1234', 'Guardian502', '502guardian', '555-555-5555', 'blah@blah.com', '123 nowhere', null, 'Spokane', 'WA', '99999', '../../Pictures/default.jpg', null);

INSERT INTO Family VALUES ('12847', 42);

INSERT INTO Guardian VALUES ('128471', '1234', 'Guardian2502', '5022guardian', '555-555-5555', 'blah@blah.com', '123 nowhere', null, 'Spokane', 'WA', '99999', '../../Pictures/default.jpg', null);

INSERT INTO AllowedConnections VALUES ('102008', '128480', '128482', 12848, null);

INSERT INTO Child VALUES ('128482', 'Child2009', '2009child', '2006-02-02', null, null, '../../Pictures/default.jpg', null);

INSERT INTO ChildcareTransaction VALUES ('1000002008', 'Regular Childcare', '102008', '2014-08-11', '12:00:00', '14:00:00', 20.50);

INSERT INTO AllowedConnections VALUES ('102009', '128480', '128483', 12848, null);

INSERT INTO Child VALUES ('128483', 'Child2010', '2010child', '2006-02-02', null, null, '../../Pictures/default.jpg', null);

INSERT INTO ChildcareTransaction VALUES ('1000002009', 'Regular Childcare', '102009', '2014-09-01', '12:00:00', '14:00:00', 20.50);

INSERT INTO AllowedConnections VALUES ('102010', '128480', '128484', 12848, null);

INSERT INTO Child VALUES ('128484', 'Child2011', '2011child', '2006-02-02', null, null, '../../Pictures/default.jpg', null);

INSERT INTO ChildcareTransaction VALUES ('1000002010', 'Regular Childcare', '102010', '2014-11-16', '12:00:00', '14:00:00', 20.50);

INSERT INTO AllowedConnections VALUES ('102011', '128480', '128485', 12848, null);

INSERT INTO Child VALUES ('128485', 'Child2012', '2012child', '2006-02-02', null, null, '../../Pictures/default.jpg', null);

INSERT INTO ChildcareTransaction VALUES ('1000002011', 'Regular Childcare', '102011', '2014-07-07', '12:00:00', '14:00:00', 20.50);

INSERT INTO Guardian VALUES ('128480', '1234', 'Guardian503', '503guardian', '555-555-5555', 'blah@blah.com', '123 nowhere', null, 'Spokane', 'WA', '99999', '../../Pictures/default.jpg', null);

INSERT INTO Family VALUES ('12848', 42);

INSERT INTO Guardian VALUES ('128481', '1234', 'Guardian2503', '5032guardian', '555-555-5555', 'blah@blah.com', '123 nowhere', null, 'Spokane', 'WA', '99999', '../../Pictures/default.jpg', null);

INSERT INTO AllowedConnections VALUES ('102012', '128490', '128492', 12849, null);

INSERT INTO Child VALUES ('128492', 'Child2013', '2013child', '2006-02-02', null, null, '../../Pictures/default.jpg', null);

INSERT INTO ChildcareTransaction VALUES ('1000002012', 'Regular Childcare', '102012', '2014-02-25', '12:00:00', '14:00:00', 20.50);

INSERT INTO AllowedConnections VALUES ('102013', '128490', '128493', 12849, null);

INSERT INTO Child VALUES ('128493', 'Child2014', '2014child', '2006-02-02', null, null, '../../Pictures/default.jpg', null);

INSERT INTO ChildcareTransaction VALUES ('1000002013', 'Regular Childcare', '102013', '2014-04-08', '12:00:00', '14:00:00', 20.50);

INSERT INTO AllowedConnections VALUES ('102014', '128490', '128494', 12849, null);

INSERT INTO Child VALUES ('128494', 'Child2015', '2015child', '2006-02-02', null, null, '../../Pictures/default.jpg', null);

INSERT INTO ChildcareTransaction VALUES ('1000002014', 'Regular Childcare', '102014', '2014-06-25', '12:00:00', '14:00:00', 20.50);

INSERT INTO AllowedConnections VALUES ('102015', '128490', '128495', 12849, null);

INSERT INTO Child VALUES ('128495', 'Child2016', '2016child', '2006-02-02', null, null, '../../Pictures/default.jpg', null);

INSERT INTO ChildcareTransaction VALUES ('1000002015', 'Regular Childcare', '102015', '2014-10-01', '12:00:00', '14:00:00', 20.50);

INSERT INTO Guardian VALUES ('128490', '1234', 'Guardian504', '504guardian', '555-555-5555', 'blah@blah.com', '123 nowhere', null, 'Spokane', 'WA', '99999', '../../Pictures/default.jpg', null);

INSERT INTO Family VALUES ('12849', 42);

INSERT INTO Guardian VALUES ('128491', '1234', 'Guardian2504', '5042guardian', '555-555-5555', 'blah@blah.com', '123 nowhere', null, 'Spokane', 'WA', '99999', '../../Pictures/default.jpg', null);

INSERT INTO AllowedConnections VALUES ('102016', '128500', '128502', 12850, null);

INSERT INTO Child VALUES ('128502', 'Child2017', '2017child', '2006-02-02', null, null, '../../Pictures/default.jpg', null);

INSERT INTO ChildcareTransaction VALUES ('1000002016', 'Regular Childcare', '102016', '2014-05-23', '12:00:00', '14:00:00', 20.50);

INSERT INTO AllowedConnections VALUES ('102017', '128500', '128503', 12850, null);

INSERT INTO Child VALUES ('128503', 'Child2018', '2018child', '2006-02-02', null, null, '../../Pictures/default.jpg', null);

INSERT INTO ChildcareTransaction VALUES ('1000002017', 'Regular Childcare', '102017', '2014-01-25', '12:00:00', '14:00:00', 20.50);

INSERT INTO AllowedConnections VALUES ('102018', '128500', '128504', 12850, null);

INSERT INTO Child VALUES ('128504', 'Child2019', '2019child', '2006-02-02', null, null, '../../Pictures/default.jpg', null);

INSERT INTO ChildcareTransaction VALUES ('1000002018', 'Regular Childcare', '102018', '2014-01-06', '12:00:00', '14:00:00', 20.50);

INSERT INTO AllowedConnections VALUES ('102019', '128500', '128505', 12850, null);

INSERT INTO Child VALUES ('128505', 'Child2020', '2020child', '2006-02-02', null, null, '../../Pictures/default.jpg', null);

INSERT INTO ChildcareTransaction VALUES ('1000002019', 'Regular Childcare', '102019', '2014-05-09', '12:00:00', '14:00:00', 20.50);

INSERT INTO Guardian VALUES ('128500', '1234', 'Guardian505', '505guardian', '555-555-5555', 'blah@blah.com', '123 nowhere', null, 'Spokane', 'WA', '99999', '../../Pictures/default.jpg', null);

INSERT INTO Family VALUES ('12850', 42);

INSERT INTO Guardian VALUES ('128501', '1234', 'Guardian2505', '5052guardian', '555-555-5555', 'blah@blah.com', '123 nowhere', null, 'Spokane', 'WA', '99999', '../../Pictures/default.jpg', null);

INSERT INTO AllowedConnections VALUES ('102020', '128510', '128512', 12851, null);

INSERT INTO Child VALUES ('128512', 'Child2021', '2021child', '2006-02-02', null, null, '../../Pictures/default.jpg', null);

INSERT INTO ChildcareTransaction VALUES ('1000002020', 'Regular Childcare', '102020', '2014-01-01', '12:00:00', '14:00:00', 20.50);

INSERT INTO AllowedConnections VALUES ('102021', '128510', '128513', 12851, null);

INSERT INTO Child VALUES ('128513', 'Child2022', '2022child', '2006-02-02', null, null, '../../Pictures/default.jpg', null);

INSERT INTO ChildcareTransaction VALUES ('1000002021', 'Regular Childcare', '102021', '2014-05-06', '12:00:00', '14:00:00', 20.50);

INSERT INTO AllowedConnections VALUES ('102022', '128510', '128514', 12851, null);

INSERT INTO Child VALUES ('128514', 'Child2023', '2023child', '2006-02-02', null, null, '../../Pictures/default.jpg', null);

INSERT INTO ChildcareTransaction VALUES ('1000002022', 'Regular Childcare', '102022', '2014-11-16', '12:00:00', '14:00:00', 20.50);

INSERT INTO AllowedConnections VALUES ('102023', '128510', '128515', 12851, null);

INSERT INTO Child VALUES ('128515', 'Child2024', '2024child', '2006-02-02', null, null, '../../Pictures/default.jpg', null);

INSERT INTO ChildcareTransaction VALUES ('1000002023', 'Regular Childcare', '102023', '2014-04-11', '12:00:00', '14:00:00', 20.50);

INSERT INTO Guardian VALUES ('128510', '1234', 'Guardian506', '506guardian', '555-555-5555', 'blah@blah.com', '123 nowhere', null, 'Spokane', 'WA', '99999', '../../Pictures/default.jpg', null);

INSERT INTO Family VALUES ('12851', 42);

INSERT INTO Guardian VALUES ('128511', '1234', 'Guardian2506', '5062guardian', '555-555-5555', 'blah@blah.com', '123 nowhere', null, 'Spokane', 'WA', '99999', '../../Pictures/default.jpg', null);

INSERT INTO AllowedConnections VALUES ('102024', '128520', '128522', 12852, null);

INSERT INTO Child VALUES ('128522', 'Child2025', '2025child', '2006-02-02', null, null, '../../Pictures/default.jpg', null);

INSERT INTO ChildcareTransaction VALUES ('1000002024', 'Regular Childcare', '102024', '2014-12-01', '12:00:00', '14:00:00', 20.50);

INSERT INTO AllowedConnections VALUES ('102025', '128520', '128523', 12852, null);

INSERT INTO Child VALUES ('128523', 'Child2026', '2026child', '2006-02-02', null, null, '../../Pictures/default.jpg', null);

INSERT INTO ChildcareTransaction VALUES ('1000002025', 'Regular Childcare', '102025', '2014-11-21', '12:00:00', '14:00:00', 20.50);

INSERT INTO AllowedConnections VALUES ('102026', '128520', '128524', 12852, null);

INSERT INTO Child VALUES ('128524', 'Child2027', '2027child', '2006-02-02', null, null, '../../Pictures/default.jpg', null);

INSERT INTO ChildcareTransaction VALUES ('1000002026', 'Regular Childcare', '102026', '2014-08-05', '12:00:00', '14:00:00', 20.50);

INSERT INTO AllowedConnections VALUES ('102027', '128520', '128525', 12852, null);

INSERT INTO Child VALUES ('128525', 'Child2028', '2028child', '2006-02-02', null, null, '../../Pictures/default.jpg', null);

INSERT INTO ChildcareTransaction VALUES ('1000002027', 'Regular Childcare', '102027', '2014-12-25', '12:00:00', '14:00:00', 20.50);

INSERT INTO Guardian VALUES ('128520', '1234', 'Guardian507', '507guardian', '555-555-5555', 'blah@blah.com', '123 nowhere', null, 'Spokane', 'WA', '99999', '../../Pictures/default.jpg', null);

INSERT INTO Family VALUES ('12852', 42);

INSERT INTO Guardian VALUES ('128521', '1234', 'Guardian2507', '5072guardian', '555-555-5555', 'blah@blah.com', '123 nowhere', null, 'Spokane', 'WA', '99999', '../../Pictures/default.jpg', null);

INSERT INTO AllowedConnections VALUES ('102028', '128530', '128532', 12853, null);

INSERT INTO Child VALUES ('128532', 'Child2029', '2029child', '2006-02-02', null, null, '../../Pictures/default.jpg', null);

INSERT INTO ChildcareTransaction VALUES ('1000002028', 'Regular Childcare', '102028', '2014-01-27', '12:00:00', '14:00:00', 20.50);

INSERT INTO AllowedConnections VALUES ('102029', '128530', '128533', 12853, null);

INSERT INTO Child VALUES ('128533', 'Child2030', '2030child', '2006-02-02', null, null, '../../Pictures/default.jpg', null);

INSERT INTO ChildcareTransaction VALUES ('1000002029', 'Regular Childcare', '102029', '2014-09-02', '12:00:00', '14:00:00', 20.50);

INSERT INTO AllowedConnections VALUES ('102030', '128530', '128534', 12853, null);

INSERT INTO Child VALUES ('128534', 'Child2031', '2031child', '2006-02-02', null, null, '../../Pictures/default.jpg', null);

INSERT INTO ChildcareTransaction VALUES ('1000002030', 'Regular Childcare', '102030', '2014-09-07', '12:00:00', '14:00:00', 20.50);

INSERT INTO AllowedConnections VALUES ('102031', '128530', '128535', 12853, null);

INSERT INTO Child VALUES ('128535', 'Child2032', '2032child', '2006-02-02', null, null, '../../Pictures/default.jpg', null);

INSERT INTO ChildcareTransaction VALUES ('1000002031', 'Regular Childcare', '102031', '2014-05-03', '12:00:00', '14:00:00', 20.50);

INSERT INTO Guardian VALUES ('128530', '1234', 'Guardian508', '508guardian', '555-555-5555', 'blah@blah.com', '123 nowhere', null, 'Spokane', 'WA', '99999', '../../Pictures/default.jpg', null);

INSERT INTO Family VALUES ('12853', 42);

INSERT INTO Guardian VALUES ('128531', '1234', 'Guardian2508', '5082guardian', '555-555-5555', 'blah@blah.com', '123 nowhere', null, 'Spokane', 'WA', '99999', '../../Pictures/default.jpg', null);

INSERT INTO AllowedConnections VALUES ('102032', '128540', '128542', 12854, null);

INSERT INTO Child VALUES ('128542', 'Child2033', '2033child', '2006-02-02', null, null, '../../Pictures/default.jpg', null);

INSERT INTO ChildcareTransaction VALUES ('1000002032', 'Regular Childcare', '102032', '2014-04-19', '12:00:00', '14:00:00', 20.50);

INSERT INTO AllowedConnections VALUES ('102033', '128540', '128543', 12854, null);

INSERT INTO Child VALUES ('128543', 'Child2034', '2034child', '2006-02-02', null, null, '../../Pictures/default.jpg', null);

INSERT INTO ChildcareTransaction VALUES ('1000002033', 'Regular Childcare', '102033', '2014-06-10', '12:00:00', '14:00:00', 20.50);

INSERT INTO AllowedConnections VALUES ('102034', '128540', '128544', 12854, null);

INSERT INTO Child VALUES ('128544', 'Child2035', '2035child', '2006-02-02', null, null, '../../Pictures/default.jpg', null);

INSERT INTO ChildcareTransaction VALUES ('1000002034', 'Regular Childcare', '102034', '2014-06-24', '12:00:00', '14:00:00', 20.50);

INSERT INTO AllowedConnections VALUES ('102035', '128540', '128545', 12854, null);

INSERT INTO Child VALUES ('128545', 'Child2036', '2036child', '2006-02-02', null, null, '../../Pictures/default.jpg', null);

INSERT INTO ChildcareTransaction VALUES ('1000002035', 'Regular Childcare', '102035', '2014-03-14', '12:00:00', '14:00:00', 20.50);

INSERT INTO Guardian VALUES ('128540', '1234', 'Guardian509', '509guardian', '555-555-5555', 'blah@blah.com', '123 nowhere', null, 'Spokane', 'WA', '99999', '../../Pictures/default.jpg', null);

INSERT INTO Family VALUES ('12854', 42);

INSERT INTO Guardian VALUES ('128541', '1234', 'Guardian2509', '5092guardian', '555-555-5555', 'blah@blah.com', '123 nowhere', null, 'Spokane', 'WA', '99999', '../../Pictures/default.jpg', null);

INSERT INTO AllowedConnections VALUES ('102036', '128550', '128552', 12855, null);

INSERT INTO Child VALUES ('128552', 'Child2037', '2037child', '2006-02-02', null, null, '../../Pictures/default.jpg', null);

INSERT INTO ChildcareTransaction VALUES ('1000002036', 'Regular Childcare', '102036', '2014-12-14', '12:00:00', '14:00:00', 20.50);

INSERT INTO AllowedConnections VALUES ('102037', '128550', '128553', 12855, null);

INSERT INTO Child VALUES ('128553', 'Child2038', '2038child', '2006-02-02', null, null, '../../Pictures/default.jpg', null);

INSERT INTO ChildcareTransaction VALUES ('1000002037', 'Regular Childcare', '102037', '2014-04-26', '12:00:00', '14:00:00', 20.50);

INSERT INTO AllowedConnections VALUES ('102038', '128550', '128554', 12855, null);

INSERT INTO Child VALUES ('128554', 'Child2039', '2039child', '2006-02-02', null, null, '../../Pictures/default.jpg', null);

INSERT INTO ChildcareTransaction VALUES ('1000002038', 'Regular Childcare', '102038', '2014-10-04', '12:00:00', '14:00:00', 20.50);

INSERT INTO AllowedConnections VALUES ('102039', '128550', '128555', 12855, null);

INSERT INTO Child VALUES ('128555', 'Child2040', '2040child', '2006-02-02', null, null, '../../Pictures/default.jpg', null);

INSERT INTO ChildcareTransaction VALUES ('1000002039', 'Regular Childcare', '102039', '2014-12-19', '12:00:00', '14:00:00', 20.50);

INSERT INTO Guardian VALUES ('128550', '1234', 'Guardian510', '510guardian', '555-555-5555', 'blah@blah.com', '123 nowhere', null, 'Spokane', 'WA', '99999', '../../Pictures/default.jpg', null);

INSERT INTO Family VALUES ('12855', 42);

INSERT INTO Guardian VALUES ('128551', '1234', 'Guardian2510', '5102guardian', '555-555-5555', 'blah@blah.com', '123 nowhere', null, 'Spokane', 'WA', '99999', '../../Pictures/default.jpg', null);

INSERT INTO AllowedConnections VALUES ('102040', '128560', '128562', 12856, null);

INSERT INTO Child VALUES ('128562', 'Child2041', '2041child', '2006-02-02', null, null, '../../Pictures/default.jpg', null);

INSERT INTO ChildcareTransaction VALUES ('1000002040', 'Regular Childcare', '102040', '2014-09-26', '12:00:00', '14:00:00', 20.50);

INSERT INTO AllowedConnections VALUES ('102041', '128560', '128563', 12856, null);

INSERT INTO Child VALUES ('128563', 'Child2042', '2042child', '2006-02-02', null, null, '../../Pictures/default.jpg', null);

INSERT INTO ChildcareTransaction VALUES ('1000002041', 'Regular Childcare', '102041', '2014-01-21', '12:00:00', '14:00:00', 20.50);

INSERT INTO AllowedConnections VALUES ('102042', '128560', '128564', 12856, null);

INSERT INTO Child VALUES ('128564', 'Child2043', '2043child', '2006-02-02', null, null, '../../Pictures/default.jpg', null);

INSERT INTO ChildcareTransaction VALUES ('1000002042', 'Regular Childcare', '102042', '2014-04-01', '12:00:00', '14:00:00', 20.50);

INSERT INTO AllowedConnections VALUES ('102043', '128560', '128565', 12856, null);

INSERT INTO Child VALUES ('128565', 'Child2044', '2044child', '2006-02-02', null, null, '../../Pictures/default.jpg', null);

INSERT INTO ChildcareTransaction VALUES ('1000002043', 'Regular Childcare', '102043', '2014-01-22', '12:00:00', '14:00:00', 20.50);

INSERT INTO Guardian VALUES ('128560', '1234', 'Guardian511', '511guardian', '555-555-5555', 'blah@blah.com', '123 nowhere', null, 'Spokane', 'WA', '99999', '../../Pictures/default.jpg', null);

INSERT INTO Family VALUES ('12856', 42);

INSERT INTO Guardian VALUES ('128561', '1234', 'Guardian2511', '5112guardian', '555-555-5555', 'blah@blah.com', '123 nowhere', null, 'Spokane', 'WA', '99999', '../../Pictures/default.jpg', null);

INSERT INTO AllowedConnections VALUES ('102044', '128570', '128572', 12857, null);

INSERT INTO Child VALUES ('128572', 'Child2045', '2045child', '2006-02-02', null, null, '../../Pictures/default.jpg', null);

INSERT INTO ChildcareTransaction VALUES ('1000002044', 'Regular Childcare', '102044', '2014-01-22', '12:00:00', '14:00:00', 20.50);

INSERT INTO AllowedConnections VALUES ('102045', '128570', '128573', 12857, null);

INSERT INTO Child VALUES ('128573', 'Child2046', '2046child', '2006-02-02', null, null, '../../Pictures/default.jpg', null);

INSERT INTO ChildcareTransaction VALUES ('1000002045', 'Regular Childcare', '102045', '2014-08-03', '12:00:00', '14:00:00', 20.50);

INSERT INTO AllowedConnections VALUES ('102046', '128570', '128574', 12857, null);

INSERT INTO Child VALUES ('128574', 'Child2047', '2047child', '2006-02-02', null, null, '../../Pictures/default.jpg', null);

INSERT INTO ChildcareTransaction VALUES ('1000002046', 'Regular Childcare', '102046', '2014-01-20', '12:00:00', '14:00:00', 20.50);

INSERT INTO AllowedConnections VALUES ('102047', '128570', '128575', 12857, null);

INSERT INTO Child VALUES ('128575', 'Child2048', '2048child', '2006-02-02', null, null, '../../Pictures/default.jpg', null);

INSERT INTO ChildcareTransaction VALUES ('1000002047', 'Regular Childcare', '102047', '2014-11-17', '12:00:00', '14:00:00', 20.50);

INSERT INTO Guardian VALUES ('128570', '1234', 'Guardian512', '512guardian', '555-555-5555', 'blah@blah.com', '123 nowhere', null, 'Spokane', 'WA', '99999', '../../Pictures/default.jpg', null);

INSERT INTO Family VALUES ('12857', 42);

INSERT INTO Guardian VALUES ('128571', '1234', 'Guardian2512', '5122guardian', '555-555-5555', 'blah@blah.com', '123 nowhere', null, 'Spokane', 'WA', '99999', '../../Pictures/default.jpg', null);

INSERT INTO AllowedConnections VALUES ('102048', '128580', '128582', 12858, null);

INSERT INTO Child VALUES ('128582', 'Child2049', '2049child', '2006-02-02', null, null, '../../Pictures/default.jpg', null);

INSERT INTO ChildcareTransaction VALUES ('1000002048', 'Regular Childcare', '102048', '2014-12-13', '12:00:00', '14:00:00', 20.50);

INSERT INTO AllowedConnections VALUES ('102049', '128580', '128583', 12858, null);

INSERT INTO Child VALUES ('128583', 'Child2050', '2050child', '2006-02-02', null, null, '../../Pictures/default.jpg', null);

INSERT INTO ChildcareTransaction VALUES ('1000002049', 'Regular Childcare', '102049', '2014-04-02', '12:00:00', '14:00:00', 20.50);

INSERT INTO AllowedConnections VALUES ('102050', '128580', '128584', 12858, null);

INSERT INTO Child VALUES ('128584', 'Child2051', '2051child', '2006-02-02', null, null, '../../Pictures/default.jpg', null);

INSERT INTO ChildcareTransaction VALUES ('1000002050', 'Regular Childcare', '102050', '2014-04-09', '12:00:00', '14:00:00', 20.50);

INSERT INTO AllowedConnections VALUES ('102051', '128580', '128585', 12858, null);

INSERT INTO Child VALUES ('128585', 'Child2052', '2052child', '2006-02-02', null, null, '../../Pictures/default.jpg', null);

INSERT INTO ChildcareTransaction VALUES ('1000002051', 'Regular Childcare', '102051', '2014-06-16', '12:00:00', '14:00:00', 20.50);

INSERT INTO Guardian VALUES ('128580', '1234', 'Guardian513', '513guardian', '555-555-5555', 'blah@blah.com', '123 nowhere', null, 'Spokane', 'WA', '99999', '../../Pictures/default.jpg', null);

INSERT INTO Family VALUES ('12858', 42);

INSERT INTO Guardian VALUES ('128581', '1234', 'Guardian2513', '5132guardian', '555-555-5555', 'blah@blah.com', '123 nowhere', null, 'Spokane', 'WA', '99999', '../../Pictures/default.jpg', null);

INSERT INTO AllowedConnections VALUES ('102052', '128590', '128592', 12859, null);

INSERT INTO Child VALUES ('128592', 'Child2053', '2053child', '2006-02-02', null, null, '../../Pictures/default.jpg', null);

INSERT INTO ChildcareTransaction VALUES ('1000002052', 'Regular Childcare', '102052', '2014-06-04', '12:00:00', '14:00:00', 20.50);

INSERT INTO AllowedConnections VALUES ('102053', '128590', '128593', 12859, null);

INSERT INTO Child VALUES ('128593', 'Child2054', '2054child', '2006-02-02', null, null, '../../Pictures/default.jpg', null);

INSERT INTO ChildcareTransaction VALUES ('1000002053', 'Regular Childcare', '102053', '2014-12-22', '12:00:00', '14:00:00', 20.50);

INSERT INTO AllowedConnections VALUES ('102054', '128590', '128594', 12859, null);

INSERT INTO Child VALUES ('128594', 'Child2055', '2055child', '2006-02-02', null, null, '../../Pictures/default.jpg', null);

INSERT INTO ChildcareTransaction VALUES ('1000002054', 'Regular Childcare', '102054', '2014-08-26', '12:00:00', '14:00:00', 20.50);

INSERT INTO AllowedConnections VALUES ('102055', '128590', '128595', 12859, null);

INSERT INTO Child VALUES ('128595', 'Child2056', '2056child', '2006-02-02', null, null, '../../Pictures/default.jpg', null);

INSERT INTO ChildcareTransaction VALUES ('1000002055', 'Regular Childcare', '102055', '2014-12-09', '12:00:00', '14:00:00', 20.50);

INSERT INTO Guardian VALUES ('128590', '1234', 'Guardian514', '514guardian', '555-555-5555', 'blah@blah.com', '123 nowhere', null, 'Spokane', 'WA', '99999', '../../Pictures/default.jpg', null);

INSERT INTO Family VALUES ('12859', 42);

INSERT INTO Guardian VALUES ('128591', '1234', 'Guardian2514', '5142guardian', '555-555-5555', 'blah@blah.com', '123 nowhere', null, 'Spokane', 'WA', '99999', '../../Pictures/default.jpg', null);

INSERT INTO AllowedConnections VALUES ('102056', '128600', '128602', 12860, null);

INSERT INTO Child VALUES ('128602', 'Child2057', '2057child', '2006-02-02', null, null, '../../Pictures/default.jpg', null);

INSERT INTO ChildcareTransaction VALUES ('1000002056', 'Regular Childcare', '102056', '2014-10-20', '12:00:00', '14:00:00', 20.50);

INSERT INTO AllowedConnections VALUES ('102057', '128600', '128603', 12860, null);

INSERT INTO Child VALUES ('128603', 'Child2058', '2058child', '2006-02-02', null, null, '../../Pictures/default.jpg', null);

INSERT INTO ChildcareTransaction VALUES ('1000002057', 'Regular Childcare', '102057', '2014-12-15', '12:00:00', '14:00:00', 20.50);

INSERT INTO AllowedConnections VALUES ('102058', '128600', '128604', 12860, null);

INSERT INTO Child VALUES ('128604', 'Child2059', '2059child', '2006-02-02', null, null, '../../Pictures/default.jpg', null);

INSERT INTO ChildcareTransaction VALUES ('1000002058', 'Regular Childcare', '102058', '2014-11-13', '12:00:00', '14:00:00', 20.50);

INSERT INTO AllowedConnections VALUES ('102059', '128600', '128605', 12860, null);

INSERT INTO Child VALUES ('128605', 'Child2060', '2060child', '2006-02-02', null, null, '../../Pictures/default.jpg', null);

INSERT INTO ChildcareTransaction VALUES ('1000002059', 'Regular Childcare', '102059', '2014-06-26', '12:00:00', '14:00:00', 20.50);

INSERT INTO Guardian VALUES ('128600', '1234', 'Guardian515', '515guardian', '555-555-5555', 'blah@blah.com', '123 nowhere', null, 'Spokane', 'WA', '99999', '../../Pictures/default.jpg', null);

INSERT INTO Family VALUES ('12860', 42);

INSERT INTO Guardian VALUES ('128601', '1234', 'Guardian2515', '5152guardian', '555-555-5555', 'blah@blah.com', '123 nowhere', null, 'Spokane', 'WA', '99999', '../../Pictures/default.jpg', null);

INSERT INTO AllowedConnections VALUES ('102060', '128610', '128612', 12861, null);

INSERT INTO Child VALUES ('128612', 'Child2061', '2061child', '2006-02-02', null, null, '../../Pictures/default.jpg', null);

INSERT INTO ChildcareTransaction VALUES ('1000002060', 'Regular Childcare', '102060', '2014-03-16', '12:00:00', '14:00:00', 20.50);

INSERT INTO AllowedConnections VALUES ('102061', '128610', '128613', 12861, null);

INSERT INTO Child VALUES ('128613', 'Child2062', '2062child', '2006-02-02', null, null, '../../Pictures/default.jpg', null);

INSERT INTO ChildcareTransaction VALUES ('1000002061', 'Regular Childcare', '102061', '2014-07-01', '12:00:00', '14:00:00', 20.50);

INSERT INTO AllowedConnections VALUES ('102062', '128610', '128614', 12861, null);

INSERT INTO Child VALUES ('128614', 'Child2063', '2063child', '2006-02-02', null, null, '../../Pictures/default.jpg', null);

INSERT INTO ChildcareTransaction VALUES ('1000002062', 'Regular Childcare', '102062', '2014-01-05', '12:00:00', '14:00:00', 20.50);

INSERT INTO AllowedConnections VALUES ('102063', '128610', '128615', 12861, null);

INSERT INTO Child VALUES ('128615', 'Child2064', '2064child', '2006-02-02', null, null, '../../Pictures/default.jpg', null);

INSERT INTO ChildcareTransaction VALUES ('1000002063', 'Regular Childcare', '102063', '2014-06-01', '12:00:00', '14:00:00', 20.50);

INSERT INTO Guardian VALUES ('128610', '1234', 'Guardian516', '516guardian', '555-555-5555', 'blah@blah.com', '123 nowhere', null, 'Spokane', 'WA', '99999', '../../Pictures/default.jpg', null);

INSERT INTO Family VALUES ('12861', 42);

INSERT INTO Guardian VALUES ('128611', '1234', 'Guardian2516', '5162guardian', '555-555-5555', 'blah@blah.com', '123 nowhere', null, 'Spokane', 'WA', '99999', '../../Pictures/default.jpg', null);

INSERT INTO AllowedConnections VALUES ('102064', '128620', '128622', 12862, null);

INSERT INTO Child VALUES ('128622', 'Child2065', '2065child', '2006-02-02', null, null, '../../Pictures/default.jpg', null);

INSERT INTO ChildcareTransaction VALUES ('1000002064', 'Regular Childcare', '102064', '2014-04-24', '12:00:00', '14:00:00', 20.50);

INSERT INTO AllowedConnections VALUES ('102065', '128620', '128623', 12862, null);

INSERT INTO Child VALUES ('128623', 'Child2066', '2066child', '2006-02-02', null, null, '../../Pictures/default.jpg', null);

INSERT INTO ChildcareTransaction VALUES ('1000002065', 'Regular Childcare', '102065', '2014-03-18', '12:00:00', '14:00:00', 20.50);

INSERT INTO AllowedConnections VALUES ('102066', '128620', '128624', 12862, null);

INSERT INTO Child VALUES ('128624', 'Child2067', '2067child', '2006-02-02', null, null, '../../Pictures/default.jpg', null);

INSERT INTO ChildcareTransaction VALUES ('1000002066', 'Regular Childcare', '102066', '2014-04-28', '12:00:00', '14:00:00', 20.50);

INSERT INTO AllowedConnections VALUES ('102067', '128620', '128625', 12862, null);

INSERT INTO Child VALUES ('128625', 'Child2068', '2068child', '2006-02-02', null, null, '../../Pictures/default.jpg', null);

INSERT INTO ChildcareTransaction VALUES ('1000002067', 'Regular Childcare', '102067', '2014-06-18', '12:00:00', '14:00:00', 20.50);

INSERT INTO Guardian VALUES ('128620', '1234', 'Guardian517', '517guardian', '555-555-5555', 'blah@blah.com', '123 nowhere', null, 'Spokane', 'WA', '99999', '../../Pictures/default.jpg', null);

INSERT INTO Family VALUES ('12862', 42);

INSERT INTO Guardian VALUES ('128621', '1234', 'Guardian2517', '5172guardian', '555-555-5555', 'blah@blah.com', '123 nowhere', null, 'Spokane', 'WA', '99999', '../../Pictures/default.jpg', null);

INSERT INTO AllowedConnections VALUES ('102068', '128630', '128632', 12863, null);

INSERT INTO Child VALUES ('128632', 'Child2069', '2069child', '2006-02-02', null, null, '../../Pictures/default.jpg', null);

INSERT INTO ChildcareTransaction VALUES ('1000002068', 'Regular Childcare', '102068', '2014-12-11', '12:00:00', '14:00:00', 20.50);

INSERT INTO AllowedConnections VALUES ('102069', '128630', '128633', 12863, null);

INSERT INTO Child VALUES ('128633', 'Child2070', '2070child', '2006-02-02', null, null, '../../Pictures/default.jpg', null);

INSERT INTO ChildcareTransaction VALUES ('1000002069', 'Regular Childcare', '102069', '2014-07-03', '12:00:00', '14:00:00', 20.50);

INSERT INTO AllowedConnections VALUES ('102070', '128630', '128634', 12863, null);

INSERT INTO Child VALUES ('128634', 'Child2071', '2071child', '2006-02-02', null, null, '../../Pictures/default.jpg', null);

INSERT INTO ChildcareTransaction VALUES ('1000002070', 'Regular Childcare', '102070', '2014-05-17', '12:00:00', '14:00:00', 20.50);

INSERT INTO AllowedConnections VALUES ('102071', '128630', '128635', 12863, null);

INSERT INTO Child VALUES ('128635', 'Child2072', '2072child', '2006-02-02', null, null, '../../Pictures/default.jpg', null);

INSERT INTO ChildcareTransaction VALUES ('1000002071', 'Regular Childcare', '102071', '2014-12-02', '12:00:00', '14:00:00', 20.50);

INSERT INTO Guardian VALUES ('128630', '1234', 'Guardian518', '518guardian', '555-555-5555', 'blah@blah.com', '123 nowhere', null, 'Spokane', 'WA', '99999', '../../Pictures/default.jpg', null);

INSERT INTO Family VALUES ('12863', 42);

INSERT INTO Guardian VALUES ('128631', '1234', 'Guardian2518', '5182guardian', '555-555-5555', 'blah@blah.com', '123 nowhere', null, 'Spokane', 'WA', '99999', '../../Pictures/default.jpg', null);

INSERT INTO AllowedConnections VALUES ('102072', '128640', '128642', 12864, null);

INSERT INTO Child VALUES ('128642', 'Child2073', '2073child', '2006-02-02', null, null, '../../Pictures/default.jpg', null);

INSERT INTO ChildcareTransaction VALUES ('1000002072', 'Regular Childcare', '102072', '2014-04-11', '12:00:00', '14:00:00', 20.50);

INSERT INTO AllowedConnections VALUES ('102073', '128640', '128643', 12864, null);

INSERT INTO Child VALUES ('128643', 'Child2074', '2074child', '2006-02-02', null, null, '../../Pictures/default.jpg', null);

INSERT INTO ChildcareTransaction VALUES ('1000002073', 'Regular Childcare', '102073', '2014-05-26', '12:00:00', '14:00:00', 20.50);

INSERT INTO AllowedConnections VALUES ('102074', '128640', '128644', 12864, null);

INSERT INTO Child VALUES ('128644', 'Child2075', '2075child', '2006-02-02', null, null, '../../Pictures/default.jpg', null);

INSERT INTO ChildcareTransaction VALUES ('1000002074', 'Regular Childcare', '102074', '2014-09-10', '12:00:00', '14:00:00', 20.50);

INSERT INTO AllowedConnections VALUES ('102075', '128640', '128645', 12864, null);

INSERT INTO Child VALUES ('128645', 'Child2076', '2076child', '2006-02-02', null, null, '../../Pictures/default.jpg', null);

INSERT INTO ChildcareTransaction VALUES ('1000002075', 'Regular Childcare', '102075', '2014-11-11', '12:00:00', '14:00:00', 20.50);

INSERT INTO Guardian VALUES ('128640', '1234', 'Guardian519', '519guardian', '555-555-5555', 'blah@blah.com', '123 nowhere', null, 'Spokane', 'WA', '99999', '../../Pictures/default.jpg', null);

INSERT INTO Family VALUES ('12864', 42);

INSERT INTO Guardian VALUES ('128641', '1234', 'Guardian2519', '5192guardian', '555-555-5555', 'blah@blah.com', '123 nowhere', null, 'Spokane', 'WA', '99999', '../../Pictures/default.jpg', null);

INSERT INTO AllowedConnections VALUES ('102076', '128650', '128652', 12865, null);

INSERT INTO Child VALUES ('128652', 'Child2077', '2077child', '2006-02-02', null, null, '../../Pictures/default.jpg', null);

INSERT INTO ChildcareTransaction VALUES ('1000002076', 'Regular Childcare', '102076', '2014-09-01', '12:00:00', '14:00:00', 20.50);

INSERT INTO AllowedConnections VALUES ('102077', '128650', '128653', 12865, null);

INSERT INTO Child VALUES ('128653', 'Child2078', '2078child', '2006-02-02', null, null, '../../Pictures/default.jpg', null);

INSERT INTO ChildcareTransaction VALUES ('1000002077', 'Regular Childcare', '102077', '2014-06-01', '12:00:00', '14:00:00', 20.50);

INSERT INTO AllowedConnections VALUES ('102078', '128650', '128654', 12865, null);

INSERT INTO Child VALUES ('128654', 'Child2079', '2079child', '2006-02-02', null, null, '../../Pictures/default.jpg', null);

INSERT INTO ChildcareTransaction VALUES ('1000002078', 'Regular Childcare', '102078', '2014-08-16', '12:00:00', '14:00:00', 20.50);

INSERT INTO AllowedConnections VALUES ('102079', '128650', '128655', 12865, null);

INSERT INTO Child VALUES ('128655', 'Child2080', '2080child', '2006-02-02', null, null, '../../Pictures/default.jpg', null);

INSERT INTO ChildcareTransaction VALUES ('1000002079', 'Regular Childcare', '102079', '2014-06-26', '12:00:00', '14:00:00', 20.50);

INSERT INTO Guardian VALUES ('128650', '1234', 'Guardian520', '520guardian', '555-555-5555', 'blah@blah.com', '123 nowhere', null, 'Spokane', 'WA', '99999', '../../Pictures/default.jpg', null);

INSERT INTO Family VALUES ('12865', 42);

INSERT INTO Guardian VALUES ('128651', '1234', 'Guardian2520', '5202guardian', '555-555-5555', 'blah@blah.com', '123 nowhere', null, 'Spokane', 'WA', '99999', '../../Pictures/default.jpg', null);

INSERT INTO AllowedConnections VALUES ('102080', '128660', '128662', 12866, null);

INSERT INTO Child VALUES ('128662', 'Child2081', '2081child', '2006-02-02', null, null, '../../Pictures/default.jpg', null);

INSERT INTO ChildcareTransaction VALUES ('1000002080', 'Regular Childcare', '102080', '2014-06-21', '12:00:00', '14:00:00', 20.50);

INSERT INTO AllowedConnections VALUES ('102081', '128660', '128663', 12866, null);

INSERT INTO Child VALUES ('128663', 'Child2082', '2082child', '2006-02-02', null, null, '../../Pictures/default.jpg', null);

INSERT INTO ChildcareTransaction VALUES ('1000002081', 'Regular Childcare', '102081', '2014-10-21', '12:00:00', '14:00:00', 20.50);

INSERT INTO AllowedConnections VALUES ('102082', '128660', '128664', 12866, null);

INSERT INTO Child VALUES ('128664', 'Child2083', '2083child', '2006-02-02', null, null, '../../Pictures/default.jpg', null);

INSERT INTO ChildcareTransaction VALUES ('1000002082', 'Regular Childcare', '102082', '2014-11-27', '12:00:00', '14:00:00', 20.50);

INSERT INTO AllowedConnections VALUES ('102083', '128660', '128665', 12866, null);

INSERT INTO Child VALUES ('128665', 'Child2084', '2084child', '2006-02-02', null, null, '../../Pictures/default.jpg', null);

INSERT INTO ChildcareTransaction VALUES ('1000002083', 'Regular Childcare', '102083', '2014-03-13', '12:00:00', '14:00:00', 20.50);

INSERT INTO Guardian VALUES ('128660', '1234', 'Guardian521', '521guardian', '555-555-5555', 'blah@blah.com', '123 nowhere', null, 'Spokane', 'WA', '99999', '../../Pictures/default.jpg', null);

INSERT INTO Family VALUES ('12866', 42);

INSERT INTO Guardian VALUES ('128661', '1234', 'Guardian2521', '5212guardian', '555-555-5555', 'blah@blah.com', '123 nowhere', null, 'Spokane', 'WA', '99999', '../../Pictures/default.jpg', null);

INSERT INTO AllowedConnections VALUES ('102084', '128670', '128672', 12867, null);

INSERT INTO Child VALUES ('128672', 'Child2085', '2085child', '2006-02-02', null, null, '../../Pictures/default.jpg', null);

INSERT INTO ChildcareTransaction VALUES ('1000002084', 'Regular Childcare', '102084', '2014-12-28', '12:00:00', '14:00:00', 20.50);

INSERT INTO AllowedConnections VALUES ('102085', '128670', '128673', 12867, null);

INSERT INTO Child VALUES ('128673', 'Child2086', '2086child', '2006-02-02', null, null, '../../Pictures/default.jpg', null);

INSERT INTO ChildcareTransaction VALUES ('1000002085', 'Regular Childcare', '102085', '2014-12-07', '12:00:00', '14:00:00', 20.50);

INSERT INTO AllowedConnections VALUES ('102086', '128670', '128674', 12867, null);

INSERT INTO Child VALUES ('128674', 'Child2087', '2087child', '2006-02-02', null, null, '../../Pictures/default.jpg', null);

INSERT INTO ChildcareTransaction VALUES ('1000002086', 'Regular Childcare', '102086', '2014-01-20', '12:00:00', '14:00:00', 20.50);

INSERT INTO AllowedConnections VALUES ('102087', '128670', '128675', 12867, null);

INSERT INTO Child VALUES ('128675', 'Child2088', '2088child', '2006-02-02', null, null, '../../Pictures/default.jpg', null);

INSERT INTO ChildcareTransaction VALUES ('1000002087', 'Regular Childcare', '102087', '2014-12-18', '12:00:00', '14:00:00', 20.50);

INSERT INTO Guardian VALUES ('128670', '1234', 'Guardian522', '522guardian', '555-555-5555', 'blah@blah.com', '123 nowhere', null, 'Spokane', 'WA', '99999', '../../Pictures/default.jpg', null);

INSERT INTO Family VALUES ('12867', 42);

INSERT INTO Guardian VALUES ('128671', '1234', 'Guardian2522', '5222guardian', '555-555-5555', 'blah@blah.com', '123 nowhere', null, 'Spokane', 'WA', '99999', '../../Pictures/default.jpg', null);

INSERT INTO AllowedConnections VALUES ('102088', '128680', '128682', 12868, null);

INSERT INTO Child VALUES ('128682', 'Child2089', '2089child', '2006-02-02', null, null, '../../Pictures/default.jpg', null);

INSERT INTO ChildcareTransaction VALUES ('1000002088', 'Regular Childcare', '102088', '2014-11-17', '12:00:00', '14:00:00', 20.50);

INSERT INTO AllowedConnections VALUES ('102089', '128680', '128683', 12868, null);

INSERT INTO Child VALUES ('128683', 'Child2090', '2090child', '2006-02-02', null, null, '../../Pictures/default.jpg', null);

INSERT INTO ChildcareTransaction VALUES ('1000002089', 'Regular Childcare', '102089', '2014-12-19', '12:00:00', '14:00:00', 20.50);

INSERT INTO AllowedConnections VALUES ('102090', '128680', '128684', 12868, null);

INSERT INTO Child VALUES ('128684', 'Child2091', '2091child', '2006-02-02', null, null, '../../Pictures/default.jpg', null);

INSERT INTO ChildcareTransaction VALUES ('1000002090', 'Regular Childcare', '102090', '2014-09-15', '12:00:00', '14:00:00', 20.50);

INSERT INTO AllowedConnections VALUES ('102091', '128680', '128685', 12868, null);

INSERT INTO Child VALUES ('128685', 'Child2092', '2092child', '2006-02-02', null, null, '../../Pictures/default.jpg', null);

INSERT INTO ChildcareTransaction VALUES ('1000002091', 'Regular Childcare', '102091', '2014-11-13', '12:00:00', '14:00:00', 20.50);

INSERT INTO Guardian VALUES ('128680', '1234', 'Guardian523', '523guardian', '555-555-5555', 'blah@blah.com', '123 nowhere', null, 'Spokane', 'WA', '99999', '../../Pictures/default.jpg', null);

INSERT INTO Family VALUES ('12868', 42);

INSERT INTO Guardian VALUES ('128681', '1234', 'Guardian2523', '5232guardian', '555-555-5555', 'blah@blah.com', '123 nowhere', null, 'Spokane', 'WA', '99999', '../../Pictures/default.jpg', null);

INSERT INTO AllowedConnections VALUES ('102092', '128690', '128692', 12869, null);

INSERT INTO Child VALUES ('128692', 'Child2093', '2093child', '2006-02-02', null, null, '../../Pictures/default.jpg', null);

INSERT INTO ChildcareTransaction VALUES ('1000002092', 'Regular Childcare', '102092', '2014-07-18', '12:00:00', '14:00:00', 20.50);

INSERT INTO AllowedConnections VALUES ('102093', '128690', '128693', 12869, null);

INSERT INTO Child VALUES ('128693', 'Child2094', '2094child', '2006-02-02', null, null, '../../Pictures/default.jpg', null);

INSERT INTO ChildcareTransaction VALUES ('1000002093', 'Regular Childcare', '102093', '2014-07-07', '12:00:00', '14:00:00', 20.50);

INSERT INTO AllowedConnections VALUES ('102094', '128690', '128694', 12869, null);

INSERT INTO Child VALUES ('128694', 'Child2095', '2095child', '2006-02-02', null, null, '../../Pictures/default.jpg', null);

INSERT INTO ChildcareTransaction VALUES ('1000002094', 'Regular Childcare', '102094', '2014-06-25', '12:00:00', '14:00:00', 20.50);

INSERT INTO AllowedConnections VALUES ('102095', '128690', '128695', 12869, null);

INSERT INTO Child VALUES ('128695', 'Child2096', '2096child', '2006-02-02', null, null, '../../Pictures/default.jpg', null);

INSERT INTO ChildcareTransaction VALUES ('1000002095', 'Regular Childcare', '102095', '2014-02-11', '12:00:00', '14:00:00', 20.50);

INSERT INTO Guardian VALUES ('128690', '1234', 'Guardian524', '524guardian', '555-555-5555', 'blah@blah.com', '123 nowhere', null, 'Spokane', 'WA', '99999', '../../Pictures/default.jpg', null);

INSERT INTO Family VALUES ('12869', 42);

INSERT INTO Guardian VALUES ('128691', '1234', 'Guardian2524', '5242guardian', '555-555-5555', 'blah@blah.com', '123 nowhere', null, 'Spokane', 'WA', '99999', '../../Pictures/default.jpg', null);

INSERT INTO AllowedConnections VALUES ('102096', '128700', '128702', 12870, null);

INSERT INTO Child VALUES ('128702', 'Child2097', '2097child', '2006-02-02', null, null, '../../Pictures/default.jpg', null);

INSERT INTO ChildcareTransaction VALUES ('1000002096', 'Regular Childcare', '102096', '2014-09-23', '12:00:00', '14:00:00', 20.50);

INSERT INTO AllowedConnections VALUES ('102097', '128700', '128703', 12870, null);

INSERT INTO Child VALUES ('128703', 'Child2098', '2098child', '2006-02-02', null, null, '../../Pictures/default.jpg', null);

INSERT INTO ChildcareTransaction VALUES ('1000002097', 'Regular Childcare', '102097', '2014-10-11', '12:00:00', '14:00:00', 20.50);

INSERT INTO AllowedConnections VALUES ('102098', '128700', '128704', 12870, null);

INSERT INTO Child VALUES ('128704', 'Child2099', '2099child', '2006-02-02', null, null, '../../Pictures/default.jpg', null);

INSERT INTO ChildcareTransaction VALUES ('1000002098', 'Regular Childcare', '102098', '2014-04-27', '12:00:00', '14:00:00', 20.50);

INSERT INTO AllowedConnections VALUES ('102099', '128700', '128705', 12870, null);

INSERT INTO Child VALUES ('128705', 'Child2100', '2100child', '2006-02-02', null, null, '../../Pictures/default.jpg', null);

INSERT INTO ChildcareTransaction VALUES ('1000002099', 'Regular Childcare', '102099', '2014-07-22', '12:00:00', '14:00:00', 20.50);

INSERT INTO Guardian VALUES ('128700', '1234', 'Guardian525', '525guardian', '555-555-5555', 'blah@blah.com', '123 nowhere', null, 'Spokane', 'WA', '99999', '../../Pictures/default.jpg', null);

INSERT INTO Family VALUES ('12870', 42);

INSERT INTO Guardian VALUES ('128701', '1234', 'Guardian2525', '5252guardian', '555-555-5555', 'blah@blah.com', '123 nowhere', null, 'Spokane', 'WA', '99999', '../../Pictures/default.jpg', null);

INSERT INTO AllowedConnections VALUES ('102100', '128710', '128712', 12871, null);

INSERT INTO Child VALUES ('128712', 'Child2101', '2101child', '2006-02-02', null, null, '../../Pictures/default.jpg', null);

INSERT INTO ChildcareTransaction VALUES ('1000002100', 'Regular Childcare', '102100', '2014-03-19', '12:00:00', '14:00:00', 20.50);

INSERT INTO AllowedConnections VALUES ('102101', '128710', '128713', 12871, null);

INSERT INTO Child VALUES ('128713', 'Child2102', '2102child', '2006-02-02', null, null, '../../Pictures/default.jpg', null);

INSERT INTO ChildcareTransaction VALUES ('1000002101', 'Regular Childcare', '102101', '2014-07-08', '12:00:00', '14:00:00', 20.50);

INSERT INTO AllowedConnections VALUES ('102102', '128710', '128714', 12871, null);

INSERT INTO Child VALUES ('128714', 'Child2103', '2103child', '2006-02-02', null, null, '../../Pictures/default.jpg', null);

INSERT INTO ChildcareTransaction VALUES ('1000002102', 'Regular Childcare', '102102', '2014-03-27', '12:00:00', '14:00:00', 20.50);

INSERT INTO AllowedConnections VALUES ('102103', '128710', '128715', 12871, null);

INSERT INTO Child VALUES ('128715', 'Child2104', '2104child', '2006-02-02', null, null, '../../Pictures/default.jpg', null);

INSERT INTO ChildcareTransaction VALUES ('1000002103', 'Regular Childcare', '102103', '2014-10-10', '12:00:00', '14:00:00', 20.50);

INSERT INTO Guardian VALUES ('128710', '1234', 'Guardian526', '526guardian', '555-555-5555', 'blah@blah.com', '123 nowhere', null, 'Spokane', 'WA', '99999', '../../Pictures/default.jpg', null);

INSERT INTO Family VALUES ('12871', 42);

INSERT INTO Guardian VALUES ('128711', '1234', 'Guardian2526', '5262guardian', '555-555-5555', 'blah@blah.com', '123 nowhere', null, 'Spokane', 'WA', '99999', '../../Pictures/default.jpg', null);

INSERT INTO AllowedConnections VALUES ('102104', '128720', '128722', 12872, null);

INSERT INTO Child VALUES ('128722', 'Child2105', '2105child', '2006-02-02', null, null, '../../Pictures/default.jpg', null);

INSERT INTO ChildcareTransaction VALUES ('1000002104', 'Regular Childcare', '102104', '2014-10-13', '12:00:00', '14:00:00', 20.50);

INSERT INTO AllowedConnections VALUES ('102105', '128720', '128723', 12872, null);

INSERT INTO Child VALUES ('128723', 'Child2106', '2106child', '2006-02-02', null, null, '../../Pictures/default.jpg', null);

INSERT INTO ChildcareTransaction VALUES ('1000002105', 'Regular Childcare', '102105', '2014-01-11', '12:00:00', '14:00:00', 20.50);

INSERT INTO AllowedConnections VALUES ('102106', '128720', '128724', 12872, null);

INSERT INTO Child VALUES ('128724', 'Child2107', '2107child', '2006-02-02', null, null, '../../Pictures/default.jpg', null);

INSERT INTO ChildcareTransaction VALUES ('1000002106', 'Regular Childcare', '102106', '2014-08-13', '12:00:00', '14:00:00', 20.50);

INSERT INTO AllowedConnections VALUES ('102107', '128720', '128725', 12872, null);

INSERT INTO Child VALUES ('128725', 'Child2108', '2108child', '2006-02-02', null, null, '../../Pictures/default.jpg', null);

INSERT INTO ChildcareTransaction VALUES ('1000002107', 'Regular Childcare', '102107', '2014-12-26', '12:00:00', '14:00:00', 20.50);

INSERT INTO Guardian VALUES ('128720', '1234', 'Guardian527', '527guardian', '555-555-5555', 'blah@blah.com', '123 nowhere', null, 'Spokane', 'WA', '99999', '../../Pictures/default.jpg', null);

INSERT INTO Family VALUES ('12872', 42);

INSERT INTO Guardian VALUES ('128721', '1234', 'Guardian2527', '5272guardian', '555-555-5555', 'blah@blah.com', '123 nowhere', null, 'Spokane', 'WA', '99999', '../../Pictures/default.jpg', null);

INSERT INTO AllowedConnections VALUES ('102108', '128730', '128732', 12873, null);

INSERT INTO Child VALUES ('128732', 'Child2109', '2109child', '2006-02-02', null, null, '../../Pictures/default.jpg', null);

INSERT INTO ChildcareTransaction VALUES ('1000002108', 'Regular Childcare', '102108', '2014-12-07', '12:00:00', '14:00:00', 20.50);

INSERT INTO AllowedConnections VALUES ('102109', '128730', '128733', 12873, null);

INSERT INTO Child VALUES ('128733', 'Child2110', '2110child', '2006-02-02', null, null, '../../Pictures/default.jpg', null);

INSERT INTO ChildcareTransaction VALUES ('1000002109', 'Regular Childcare', '102109', '2014-02-02', '12:00:00', '14:00:00', 20.50);

INSERT INTO AllowedConnections VALUES ('102110', '128730', '128734', 12873, null);

INSERT INTO Child VALUES ('128734', 'Child2111', '2111child', '2006-02-02', null, null, '../../Pictures/default.jpg', null);

INSERT INTO ChildcareTransaction VALUES ('1000002110', 'Regular Childcare', '102110', '2014-10-14', '12:00:00', '14:00:00', 20.50);

INSERT INTO AllowedConnections VALUES ('102111', '128730', '128735', 12873, null);

INSERT INTO Child VALUES ('128735', 'Child2112', '2112child', '2006-02-02', null, null, '../../Pictures/default.jpg', null);

INSERT INTO ChildcareTransaction VALUES ('1000002111', 'Regular Childcare', '102111', '2014-12-03', '12:00:00', '14:00:00', 20.50);

INSERT INTO Guardian VALUES ('128730', '1234', 'Guardian528', '528guardian', '555-555-5555', 'blah@blah.com', '123 nowhere', null, 'Spokane', 'WA', '99999', '../../Pictures/default.jpg', null);

INSERT INTO Family VALUES ('12873', 42);

INSERT INTO Guardian VALUES ('128731', '1234', 'Guardian2528', '5282guardian', '555-555-5555', 'blah@blah.com', '123 nowhere', null, 'Spokane', 'WA', '99999', '../../Pictures/default.jpg', null);

INSERT INTO AllowedConnections VALUES ('102112', '128740', '128742', 12874, null);

INSERT INTO Child VALUES ('128742', 'Child2113', '2113child', '2006-02-02', null, null, '../../Pictures/default.jpg', null);

INSERT INTO ChildcareTransaction VALUES ('1000002112', 'Regular Childcare', '102112', '2014-05-09', '12:00:00', '14:00:00', 20.50);

INSERT INTO AllowedConnections VALUES ('102113', '128740', '128743', 12874, null);

INSERT INTO Child VALUES ('128743', 'Child2114', '2114child', '2006-02-02', null, null, '../../Pictures/default.jpg', null);

INSERT INTO ChildcareTransaction VALUES ('1000002113', 'Regular Childcare', '102113', '2014-05-24', '12:00:00', '14:00:00', 20.50);

INSERT INTO AllowedConnections VALUES ('102114', '128740', '128744', 12874, null);

INSERT INTO Child VALUES ('128744', 'Child2115', '2115child', '2006-02-02', null, null, '../../Pictures/default.jpg', null);

INSERT INTO ChildcareTransaction VALUES ('1000002114', 'Regular Childcare', '102114', '2014-02-22', '12:00:00', '14:00:00', 20.50);

INSERT INTO AllowedConnections VALUES ('102115', '128740', '128745', 12874, null);

INSERT INTO Child VALUES ('128745', 'Child2116', '2116child', '2006-02-02', null, null, '../../Pictures/default.jpg', null);

INSERT INTO ChildcareTransaction VALUES ('1000002115', 'Regular Childcare', '102115', '2014-02-21', '12:00:00', '14:00:00', 20.50);

INSERT INTO Guardian VALUES ('128740', '1234', 'Guardian529', '529guardian', '555-555-5555', 'blah@blah.com', '123 nowhere', null, 'Spokane', 'WA', '99999', '../../Pictures/default.jpg', null);

INSERT INTO Family VALUES ('12874', 42);

INSERT INTO Guardian VALUES ('128741', '1234', 'Guardian2529', '5292guardian', '555-555-5555', 'blah@blah.com', '123 nowhere', null, 'Spokane', 'WA', '99999', '../../Pictures/default.jpg', null);

INSERT INTO AllowedConnections VALUES ('102116', '128750', '128752', 12875, null);

INSERT INTO Child VALUES ('128752', 'Child2117', '2117child', '2006-02-02', null, null, '../../Pictures/default.jpg', null);

INSERT INTO ChildcareTransaction VALUES ('1000002116', 'Regular Childcare', '102116', '2014-04-17', '12:00:00', '14:00:00', 20.50);

INSERT INTO AllowedConnections VALUES ('102117', '128750', '128753', 12875, null);

INSERT INTO Child VALUES ('128753', 'Child2118', '2118child', '2006-02-02', null, null, '../../Pictures/default.jpg', null);

INSERT INTO ChildcareTransaction VALUES ('1000002117', 'Regular Childcare', '102117', '2014-02-19', '12:00:00', '14:00:00', 20.50);

INSERT INTO AllowedConnections VALUES ('102118', '128750', '128754', 12875, null);

INSERT INTO Child VALUES ('128754', 'Child2119', '2119child', '2006-02-02', null, null, '../../Pictures/default.jpg', null);

INSERT INTO ChildcareTransaction VALUES ('1000002118', 'Regular Childcare', '102118', '2014-06-01', '12:00:00', '14:00:00', 20.50);

INSERT INTO AllowedConnections VALUES ('102119', '128750', '128755', 12875, null);

INSERT INTO Child VALUES ('128755', 'Child2120', '2120child', '2006-02-02', null, null, '../../Pictures/default.jpg', null);

INSERT INTO ChildcareTransaction VALUES ('1000002119', 'Regular Childcare', '102119', '2014-06-07', '12:00:00', '14:00:00', 20.50);

INSERT INTO Guardian VALUES ('128750', '1234', 'Guardian530', '530guardian', '555-555-5555', 'blah@blah.com', '123 nowhere', null, 'Spokane', 'WA', '99999', '../../Pictures/default.jpg', null);

INSERT INTO Family VALUES ('12875', 42);

INSERT INTO Guardian VALUES ('128751', '1234', 'Guardian2530', '5302guardian', '555-555-5555', 'blah@blah.com', '123 nowhere', null, 'Spokane', 'WA', '99999', '../../Pictures/default.jpg', null);

INSERT INTO AllowedConnections VALUES ('102120', '128760', '128762', 12876, null);

INSERT INTO Child VALUES ('128762', 'Child2121', '2121child', '2006-02-02', null, null, '../../Pictures/default.jpg', null);

INSERT INTO ChildcareTransaction VALUES ('1000002120', 'Regular Childcare', '102120', '2014-05-27', '12:00:00', '14:00:00', 20.50);

INSERT INTO AllowedConnections VALUES ('102121', '128760', '128763', 12876, null);

INSERT INTO Child VALUES ('128763', 'Child2122', '2122child', '2006-02-02', null, null, '../../Pictures/default.jpg', null);

INSERT INTO ChildcareTransaction VALUES ('1000002121', 'Regular Childcare', '102121', '2014-07-01', '12:00:00', '14:00:00', 20.50);

INSERT INTO AllowedConnections VALUES ('102122', '128760', '128764', 12876, null);

INSERT INTO Child VALUES ('128764', 'Child2123', '2123child', '2006-02-02', null, null, '../../Pictures/default.jpg', null);

INSERT INTO ChildcareTransaction VALUES ('1000002122', 'Regular Childcare', '102122', '2014-03-03', '12:00:00', '14:00:00', 20.50);

INSERT INTO AllowedConnections VALUES ('102123', '128760', '128765', 12876, null);

INSERT INTO Child VALUES ('128765', 'Child2124', '2124child', '2006-02-02', null, null, '../../Pictures/default.jpg', null);

INSERT INTO ChildcareTransaction VALUES ('1000002123', 'Regular Childcare', '102123', '2014-01-03', '12:00:00', '14:00:00', 20.50);

INSERT INTO Guardian VALUES ('128760', '1234', 'Guardian531', '531guardian', '555-555-5555', 'blah@blah.com', '123 nowhere', null, 'Spokane', 'WA', '99999', '../../Pictures/default.jpg', null);

INSERT INTO Family VALUES ('12876', 42);

INSERT INTO Guardian VALUES ('128761', '1234', 'Guardian2531', '5312guardian', '555-555-5555', 'blah@blah.com', '123 nowhere', null, 'Spokane', 'WA', '99999', '../../Pictures/default.jpg', null);

INSERT INTO AllowedConnections VALUES ('102124', '128770', '128772', 12877, null);

INSERT INTO Child VALUES ('128772', 'Child2125', '2125child', '2006-02-02', null, null, '../../Pictures/default.jpg', null);

INSERT INTO ChildcareTransaction VALUES ('1000002124', 'Regular Childcare', '102124', '2014-02-28', '12:00:00', '14:00:00', 20.50);

INSERT INTO AllowedConnections VALUES ('102125', '128770', '128773', 12877, null);

INSERT INTO Child VALUES ('128773', 'Child2126', '2126child', '2006-02-02', null, null, '../../Pictures/default.jpg', null);

INSERT INTO ChildcareTransaction VALUES ('1000002125', 'Regular Childcare', '102125', '2014-06-28', '12:00:00', '14:00:00', 20.50);

INSERT INTO AllowedConnections VALUES ('102126', '128770', '128774', 12877, null);

INSERT INTO Child VALUES ('128774', 'Child2127', '2127child', '2006-02-02', null, null, '../../Pictures/default.jpg', null);

INSERT INTO ChildcareTransaction VALUES ('1000002126', 'Regular Childcare', '102126', '2014-03-26', '12:00:00', '14:00:00', 20.50);

INSERT INTO AllowedConnections VALUES ('102127', '128770', '128775', 12877, null);

INSERT INTO Child VALUES ('128775', 'Child2128', '2128child', '2006-02-02', null, null, '../../Pictures/default.jpg', null);

INSERT INTO ChildcareTransaction VALUES ('1000002127', 'Regular Childcare', '102127', '2014-05-10', '12:00:00', '14:00:00', 20.50);

INSERT INTO Guardian VALUES ('128770', '1234', 'Guardian532', '532guardian', '555-555-5555', 'blah@blah.com', '123 nowhere', null, 'Spokane', 'WA', '99999', '../../Pictures/default.jpg', null);

INSERT INTO Family VALUES ('12877', 42);

INSERT INTO Guardian VALUES ('128771', '1234', 'Guardian2532', '5322guardian', '555-555-5555', 'blah@blah.com', '123 nowhere', null, 'Spokane', 'WA', '99999', '../../Pictures/default.jpg', null);

INSERT INTO AllowedConnections VALUES ('102128', '128780', '128782', 12878, null);

INSERT INTO Child VALUES ('128782', 'Child2129', '2129child', '2006-02-02', null, null, '../../Pictures/default.jpg', null);

INSERT INTO ChildcareTransaction VALUES ('1000002128', 'Regular Childcare', '102128', '2014-04-18', '12:00:00', '14:00:00', 20.50);

INSERT INTO AllowedConnections VALUES ('102129', '128780', '128783', 12878, null);

INSERT INTO Child VALUES ('128783', 'Child2130', '2130child', '2006-02-02', null, null, '../../Pictures/default.jpg', null);

INSERT INTO ChildcareTransaction VALUES ('1000002129', 'Regular Childcare', '102129', '2014-12-10', '12:00:00', '14:00:00', 20.50);

INSERT INTO AllowedConnections VALUES ('102130', '128780', '128784', 12878, null);

INSERT INTO Child VALUES ('128784', 'Child2131', '2131child', '2006-02-02', null, null, '../../Pictures/default.jpg', null);

INSERT INTO ChildcareTransaction VALUES ('1000002130', 'Regular Childcare', '102130', '2014-11-27', '12:00:00', '14:00:00', 20.50);

INSERT INTO AllowedConnections VALUES ('102131', '128780', '128785', 12878, null);

INSERT INTO Child VALUES ('128785', 'Child2132', '2132child', '2006-02-02', null, null, '../../Pictures/default.jpg', null);

INSERT INTO ChildcareTransaction VALUES ('1000002131', 'Regular Childcare', '102131', '2014-10-14', '12:00:00', '14:00:00', 20.50);

INSERT INTO Guardian VALUES ('128780', '1234', 'Guardian533', '533guardian', '555-555-5555', 'blah@blah.com', '123 nowhere', null, 'Spokane', 'WA', '99999', '../../Pictures/default.jpg', null);

INSERT INTO Family VALUES ('12878', 42);

INSERT INTO Guardian VALUES ('128781', '1234', 'Guardian2533', '5332guardian', '555-555-5555', 'blah@blah.com', '123 nowhere', null, 'Spokane', 'WA', '99999', '../../Pictures/default.jpg', null);

INSERT INTO AllowedConnections VALUES ('102132', '128790', '128792', 12879, null);

INSERT INTO Child VALUES ('128792', 'Child2133', '2133child', '2006-02-02', null, null, '../../Pictures/default.jpg', null);

INSERT INTO ChildcareTransaction VALUES ('1000002132', 'Regular Childcare', '102132', '2014-06-12', '12:00:00', '14:00:00', 20.50);

INSERT INTO AllowedConnections VALUES ('102133', '128790', '128793', 12879, null);

INSERT INTO Child VALUES ('128793', 'Child2134', '2134child', '2006-02-02', null, null, '../../Pictures/default.jpg', null);

INSERT INTO ChildcareTransaction VALUES ('1000002133', 'Regular Childcare', '102133', '2014-09-28', '12:00:00', '14:00:00', 20.50);

INSERT INTO AllowedConnections VALUES ('102134', '128790', '128794', 12879, null);

INSERT INTO Child VALUES ('128794', 'Child2135', '2135child', '2006-02-02', null, null, '../../Pictures/default.jpg', null);

INSERT INTO ChildcareTransaction VALUES ('1000002134', 'Regular Childcare', '102134', '2014-06-25', '12:00:00', '14:00:00', 20.50);

INSERT INTO AllowedConnections VALUES ('102135', '128790', '128795', 12879, null);

INSERT INTO Child VALUES ('128795', 'Child2136', '2136child', '2006-02-02', null, null, '../../Pictures/default.jpg', null);

INSERT INTO ChildcareTransaction VALUES ('1000002135', 'Regular Childcare', '102135', '2014-06-13', '12:00:00', '14:00:00', 20.50);

INSERT INTO Guardian VALUES ('128790', '1234', 'Guardian534', '534guardian', '555-555-5555', 'blah@blah.com', '123 nowhere', null, 'Spokane', 'WA', '99999', '../../Pictures/default.jpg', null);

INSERT INTO Family VALUES ('12879', 42);

INSERT INTO Guardian VALUES ('128791', '1234', 'Guardian2534', '5342guardian', '555-555-5555', 'blah@blah.com', '123 nowhere', null, 'Spokane', 'WA', '99999', '../../Pictures/default.jpg', null);

INSERT INTO AllowedConnections VALUES ('102136', '128800', '128802', 12880, null);

INSERT INTO Child VALUES ('128802', 'Child2137', '2137child', '2006-02-02', null, null, '../../Pictures/default.jpg', null);

INSERT INTO ChildcareTransaction VALUES ('1000002136', 'Regular Childcare', '102136', '2014-02-08', '12:00:00', '14:00:00', 20.50);

INSERT INTO AllowedConnections VALUES ('102137', '128800', '128803', 12880, null);

INSERT INTO Child VALUES ('128803', 'Child2138', '2138child', '2006-02-02', null, null, '../../Pictures/default.jpg', null);

INSERT INTO ChildcareTransaction VALUES ('1000002137', 'Regular Childcare', '102137', '2014-07-12', '12:00:00', '14:00:00', 20.50);

INSERT INTO AllowedConnections VALUES ('102138', '128800', '128804', 12880, null);

INSERT INTO Child VALUES ('128804', 'Child2139', '2139child', '2006-02-02', null, null, '../../Pictures/default.jpg', null);

INSERT INTO ChildcareTransaction VALUES ('1000002138', 'Regular Childcare', '102138', '2014-10-27', '12:00:00', '14:00:00', 20.50);

INSERT INTO AllowedConnections VALUES ('102139', '128800', '128805', 12880, null);

INSERT INTO Child VALUES ('128805', 'Child2140', '2140child', '2006-02-02', null, null, '../../Pictures/default.jpg', null);

INSERT INTO ChildcareTransaction VALUES ('1000002139', 'Regular Childcare', '102139', '2014-01-25', '12:00:00', '14:00:00', 20.50);

INSERT INTO Guardian VALUES ('128800', '1234', 'Guardian535', '535guardian', '555-555-5555', 'blah@blah.com', '123 nowhere', null, 'Spokane', 'WA', '99999', '../../Pictures/default.jpg', null);

INSERT INTO Family VALUES ('12880', 42);

INSERT INTO Guardian VALUES ('128801', '1234', 'Guardian2535', '5352guardian', '555-555-5555', 'blah@blah.com', '123 nowhere', null, 'Spokane', 'WA', '99999', '../../Pictures/default.jpg', null);

INSERT INTO AllowedConnections VALUES ('102140', '128810', '128812', 12881, null);

INSERT INTO Child VALUES ('128812', 'Child2141', '2141child', '2006-02-02', null, null, '../../Pictures/default.jpg', null);

INSERT INTO ChildcareTransaction VALUES ('1000002140', 'Regular Childcare', '102140', '2014-10-09', '12:00:00', '14:00:00', 20.50);

INSERT INTO AllowedConnections VALUES ('102141', '128810', '128813', 12881, null);

INSERT INTO Child VALUES ('128813', 'Child2142', '2142child', '2006-02-02', null, null, '../../Pictures/default.jpg', null);

INSERT INTO ChildcareTransaction VALUES ('1000002141', 'Regular Childcare', '102141', '2014-03-23', '12:00:00', '14:00:00', 20.50);

INSERT INTO AllowedConnections VALUES ('102142', '128810', '128814', 12881, null);

INSERT INTO Child VALUES ('128814', 'Child2143', '2143child', '2006-02-02', null, null, '../../Pictures/default.jpg', null);

INSERT INTO ChildcareTransaction VALUES ('1000002142', 'Regular Childcare', '102142', '2014-02-16', '12:00:00', '14:00:00', 20.50);

INSERT INTO AllowedConnections VALUES ('102143', '128810', '128815', 12881, null);

INSERT INTO Child VALUES ('128815', 'Child2144', '2144child', '2006-02-02', null, null, '../../Pictures/default.jpg', null);

INSERT INTO ChildcareTransaction VALUES ('1000002143', 'Regular Childcare', '102143', '2014-03-22', '12:00:00', '14:00:00', 20.50);

INSERT INTO Guardian VALUES ('128810', '1234', 'Guardian536', '536guardian', '555-555-5555', 'blah@blah.com', '123 nowhere', null, 'Spokane', 'WA', '99999', '../../Pictures/default.jpg', null);

INSERT INTO Family VALUES ('12881', 42);

INSERT INTO Guardian VALUES ('128811', '1234', 'Guardian2536', '5362guardian', '555-555-5555', 'blah@blah.com', '123 nowhere', null, 'Spokane', 'WA', '99999', '../../Pictures/default.jpg', null);

INSERT INTO AllowedConnections VALUES ('102144', '128820', '128822', 12882, null);

INSERT INTO Child VALUES ('128822', 'Child2145', '2145child', '2006-02-02', null, null, '../../Pictures/default.jpg', null);

INSERT INTO ChildcareTransaction VALUES ('1000002144', 'Regular Childcare', '102144', '2014-03-20', '12:00:00', '14:00:00', 20.50);

INSERT INTO AllowedConnections VALUES ('102145', '128820', '128823', 12882, null);

INSERT INTO Child VALUES ('128823', 'Child2146', '2146child', '2006-02-02', null, null, '../../Pictures/default.jpg', null);

INSERT INTO ChildcareTransaction VALUES ('1000002145', 'Regular Childcare', '102145', '2014-11-24', '12:00:00', '14:00:00', 20.50);

INSERT INTO AllowedConnections VALUES ('102146', '128820', '128824', 12882, null);

INSERT INTO Child VALUES ('128824', 'Child2147', '2147child', '2006-02-02', null, null, '../../Pictures/default.jpg', null);

INSERT INTO ChildcareTransaction VALUES ('1000002146', 'Regular Childcare', '102146', '2014-09-28', '12:00:00', '14:00:00', 20.50);

INSERT INTO AllowedConnections VALUES ('102147', '128820', '128825', 12882, null);

INSERT INTO Child VALUES ('128825', 'Child2148', '2148child', '2006-02-02', null, null, '../../Pictures/default.jpg', null);

INSERT INTO ChildcareTransaction VALUES ('1000002147', 'Regular Childcare', '102147', '2014-02-26', '12:00:00', '14:00:00', 20.50);

INSERT INTO Guardian VALUES ('128820', '1234', 'Guardian537', '537guardian', '555-555-5555', 'blah@blah.com', '123 nowhere', null, 'Spokane', 'WA', '99999', '../../Pictures/default.jpg', null);

INSERT INTO Family VALUES ('12882', 42);

INSERT INTO Guardian VALUES ('128821', '1234', 'Guardian2537', '5372guardian', '555-555-5555', 'blah@blah.com', '123 nowhere', null, 'Spokane', 'WA', '99999', '../../Pictures/default.jpg', null);

INSERT INTO AllowedConnections VALUES ('102148', '128830', '128832', 12883, null);

INSERT INTO Child VALUES ('128832', 'Child2149', '2149child', '2006-02-02', null, null, '../../Pictures/default.jpg', null);

INSERT INTO ChildcareTransaction VALUES ('1000002148', 'Regular Childcare', '102148', '2014-06-13', '12:00:00', '14:00:00', 20.50);

INSERT INTO AllowedConnections VALUES ('102149', '128830', '128833', 12883, null);

INSERT INTO Child VALUES ('128833', 'Child2150', '2150child', '2006-02-02', null, null, '../../Pictures/default.jpg', null);

INSERT INTO ChildcareTransaction VALUES ('1000002149', 'Regular Childcare', '102149', '2014-04-06', '12:00:00', '14:00:00', 20.50);

INSERT INTO AllowedConnections VALUES ('102150', '128830', '128834', 12883, null);

INSERT INTO Child VALUES ('128834', 'Child2151', '2151child', '2006-02-02', null, null, '../../Pictures/default.jpg', null);

INSERT INTO ChildcareTransaction VALUES ('1000002150', 'Regular Childcare', '102150', '2014-04-01', '12:00:00', '14:00:00', 20.50);

INSERT INTO AllowedConnections VALUES ('102151', '128830', '128835', 12883, null);

INSERT INTO Child VALUES ('128835', 'Child2152', '2152child', '2006-02-02', null, null, '../../Pictures/default.jpg', null);

INSERT INTO ChildcareTransaction VALUES ('1000002151', 'Regular Childcare', '102151', '2014-09-20', '12:00:00', '14:00:00', 20.50);

INSERT INTO Guardian VALUES ('128830', '1234', 'Guardian538', '538guardian', '555-555-5555', 'blah@blah.com', '123 nowhere', null, 'Spokane', 'WA', '99999', '../../Pictures/default.jpg', null);

INSERT INTO Family VALUES ('12883', 42);

INSERT INTO Guardian VALUES ('128831', '1234', 'Guardian2538', '5382guardian', '555-555-5555', 'blah@blah.com', '123 nowhere', null, 'Spokane', 'WA', '99999', '../../Pictures/default.jpg', null);

INSERT INTO AllowedConnections VALUES ('102152', '128840', '128842', 12884, null);

INSERT INTO Child VALUES ('128842', 'Child2153', '2153child', '2006-02-02', null, null, '../../Pictures/default.jpg', null);

INSERT INTO ChildcareTransaction VALUES ('1000002152', 'Regular Childcare', '102152', '2014-11-24', '12:00:00', '14:00:00', 20.50);

INSERT INTO AllowedConnections VALUES ('102153', '128840', '128843', 12884, null);

INSERT INTO Child VALUES ('128843', 'Child2154', '2154child', '2006-02-02', null, null, '../../Pictures/default.jpg', null);

INSERT INTO ChildcareTransaction VALUES ('1000002153', 'Regular Childcare', '102153', '2014-02-21', '12:00:00', '14:00:00', 20.50);

INSERT INTO AllowedConnections VALUES ('102154', '128840', '128844', 12884, null);

INSERT INTO Child VALUES ('128844', 'Child2155', '2155child', '2006-02-02', null, null, '../../Pictures/default.jpg', null);

INSERT INTO ChildcareTransaction VALUES ('1000002154', 'Regular Childcare', '102154', '2014-08-21', '12:00:00', '14:00:00', 20.50);

INSERT INTO AllowedConnections VALUES ('102155', '128840', '128845', 12884, null);

INSERT INTO Child VALUES ('128845', 'Child2156', '2156child', '2006-02-02', null, null, '../../Pictures/default.jpg', null);

INSERT INTO ChildcareTransaction VALUES ('1000002155', 'Regular Childcare', '102155', '2014-09-06', '12:00:00', '14:00:00', 20.50);

INSERT INTO Guardian VALUES ('128840', '1234', 'Guardian539', '539guardian', '555-555-5555', 'blah@blah.com', '123 nowhere', null, 'Spokane', 'WA', '99999', '../../Pictures/default.jpg', null);

INSERT INTO Family VALUES ('12884', 42);

INSERT INTO Guardian VALUES ('128841', '1234', 'Guardian2539', '5392guardian', '555-555-5555', 'blah@blah.com', '123 nowhere', null, 'Spokane', 'WA', '99999', '../../Pictures/default.jpg', null);

INSERT INTO AllowedConnections VALUES ('102156', '128850', '128852', 12885, null);

INSERT INTO Child VALUES ('128852', 'Child2157', '2157child', '2006-02-02', null, null, '../../Pictures/default.jpg', null);

INSERT INTO ChildcareTransaction VALUES ('1000002156', 'Regular Childcare', '102156', '2014-08-08', '12:00:00', '14:00:00', 20.50);

INSERT INTO AllowedConnections VALUES ('102157', '128850', '128853', 12885, null);

INSERT INTO Child VALUES ('128853', 'Child2158', '2158child', '2006-02-02', null, null, '../../Pictures/default.jpg', null);

INSERT INTO ChildcareTransaction VALUES ('1000002157', 'Regular Childcare', '102157', '2014-08-01', '12:00:00', '14:00:00', 20.50);

INSERT INTO AllowedConnections VALUES ('102158', '128850', '128854', 12885, null);

INSERT INTO Child VALUES ('128854', 'Child2159', '2159child', '2006-02-02', null, null, '../../Pictures/default.jpg', null);

INSERT INTO ChildcareTransaction VALUES ('1000002158', 'Regular Childcare', '102158', '2014-03-08', '12:00:00', '14:00:00', 20.50);

INSERT INTO AllowedConnections VALUES ('102159', '128850', '128855', 12885, null);

INSERT INTO Child VALUES ('128855', 'Child2160', '2160child', '2006-02-02', null, null, '../../Pictures/default.jpg', null);

INSERT INTO ChildcareTransaction VALUES ('1000002159', 'Regular Childcare', '102159', '2014-03-25', '12:00:00', '14:00:00', 20.50);

INSERT INTO Guardian VALUES ('128850', '1234', 'Guardian540', '540guardian', '555-555-5555', 'blah@blah.com', '123 nowhere', null, 'Spokane', 'WA', '99999', '../../Pictures/default.jpg', null);

INSERT INTO Family VALUES ('12885', 42);

INSERT INTO Guardian VALUES ('128851', '1234', 'Guardian2540', '5402guardian', '555-555-5555', 'blah@blah.com', '123 nowhere', null, 'Spokane', 'WA', '99999', '../../Pictures/default.jpg', null);

INSERT INTO AllowedConnections VALUES ('102160', '128860', '128862', 12886, null);

INSERT INTO Child VALUES ('128862', 'Child2161', '2161child', '2006-02-02', null, null, '../../Pictures/default.jpg', null);

INSERT INTO ChildcareTransaction VALUES ('1000002160', 'Regular Childcare', '102160', '2014-05-15', '12:00:00', '14:00:00', 20.50);

INSERT INTO AllowedConnections VALUES ('102161', '128860', '128863', 12886, null);

INSERT INTO Child VALUES ('128863', 'Child2162', '2162child', '2006-02-02', null, null, '../../Pictures/default.jpg', null);

INSERT INTO ChildcareTransaction VALUES ('1000002161', 'Regular Childcare', '102161', '2014-09-27', '12:00:00', '14:00:00', 20.50);

INSERT INTO AllowedConnections VALUES ('102162', '128860', '128864', 12886, null);

INSERT INTO Child VALUES ('128864', 'Child2163', '2163child', '2006-02-02', null, null, '../../Pictures/default.jpg', null);

INSERT INTO ChildcareTransaction VALUES ('1000002162', 'Regular Childcare', '102162', '2014-11-19', '12:00:00', '14:00:00', 20.50);

INSERT INTO AllowedConnections VALUES ('102163', '128860', '128865', 12886, null);

INSERT INTO Child VALUES ('128865', 'Child2164', '2164child', '2006-02-02', null, null, '../../Pictures/default.jpg', null);

INSERT INTO ChildcareTransaction VALUES ('1000002163', 'Regular Childcare', '102163', '2014-06-16', '12:00:00', '14:00:00', 20.50);

INSERT INTO Guardian VALUES ('128860', '1234', 'Guardian541', '541guardian', '555-555-5555', 'blah@blah.com', '123 nowhere', null, 'Spokane', 'WA', '99999', '../../Pictures/default.jpg', null);

INSERT INTO Family VALUES ('12886', 42);

INSERT INTO Guardian VALUES ('128861', '1234', 'Guardian2541', '5412guardian', '555-555-5555', 'blah@blah.com', '123 nowhere', null, 'Spokane', 'WA', '99999', '../../Pictures/default.jpg', null);

INSERT INTO AllowedConnections VALUES ('102164', '128870', '128872', 12887, null);

INSERT INTO Child VALUES ('128872', 'Child2165', '2165child', '2006-02-02', null, null, '../../Pictures/default.jpg', null);

INSERT INTO ChildcareTransaction VALUES ('1000002164', 'Regular Childcare', '102164', '2014-11-16', '12:00:00', '14:00:00', 20.50);

INSERT INTO AllowedConnections VALUES ('102165', '128870', '128873', 12887, null);

INSERT INTO Child VALUES ('128873', 'Child2166', '2166child', '2006-02-02', null, null, '../../Pictures/default.jpg', null);

INSERT INTO ChildcareTransaction VALUES ('1000002165', 'Regular Childcare', '102165', '2014-11-06', '12:00:00', '14:00:00', 20.50);

INSERT INTO AllowedConnections VALUES ('102166', '128870', '128874', 12887, null);

INSERT INTO Child VALUES ('128874', 'Child2167', '2167child', '2006-02-02', null, null, '../../Pictures/default.jpg', null);

INSERT INTO ChildcareTransaction VALUES ('1000002166', 'Regular Childcare', '102166', '2014-11-11', '12:00:00', '14:00:00', 20.50);

INSERT INTO AllowedConnections VALUES ('102167', '128870', '128875', 12887, null);

INSERT INTO Child VALUES ('128875', 'Child2168', '2168child', '2006-02-02', null, null, '../../Pictures/default.jpg', null);

INSERT INTO ChildcareTransaction VALUES ('1000002167', 'Regular Childcare', '102167', '2014-03-04', '12:00:00', '14:00:00', 20.50);

INSERT INTO Guardian VALUES ('128870', '1234', 'Guardian542', '542guardian', '555-555-5555', 'blah@blah.com', '123 nowhere', null, 'Spokane', 'WA', '99999', '../../Pictures/default.jpg', null);

INSERT INTO Family VALUES ('12887', 42);

INSERT INTO Guardian VALUES ('128871', '1234', 'Guardian2542', '5422guardian', '555-555-5555', 'blah@blah.com', '123 nowhere', null, 'Spokane', 'WA', '99999', '../../Pictures/default.jpg', null);

INSERT INTO AllowedConnections VALUES ('102168', '128880', '128882', 12888, null);

INSERT INTO Child VALUES ('128882', 'Child2169', '2169child', '2006-02-02', null, null, '../../Pictures/default.jpg', null);

INSERT INTO ChildcareTransaction VALUES ('1000002168', 'Regular Childcare', '102168', '2014-02-18', '12:00:00', '14:00:00', 20.50);

INSERT INTO AllowedConnections VALUES ('102169', '128880', '128883', 12888, null);

INSERT INTO Child VALUES ('128883', 'Child2170', '2170child', '2006-02-02', null, null, '../../Pictures/default.jpg', null);

INSERT INTO ChildcareTransaction VALUES ('1000002169', 'Regular Childcare', '102169', '2014-05-04', '12:00:00', '14:00:00', 20.50);

INSERT INTO AllowedConnections VALUES ('102170', '128880', '128884', 12888, null);

INSERT INTO Child VALUES ('128884', 'Child2171', '2171child', '2006-02-02', null, null, '../../Pictures/default.jpg', null);

INSERT INTO ChildcareTransaction VALUES ('1000002170', 'Regular Childcare', '102170', '2014-12-15', '12:00:00', '14:00:00', 20.50);

INSERT INTO AllowedConnections VALUES ('102171', '128880', '128885', 12888, null);

INSERT INTO Child VALUES ('128885', 'Child2172', '2172child', '2006-02-02', null, null, '../../Pictures/default.jpg', null);

INSERT INTO ChildcareTransaction VALUES ('1000002171', 'Regular Childcare', '102171', '2014-09-12', '12:00:00', '14:00:00', 20.50);

INSERT INTO Guardian VALUES ('128880', '1234', 'Guardian543', '543guardian', '555-555-5555', 'blah@blah.com', '123 nowhere', null, 'Spokane', 'WA', '99999', '../../Pictures/default.jpg', null);

INSERT INTO Family VALUES ('12888', 42);

INSERT INTO Guardian VALUES ('128881', '1234', 'Guardian2543', '5432guardian', '555-555-5555', 'blah@blah.com', '123 nowhere', null, 'Spokane', 'WA', '99999', '../../Pictures/default.jpg', null);

INSERT INTO AllowedConnections VALUES ('102172', '128890', '128892', 12889, null);

INSERT INTO Child VALUES ('128892', 'Child2173', '2173child', '2006-02-02', null, null, '../../Pictures/default.jpg', null);

INSERT INTO ChildcareTransaction VALUES ('1000002172', 'Regular Childcare', '102172', '2014-12-26', '12:00:00', '14:00:00', 20.50);

INSERT INTO AllowedConnections VALUES ('102173', '128890', '128893', 12889, null);

INSERT INTO Child VALUES ('128893', 'Child2174', '2174child', '2006-02-02', null, null, '../../Pictures/default.jpg', null);

INSERT INTO ChildcareTransaction VALUES ('1000002173', 'Regular Childcare', '102173', '2014-05-27', '12:00:00', '14:00:00', 20.50);

INSERT INTO AllowedConnections VALUES ('102174', '128890', '128894', 12889, null);

INSERT INTO Child VALUES ('128894', 'Child2175', '2175child', '2006-02-02', null, null, '../../Pictures/default.jpg', null);

INSERT INTO ChildcareTransaction VALUES ('1000002174', 'Regular Childcare', '102174', '2014-08-26', '12:00:00', '14:00:00', 20.50);

INSERT INTO AllowedConnections VALUES ('102175', '128890', '128895', 12889, null);

INSERT INTO Child VALUES ('128895', 'Child2176', '2176child', '2006-02-02', null, null, '../../Pictures/default.jpg', null);

INSERT INTO ChildcareTransaction VALUES ('1000002175', 'Regular Childcare', '102175', '2014-11-21', '12:00:00', '14:00:00', 20.50);

INSERT INTO Guardian VALUES ('128890', '1234', 'Guardian544', '544guardian', '555-555-5555', 'blah@blah.com', '123 nowhere', null, 'Spokane', 'WA', '99999', '../../Pictures/default.jpg', null);

INSERT INTO Family VALUES ('12889', 42);

INSERT INTO Guardian VALUES ('128891', '1234', 'Guardian2544', '5442guardian', '555-555-5555', 'blah@blah.com', '123 nowhere', null, 'Spokane', 'WA', '99999', '../../Pictures/default.jpg', null);

INSERT INTO AllowedConnections VALUES ('102176', '128900', '128902', 12890, null);

INSERT INTO Child VALUES ('128902', 'Child2177', '2177child', '2006-02-02', null, null, '../../Pictures/default.jpg', null);

INSERT INTO ChildcareTransaction VALUES ('1000002176', 'Regular Childcare', '102176', '2014-09-05', '12:00:00', '14:00:00', 20.50);

INSERT INTO AllowedConnections VALUES ('102177', '128900', '128903', 12890, null);

INSERT INTO Child VALUES ('128903', 'Child2178', '2178child', '2006-02-02', null, null, '../../Pictures/default.jpg', null);

INSERT INTO ChildcareTransaction VALUES ('1000002177', 'Regular Childcare', '102177', '2014-01-14', '12:00:00', '14:00:00', 20.50);

INSERT INTO AllowedConnections VALUES ('102178', '128900', '128904', 12890, null);

INSERT INTO Child VALUES ('128904', 'Child2179', '2179child', '2006-02-02', null, null, '../../Pictures/default.jpg', null);

INSERT INTO ChildcareTransaction VALUES ('1000002178', 'Regular Childcare', '102178', '2014-04-25', '12:00:00', '14:00:00', 20.50);

INSERT INTO AllowedConnections VALUES ('102179', '128900', '128905', 12890, null);

INSERT INTO Child VALUES ('128905', 'Child2180', '2180child', '2006-02-02', null, null, '../../Pictures/default.jpg', null);

INSERT INTO ChildcareTransaction VALUES ('1000002179', 'Regular Childcare', '102179', '2014-07-04', '12:00:00', '14:00:00', 20.50);

INSERT INTO Guardian VALUES ('128900', '1234', 'Guardian545', '545guardian', '555-555-5555', 'blah@blah.com', '123 nowhere', null, 'Spokane', 'WA', '99999', '../../Pictures/default.jpg', null);

INSERT INTO Family VALUES ('12890', 42);

INSERT INTO Guardian VALUES ('128901', '1234', 'Guardian2545', '5452guardian', '555-555-5555', 'blah@blah.com', '123 nowhere', null, 'Spokane', 'WA', '99999', '../../Pictures/default.jpg', null);

INSERT INTO AllowedConnections VALUES ('102180', '128910', '128912', 12891, null);

INSERT INTO Child VALUES ('128912', 'Child2181', '2181child', '2006-02-02', null, null, '../../Pictures/default.jpg', null);

INSERT INTO ChildcareTransaction VALUES ('1000002180', 'Regular Childcare', '102180', '2014-02-07', '12:00:00', '14:00:00', 20.50);

INSERT INTO AllowedConnections VALUES ('102181', '128910', '128913', 12891, null);

INSERT INTO Child VALUES ('128913', 'Child2182', '2182child', '2006-02-02', null, null, '../../Pictures/default.jpg', null);

INSERT INTO ChildcareTransaction VALUES ('1000002181', 'Regular Childcare', '102181', '2014-12-06', '12:00:00', '14:00:00', 20.50);

INSERT INTO AllowedConnections VALUES ('102182', '128910', '128914', 12891, null);

INSERT INTO Child VALUES ('128914', 'Child2183', '2183child', '2006-02-02', null, null, '../../Pictures/default.jpg', null);

INSERT INTO ChildcareTransaction VALUES ('1000002182', 'Regular Childcare', '102182', '2014-12-02', '12:00:00', '14:00:00', 20.50);

INSERT INTO AllowedConnections VALUES ('102183', '128910', '128915', 12891, null);

INSERT INTO Child VALUES ('128915', 'Child2184', '2184child', '2006-02-02', null, null, '../../Pictures/default.jpg', null);

INSERT INTO ChildcareTransaction VALUES ('1000002183', 'Regular Childcare', '102183', '2014-12-27', '12:00:00', '14:00:00', 20.50);

INSERT INTO Guardian VALUES ('128910', '1234', 'Guardian546', '546guardian', '555-555-5555', 'blah@blah.com', '123 nowhere', null, 'Spokane', 'WA', '99999', '../../Pictures/default.jpg', null);

INSERT INTO Family VALUES ('12891', 42);

INSERT INTO Guardian VALUES ('128911', '1234', 'Guardian2546', '5462guardian', '555-555-5555', 'blah@blah.com', '123 nowhere', null, 'Spokane', 'WA', '99999', '../../Pictures/default.jpg', null);

INSERT INTO AllowedConnections VALUES ('102184', '128920', '128922', 12892, null);

INSERT INTO Child VALUES ('128922', 'Child2185', '2185child', '2006-02-02', null, null, '../../Pictures/default.jpg', null);

INSERT INTO ChildcareTransaction VALUES ('1000002184', 'Regular Childcare', '102184', '2014-11-13', '12:00:00', '14:00:00', 20.50);

INSERT INTO AllowedConnections VALUES ('102185', '128920', '128923', 12892, null);

INSERT INTO Child VALUES ('128923', 'Child2186', '2186child', '2006-02-02', null, null, '../../Pictures/default.jpg', null);

INSERT INTO ChildcareTransaction VALUES ('1000002185', 'Regular Childcare', '102185', '2014-03-02', '12:00:00', '14:00:00', 20.50);

INSERT INTO AllowedConnections VALUES ('102186', '128920', '128924', 12892, null);

INSERT INTO Child VALUES ('128924', 'Child2187', '2187child', '2006-02-02', null, null, '../../Pictures/default.jpg', null);

INSERT INTO ChildcareTransaction VALUES ('1000002186', 'Regular Childcare', '102186', '2014-05-15', '12:00:00', '14:00:00', 20.50);

INSERT INTO AllowedConnections VALUES ('102187', '128920', '128925', 12892, null);

INSERT INTO Child VALUES ('128925', 'Child2188', '2188child', '2006-02-02', null, null, '../../Pictures/default.jpg', null);

INSERT INTO ChildcareTransaction VALUES ('1000002187', 'Regular Childcare', '102187', '2014-12-26', '12:00:00', '14:00:00', 20.50);

INSERT INTO Guardian VALUES ('128920', '1234', 'Guardian547', '547guardian', '555-555-5555', 'blah@blah.com', '123 nowhere', null, 'Spokane', 'WA', '99999', '../../Pictures/default.jpg', null);

INSERT INTO Family VALUES ('12892', 42);

INSERT INTO Guardian VALUES ('128921', '1234', 'Guardian2547', '5472guardian', '555-555-5555', 'blah@blah.com', '123 nowhere', null, 'Spokane', 'WA', '99999', '../../Pictures/default.jpg', null);

INSERT INTO AllowedConnections VALUES ('102188', '128930', '128932', 12893, null);

INSERT INTO Child VALUES ('128932', 'Child2189', '2189child', '2006-02-02', null, null, '../../Pictures/default.jpg', null);

INSERT INTO ChildcareTransaction VALUES ('1000002188', 'Regular Childcare', '102188', '2014-07-09', '12:00:00', '14:00:00', 20.50);

INSERT INTO AllowedConnections VALUES ('102189', '128930', '128933', 12893, null);

INSERT INTO Child VALUES ('128933', 'Child2190', '2190child', '2006-02-02', null, null, '../../Pictures/default.jpg', null);

INSERT INTO ChildcareTransaction VALUES ('1000002189', 'Regular Childcare', '102189', '2014-03-14', '12:00:00', '14:00:00', 20.50);

INSERT INTO AllowedConnections VALUES ('102190', '128930', '128934', 12893, null);

INSERT INTO Child VALUES ('128934', 'Child2191', '2191child', '2006-02-02', null, null, '../../Pictures/default.jpg', null);

INSERT INTO ChildcareTransaction VALUES ('1000002190', 'Regular Childcare', '102190', '2014-08-01', '12:00:00', '14:00:00', 20.50);

INSERT INTO AllowedConnections VALUES ('102191', '128930', '128935', 12893, null);

INSERT INTO Child VALUES ('128935', 'Child2192', '2192child', '2006-02-02', null, null, '../../Pictures/default.jpg', null);

INSERT INTO ChildcareTransaction VALUES ('1000002191', 'Regular Childcare', '102191', '2014-12-28', '12:00:00', '14:00:00', 20.50);

INSERT INTO Guardian VALUES ('128930', '1234', 'Guardian548', '548guardian', '555-555-5555', 'blah@blah.com', '123 nowhere', null, 'Spokane', 'WA', '99999', '../../Pictures/default.jpg', null);

INSERT INTO Family VALUES ('12893', 42);

INSERT INTO Guardian VALUES ('128931', '1234', 'Guardian2548', '5482guardian', '555-555-5555', 'blah@blah.com', '123 nowhere', null, 'Spokane', 'WA', '99999', '../../Pictures/default.jpg', null);

INSERT INTO AllowedConnections VALUES ('102192', '128940', '128942', 12894, null);

INSERT INTO Child VALUES ('128942', 'Child2193', '2193child', '2006-02-02', null, null, '../../Pictures/default.jpg', null);

INSERT INTO ChildcareTransaction VALUES ('1000002192', 'Regular Childcare', '102192', '2014-06-14', '12:00:00', '14:00:00', 20.50);

INSERT INTO AllowedConnections VALUES ('102193', '128940', '128943', 12894, null);

INSERT INTO Child VALUES ('128943', 'Child2194', '2194child', '2006-02-02', null, null, '../../Pictures/default.jpg', null);

INSERT INTO ChildcareTransaction VALUES ('1000002193', 'Regular Childcare', '102193', '2014-08-26', '12:00:00', '14:00:00', 20.50);

INSERT INTO AllowedConnections VALUES ('102194', '128940', '128944', 12894, null);

INSERT INTO Child VALUES ('128944', 'Child2195', '2195child', '2006-02-02', null, null, '../../Pictures/default.jpg', null);

INSERT INTO ChildcareTransaction VALUES ('1000002194', 'Regular Childcare', '102194', '2014-06-27', '12:00:00', '14:00:00', 20.50);

INSERT INTO AllowedConnections VALUES ('102195', '128940', '128945', 12894, null);

INSERT INTO Child VALUES ('128945', 'Child2196', '2196child', '2006-02-02', null, null, '../../Pictures/default.jpg', null);

INSERT INTO ChildcareTransaction VALUES ('1000002195', 'Regular Childcare', '102195', '2014-04-20', '12:00:00', '14:00:00', 20.50);

INSERT INTO Guardian VALUES ('128940', '1234', 'Guardian549', '549guardian', '555-555-5555', 'blah@blah.com', '123 nowhere', null, 'Spokane', 'WA', '99999', '../../Pictures/default.jpg', null);

INSERT INTO Family VALUES ('12894', 42);

INSERT INTO Guardian VALUES ('128941', '1234', 'Guardian2549', '5492guardian', '555-555-5555', 'blah@blah.com', '123 nowhere', null, 'Spokane', 'WA', '99999', '../../Pictures/default.jpg', null);

INSERT INTO AllowedConnections VALUES ('102196', '128950', '128952', 12895, null);

INSERT INTO Child VALUES ('128952', 'Child2197', '2197child', '2006-02-02', null, null, '../../Pictures/default.jpg', null);

INSERT INTO ChildcareTransaction VALUES ('1000002196', 'Regular Childcare', '102196', '2014-07-24', '12:00:00', '14:00:00', 20.50);

INSERT INTO AllowedConnections VALUES ('102197', '128950', '128953', 12895, null);

INSERT INTO Child VALUES ('128953', 'Child2198', '2198child', '2006-02-02', null, null, '../../Pictures/default.jpg', null);

INSERT INTO ChildcareTransaction VALUES ('1000002197', 'Regular Childcare', '102197', '2014-04-12', '12:00:00', '14:00:00', 20.50);

INSERT INTO AllowedConnections VALUES ('102198', '128950', '128954', 12895, null);

INSERT INTO Child VALUES ('128954', 'Child2199', '2199child', '2006-02-02', null, null, '../../Pictures/default.jpg', null);

INSERT INTO ChildcareTransaction VALUES ('1000002198', 'Regular Childcare', '102198', '2014-12-09', '12:00:00', '14:00:00', 20.50);

INSERT INTO AllowedConnections VALUES ('102199', '128950', '128955', 12895, null);

INSERT INTO Child VALUES ('128955', 'Child2200', '2200child', '2006-02-02', null, null, '../../Pictures/default.jpg', null);

INSERT INTO ChildcareTransaction VALUES ('1000002199', 'Regular Childcare', '102199', '2014-02-26', '12:00:00', '14:00:00', 20.50);

INSERT INTO Guardian VALUES ('128950', '1234', 'Guardian550', '550guardian', '555-555-5555', 'blah@blah.com', '123 nowhere', null, 'Spokane', 'WA', '99999', '../../Pictures/default.jpg', null);

INSERT INTO Family VALUES ('12895', 42);

INSERT INTO Guardian VALUES ('128951', '1234', 'Guardian2550', '5502guardian', '555-555-5555', 'blah@blah.com', '123 nowhere', null, 'Spokane', 'WA', '99999', '../../Pictures/default.jpg', null);

INSERT INTO AllowedConnections VALUES ('102200', '128960', '128962', 12896, null);

INSERT INTO Child VALUES ('128962', 'Child2201', '2201child', '2006-02-02', null, null, '../../Pictures/default.jpg', null);

INSERT INTO ChildcareTransaction VALUES ('1000002200', 'Regular Childcare', '102200', '2014-02-27', '12:00:00', '14:00:00', 20.50);

INSERT INTO AllowedConnections VALUES ('102201', '128960', '128963', 12896, null);

INSERT INTO Child VALUES ('128963', 'Child2202', '2202child', '2006-02-02', null, null, '../../Pictures/default.jpg', null);

INSERT INTO ChildcareTransaction VALUES ('1000002201', 'Regular Childcare', '102201', '2014-10-24', '12:00:00', '14:00:00', 20.50);

INSERT INTO AllowedConnections VALUES ('102202', '128960', '128964', 12896, null);

INSERT INTO Child VALUES ('128964', 'Child2203', '2203child', '2006-02-02', null, null, '../../Pictures/default.jpg', null);

INSERT INTO ChildcareTransaction VALUES ('1000002202', 'Regular Childcare', '102202', '2014-06-15', '12:00:00', '14:00:00', 20.50);

INSERT INTO AllowedConnections VALUES ('102203', '128960', '128965', 12896, null);

INSERT INTO Child VALUES ('128965', 'Child2204', '2204child', '2006-02-02', null, null, '../../Pictures/default.jpg', null);

INSERT INTO ChildcareTransaction VALUES ('1000002203', 'Regular Childcare', '102203', '2014-04-18', '12:00:00', '14:00:00', 20.50);

INSERT INTO Guardian VALUES ('128960', '1234', 'Guardian551', '551guardian', '555-555-5555', 'blah@blah.com', '123 nowhere', null, 'Spokane', 'WA', '99999', '../../Pictures/default.jpg', null);

INSERT INTO Family VALUES ('12896', 42);

INSERT INTO Guardian VALUES ('128961', '1234', 'Guardian2551', '5512guardian', '555-555-5555', 'blah@blah.com', '123 nowhere', null, 'Spokane', 'WA', '99999', '../../Pictures/default.jpg', null);

INSERT INTO AllowedConnections VALUES ('102204', '128970', '128972', 12897, null);

INSERT INTO Child VALUES ('128972', 'Child2205', '2205child', '2006-02-02', null, null, '../../Pictures/default.jpg', null);

INSERT INTO ChildcareTransaction VALUES ('1000002204', 'Regular Childcare', '102204', '2014-11-28', '12:00:00', '14:00:00', 20.50);

INSERT INTO AllowedConnections VALUES ('102205', '128970', '128973', 12897, null);

INSERT INTO Child VALUES ('128973', 'Child2206', '2206child', '2006-02-02', null, null, '../../Pictures/default.jpg', null);

INSERT INTO ChildcareTransaction VALUES ('1000002205', 'Regular Childcare', '102205', '2014-04-05', '12:00:00', '14:00:00', 20.50);

INSERT INTO AllowedConnections VALUES ('102206', '128970', '128974', 12897, null);

INSERT INTO Child VALUES ('128974', 'Child2207', '2207child', '2006-02-02', null, null, '../../Pictures/default.jpg', null);

INSERT INTO ChildcareTransaction VALUES ('1000002206', 'Regular Childcare', '102206', '2014-11-25', '12:00:00', '14:00:00', 20.50);

INSERT INTO AllowedConnections VALUES ('102207', '128970', '128975', 12897, null);

INSERT INTO Child VALUES ('128975', 'Child2208', '2208child', '2006-02-02', null, null, '../../Pictures/default.jpg', null);

INSERT INTO ChildcareTransaction VALUES ('1000002207', 'Regular Childcare', '102207', '2014-02-19', '12:00:00', '14:00:00', 20.50);

INSERT INTO Guardian VALUES ('128970', '1234', 'Guardian552', '552guardian', '555-555-5555', 'blah@blah.com', '123 nowhere', null, 'Spokane', 'WA', '99999', '../../Pictures/default.jpg', null);

INSERT INTO Family VALUES ('12897', 42);

INSERT INTO Guardian VALUES ('128971', '1234', 'Guardian2552', '5522guardian', '555-555-5555', 'blah@blah.com', '123 nowhere', null, 'Spokane', 'WA', '99999', '../../Pictures/default.jpg', null);

INSERT INTO AllowedConnections VALUES ('102208', '128980', '128982', 12898, null);

INSERT INTO Child VALUES ('128982', 'Child2209', '2209child', '2006-02-02', null, null, '../../Pictures/default.jpg', null);

INSERT INTO ChildcareTransaction VALUES ('1000002208', 'Regular Childcare', '102208', '2014-11-26', '12:00:00', '14:00:00', 20.50);

INSERT INTO AllowedConnections VALUES ('102209', '128980', '128983', 12898, null);

INSERT INTO Child VALUES ('128983', 'Child2210', '2210child', '2006-02-02', null, null, '../../Pictures/default.jpg', null);

INSERT INTO ChildcareTransaction VALUES ('1000002209', 'Regular Childcare', '102209', '2014-01-13', '12:00:00', '14:00:00', 20.50);

INSERT INTO AllowedConnections VALUES ('102210', '128980', '128984', 12898, null);

INSERT INTO Child VALUES ('128984', 'Child2211', '2211child', '2006-02-02', null, null, '../../Pictures/default.jpg', null);

INSERT INTO ChildcareTransaction VALUES ('1000002210', 'Regular Childcare', '102210', '2014-07-13', '12:00:00', '14:00:00', 20.50);

INSERT INTO AllowedConnections VALUES ('102211', '128980', '128985', 12898, null);

INSERT INTO Child VALUES ('128985', 'Child2212', '2212child', '2006-02-02', null, null, '../../Pictures/default.jpg', null);

INSERT INTO ChildcareTransaction VALUES ('1000002211', 'Regular Childcare', '102211', '2014-01-05', '12:00:00', '14:00:00', 20.50);

INSERT INTO Guardian VALUES ('128980', '1234', 'Guardian553', '553guardian', '555-555-5555', 'blah@blah.com', '123 nowhere', null, 'Spokane', 'WA', '99999', '../../Pictures/default.jpg', null);

INSERT INTO Family VALUES ('12898', 42);

INSERT INTO Guardian VALUES ('128981', '1234', 'Guardian2553', '5532guardian', '555-555-5555', 'blah@blah.com', '123 nowhere', null, 'Spokane', 'WA', '99999', '../../Pictures/default.jpg', null);

INSERT INTO AllowedConnections VALUES ('102212', '128990', '128992', 12899, null);

INSERT INTO Child VALUES ('128992', 'Child2213', '2213child', '2006-02-02', null, null, '../../Pictures/default.jpg', null);

INSERT INTO ChildcareTransaction VALUES ('1000002212', 'Regular Childcare', '102212', '2014-04-25', '12:00:00', '14:00:00', 20.50);

INSERT INTO AllowedConnections VALUES ('102213', '128990', '128993', 12899, null);

INSERT INTO Child VALUES ('128993', 'Child2214', '2214child', '2006-02-02', null, null, '../../Pictures/default.jpg', null);

INSERT INTO ChildcareTransaction VALUES ('1000002213', 'Regular Childcare', '102213', '2014-11-20', '12:00:00', '14:00:00', 20.50);

INSERT INTO AllowedConnections VALUES ('102214', '128990', '128994', 12899, null);

INSERT INTO Child VALUES ('128994', 'Child2215', '2215child', '2006-02-02', null, null, '../../Pictures/default.jpg', null);

INSERT INTO ChildcareTransaction VALUES ('1000002214', 'Regular Childcare', '102214', '2014-02-20', '12:00:00', '14:00:00', 20.50);

INSERT INTO AllowedConnections VALUES ('102215', '128990', '128995', 12899, null);

INSERT INTO Child VALUES ('128995', 'Child2216', '2216child', '2006-02-02', null, null, '../../Pictures/default.jpg', null);

INSERT INTO ChildcareTransaction VALUES ('1000002215', 'Regular Childcare', '102215', '2014-12-27', '12:00:00', '14:00:00', 20.50);

INSERT INTO Guardian VALUES ('128990', '1234', 'Guardian554', '554guardian', '555-555-5555', 'blah@blah.com', '123 nowhere', null, 'Spokane', 'WA', '99999', '../../Pictures/default.jpg', null);

INSERT INTO Family VALUES ('12899', 42);

INSERT INTO Guardian VALUES ('128991', '1234', 'Guardian2554', '5542guardian', '555-555-5555', 'blah@blah.com', '123 nowhere', null, 'Spokane', 'WA', '99999', '../../Pictures/default.jpg', null);

INSERT INTO AllowedConnections VALUES ('102216', '129000', '129002', 12900, null);

INSERT INTO Child VALUES ('129002', 'Child2217', '2217child', '2006-02-02', null, null, '../../Pictures/default.jpg', null);

INSERT INTO ChildcareTransaction VALUES ('1000002216', 'Regular Childcare', '102216', '2014-12-12', '12:00:00', '14:00:00', 20.50);

INSERT INTO AllowedConnections VALUES ('102217', '129000', '129003', 12900, null);

INSERT INTO Child VALUES ('129003', 'Child2218', '2218child', '2006-02-02', null, null, '../../Pictures/default.jpg', null);

INSERT INTO ChildcareTransaction VALUES ('1000002217', 'Regular Childcare', '102217', '2014-09-08', '12:00:00', '14:00:00', 20.50);

INSERT INTO AllowedConnections VALUES ('102218', '129000', '129004', 12900, null);

INSERT INTO Child VALUES ('129004', 'Child2219', '2219child', '2006-02-02', null, null, '../../Pictures/default.jpg', null);

INSERT INTO ChildcareTransaction VALUES ('1000002218', 'Regular Childcare', '102218', '2014-05-20', '12:00:00', '14:00:00', 20.50);

INSERT INTO AllowedConnections VALUES ('102219', '129000', '129005', 12900, null);

INSERT INTO Child VALUES ('129005', 'Child2220', '2220child', '2006-02-02', null, null, '../../Pictures/default.jpg', null);

INSERT INTO ChildcareTransaction VALUES ('1000002219', 'Regular Childcare', '102219', '2014-02-08', '12:00:00', '14:00:00', 20.50);

INSERT INTO Guardian VALUES ('129000', '1234', 'Guardian555', '555guardian', '555-555-5555', 'blah@blah.com', '123 nowhere', null, 'Spokane', 'WA', '99999', '../../Pictures/default.jpg', null);

INSERT INTO Family VALUES ('12900', 42);

INSERT INTO Guardian VALUES ('129001', '1234', 'Guardian2555', '5552guardian', '555-555-5555', 'blah@blah.com', '123 nowhere', null, 'Spokane', 'WA', '99999', '../../Pictures/default.jpg', null);

INSERT INTO AllowedConnections VALUES ('102220', '129010', '129012', 12901, null);

INSERT INTO Child VALUES ('129012', 'Child2221', '2221child', '2006-02-02', null, null, '../../Pictures/default.jpg', null);

INSERT INTO ChildcareTransaction VALUES ('1000002220', 'Regular Childcare', '102220', '2014-12-11', '12:00:00', '14:00:00', 20.50);

INSERT INTO AllowedConnections VALUES ('102221', '129010', '129013', 12901, null);

INSERT INTO Child VALUES ('129013', 'Child2222', '2222child', '2006-02-02', null, null, '../../Pictures/default.jpg', null);

INSERT INTO ChildcareTransaction VALUES ('1000002221', 'Regular Childcare', '102221', '2014-07-03', '12:00:00', '14:00:00', 20.50);

INSERT INTO AllowedConnections VALUES ('102222', '129010', '129014', 12901, null);

INSERT INTO Child VALUES ('129014', 'Child2223', '2223child', '2006-02-02', null, null, '../../Pictures/default.jpg', null);

INSERT INTO ChildcareTransaction VALUES ('1000002222', 'Regular Childcare', '102222', '2014-08-09', '12:00:00', '14:00:00', 20.50);

INSERT INTO AllowedConnections VALUES ('102223', '129010', '129015', 12901, null);

INSERT INTO Child VALUES ('129015', 'Child2224', '2224child', '2006-02-02', null, null, '../../Pictures/default.jpg', null);

INSERT INTO ChildcareTransaction VALUES ('1000002223', 'Regular Childcare', '102223', '2014-05-05', '12:00:00', '14:00:00', 20.50);

INSERT INTO Guardian VALUES ('129010', '1234', 'Guardian556', '556guardian', '555-555-5555', 'blah@blah.com', '123 nowhere', null, 'Spokane', 'WA', '99999', '../../Pictures/default.jpg', null);

INSERT INTO Family VALUES ('12901', 42);

INSERT INTO Guardian VALUES ('129011', '1234', 'Guardian2556', '5562guardian', '555-555-5555', 'blah@blah.com', '123 nowhere', null, 'Spokane', 'WA', '99999', '../../Pictures/default.jpg', null);

INSERT INTO AllowedConnections VALUES ('102224', '129020', '129022', 12902, null);

INSERT INTO Child VALUES ('129022', 'Child2225', '2225child', '2006-02-02', null, null, '../../Pictures/default.jpg', null);

INSERT INTO ChildcareTransaction VALUES ('1000002224', 'Regular Childcare', '102224', '2014-11-06', '12:00:00', '14:00:00', 20.50);

INSERT INTO AllowedConnections VALUES ('102225', '129020', '129023', 12902, null);

INSERT INTO Child VALUES ('129023', 'Child2226', '2226child', '2006-02-02', null, null, '../../Pictures/default.jpg', null);

INSERT INTO ChildcareTransaction VALUES ('1000002225', 'Regular Childcare', '102225', '2014-08-01', '12:00:00', '14:00:00', 20.50);

INSERT INTO AllowedConnections VALUES ('102226', '129020', '129024', 12902, null);

INSERT INTO Child VALUES ('129024', 'Child2227', '2227child', '2006-02-02', null, null, '../../Pictures/default.jpg', null);

INSERT INTO ChildcareTransaction VALUES ('1000002226', 'Regular Childcare', '102226', '2014-01-23', '12:00:00', '14:00:00', 20.50);

INSERT INTO AllowedConnections VALUES ('102227', '129020', '129025', 12902, null);

INSERT INTO Child VALUES ('129025', 'Child2228', '2228child', '2006-02-02', null, null, '../../Pictures/default.jpg', null);

INSERT INTO ChildcareTransaction VALUES ('1000002227', 'Regular Childcare', '102227', '2014-02-23', '12:00:00', '14:00:00', 20.50);

INSERT INTO Guardian VALUES ('129020', '1234', 'Guardian557', '557guardian', '555-555-5555', 'blah@blah.com', '123 nowhere', null, 'Spokane', 'WA', '99999', '../../Pictures/default.jpg', null);

INSERT INTO Family VALUES ('12902', 42);

INSERT INTO Guardian VALUES ('129021', '1234', 'Guardian2557', '5572guardian', '555-555-5555', 'blah@blah.com', '123 nowhere', null, 'Spokane', 'WA', '99999', '../../Pictures/default.jpg', null);

INSERT INTO AllowedConnections VALUES ('102228', '129030', '129032', 12903, null);

INSERT INTO Child VALUES ('129032', 'Child2229', '2229child', '2006-02-02', null, null, '../../Pictures/default.jpg', null);

INSERT INTO ChildcareTransaction VALUES ('1000002228', 'Regular Childcare', '102228', '2014-09-02', '12:00:00', '14:00:00', 20.50);

INSERT INTO AllowedConnections VALUES ('102229', '129030', '129033', 12903, null);

INSERT INTO Child VALUES ('129033', 'Child2230', '2230child', '2006-02-02', null, null, '../../Pictures/default.jpg', null);

INSERT INTO ChildcareTransaction VALUES ('1000002229', 'Regular Childcare', '102229', '2014-02-09', '12:00:00', '14:00:00', 20.50);

INSERT INTO AllowedConnections VALUES ('102230', '129030', '129034', 12903, null);

INSERT INTO Child VALUES ('129034', 'Child2231', '2231child', '2006-02-02', null, null, '../../Pictures/default.jpg', null);

INSERT INTO ChildcareTransaction VALUES ('1000002230', 'Regular Childcare', '102230', '2014-09-10', '12:00:00', '14:00:00', 20.50);

INSERT INTO AllowedConnections VALUES ('102231', '129030', '129035', 12903, null);

INSERT INTO Child VALUES ('129035', 'Child2232', '2232child', '2006-02-02', null, null, '../../Pictures/default.jpg', null);

INSERT INTO ChildcareTransaction VALUES ('1000002231', 'Regular Childcare', '102231', '2014-03-24', '12:00:00', '14:00:00', 20.50);

INSERT INTO Guardian VALUES ('129030', '1234', 'Guardian558', '558guardian', '555-555-5555', 'blah@blah.com', '123 nowhere', null, 'Spokane', 'WA', '99999', '../../Pictures/default.jpg', null);

INSERT INTO Family VALUES ('12903', 42);

INSERT INTO Guardian VALUES ('129031', '1234', 'Guardian2558', '5582guardian', '555-555-5555', 'blah@blah.com', '123 nowhere', null, 'Spokane', 'WA', '99999', '../../Pictures/default.jpg', null);

INSERT INTO AllowedConnections VALUES ('102232', '129040', '129042', 12904, null);

INSERT INTO Child VALUES ('129042', 'Child2233', '2233child', '2006-02-02', null, null, '../../Pictures/default.jpg', null);

INSERT INTO ChildcareTransaction VALUES ('1000002232', 'Regular Childcare', '102232', '2014-04-25', '12:00:00', '14:00:00', 20.50);

INSERT INTO AllowedConnections VALUES ('102233', '129040', '129043', 12904, null);

INSERT INTO Child VALUES ('129043', 'Child2234', '2234child', '2006-02-02', null, null, '../../Pictures/default.jpg', null);

INSERT INTO ChildcareTransaction VALUES ('1000002233', 'Regular Childcare', '102233', '2014-06-19', '12:00:00', '14:00:00', 20.50);

INSERT INTO AllowedConnections VALUES ('102234', '129040', '129044', 12904, null);

INSERT INTO Child VALUES ('129044', 'Child2235', '2235child', '2006-02-02', null, null, '../../Pictures/default.jpg', null);

INSERT INTO ChildcareTransaction VALUES ('1000002234', 'Regular Childcare', '102234', '2014-10-27', '12:00:00', '14:00:00', 20.50);

INSERT INTO AllowedConnections VALUES ('102235', '129040', '129045', 12904, null);

INSERT INTO Child VALUES ('129045', 'Child2236', '2236child', '2006-02-02', null, null, '../../Pictures/default.jpg', null);

INSERT INTO ChildcareTransaction VALUES ('1000002235', 'Regular Childcare', '102235', '2014-07-27', '12:00:00', '14:00:00', 20.50);

INSERT INTO Guardian VALUES ('129040', '1234', 'Guardian559', '559guardian', '555-555-5555', 'blah@blah.com', '123 nowhere', null, 'Spokane', 'WA', '99999', '../../Pictures/default.jpg', null);

INSERT INTO Family VALUES ('12904', 42);

INSERT INTO Guardian VALUES ('129041', '1234', 'Guardian2559', '5592guardian', '555-555-5555', 'blah@blah.com', '123 nowhere', null, 'Spokane', 'WA', '99999', '../../Pictures/default.jpg', null);

INSERT INTO AllowedConnections VALUES ('102236', '129050', '129052', 12905, null);

INSERT INTO Child VALUES ('129052', 'Child2237', '2237child', '2006-02-02', null, null, '../../Pictures/default.jpg', null);

INSERT INTO ChildcareTransaction VALUES ('1000002236', 'Regular Childcare', '102236', '2014-08-04', '12:00:00', '14:00:00', 20.50);

INSERT INTO AllowedConnections VALUES ('102237', '129050', '129053', 12905, null);

INSERT INTO Child VALUES ('129053', 'Child2238', '2238child', '2006-02-02', null, null, '../../Pictures/default.jpg', null);

INSERT INTO ChildcareTransaction VALUES ('1000002237', 'Regular Childcare', '102237', '2014-11-09', '12:00:00', '14:00:00', 20.50);

INSERT INTO AllowedConnections VALUES ('102238', '129050', '129054', 12905, null);

INSERT INTO Child VALUES ('129054', 'Child2239', '2239child', '2006-02-02', null, null, '../../Pictures/default.jpg', null);

INSERT INTO ChildcareTransaction VALUES ('1000002238', 'Regular Childcare', '102238', '2014-07-24', '12:00:00', '14:00:00', 20.50);

INSERT INTO AllowedConnections VALUES ('102239', '129050', '129055', 12905, null);

INSERT INTO Child VALUES ('129055', 'Child2240', '2240child', '2006-02-02', null, null, '../../Pictures/default.jpg', null);

INSERT INTO ChildcareTransaction VALUES ('1000002239', 'Regular Childcare', '102239', '2014-05-13', '12:00:00', '14:00:00', 20.50);

INSERT INTO Guardian VALUES ('129050', '1234', 'Guardian560', '560guardian', '555-555-5555', 'blah@blah.com', '123 nowhere', null, 'Spokane', 'WA', '99999', '../../Pictures/default.jpg', null);

INSERT INTO Family VALUES ('12905', 42);

INSERT INTO Guardian VALUES ('129051', '1234', 'Guardian2560', '5602guardian', '555-555-5555', 'blah@blah.com', '123 nowhere', null, 'Spokane', 'WA', '99999', '../../Pictures/default.jpg', null);

INSERT INTO AllowedConnections VALUES ('102240', '129060', '129062', 12906, null);

INSERT INTO Child VALUES ('129062', 'Child2241', '2241child', '2006-02-02', null, null, '../../Pictures/default.jpg', null);

INSERT INTO ChildcareTransaction VALUES ('1000002240', 'Regular Childcare', '102240', '2014-06-09', '12:00:00', '14:00:00', 20.50);

INSERT INTO AllowedConnections VALUES ('102241', '129060', '129063', 12906, null);

INSERT INTO Child VALUES ('129063', 'Child2242', '2242child', '2006-02-02', null, null, '../../Pictures/default.jpg', null);

INSERT INTO ChildcareTransaction VALUES ('1000002241', 'Regular Childcare', '102241', '2014-10-25', '12:00:00', '14:00:00', 20.50);

INSERT INTO AllowedConnections VALUES ('102242', '129060', '129064', 12906, null);

INSERT INTO Child VALUES ('129064', 'Child2243', '2243child', '2006-02-02', null, null, '../../Pictures/default.jpg', null);

INSERT INTO ChildcareTransaction VALUES ('1000002242', 'Regular Childcare', '102242', '2014-09-22', '12:00:00', '14:00:00', 20.50);

INSERT INTO AllowedConnections VALUES ('102243', '129060', '129065', 12906, null);

INSERT INTO Child VALUES ('129065', 'Child2244', '2244child', '2006-02-02', null, null, '../../Pictures/default.jpg', null);

INSERT INTO ChildcareTransaction VALUES ('1000002243', 'Regular Childcare', '102243', '2014-07-04', '12:00:00', '14:00:00', 20.50);

INSERT INTO Guardian VALUES ('129060', '1234', 'Guardian561', '561guardian', '555-555-5555', 'blah@blah.com', '123 nowhere', null, 'Spokane', 'WA', '99999', '../../Pictures/default.jpg', null);

INSERT INTO Family VALUES ('12906', 42);

INSERT INTO Guardian VALUES ('129061', '1234', 'Guardian2561', '5612guardian', '555-555-5555', 'blah@blah.com', '123 nowhere', null, 'Spokane', 'WA', '99999', '../../Pictures/default.jpg', null);

INSERT INTO AllowedConnections VALUES ('102244', '129070', '129072', 12907, null);

INSERT INTO Child VALUES ('129072', 'Child2245', '2245child', '2006-02-02', null, null, '../../Pictures/default.jpg', null);

INSERT INTO ChildcareTransaction VALUES ('1000002244', 'Regular Childcare', '102244', '2014-11-16', '12:00:00', '14:00:00', 20.50);

INSERT INTO AllowedConnections VALUES ('102245', '129070', '129073', 12907, null);

INSERT INTO Child VALUES ('129073', 'Child2246', '2246child', '2006-02-02', null, null, '../../Pictures/default.jpg', null);

INSERT INTO ChildcareTransaction VALUES ('1000002245', 'Regular Childcare', '102245', '2014-03-17', '12:00:00', '14:00:00', 20.50);

INSERT INTO AllowedConnections VALUES ('102246', '129070', '129074', 12907, null);

INSERT INTO Child VALUES ('129074', 'Child2247', '2247child', '2006-02-02', null, null, '../../Pictures/default.jpg', null);

INSERT INTO ChildcareTransaction VALUES ('1000002246', 'Regular Childcare', '102246', '2014-12-12', '12:00:00', '14:00:00', 20.50);

INSERT INTO AllowedConnections VALUES ('102247', '129070', '129075', 12907, null);

INSERT INTO Child VALUES ('129075', 'Child2248', '2248child', '2006-02-02', null, null, '../../Pictures/default.jpg', null);

INSERT INTO ChildcareTransaction VALUES ('1000002247', 'Regular Childcare', '102247', '2014-09-08', '12:00:00', '14:00:00', 20.50);

INSERT INTO Guardian VALUES ('129070', '1234', 'Guardian562', '562guardian', '555-555-5555', 'blah@blah.com', '123 nowhere', null, 'Spokane', 'WA', '99999', '../../Pictures/default.jpg', null);

INSERT INTO Family VALUES ('12907', 42);

INSERT INTO Guardian VALUES ('129071', '1234', 'Guardian2562', '5622guardian', '555-555-5555', 'blah@blah.com', '123 nowhere', null, 'Spokane', 'WA', '99999', '../../Pictures/default.jpg', null);

INSERT INTO AllowedConnections VALUES ('102248', '129080', '129082', 12908, null);

INSERT INTO Child VALUES ('129082', 'Child2249', '2249child', '2006-02-02', null, null, '../../Pictures/default.jpg', null);

INSERT INTO ChildcareTransaction VALUES ('1000002248', 'Regular Childcare', '102248', '2014-02-14', '12:00:00', '14:00:00', 20.50);

INSERT INTO AllowedConnections VALUES ('102249', '129080', '129083', 12908, null);

INSERT INTO Child VALUES ('129083', 'Child2250', '2250child', '2006-02-02', null, null, '../../Pictures/default.jpg', null);

INSERT INTO ChildcareTransaction VALUES ('1000002249', 'Regular Childcare', '102249', '2014-05-21', '12:00:00', '14:00:00', 20.50);

INSERT INTO AllowedConnections VALUES ('102250', '129080', '129084', 12908, null);

INSERT INTO Child VALUES ('129084', 'Child2251', '2251child', '2006-02-02', null, null, '../../Pictures/default.jpg', null);

INSERT INTO ChildcareTransaction VALUES ('1000002250', 'Regular Childcare', '102250', '2014-03-27', '12:00:00', '14:00:00', 20.50);

INSERT INTO AllowedConnections VALUES ('102251', '129080', '129085', 12908, null);

INSERT INTO Child VALUES ('129085', 'Child2252', '2252child', '2006-02-02', null, null, '../../Pictures/default.jpg', null);

INSERT INTO ChildcareTransaction VALUES ('1000002251', 'Regular Childcare', '102251', '2014-10-19', '12:00:00', '14:00:00', 20.50);

INSERT INTO Guardian VALUES ('129080', '1234', 'Guardian563', '563guardian', '555-555-5555', 'blah@blah.com', '123 nowhere', null, 'Spokane', 'WA', '99999', '../../Pictures/default.jpg', null);

INSERT INTO Family VALUES ('12908', 42);

INSERT INTO Guardian VALUES ('129081', '1234', 'Guardian2563', '5632guardian', '555-555-5555', 'blah@blah.com', '123 nowhere', null, 'Spokane', 'WA', '99999', '../../Pictures/default.jpg', null);

INSERT INTO AllowedConnections VALUES ('102252', '129090', '129092', 12909, null);

INSERT INTO Child VALUES ('129092', 'Child2253', '2253child', '2006-02-02', null, null, '../../Pictures/default.jpg', null);

INSERT INTO ChildcareTransaction VALUES ('1000002252', 'Regular Childcare', '102252', '2014-12-23', '12:00:00', '14:00:00', 20.50);

INSERT INTO AllowedConnections VALUES ('102253', '129090', '129093', 12909, null);

INSERT INTO Child VALUES ('129093', 'Child2254', '2254child', '2006-02-02', null, null, '../../Pictures/default.jpg', null);

INSERT INTO ChildcareTransaction VALUES ('1000002253', 'Regular Childcare', '102253', '2014-06-27', '12:00:00', '14:00:00', 20.50);

INSERT INTO AllowedConnections VALUES ('102254', '129090', '129094', 12909, null);

INSERT INTO Child VALUES ('129094', 'Child2255', '2255child', '2006-02-02', null, null, '../../Pictures/default.jpg', null);

INSERT INTO ChildcareTransaction VALUES ('1000002254', 'Regular Childcare', '102254', '2014-04-21', '12:00:00', '14:00:00', 20.50);

INSERT INTO AllowedConnections VALUES ('102255', '129090', '129095', 12909, null);

INSERT INTO Child VALUES ('129095', 'Child2256', '2256child', '2006-02-02', null, null, '../../Pictures/default.jpg', null);

INSERT INTO ChildcareTransaction VALUES ('1000002255', 'Regular Childcare', '102255', '2014-04-28', '12:00:00', '14:00:00', 20.50);

INSERT INTO Guardian VALUES ('129090', '1234', 'Guardian564', '564guardian', '555-555-5555', 'blah@blah.com', '123 nowhere', null, 'Spokane', 'WA', '99999', '../../Pictures/default.jpg', null);

INSERT INTO Family VALUES ('12909', 42);

INSERT INTO Guardian VALUES ('129091', '1234', 'Guardian2564', '5642guardian', '555-555-5555', 'blah@blah.com', '123 nowhere', null, 'Spokane', 'WA', '99999', '../../Pictures/default.jpg', null);

INSERT INTO AllowedConnections VALUES ('102256', '129100', '129102', 12910, null);

INSERT INTO Child VALUES ('129102', 'Child2257', '2257child', '2006-02-02', null, null, '../../Pictures/default.jpg', null);

INSERT INTO ChildcareTransaction VALUES ('1000002256', 'Regular Childcare', '102256', '2014-11-09', '12:00:00', '14:00:00', 20.50);

INSERT INTO AllowedConnections VALUES ('102257', '129100', '129103', 12910, null);

INSERT INTO Child VALUES ('129103', 'Child2258', '2258child', '2006-02-02', null, null, '../../Pictures/default.jpg', null);

INSERT INTO ChildcareTransaction VALUES ('1000002257', 'Regular Childcare', '102257', '2014-02-11', '12:00:00', '14:00:00', 20.50);

INSERT INTO AllowedConnections VALUES ('102258', '129100', '129104', 12910, null);

INSERT INTO Child VALUES ('129104', 'Child2259', '2259child', '2006-02-02', null, null, '../../Pictures/default.jpg', null);

INSERT INTO ChildcareTransaction VALUES ('1000002258', 'Regular Childcare', '102258', '2014-06-10', '12:00:00', '14:00:00', 20.50);

INSERT INTO AllowedConnections VALUES ('102259', '129100', '129105', 12910, null);

INSERT INTO Child VALUES ('129105', 'Child2260', '2260child', '2006-02-02', null, null, '../../Pictures/default.jpg', null);

INSERT INTO ChildcareTransaction VALUES ('1000002259', 'Regular Childcare', '102259', '2014-06-11', '12:00:00', '14:00:00', 20.50);

INSERT INTO Guardian VALUES ('129100', '1234', 'Guardian565', '565guardian', '555-555-5555', 'blah@blah.com', '123 nowhere', null, 'Spokane', 'WA', '99999', '../../Pictures/default.jpg', null);

INSERT INTO Family VALUES ('12910', 42);

INSERT INTO Guardian VALUES ('129101', '1234', 'Guardian2565', '5652guardian', '555-555-5555', 'blah@blah.com', '123 nowhere', null, 'Spokane', 'WA', '99999', '../../Pictures/default.jpg', null);

INSERT INTO AllowedConnections VALUES ('102260', '129110', '129112', 12911, null);

INSERT INTO Child VALUES ('129112', 'Child2261', '2261child', '2006-02-02', null, null, '../../Pictures/default.jpg', null);

INSERT INTO ChildcareTransaction VALUES ('1000002260', 'Regular Childcare', '102260', '2014-04-06', '12:00:00', '14:00:00', 20.50);

INSERT INTO AllowedConnections VALUES ('102261', '129110', '129113', 12911, null);

INSERT INTO Child VALUES ('129113', 'Child2262', '2262child', '2006-02-02', null, null, '../../Pictures/default.jpg', null);

INSERT INTO ChildcareTransaction VALUES ('1000002261', 'Regular Childcare', '102261', '2014-01-25', '12:00:00', '14:00:00', 20.50);

INSERT INTO AllowedConnections VALUES ('102262', '129110', '129114', 12911, null);

INSERT INTO Child VALUES ('129114', 'Child2263', '2263child', '2006-02-02', null, null, '../../Pictures/default.jpg', null);

INSERT INTO ChildcareTransaction VALUES ('1000002262', 'Regular Childcare', '102262', '2014-02-08', '12:00:00', '14:00:00', 20.50);

INSERT INTO AllowedConnections VALUES ('102263', '129110', '129115', 12911, null);

INSERT INTO Child VALUES ('129115', 'Child2264', '2264child', '2006-02-02', null, null, '../../Pictures/default.jpg', null);

INSERT INTO ChildcareTransaction VALUES ('1000002263', 'Regular Childcare', '102263', '2014-10-08', '12:00:00', '14:00:00', 20.50);

INSERT INTO Guardian VALUES ('129110', '1234', 'Guardian566', '566guardian', '555-555-5555', 'blah@blah.com', '123 nowhere', null, 'Spokane', 'WA', '99999', '../../Pictures/default.jpg', null);

INSERT INTO Family VALUES ('12911', 42);

INSERT INTO Guardian VALUES ('129111', '1234', 'Guardian2566', '5662guardian', '555-555-5555', 'blah@blah.com', '123 nowhere', null, 'Spokane', 'WA', '99999', '../../Pictures/default.jpg', null);

INSERT INTO AllowedConnections VALUES ('102264', '129120', '129122', 12912, null);

INSERT INTO Child VALUES ('129122', 'Child2265', '2265child', '2006-02-02', null, null, '../../Pictures/default.jpg', null);

INSERT INTO ChildcareTransaction VALUES ('1000002264', 'Regular Childcare', '102264', '2014-01-25', '12:00:00', '14:00:00', 20.50);

INSERT INTO AllowedConnections VALUES ('102265', '129120', '129123', 12912, null);

INSERT INTO Child VALUES ('129123', 'Child2266', '2266child', '2006-02-02', null, null, '../../Pictures/default.jpg', null);

INSERT INTO ChildcareTransaction VALUES ('1000002265', 'Regular Childcare', '102265', '2014-01-06', '12:00:00', '14:00:00', 20.50);

INSERT INTO AllowedConnections VALUES ('102266', '129120', '129124', 12912, null);

INSERT INTO Child VALUES ('129124', 'Child2267', '2267child', '2006-02-02', null, null, '../../Pictures/default.jpg', null);

INSERT INTO ChildcareTransaction VALUES ('1000002266', 'Regular Childcare', '102266', '2014-04-09', '12:00:00', '14:00:00', 20.50);

INSERT INTO AllowedConnections VALUES ('102267', '129120', '129125', 12912, null);

INSERT INTO Child VALUES ('129125', 'Child2268', '2268child', '2006-02-02', null, null, '../../Pictures/default.jpg', null);

INSERT INTO ChildcareTransaction VALUES ('1000002267', 'Regular Childcare', '102267', '2014-09-16', '12:00:00', '14:00:00', 20.50);

INSERT INTO Guardian VALUES ('129120', '1234', 'Guardian567', '567guardian', '555-555-5555', 'blah@blah.com', '123 nowhere', null, 'Spokane', 'WA', '99999', '../../Pictures/default.jpg', null);

INSERT INTO Family VALUES ('12912', 42);

INSERT INTO Guardian VALUES ('129121', '1234', 'Guardian2567', '5672guardian', '555-555-5555', 'blah@blah.com', '123 nowhere', null, 'Spokane', 'WA', '99999', '../../Pictures/default.jpg', null);

INSERT INTO AllowedConnections VALUES ('102268', '129130', '129132', 12913, null);

INSERT INTO Child VALUES ('129132', 'Child2269', '2269child', '2006-02-02', null, null, '../../Pictures/default.jpg', null);

INSERT INTO ChildcareTransaction VALUES ('1000002268', 'Regular Childcare', '102268', '2014-03-16', '12:00:00', '14:00:00', 20.50);

INSERT INTO AllowedConnections VALUES ('102269', '129130', '129133', 12913, null);

INSERT INTO Child VALUES ('129133', 'Child2270', '2270child', '2006-02-02', null, null, '../../Pictures/default.jpg', null);

INSERT INTO ChildcareTransaction VALUES ('1000002269', 'Regular Childcare', '102269', '2014-03-12', '12:00:00', '14:00:00', 20.50);

INSERT INTO AllowedConnections VALUES ('102270', '129130', '129134', 12913, null);

INSERT INTO Child VALUES ('129134', 'Child2271', '2271child', '2006-02-02', null, null, '../../Pictures/default.jpg', null);

INSERT INTO ChildcareTransaction VALUES ('1000002270', 'Regular Childcare', '102270', '2014-03-12', '12:00:00', '14:00:00', 20.50);

INSERT INTO AllowedConnections VALUES ('102271', '129130', '129135', 12913, null);

INSERT INTO Child VALUES ('129135', 'Child2272', '2272child', '2006-02-02', null, null, '../../Pictures/default.jpg', null);

INSERT INTO ChildcareTransaction VALUES ('1000002271', 'Regular Childcare', '102271', '2014-12-24', '12:00:00', '14:00:00', 20.50);

INSERT INTO Guardian VALUES ('129130', '1234', 'Guardian568', '568guardian', '555-555-5555', 'blah@blah.com', '123 nowhere', null, 'Spokane', 'WA', '99999', '../../Pictures/default.jpg', null);

INSERT INTO Family VALUES ('12913', 42);

INSERT INTO Guardian VALUES ('129131', '1234', 'Guardian2568', '5682guardian', '555-555-5555', 'blah@blah.com', '123 nowhere', null, 'Spokane', 'WA', '99999', '../../Pictures/default.jpg', null);

INSERT INTO AllowedConnections VALUES ('102272', '129140', '129142', 12914, null);

INSERT INTO Child VALUES ('129142', 'Child2273', '2273child', '2006-02-02', null, null, '../../Pictures/default.jpg', null);

INSERT INTO ChildcareTransaction VALUES ('1000002272', 'Regular Childcare', '102272', '2014-08-13', '12:00:00', '14:00:00', 20.50);

INSERT INTO AllowedConnections VALUES ('102273', '129140', '129143', 12914, null);

INSERT INTO Child VALUES ('129143', 'Child2274', '2274child', '2006-02-02', null, null, '../../Pictures/default.jpg', null);

INSERT INTO ChildcareTransaction VALUES ('1000002273', 'Regular Childcare', '102273', '2014-11-12', '12:00:00', '14:00:00', 20.50);

INSERT INTO AllowedConnections VALUES ('102274', '129140', '129144', 12914, null);

INSERT INTO Child VALUES ('129144', 'Child2275', '2275child', '2006-02-02', null, null, '../../Pictures/default.jpg', null);

INSERT INTO ChildcareTransaction VALUES ('1000002274', 'Regular Childcare', '102274', '2014-11-05', '12:00:00', '14:00:00', 20.50);

INSERT INTO AllowedConnections VALUES ('102275', '129140', '129145', 12914, null);

INSERT INTO Child VALUES ('129145', 'Child2276', '2276child', '2006-02-02', null, null, '../../Pictures/default.jpg', null);

INSERT INTO ChildcareTransaction VALUES ('1000002275', 'Regular Childcare', '102275', '2014-06-19', '12:00:00', '14:00:00', 20.50);

INSERT INTO Guardian VALUES ('129140', '1234', 'Guardian569', '569guardian', '555-555-5555', 'blah@blah.com', '123 nowhere', null, 'Spokane', 'WA', '99999', '../../Pictures/default.jpg', null);

INSERT INTO Family VALUES ('12914', 42);

INSERT INTO Guardian VALUES ('129141', '1234', 'Guardian2569', '5692guardian', '555-555-5555', 'blah@blah.com', '123 nowhere', null, 'Spokane', 'WA', '99999', '../../Pictures/default.jpg', null);

INSERT INTO AllowedConnections VALUES ('102276', '129150', '129152', 12915, null);

INSERT INTO Child VALUES ('129152', 'Child2277', '2277child', '2006-02-02', null, null, '../../Pictures/default.jpg', null);

INSERT INTO ChildcareTransaction VALUES ('1000002276', 'Regular Childcare', '102276', '2014-08-24', '12:00:00', '14:00:00', 20.50);

INSERT INTO AllowedConnections VALUES ('102277', '129150', '129153', 12915, null);

INSERT INTO Child VALUES ('129153', 'Child2278', '2278child', '2006-02-02', null, null, '../../Pictures/default.jpg', null);

INSERT INTO ChildcareTransaction VALUES ('1000002277', 'Regular Childcare', '102277', '2014-07-17', '12:00:00', '14:00:00', 20.50);

INSERT INTO AllowedConnections VALUES ('102278', '129150', '129154', 12915, null);

INSERT INTO Child VALUES ('129154', 'Child2279', '2279child', '2006-02-02', null, null, '../../Pictures/default.jpg', null);

INSERT INTO ChildcareTransaction VALUES ('1000002278', 'Regular Childcare', '102278', '2014-01-13', '12:00:00', '14:00:00', 20.50);

INSERT INTO AllowedConnections VALUES ('102279', '129150', '129155', 12915, null);

INSERT INTO Child VALUES ('129155', 'Child2280', '2280child', '2006-02-02', null, null, '../../Pictures/default.jpg', null);

INSERT INTO ChildcareTransaction VALUES ('1000002279', 'Regular Childcare', '102279', '2014-03-07', '12:00:00', '14:00:00', 20.50);

INSERT INTO Guardian VALUES ('129150', '1234', 'Guardian570', '570guardian', '555-555-5555', 'blah@blah.com', '123 nowhere', null, 'Spokane', 'WA', '99999', '../../Pictures/default.jpg', null);

INSERT INTO Family VALUES ('12915', 42);

INSERT INTO Guardian VALUES ('129151', '1234', 'Guardian2570', '5702guardian', '555-555-5555', 'blah@blah.com', '123 nowhere', null, 'Spokane', 'WA', '99999', '../../Pictures/default.jpg', null);

INSERT INTO AllowedConnections VALUES ('102280', '129160', '129162', 12916, null);

INSERT INTO Child VALUES ('129162', 'Child2281', '2281child', '2006-02-02', null, null, '../../Pictures/default.jpg', null);

INSERT INTO ChildcareTransaction VALUES ('1000002280', 'Regular Childcare', '102280', '2014-10-23', '12:00:00', '14:00:00', 20.50);

INSERT INTO AllowedConnections VALUES ('102281', '129160', '129163', 12916, null);

INSERT INTO Child VALUES ('129163', 'Child2282', '2282child', '2006-02-02', null, null, '../../Pictures/default.jpg', null);

INSERT INTO ChildcareTransaction VALUES ('1000002281', 'Regular Childcare', '102281', '2014-05-05', '12:00:00', '14:00:00', 20.50);

INSERT INTO AllowedConnections VALUES ('102282', '129160', '129164', 12916, null);

INSERT INTO Child VALUES ('129164', 'Child2283', '2283child', '2006-02-02', null, null, '../../Pictures/default.jpg', null);

INSERT INTO ChildcareTransaction VALUES ('1000002282', 'Regular Childcare', '102282', '2014-06-23', '12:00:00', '14:00:00', 20.50);

INSERT INTO AllowedConnections VALUES ('102283', '129160', '129165', 12916, null);

INSERT INTO Child VALUES ('129165', 'Child2284', '2284child', '2006-02-02', null, null, '../../Pictures/default.jpg', null);

INSERT INTO ChildcareTransaction VALUES ('1000002283', 'Regular Childcare', '102283', '2014-11-20', '12:00:00', '14:00:00', 20.50);

INSERT INTO Guardian VALUES ('129160', '1234', 'Guardian571', '571guardian', '555-555-5555', 'blah@blah.com', '123 nowhere', null, 'Spokane', 'WA', '99999', '../../Pictures/default.jpg', null);

INSERT INTO Family VALUES ('12916', 42);

INSERT INTO Guardian VALUES ('129161', '1234', 'Guardian2571', '5712guardian', '555-555-5555', 'blah@blah.com', '123 nowhere', null, 'Spokane', 'WA', '99999', '../../Pictures/default.jpg', null);

INSERT INTO AllowedConnections VALUES ('102284', '129170', '129172', 12917, null);

INSERT INTO Child VALUES ('129172', 'Child2285', '2285child', '2006-02-02', null, null, '../../Pictures/default.jpg', null);

INSERT INTO ChildcareTransaction VALUES ('1000002284', 'Regular Childcare', '102284', '2014-11-04', '12:00:00', '14:00:00', 20.50);

INSERT INTO AllowedConnections VALUES ('102285', '129170', '129173', 12917, null);

INSERT INTO Child VALUES ('129173', 'Child2286', '2286child', '2006-02-02', null, null, '../../Pictures/default.jpg', null);

INSERT INTO ChildcareTransaction VALUES ('1000002285', 'Regular Childcare', '102285', '2014-09-20', '12:00:00', '14:00:00', 20.50);

INSERT INTO AllowedConnections VALUES ('102286', '129170', '129174', 12917, null);

INSERT INTO Child VALUES ('129174', 'Child2287', '2287child', '2006-02-02', null, null, '../../Pictures/default.jpg', null);

INSERT INTO ChildcareTransaction VALUES ('1000002286', 'Regular Childcare', '102286', '2014-01-07', '12:00:00', '14:00:00', 20.50);

INSERT INTO AllowedConnections VALUES ('102287', '129170', '129175', 12917, null);

INSERT INTO Child VALUES ('129175', 'Child2288', '2288child', '2006-02-02', null, null, '../../Pictures/default.jpg', null);

INSERT INTO ChildcareTransaction VALUES ('1000002287', 'Regular Childcare', '102287', '2014-10-09', '12:00:00', '14:00:00', 20.50);

INSERT INTO Guardian VALUES ('129170', '1234', 'Guardian572', '572guardian', '555-555-5555', 'blah@blah.com', '123 nowhere', null, 'Spokane', 'WA', '99999', '../../Pictures/default.jpg', null);

INSERT INTO Family VALUES ('12917', 42);

INSERT INTO Guardian VALUES ('129171', '1234', 'Guardian2572', '5722guardian', '555-555-5555', 'blah@blah.com', '123 nowhere', null, 'Spokane', 'WA', '99999', '../../Pictures/default.jpg', null);

INSERT INTO AllowedConnections VALUES ('102288', '129180', '129182', 12918, null);

INSERT INTO Child VALUES ('129182', 'Child2289', '2289child', '2006-02-02', null, null, '../../Pictures/default.jpg', null);

INSERT INTO ChildcareTransaction VALUES ('1000002288', 'Regular Childcare', '102288', '2014-06-24', '12:00:00', '14:00:00', 20.50);

INSERT INTO AllowedConnections VALUES ('102289', '129180', '129183', 12918, null);

INSERT INTO Child VALUES ('129183', 'Child2290', '2290child', '2006-02-02', null, null, '../../Pictures/default.jpg', null);

INSERT INTO ChildcareTransaction VALUES ('1000002289', 'Regular Childcare', '102289', '2014-05-01', '12:00:00', '14:00:00', 20.50);

INSERT INTO AllowedConnections VALUES ('102290', '129180', '129184', 12918, null);

INSERT INTO Child VALUES ('129184', 'Child2291', '2291child', '2006-02-02', null, null, '../../Pictures/default.jpg', null);

INSERT INTO ChildcareTransaction VALUES ('1000002290', 'Regular Childcare', '102290', '2014-08-12', '12:00:00', '14:00:00', 20.50);

INSERT INTO AllowedConnections VALUES ('102291', '129180', '129185', 12918, null);

INSERT INTO Child VALUES ('129185', 'Child2292', '2292child', '2006-02-02', null, null, '../../Pictures/default.jpg', null);

INSERT INTO ChildcareTransaction VALUES ('1000002291', 'Regular Childcare', '102291', '2014-02-20', '12:00:00', '14:00:00', 20.50);

INSERT INTO Guardian VALUES ('129180', '1234', 'Guardian573', '573guardian', '555-555-5555', 'blah@blah.com', '123 nowhere', null, 'Spokane', 'WA', '99999', '../../Pictures/default.jpg', null);

INSERT INTO Family VALUES ('12918', 42);

INSERT INTO Guardian VALUES ('129181', '1234', 'Guardian2573', '5732guardian', '555-555-5555', 'blah@blah.com', '123 nowhere', null, 'Spokane', 'WA', '99999', '../../Pictures/default.jpg', null);

INSERT INTO AllowedConnections VALUES ('102292', '129190', '129192', 12919, null);

INSERT INTO Child VALUES ('129192', 'Child2293', '2293child', '2006-02-02', null, null, '../../Pictures/default.jpg', null);

INSERT INTO ChildcareTransaction VALUES ('1000002292', 'Regular Childcare', '102292', '2014-03-04', '12:00:00', '14:00:00', 20.50);

INSERT INTO AllowedConnections VALUES ('102293', '129190', '129193', 12919, null);

INSERT INTO Child VALUES ('129193', 'Child2294', '2294child', '2006-02-02', null, null, '../../Pictures/default.jpg', null);

INSERT INTO ChildcareTransaction VALUES ('1000002293', 'Regular Childcare', '102293', '2014-04-05', '12:00:00', '14:00:00', 20.50);

INSERT INTO AllowedConnections VALUES ('102294', '129190', '129194', 12919, null);

INSERT INTO Child VALUES ('129194', 'Child2295', '2295child', '2006-02-02', null, null, '../../Pictures/default.jpg', null);

INSERT INTO ChildcareTransaction VALUES ('1000002294', 'Regular Childcare', '102294', '2014-11-28', '12:00:00', '14:00:00', 20.50);

INSERT INTO AllowedConnections VALUES ('102295', '129190', '129195', 12919, null);

INSERT INTO Child VALUES ('129195', 'Child2296', '2296child', '2006-02-02', null, null, '../../Pictures/default.jpg', null);

INSERT INTO ChildcareTransaction VALUES ('1000002295', 'Regular Childcare', '102295', '2014-10-28', '12:00:00', '14:00:00', 20.50);

INSERT INTO Guardian VALUES ('129190', '1234', 'Guardian574', '574guardian', '555-555-5555', 'blah@blah.com', '123 nowhere', null, 'Spokane', 'WA', '99999', '../../Pictures/default.jpg', null);

INSERT INTO Family VALUES ('12919', 42);

INSERT INTO Guardian VALUES ('129191', '1234', 'Guardian2574', '5742guardian', '555-555-5555', 'blah@blah.com', '123 nowhere', null, 'Spokane', 'WA', '99999', '../../Pictures/default.jpg', null);

INSERT INTO AllowedConnections VALUES ('102296', '129200', '129202', 12920, null);

INSERT INTO Child VALUES ('129202', 'Child2297', '2297child', '2006-02-02', null, null, '../../Pictures/default.jpg', null);

INSERT INTO ChildcareTransaction VALUES ('1000002296', 'Regular Childcare', '102296', '2014-01-23', '12:00:00', '14:00:00', 20.50);

INSERT INTO AllowedConnections VALUES ('102297', '129200', '129203', 12920, null);

INSERT INTO Child VALUES ('129203', 'Child2298', '2298child', '2006-02-02', null, null, '../../Pictures/default.jpg', null);

INSERT INTO ChildcareTransaction VALUES ('1000002297', 'Regular Childcare', '102297', '2014-03-19', '12:00:00', '14:00:00', 20.50);

INSERT INTO AllowedConnections VALUES ('102298', '129200', '129204', 12920, null);

INSERT INTO Child VALUES ('129204', 'Child2299', '2299child', '2006-02-02', null, null, '../../Pictures/default.jpg', null);

INSERT INTO ChildcareTransaction VALUES ('1000002298', 'Regular Childcare', '102298', '2014-03-04', '12:00:00', '14:00:00', 20.50);

INSERT INTO AllowedConnections VALUES ('102299', '129200', '129205', 12920, null);

INSERT INTO Child VALUES ('129205', 'Child2300', '2300child', '2006-02-02', null, null, '../../Pictures/default.jpg', null);

INSERT INTO ChildcareTransaction VALUES ('1000002299', 'Regular Childcare', '102299', '2014-04-01', '12:00:00', '14:00:00', 20.50);

INSERT INTO Guardian VALUES ('129200', '1234', 'Guardian575', '575guardian', '555-555-5555', 'blah@blah.com', '123 nowhere', null, 'Spokane', 'WA', '99999', '../../Pictures/default.jpg', null);

INSERT INTO Family VALUES ('12920', 42);

INSERT INTO Guardian VALUES ('129201', '1234', 'Guardian2575', '5752guardian', '555-555-5555', 'blah@blah.com', '123 nowhere', null, 'Spokane', 'WA', '99999', '../../Pictures/default.jpg', null);

INSERT INTO AllowedConnections VALUES ('102300', '129210', '129212', 12921, null);

INSERT INTO Child VALUES ('129212', 'Child2301', '2301child', '2006-02-02', null, null, '../../Pictures/default.jpg', null);

INSERT INTO ChildcareTransaction VALUES ('1000002300', 'Regular Childcare', '102300', '2014-11-26', '12:00:00', '14:00:00', 20.50);

INSERT INTO AllowedConnections VALUES ('102301', '129210', '129213', 12921, null);

INSERT INTO Child VALUES ('129213', 'Child2302', '2302child', '2006-02-02', null, null, '../../Pictures/default.jpg', null);

INSERT INTO ChildcareTransaction VALUES ('1000002301', 'Regular Childcare', '102301', '2014-04-14', '12:00:00', '14:00:00', 20.50);

INSERT INTO AllowedConnections VALUES ('102302', '129210', '129214', 12921, null);

INSERT INTO Child VALUES ('129214', 'Child2303', '2303child', '2006-02-02', null, null, '../../Pictures/default.jpg', null);

INSERT INTO ChildcareTransaction VALUES ('1000002302', 'Regular Childcare', '102302', '2014-12-07', '12:00:00', '14:00:00', 20.50);

INSERT INTO AllowedConnections VALUES ('102303', '129210', '129215', 12921, null);

INSERT INTO Child VALUES ('129215', 'Child2304', '2304child', '2006-02-02', null, null, '../../Pictures/default.jpg', null);

INSERT INTO ChildcareTransaction VALUES ('1000002303', 'Regular Childcare', '102303', '2014-11-22', '12:00:00', '14:00:00', 20.50);

INSERT INTO Guardian VALUES ('129210', '1234', 'Guardian576', '576guardian', '555-555-5555', 'blah@blah.com', '123 nowhere', null, 'Spokane', 'WA', '99999', '../../Pictures/default.jpg', null);

INSERT INTO Family VALUES ('12921', 42);

INSERT INTO Guardian VALUES ('129211', '1234', 'Guardian2576', '5762guardian', '555-555-5555', 'blah@blah.com', '123 nowhere', null, 'Spokane', 'WA', '99999', '../../Pictures/default.jpg', null);

INSERT INTO AllowedConnections VALUES ('102304', '129220', '129222', 12922, null);

INSERT INTO Child VALUES ('129222', 'Child2305', '2305child', '2006-02-02', null, null, '../../Pictures/default.jpg', null);

INSERT INTO ChildcareTransaction VALUES ('1000002304', 'Regular Childcare', '102304', '2014-08-11', '12:00:00', '14:00:00', 20.50);

INSERT INTO AllowedConnections VALUES ('102305', '129220', '129223', 12922, null);

INSERT INTO Child VALUES ('129223', 'Child2306', '2306child', '2006-02-02', null, null, '../../Pictures/default.jpg', null);

INSERT INTO ChildcareTransaction VALUES ('1000002305', 'Regular Childcare', '102305', '2014-09-09', '12:00:00', '14:00:00', 20.50);

INSERT INTO AllowedConnections VALUES ('102306', '129220', '129224', 12922, null);

INSERT INTO Child VALUES ('129224', 'Child2307', '2307child', '2006-02-02', null, null, '../../Pictures/default.jpg', null);

INSERT INTO ChildcareTransaction VALUES ('1000002306', 'Regular Childcare', '102306', '2014-10-11', '12:00:00', '14:00:00', 20.50);

INSERT INTO AllowedConnections VALUES ('102307', '129220', '129225', 12922, null);

INSERT INTO Child VALUES ('129225', 'Child2308', '2308child', '2006-02-02', null, null, '../../Pictures/default.jpg', null);

INSERT INTO ChildcareTransaction VALUES ('1000002307', 'Regular Childcare', '102307', '2014-05-23', '12:00:00', '14:00:00', 20.50);

INSERT INTO Guardian VALUES ('129220', '1234', 'Guardian577', '577guardian', '555-555-5555', 'blah@blah.com', '123 nowhere', null, 'Spokane', 'WA', '99999', '../../Pictures/default.jpg', null);

INSERT INTO Family VALUES ('12922', 42);

INSERT INTO Guardian VALUES ('129221', '1234', 'Guardian2577', '5772guardian', '555-555-5555', 'blah@blah.com', '123 nowhere', null, 'Spokane', 'WA', '99999', '../../Pictures/default.jpg', null);

INSERT INTO AllowedConnections VALUES ('102308', '129230', '129232', 12923, null);

INSERT INTO Child VALUES ('129232', 'Child2309', '2309child', '2006-02-02', null, null, '../../Pictures/default.jpg', null);

INSERT INTO ChildcareTransaction VALUES ('1000002308', 'Regular Childcare', '102308', '2014-02-18', '12:00:00', '14:00:00', 20.50);

INSERT INTO AllowedConnections VALUES ('102309', '129230', '129233', 12923, null);

INSERT INTO Child VALUES ('129233', 'Child2310', '2310child', '2006-02-02', null, null, '../../Pictures/default.jpg', null);

INSERT INTO ChildcareTransaction VALUES ('1000002309', 'Regular Childcare', '102309', '2014-05-09', '12:00:00', '14:00:00', 20.50);

INSERT INTO AllowedConnections VALUES ('102310', '129230', '129234', 12923, null);

INSERT INTO Child VALUES ('129234', 'Child2311', '2311child', '2006-02-02', null, null, '../../Pictures/default.jpg', null);

INSERT INTO ChildcareTransaction VALUES ('1000002310', 'Regular Childcare', '102310', '2014-07-18', '12:00:00', '14:00:00', 20.50);

INSERT INTO AllowedConnections VALUES ('102311', '129230', '129235', 12923, null);

INSERT INTO Child VALUES ('129235', 'Child2312', '2312child', '2006-02-02', null, null, '../../Pictures/default.jpg', null);

INSERT INTO ChildcareTransaction VALUES ('1000002311', 'Regular Childcare', '102311', '2014-03-06', '12:00:00', '14:00:00', 20.50);

INSERT INTO Guardian VALUES ('129230', '1234', 'Guardian578', '578guardian', '555-555-5555', 'blah@blah.com', '123 nowhere', null, 'Spokane', 'WA', '99999', '../../Pictures/default.jpg', null);

INSERT INTO Family VALUES ('12923', 42);

INSERT INTO Guardian VALUES ('129231', '1234', 'Guardian2578', '5782guardian', '555-555-5555', 'blah@blah.com', '123 nowhere', null, 'Spokane', 'WA', '99999', '../../Pictures/default.jpg', null);

INSERT INTO AllowedConnections VALUES ('102312', '129240', '129242', 12924, null);

INSERT INTO Child VALUES ('129242', 'Child2313', '2313child', '2006-02-02', null, null, '../../Pictures/default.jpg', null);

INSERT INTO ChildcareTransaction VALUES ('1000002312', 'Regular Childcare', '102312', '2014-12-13', '12:00:00', '14:00:00', 20.50);

INSERT INTO AllowedConnections VALUES ('102313', '129240', '129243', 12924, null);

INSERT INTO Child VALUES ('129243', 'Child2314', '2314child', '2006-02-02', null, null, '../../Pictures/default.jpg', null);

INSERT INTO ChildcareTransaction VALUES ('1000002313', 'Regular Childcare', '102313', '2014-08-19', '12:00:00', '14:00:00', 20.50);

INSERT INTO AllowedConnections VALUES ('102314', '129240', '129244', 12924, null);

INSERT INTO Child VALUES ('129244', 'Child2315', '2315child', '2006-02-02', null, null, '../../Pictures/default.jpg', null);

INSERT INTO ChildcareTransaction VALUES ('1000002314', 'Regular Childcare', '102314', '2014-12-18', '12:00:00', '14:00:00', 20.50);

INSERT INTO AllowedConnections VALUES ('102315', '129240', '129245', 12924, null);

INSERT INTO Child VALUES ('129245', 'Child2316', '2316child', '2006-02-02', null, null, '../../Pictures/default.jpg', null);

INSERT INTO ChildcareTransaction VALUES ('1000002315', 'Regular Childcare', '102315', '2014-05-14', '12:00:00', '14:00:00', 20.50);

INSERT INTO Guardian VALUES ('129240', '1234', 'Guardian579', '579guardian', '555-555-5555', 'blah@blah.com', '123 nowhere', null, 'Spokane', 'WA', '99999', '../../Pictures/default.jpg', null);

INSERT INTO Family VALUES ('12924', 42);

INSERT INTO Guardian VALUES ('129241', '1234', 'Guardian2579', '5792guardian', '555-555-5555', 'blah@blah.com', '123 nowhere', null, 'Spokane', 'WA', '99999', '../../Pictures/default.jpg', null);

INSERT INTO AllowedConnections VALUES ('102316', '129250', '129252', 12925, null);

INSERT INTO Child VALUES ('129252', 'Child2317', '2317child', '2006-02-02', null, null, '../../Pictures/default.jpg', null);

INSERT INTO ChildcareTransaction VALUES ('1000002316', 'Regular Childcare', '102316', '2014-01-14', '12:00:00', '14:00:00', 20.50);

INSERT INTO AllowedConnections VALUES ('102317', '129250', '129253', 12925, null);

INSERT INTO Child VALUES ('129253', 'Child2318', '2318child', '2006-02-02', null, null, '../../Pictures/default.jpg', null);

INSERT INTO ChildcareTransaction VALUES ('1000002317', 'Regular Childcare', '102317', '2014-12-13', '12:00:00', '14:00:00', 20.50);

INSERT INTO AllowedConnections VALUES ('102318', '129250', '129254', 12925, null);

INSERT INTO Child VALUES ('129254', 'Child2319', '2319child', '2006-02-02', null, null, '../../Pictures/default.jpg', null);

INSERT INTO ChildcareTransaction VALUES ('1000002318', 'Regular Childcare', '102318', '2014-12-19', '12:00:00', '14:00:00', 20.50);

INSERT INTO AllowedConnections VALUES ('102319', '129250', '129255', 12925, null);

INSERT INTO Child VALUES ('129255', 'Child2320', '2320child', '2006-02-02', null, null, '../../Pictures/default.jpg', null);

INSERT INTO ChildcareTransaction VALUES ('1000002319', 'Regular Childcare', '102319', '2014-04-10', '12:00:00', '14:00:00', 20.50);

INSERT INTO Guardian VALUES ('129250', '1234', 'Guardian580', '580guardian', '555-555-5555', 'blah@blah.com', '123 nowhere', null, 'Spokane', 'WA', '99999', '../../Pictures/default.jpg', null);

INSERT INTO Family VALUES ('12925', 42);

INSERT INTO Guardian VALUES ('129251', '1234', 'Guardian2580', '5802guardian', '555-555-5555', 'blah@blah.com', '123 nowhere', null, 'Spokane', 'WA', '99999', '../../Pictures/default.jpg', null);

INSERT INTO AllowedConnections VALUES ('102320', '129260', '129262', 12926, null);

INSERT INTO Child VALUES ('129262', 'Child2321', '2321child', '2006-02-02', null, null, '../../Pictures/default.jpg', null);

INSERT INTO ChildcareTransaction VALUES ('1000002320', 'Regular Childcare', '102320', '2014-05-18', '12:00:00', '14:00:00', 20.50);

INSERT INTO AllowedConnections VALUES ('102321', '129260', '129263', 12926, null);

INSERT INTO Child VALUES ('129263', 'Child2322', '2322child', '2006-02-02', null, null, '../../Pictures/default.jpg', null);

INSERT INTO ChildcareTransaction VALUES ('1000002321', 'Regular Childcare', '102321', '2014-12-22', '12:00:00', '14:00:00', 20.50);

INSERT INTO AllowedConnections VALUES ('102322', '129260', '129264', 12926, null);

INSERT INTO Child VALUES ('129264', 'Child2323', '2323child', '2006-02-02', null, null, '../../Pictures/default.jpg', null);

INSERT INTO ChildcareTransaction VALUES ('1000002322', 'Regular Childcare', '102322', '2014-09-28', '12:00:00', '14:00:00', 20.50);

INSERT INTO AllowedConnections VALUES ('102323', '129260', '129265', 12926, null);

INSERT INTO Child VALUES ('129265', 'Child2324', '2324child', '2006-02-02', null, null, '../../Pictures/default.jpg', null);

INSERT INTO ChildcareTransaction VALUES ('1000002323', 'Regular Childcare', '102323', '2014-08-15', '12:00:00', '14:00:00', 20.50);

INSERT INTO Guardian VALUES ('129260', '1234', 'Guardian581', '581guardian', '555-555-5555', 'blah@blah.com', '123 nowhere', null, 'Spokane', 'WA', '99999', '../../Pictures/default.jpg', null);

INSERT INTO Family VALUES ('12926', 42);

INSERT INTO Guardian VALUES ('129261', '1234', 'Guardian2581', '5812guardian', '555-555-5555', 'blah@blah.com', '123 nowhere', null, 'Spokane', 'WA', '99999', '../../Pictures/default.jpg', null);

INSERT INTO AllowedConnections VALUES ('102324', '129270', '129272', 12927, null);

INSERT INTO Child VALUES ('129272', 'Child2325', '2325child', '2006-02-02', null, null, '../../Pictures/default.jpg', null);

INSERT INTO ChildcareTransaction VALUES ('1000002324', 'Regular Childcare', '102324', '2014-09-22', '12:00:00', '14:00:00', 20.50);

INSERT INTO AllowedConnections VALUES ('102325', '129270', '129273', 12927, null);

INSERT INTO Child VALUES ('129273', 'Child2326', '2326child', '2006-02-02', null, null, '../../Pictures/default.jpg', null);

INSERT INTO ChildcareTransaction VALUES ('1000002325', 'Regular Childcare', '102325', '2014-06-17', '12:00:00', '14:00:00', 20.50);

INSERT INTO AllowedConnections VALUES ('102326', '129270', '129274', 12927, null);

INSERT INTO Child VALUES ('129274', 'Child2327', '2327child', '2006-02-02', null, null, '../../Pictures/default.jpg', null);

INSERT INTO ChildcareTransaction VALUES ('1000002326', 'Regular Childcare', '102326', '2014-12-12', '12:00:00', '14:00:00', 20.50);

INSERT INTO AllowedConnections VALUES ('102327', '129270', '129275', 12927, null);

INSERT INTO Child VALUES ('129275', 'Child2328', '2328child', '2006-02-02', null, null, '../../Pictures/default.jpg', null);

INSERT INTO ChildcareTransaction VALUES ('1000002327', 'Regular Childcare', '102327', '2014-01-21', '12:00:00', '14:00:00', 20.50);

INSERT INTO Guardian VALUES ('129270', '1234', 'Guardian582', '582guardian', '555-555-5555', 'blah@blah.com', '123 nowhere', null, 'Spokane', 'WA', '99999', '../../Pictures/default.jpg', null);

INSERT INTO Family VALUES ('12927', 42);

INSERT INTO Guardian VALUES ('129271', '1234', 'Guardian2582', '5822guardian', '555-555-5555', 'blah@blah.com', '123 nowhere', null, 'Spokane', 'WA', '99999', '../../Pictures/default.jpg', null);

INSERT INTO AllowedConnections VALUES ('102328', '129280', '129282', 12928, null);

INSERT INTO Child VALUES ('129282', 'Child2329', '2329child', '2006-02-02', null, null, '../../Pictures/default.jpg', null);

INSERT INTO ChildcareTransaction VALUES ('1000002328', 'Regular Childcare', '102328', '2014-06-13', '12:00:00', '14:00:00', 20.50);

INSERT INTO AllowedConnections VALUES ('102329', '129280', '129283', 12928, null);

INSERT INTO Child VALUES ('129283', 'Child2330', '2330child', '2006-02-02', null, null, '../../Pictures/default.jpg', null);

INSERT INTO ChildcareTransaction VALUES ('1000002329', 'Regular Childcare', '102329', '2014-03-15', '12:00:00', '14:00:00', 20.50);

INSERT INTO AllowedConnections VALUES ('102330', '129280', '129284', 12928, null);

INSERT INTO Child VALUES ('129284', 'Child2331', '2331child', '2006-02-02', null, null, '../../Pictures/default.jpg', null);

INSERT INTO ChildcareTransaction VALUES ('1000002330', 'Regular Childcare', '102330', '2014-07-17', '12:00:00', '14:00:00', 20.50);

INSERT INTO AllowedConnections VALUES ('102331', '129280', '129285', 12928, null);

INSERT INTO Child VALUES ('129285', 'Child2332', '2332child', '2006-02-02', null, null, '../../Pictures/default.jpg', null);

INSERT INTO ChildcareTransaction VALUES ('1000002331', 'Regular Childcare', '102331', '2014-12-23', '12:00:00', '14:00:00', 20.50);

INSERT INTO Guardian VALUES ('129280', '1234', 'Guardian583', '583guardian', '555-555-5555', 'blah@blah.com', '123 nowhere', null, 'Spokane', 'WA', '99999', '../../Pictures/default.jpg', null);

INSERT INTO Family VALUES ('12928', 42);

INSERT INTO Guardian VALUES ('129281', '1234', 'Guardian2583', '5832guardian', '555-555-5555', 'blah@blah.com', '123 nowhere', null, 'Spokane', 'WA', '99999', '../../Pictures/default.jpg', null);

INSERT INTO AllowedConnections VALUES ('102332', '129290', '129292', 12929, null);

INSERT INTO Child VALUES ('129292', 'Child2333', '2333child', '2006-02-02', null, null, '../../Pictures/default.jpg', null);

INSERT INTO ChildcareTransaction VALUES ('1000002332', 'Regular Childcare', '102332', '2014-12-18', '12:00:00', '14:00:00', 20.50);

INSERT INTO AllowedConnections VALUES ('102333', '129290', '129293', 12929, null);

INSERT INTO Child VALUES ('129293', 'Child2334', '2334child', '2006-02-02', null, null, '../../Pictures/default.jpg', null);

INSERT INTO ChildcareTransaction VALUES ('1000002333', 'Regular Childcare', '102333', '2014-01-10', '12:00:00', '14:00:00', 20.50);

INSERT INTO AllowedConnections VALUES ('102334', '129290', '129294', 12929, null);

INSERT INTO Child VALUES ('129294', 'Child2335', '2335child', '2006-02-02', null, null, '../../Pictures/default.jpg', null);

INSERT INTO ChildcareTransaction VALUES ('1000002334', 'Regular Childcare', '102334', '2014-06-03', '12:00:00', '14:00:00', 20.50);

INSERT INTO AllowedConnections VALUES ('102335', '129290', '129295', 12929, null);

INSERT INTO Child VALUES ('129295', 'Child2336', '2336child', '2006-02-02', null, null, '../../Pictures/default.jpg', null);

INSERT INTO ChildcareTransaction VALUES ('1000002335', 'Regular Childcare', '102335', '2014-05-26', '12:00:00', '14:00:00', 20.50);

INSERT INTO Guardian VALUES ('129290', '1234', 'Guardian584', '584guardian', '555-555-5555', 'blah@blah.com', '123 nowhere', null, 'Spokane', 'WA', '99999', '../../Pictures/default.jpg', null);

INSERT INTO Family VALUES ('12929', 42);

INSERT INTO Guardian VALUES ('129291', '1234', 'Guardian2584', '5842guardian', '555-555-5555', 'blah@blah.com', '123 nowhere', null, 'Spokane', 'WA', '99999', '../../Pictures/default.jpg', null);

INSERT INTO AllowedConnections VALUES ('102336', '129300', '129302', 12930, null);

INSERT INTO Child VALUES ('129302', 'Child2337', '2337child', '2006-02-02', null, null, '../../Pictures/default.jpg', null);

INSERT INTO ChildcareTransaction VALUES ('1000002336', 'Regular Childcare', '102336', '2014-07-01', '12:00:00', '14:00:00', 20.50);

INSERT INTO AllowedConnections VALUES ('102337', '129300', '129303', 12930, null);

INSERT INTO Child VALUES ('129303', 'Child2338', '2338child', '2006-02-02', null, null, '../../Pictures/default.jpg', null);

INSERT INTO ChildcareTransaction VALUES ('1000002337', 'Regular Childcare', '102337', '2014-06-15', '12:00:00', '14:00:00', 20.50);

INSERT INTO AllowedConnections VALUES ('102338', '129300', '129304', 12930, null);

INSERT INTO Child VALUES ('129304', 'Child2339', '2339child', '2006-02-02', null, null, '../../Pictures/default.jpg', null);

INSERT INTO ChildcareTransaction VALUES ('1000002338', 'Regular Childcare', '102338', '2014-01-26', '12:00:00', '14:00:00', 20.50);

INSERT INTO AllowedConnections VALUES ('102339', '129300', '129305', 12930, null);

INSERT INTO Child VALUES ('129305', 'Child2340', '2340child', '2006-02-02', null, null, '../../Pictures/default.jpg', null);

INSERT INTO ChildcareTransaction VALUES ('1000002339', 'Regular Childcare', '102339', '2014-05-26', '12:00:00', '14:00:00', 20.50);

INSERT INTO Guardian VALUES ('129300', '1234', 'Guardian585', '585guardian', '555-555-5555', 'blah@blah.com', '123 nowhere', null, 'Spokane', 'WA', '99999', '../../Pictures/default.jpg', null);

INSERT INTO Family VALUES ('12930', 42);

INSERT INTO Guardian VALUES ('129301', '1234', 'Guardian2585', '5852guardian', '555-555-5555', 'blah@blah.com', '123 nowhere', null, 'Spokane', 'WA', '99999', '../../Pictures/default.jpg', null);

INSERT INTO AllowedConnections VALUES ('102340', '129310', '129312', 12931, null);

INSERT INTO Child VALUES ('129312', 'Child2341', '2341child', '2006-02-02', null, null, '../../Pictures/default.jpg', null);

INSERT INTO ChildcareTransaction VALUES ('1000002340', 'Regular Childcare', '102340', '2014-05-14', '12:00:00', '14:00:00', 20.50);

INSERT INTO AllowedConnections VALUES ('102341', '129310', '129313', 12931, null);

INSERT INTO Child VALUES ('129313', 'Child2342', '2342child', '2006-02-02', null, null, '../../Pictures/default.jpg', null);

INSERT INTO ChildcareTransaction VALUES ('1000002341', 'Regular Childcare', '102341', '2014-06-10', '12:00:00', '14:00:00', 20.50);

INSERT INTO AllowedConnections VALUES ('102342', '129310', '129314', 12931, null);

INSERT INTO Child VALUES ('129314', 'Child2343', '2343child', '2006-02-02', null, null, '../../Pictures/default.jpg', null);

INSERT INTO ChildcareTransaction VALUES ('1000002342', 'Regular Childcare', '102342', '2014-07-02', '12:00:00', '14:00:00', 20.50);

INSERT INTO AllowedConnections VALUES ('102343', '129310', '129315', 12931, null);

INSERT INTO Child VALUES ('129315', 'Child2344', '2344child', '2006-02-02', null, null, '../../Pictures/default.jpg', null);

INSERT INTO ChildcareTransaction VALUES ('1000002343', 'Regular Childcare', '102343', '2014-05-22', '12:00:00', '14:00:00', 20.50);

INSERT INTO Guardian VALUES ('129310', '1234', 'Guardian586', '586guardian', '555-555-5555', 'blah@blah.com', '123 nowhere', null, 'Spokane', 'WA', '99999', '../../Pictures/default.jpg', null);

INSERT INTO Family VALUES ('12931', 42);

INSERT INTO Guardian VALUES ('129311', '1234', 'Guardian2586', '5862guardian', '555-555-5555', 'blah@blah.com', '123 nowhere', null, 'Spokane', 'WA', '99999', '../../Pictures/default.jpg', null);

INSERT INTO AllowedConnections VALUES ('102344', '129320', '129322', 12932, null);

INSERT INTO Child VALUES ('129322', 'Child2345', '2345child', '2006-02-02', null, null, '../../Pictures/default.jpg', null);

INSERT INTO ChildcareTransaction VALUES ('1000002344', 'Regular Childcare', '102344', '2014-05-08', '12:00:00', '14:00:00', 20.50);

INSERT INTO AllowedConnections VALUES ('102345', '129320', '129323', 12932, null);

INSERT INTO Child VALUES ('129323', 'Child2346', '2346child', '2006-02-02', null, null, '../../Pictures/default.jpg', null);

INSERT INTO ChildcareTransaction VALUES ('1000002345', 'Regular Childcare', '102345', '2014-12-21', '12:00:00', '14:00:00', 20.50);

INSERT INTO AllowedConnections VALUES ('102346', '129320', '129324', 12932, null);

INSERT INTO Child VALUES ('129324', 'Child2347', '2347child', '2006-02-02', null, null, '../../Pictures/default.jpg', null);

INSERT INTO ChildcareTransaction VALUES ('1000002346', 'Regular Childcare', '102346', '2014-12-07', '12:00:00', '14:00:00', 20.50);

INSERT INTO AllowedConnections VALUES ('102347', '129320', '129325', 12932, null);

INSERT INTO Child VALUES ('129325', 'Child2348', '2348child', '2006-02-02', null, null, '../../Pictures/default.jpg', null);

INSERT INTO ChildcareTransaction VALUES ('1000002347', 'Regular Childcare', '102347', '2014-03-01', '12:00:00', '14:00:00', 20.50);

INSERT INTO Guardian VALUES ('129320', '1234', 'Guardian587', '587guardian', '555-555-5555', 'blah@blah.com', '123 nowhere', null, 'Spokane', 'WA', '99999', '../../Pictures/default.jpg', null);

INSERT INTO Family VALUES ('12932', 42);

INSERT INTO Guardian VALUES ('129321', '1234', 'Guardian2587', '5872guardian', '555-555-5555', 'blah@blah.com', '123 nowhere', null, 'Spokane', 'WA', '99999', '../../Pictures/default.jpg', null);

INSERT INTO AllowedConnections VALUES ('102348', '129330', '129332', 12933, null);

INSERT INTO Child VALUES ('129332', 'Child2349', '2349child', '2006-02-02', null, null, '../../Pictures/default.jpg', null);

INSERT INTO ChildcareTransaction VALUES ('1000002348', 'Regular Childcare', '102348', '2014-10-24', '12:00:00', '14:00:00', 20.50);

INSERT INTO AllowedConnections VALUES ('102349', '129330', '129333', 12933, null);

INSERT INTO Child VALUES ('129333', 'Child2350', '2350child', '2006-02-02', null, null, '../../Pictures/default.jpg', null);

INSERT INTO ChildcareTransaction VALUES ('1000002349', 'Regular Childcare', '102349', '2014-10-21', '12:00:00', '14:00:00', 20.50);

INSERT INTO AllowedConnections VALUES ('102350', '129330', '129334', 12933, null);

INSERT INTO Child VALUES ('129334', 'Child2351', '2351child', '2006-02-02', null, null, '../../Pictures/default.jpg', null);

INSERT INTO ChildcareTransaction VALUES ('1000002350', 'Regular Childcare', '102350', '2014-09-13', '12:00:00', '14:00:00', 20.50);

INSERT INTO AllowedConnections VALUES ('102351', '129330', '129335', 12933, null);

INSERT INTO Child VALUES ('129335', 'Child2352', '2352child', '2006-02-02', null, null, '../../Pictures/default.jpg', null);

INSERT INTO ChildcareTransaction VALUES ('1000002351', 'Regular Childcare', '102351', '2014-09-25', '12:00:00', '14:00:00', 20.50);

INSERT INTO Guardian VALUES ('129330', '1234', 'Guardian588', '588guardian', '555-555-5555', 'blah@blah.com', '123 nowhere', null, 'Spokane', 'WA', '99999', '../../Pictures/default.jpg', null);

INSERT INTO Family VALUES ('12933', 42);

INSERT INTO Guardian VALUES ('129331', '1234', 'Guardian2588', '5882guardian', '555-555-5555', 'blah@blah.com', '123 nowhere', null, 'Spokane', 'WA', '99999', '../../Pictures/default.jpg', null);

INSERT INTO AllowedConnections VALUES ('102352', '129340', '129342', 12934, null);

INSERT INTO Child VALUES ('129342', 'Child2353', '2353child', '2006-02-02', null, null, '../../Pictures/default.jpg', null);

INSERT INTO ChildcareTransaction VALUES ('1000002352', 'Regular Childcare', '102352', '2014-11-06', '12:00:00', '14:00:00', 20.50);

INSERT INTO AllowedConnections VALUES ('102353', '129340', '129343', 12934, null);

INSERT INTO Child VALUES ('129343', 'Child2354', '2354child', '2006-02-02', null, null, '../../Pictures/default.jpg', null);

INSERT INTO ChildcareTransaction VALUES ('1000002353', 'Regular Childcare', '102353', '2014-02-19', '12:00:00', '14:00:00', 20.50);

INSERT INTO AllowedConnections VALUES ('102354', '129340', '129344', 12934, null);

INSERT INTO Child VALUES ('129344', 'Child2355', '2355child', '2006-02-02', null, null, '../../Pictures/default.jpg', null);

INSERT INTO ChildcareTransaction VALUES ('1000002354', 'Regular Childcare', '102354', '2014-03-07', '12:00:00', '14:00:00', 20.50);

INSERT INTO AllowedConnections VALUES ('102355', '129340', '129345', 12934, null);

INSERT INTO Child VALUES ('129345', 'Child2356', '2356child', '2006-02-02', null, null, '../../Pictures/default.jpg', null);

INSERT INTO ChildcareTransaction VALUES ('1000002355', 'Regular Childcare', '102355', '2014-03-25', '12:00:00', '14:00:00', 20.50);

INSERT INTO Guardian VALUES ('129340', '1234', 'Guardian589', '589guardian', '555-555-5555', 'blah@blah.com', '123 nowhere', null, 'Spokane', 'WA', '99999', '../../Pictures/default.jpg', null);

INSERT INTO Family VALUES ('12934', 42);

INSERT INTO Guardian VALUES ('129341', '1234', 'Guardian2589', '5892guardian', '555-555-5555', 'blah@blah.com', '123 nowhere', null, 'Spokane', 'WA', '99999', '../../Pictures/default.jpg', null);

INSERT INTO AllowedConnections VALUES ('102356', '129350', '129352', 12935, null);

INSERT INTO Child VALUES ('129352', 'Child2357', '2357child', '2006-02-02', null, null, '../../Pictures/default.jpg', null);

INSERT INTO ChildcareTransaction VALUES ('1000002356', 'Regular Childcare', '102356', '2014-07-06', '12:00:00', '14:00:00', 20.50);

INSERT INTO AllowedConnections VALUES ('102357', '129350', '129353', 12935, null);

INSERT INTO Child VALUES ('129353', 'Child2358', '2358child', '2006-02-02', null, null, '../../Pictures/default.jpg', null);

INSERT INTO ChildcareTransaction VALUES ('1000002357', 'Regular Childcare', '102357', '2014-10-18', '12:00:00', '14:00:00', 20.50);

INSERT INTO AllowedConnections VALUES ('102358', '129350', '129354', 12935, null);

INSERT INTO Child VALUES ('129354', 'Child2359', '2359child', '2006-02-02', null, null, '../../Pictures/default.jpg', null);

INSERT INTO ChildcareTransaction VALUES ('1000002358', 'Regular Childcare', '102358', '2014-12-06', '12:00:00', '14:00:00', 20.50);

INSERT INTO AllowedConnections VALUES ('102359', '129350', '129355', 12935, null);

INSERT INTO Child VALUES ('129355', 'Child2360', '2360child', '2006-02-02', null, null, '../../Pictures/default.jpg', null);

INSERT INTO ChildcareTransaction VALUES ('1000002359', 'Regular Childcare', '102359', '2014-10-17', '12:00:00', '14:00:00', 20.50);

INSERT INTO Guardian VALUES ('129350', '1234', 'Guardian590', '590guardian', '555-555-5555', 'blah@blah.com', '123 nowhere', null, 'Spokane', 'WA', '99999', '../../Pictures/default.jpg', null);

INSERT INTO Family VALUES ('12935', 42);

INSERT INTO Guardian VALUES ('129351', '1234', 'Guardian2590', '5902guardian', '555-555-5555', 'blah@blah.com', '123 nowhere', null, 'Spokane', 'WA', '99999', '../../Pictures/default.jpg', null);

INSERT INTO AllowedConnections VALUES ('102360', '129360', '129362', 12936, null);

INSERT INTO Child VALUES ('129362', 'Child2361', '2361child', '2006-02-02', null, null, '../../Pictures/default.jpg', null);

INSERT INTO ChildcareTransaction VALUES ('1000002360', 'Regular Childcare', '102360', '2014-03-17', '12:00:00', '14:00:00', 20.50);

INSERT INTO AllowedConnections VALUES ('102361', '129360', '129363', 12936, null);

INSERT INTO Child VALUES ('129363', 'Child2362', '2362child', '2006-02-02', null, null, '../../Pictures/default.jpg', null);

INSERT INTO ChildcareTransaction VALUES ('1000002361', 'Regular Childcare', '102361', '2014-02-12', '12:00:00', '14:00:00', 20.50);

INSERT INTO AllowedConnections VALUES ('102362', '129360', '129364', 12936, null);

INSERT INTO Child VALUES ('129364', 'Child2363', '2363child', '2006-02-02', null, null, '../../Pictures/default.jpg', null);

INSERT INTO ChildcareTransaction VALUES ('1000002362', 'Regular Childcare', '102362', '2014-08-19', '12:00:00', '14:00:00', 20.50);

INSERT INTO AllowedConnections VALUES ('102363', '129360', '129365', 12936, null);

INSERT INTO Child VALUES ('129365', 'Child2364', '2364child', '2006-02-02', null, null, '../../Pictures/default.jpg', null);

INSERT INTO ChildcareTransaction VALUES ('1000002363', 'Regular Childcare', '102363', '2014-10-06', '12:00:00', '14:00:00', 20.50);

INSERT INTO Guardian VALUES ('129360', '1234', 'Guardian591', '591guardian', '555-555-5555', 'blah@blah.com', '123 nowhere', null, 'Spokane', 'WA', '99999', '../../Pictures/default.jpg', null);

INSERT INTO Family VALUES ('12936', 42);

INSERT INTO Guardian VALUES ('129361', '1234', 'Guardian2591', '5912guardian', '555-555-5555', 'blah@blah.com', '123 nowhere', null, 'Spokane', 'WA', '99999', '../../Pictures/default.jpg', null);

INSERT INTO AllowedConnections VALUES ('102364', '129370', '129372', 12937, null);

INSERT INTO Child VALUES ('129372', 'Child2365', '2365child', '2006-02-02', null, null, '../../Pictures/default.jpg', null);

INSERT INTO ChildcareTransaction VALUES ('1000002364', 'Regular Childcare', '102364', '2014-06-06', '12:00:00', '14:00:00', 20.50);

INSERT INTO AllowedConnections VALUES ('102365', '129370', '129373', 12937, null);

INSERT INTO Child VALUES ('129373', 'Child2366', '2366child', '2006-02-02', null, null, '../../Pictures/default.jpg', null);

INSERT INTO ChildcareTransaction VALUES ('1000002365', 'Regular Childcare', '102365', '2014-04-03', '12:00:00', '14:00:00', 20.50);

INSERT INTO AllowedConnections VALUES ('102366', '129370', '129374', 12937, null);

INSERT INTO Child VALUES ('129374', 'Child2367', '2367child', '2006-02-02', null, null, '../../Pictures/default.jpg', null);

INSERT INTO ChildcareTransaction VALUES ('1000002366', 'Regular Childcare', '102366', '2014-04-25', '12:00:00', '14:00:00', 20.50);

INSERT INTO AllowedConnections VALUES ('102367', '129370', '129375', 12937, null);

INSERT INTO Child VALUES ('129375', 'Child2368', '2368child', '2006-02-02', null, null, '../../Pictures/default.jpg', null);

INSERT INTO ChildcareTransaction VALUES ('1000002367', 'Regular Childcare', '102367', '2014-01-08', '12:00:00', '14:00:00', 20.50);

INSERT INTO Guardian VALUES ('129370', '1234', 'Guardian592', '592guardian', '555-555-5555', 'blah@blah.com', '123 nowhere', null, 'Spokane', 'WA', '99999', '../../Pictures/default.jpg', null);

INSERT INTO Family VALUES ('12937', 42);

INSERT INTO Guardian VALUES ('129371', '1234', 'Guardian2592', '5922guardian', '555-555-5555', 'blah@blah.com', '123 nowhere', null, 'Spokane', 'WA', '99999', '../../Pictures/default.jpg', null);

INSERT INTO AllowedConnections VALUES ('102368', '129380', '129382', 12938, null);

INSERT INTO Child VALUES ('129382', 'Child2369', '2369child', '2006-02-02', null, null, '../../Pictures/default.jpg', null);

INSERT INTO ChildcareTransaction VALUES ('1000002368', 'Regular Childcare', '102368', '2014-10-09', '12:00:00', '14:00:00', 20.50);

INSERT INTO AllowedConnections VALUES ('102369', '129380', '129383', 12938, null);

INSERT INTO Child VALUES ('129383', 'Child2370', '2370child', '2006-02-02', null, null, '../../Pictures/default.jpg', null);

INSERT INTO ChildcareTransaction VALUES ('1000002369', 'Regular Childcare', '102369', '2014-01-17', '12:00:00', '14:00:00', 20.50);

INSERT INTO AllowedConnections VALUES ('102370', '129380', '129384', 12938, null);

INSERT INTO Child VALUES ('129384', 'Child2371', '2371child', '2006-02-02', null, null, '../../Pictures/default.jpg', null);

INSERT INTO ChildcareTransaction VALUES ('1000002370', 'Regular Childcare', '102370', '2014-02-24', '12:00:00', '14:00:00', 20.50);

INSERT INTO AllowedConnections VALUES ('102371', '129380', '129385', 12938, null);

INSERT INTO Child VALUES ('129385', 'Child2372', '2372child', '2006-02-02', null, null, '../../Pictures/default.jpg', null);

INSERT INTO ChildcareTransaction VALUES ('1000002371', 'Regular Childcare', '102371', '2014-08-21', '12:00:00', '14:00:00', 20.50);

INSERT INTO Guardian VALUES ('129380', '1234', 'Guardian593', '593guardian', '555-555-5555', 'blah@blah.com', '123 nowhere', null, 'Spokane', 'WA', '99999', '../../Pictures/default.jpg', null);

INSERT INTO Family VALUES ('12938', 42);

INSERT INTO Guardian VALUES ('129381', '1234', 'Guardian2593', '5932guardian', '555-555-5555', 'blah@blah.com', '123 nowhere', null, 'Spokane', 'WA', '99999', '../../Pictures/default.jpg', null);

INSERT INTO AllowedConnections VALUES ('102372', '129390', '129392', 12939, null);

INSERT INTO Child VALUES ('129392', 'Child2373', '2373child', '2006-02-02', null, null, '../../Pictures/default.jpg', null);

INSERT INTO ChildcareTransaction VALUES ('1000002372', 'Regular Childcare', '102372', '2014-04-06', '12:00:00', '14:00:00', 20.50);

INSERT INTO AllowedConnections VALUES ('102373', '129390', '129393', 12939, null);

INSERT INTO Child VALUES ('129393', 'Child2374', '2374child', '2006-02-02', null, null, '../../Pictures/default.jpg', null);

INSERT INTO ChildcareTransaction VALUES ('1000002373', 'Regular Childcare', '102373', '2014-06-22', '12:00:00', '14:00:00', 20.50);

INSERT INTO AllowedConnections VALUES ('102374', '129390', '129394', 12939, null);

INSERT INTO Child VALUES ('129394', 'Child2375', '2375child', '2006-02-02', null, null, '../../Pictures/default.jpg', null);

INSERT INTO ChildcareTransaction VALUES ('1000002374', 'Regular Childcare', '102374', '2014-07-24', '12:00:00', '14:00:00', 20.50);

INSERT INTO AllowedConnections VALUES ('102375', '129390', '129395', 12939, null);

INSERT INTO Child VALUES ('129395', 'Child2376', '2376child', '2006-02-02', null, null, '../../Pictures/default.jpg', null);

INSERT INTO ChildcareTransaction VALUES ('1000002375', 'Regular Childcare', '102375', '2014-03-15', '12:00:00', '14:00:00', 20.50);

INSERT INTO Guardian VALUES ('129390', '1234', 'Guardian594', '594guardian', '555-555-5555', 'blah@blah.com', '123 nowhere', null, 'Spokane', 'WA', '99999', '../../Pictures/default.jpg', null);

INSERT INTO Family VALUES ('12939', 42);

INSERT INTO Guardian VALUES ('129391', '1234', 'Guardian2594', '5942guardian', '555-555-5555', 'blah@blah.com', '123 nowhere', null, 'Spokane', 'WA', '99999', '../../Pictures/default.jpg', null);

INSERT INTO AllowedConnections VALUES ('102376', '129400', '129402', 12940, null);

INSERT INTO Child VALUES ('129402', 'Child2377', '2377child', '2006-02-02', null, null, '../../Pictures/default.jpg', null);

INSERT INTO ChildcareTransaction VALUES ('1000002376', 'Regular Childcare', '102376', '2014-06-25', '12:00:00', '14:00:00', 20.50);

INSERT INTO AllowedConnections VALUES ('102377', '129400', '129403', 12940, null);

INSERT INTO Child VALUES ('129403', 'Child2378', '2378child', '2006-02-02', null, null, '../../Pictures/default.jpg', null);

INSERT INTO ChildcareTransaction VALUES ('1000002377', 'Regular Childcare', '102377', '2014-06-25', '12:00:00', '14:00:00', 20.50);

INSERT INTO AllowedConnections VALUES ('102378', '129400', '129404', 12940, null);

INSERT INTO Child VALUES ('129404', 'Child2379', '2379child', '2006-02-02', null, null, '../../Pictures/default.jpg', null);

INSERT INTO ChildcareTransaction VALUES ('1000002378', 'Regular Childcare', '102378', '2014-06-05', '12:00:00', '14:00:00', 20.50);

INSERT INTO AllowedConnections VALUES ('102379', '129400', '129405', 12940, null);

INSERT INTO Child VALUES ('129405', 'Child2380', '2380child', '2006-02-02', null, null, '../../Pictures/default.jpg', null);

INSERT INTO ChildcareTransaction VALUES ('1000002379', 'Regular Childcare', '102379', '2014-09-12', '12:00:00', '14:00:00', 20.50);

INSERT INTO Guardian VALUES ('129400', '1234', 'Guardian595', '595guardian', '555-555-5555', 'blah@blah.com', '123 nowhere', null, 'Spokane', 'WA', '99999', '../../Pictures/default.jpg', null);

INSERT INTO Family VALUES ('12940', 42);

INSERT INTO Guardian VALUES ('129401', '1234', 'Guardian2595', '5952guardian', '555-555-5555', 'blah@blah.com', '123 nowhere', null, 'Spokane', 'WA', '99999', '../../Pictures/default.jpg', null);

INSERT INTO AllowedConnections VALUES ('102380', '129410', '129412', 12941, null);

INSERT INTO Child VALUES ('129412', 'Child2381', '2381child', '2006-02-02', null, null, '../../Pictures/default.jpg', null);

INSERT INTO ChildcareTransaction VALUES ('1000002380', 'Regular Childcare', '102380', '2014-11-18', '12:00:00', '14:00:00', 20.50);

INSERT INTO AllowedConnections VALUES ('102381', '129410', '129413', 12941, null);

INSERT INTO Child VALUES ('129413', 'Child2382', '2382child', '2006-02-02', null, null, '../../Pictures/default.jpg', null);

INSERT INTO ChildcareTransaction VALUES ('1000002381', 'Regular Childcare', '102381', '2014-11-10', '12:00:00', '14:00:00', 20.50);

INSERT INTO AllowedConnections VALUES ('102382', '129410', '129414', 12941, null);

INSERT INTO Child VALUES ('129414', 'Child2383', '2383child', '2006-02-02', null, null, '../../Pictures/default.jpg', null);

INSERT INTO ChildcareTransaction VALUES ('1000002382', 'Regular Childcare', '102382', '2014-05-07', '12:00:00', '14:00:00', 20.50);

INSERT INTO AllowedConnections VALUES ('102383', '129410', '129415', 12941, null);

INSERT INTO Child VALUES ('129415', 'Child2384', '2384child', '2006-02-02', null, null, '../../Pictures/default.jpg', null);

INSERT INTO ChildcareTransaction VALUES ('1000002383', 'Regular Childcare', '102383', '2014-07-14', '12:00:00', '14:00:00', 20.50);

INSERT INTO Guardian VALUES ('129410', '1234', 'Guardian596', '596guardian', '555-555-5555', 'blah@blah.com', '123 nowhere', null, 'Spokane', 'WA', '99999', '../../Pictures/default.jpg', null);

INSERT INTO Family VALUES ('12941', 42);

INSERT INTO Guardian VALUES ('129411', '1234', 'Guardian2596', '5962guardian', '555-555-5555', 'blah@blah.com', '123 nowhere', null, 'Spokane', 'WA', '99999', '../../Pictures/default.jpg', null);

INSERT INTO AllowedConnections VALUES ('102384', '129420', '129422', 12942, null);

INSERT INTO Child VALUES ('129422', 'Child2385', '2385child', '2006-02-02', null, null, '../../Pictures/default.jpg', null);

INSERT INTO ChildcareTransaction VALUES ('1000002384', 'Regular Childcare', '102384', '2014-05-27', '12:00:00', '14:00:00', 20.50);

INSERT INTO AllowedConnections VALUES ('102385', '129420', '129423', 12942, null);

INSERT INTO Child VALUES ('129423', 'Child2386', '2386child', '2006-02-02', null, null, '../../Pictures/default.jpg', null);

INSERT INTO ChildcareTransaction VALUES ('1000002385', 'Regular Childcare', '102385', '2014-07-05', '12:00:00', '14:00:00', 20.50);

INSERT INTO AllowedConnections VALUES ('102386', '129420', '129424', 12942, null);

INSERT INTO Child VALUES ('129424', 'Child2387', '2387child', '2006-02-02', null, null, '../../Pictures/default.jpg', null);

INSERT INTO ChildcareTransaction VALUES ('1000002386', 'Regular Childcare', '102386', '2014-10-22', '12:00:00', '14:00:00', 20.50);

INSERT INTO AllowedConnections VALUES ('102387', '129420', '129425', 12942, null);

INSERT INTO Child VALUES ('129425', 'Child2388', '2388child', '2006-02-02', null, null, '../../Pictures/default.jpg', null);

INSERT INTO ChildcareTransaction VALUES ('1000002387', 'Regular Childcare', '102387', '2014-01-06', '12:00:00', '14:00:00', 20.50);

INSERT INTO Guardian VALUES ('129420', '1234', 'Guardian597', '597guardian', '555-555-5555', 'blah@blah.com', '123 nowhere', null, 'Spokane', 'WA', '99999', '../../Pictures/default.jpg', null);

INSERT INTO Family VALUES ('12942', 42);

INSERT INTO Guardian VALUES ('129421', '1234', 'Guardian2597', '5972guardian', '555-555-5555', 'blah@blah.com', '123 nowhere', null, 'Spokane', 'WA', '99999', '../../Pictures/default.jpg', null);

INSERT INTO AllowedConnections VALUES ('102388', '129430', '129432', 12943, null);

INSERT INTO Child VALUES ('129432', 'Child2389', '2389child', '2006-02-02', null, null, '../../Pictures/default.jpg', null);

INSERT INTO ChildcareTransaction VALUES ('1000002388', 'Regular Childcare', '102388', '2014-03-14', '12:00:00', '14:00:00', 20.50);

INSERT INTO AllowedConnections VALUES ('102389', '129430', '129433', 12943, null);

INSERT INTO Child VALUES ('129433', 'Child2390', '2390child', '2006-02-02', null, null, '../../Pictures/default.jpg', null);

INSERT INTO ChildcareTransaction VALUES ('1000002389', 'Regular Childcare', '102389', '2014-10-15', '12:00:00', '14:00:00', 20.50);

INSERT INTO AllowedConnections VALUES ('102390', '129430', '129434', 12943, null);

INSERT INTO Child VALUES ('129434', 'Child2391', '2391child', '2006-02-02', null, null, '../../Pictures/default.jpg', null);

INSERT INTO ChildcareTransaction VALUES ('1000002390', 'Regular Childcare', '102390', '2014-12-25', '12:00:00', '14:00:00', 20.50);

INSERT INTO AllowedConnections VALUES ('102391', '129430', '129435', 12943, null);

INSERT INTO Child VALUES ('129435', 'Child2392', '2392child', '2006-02-02', null, null, '../../Pictures/default.jpg', null);

INSERT INTO ChildcareTransaction VALUES ('1000002391', 'Regular Childcare', '102391', '2014-03-13', '12:00:00', '14:00:00', 20.50);

INSERT INTO Guardian VALUES ('129430', '1234', 'Guardian598', '598guardian', '555-555-5555', 'blah@blah.com', '123 nowhere', null, 'Spokane', 'WA', '99999', '../../Pictures/default.jpg', null);

INSERT INTO Family VALUES ('12943', 42);

INSERT INTO Guardian VALUES ('129431', '1234', 'Guardian2598', '5982guardian', '555-555-5555', 'blah@blah.com', '123 nowhere', null, 'Spokane', 'WA', '99999', '../../Pictures/default.jpg', null);

INSERT INTO AllowedConnections VALUES ('102392', '129440', '129442', 12944, null);

INSERT INTO Child VALUES ('129442', 'Child2393', '2393child', '2006-02-02', null, null, '../../Pictures/default.jpg', null);

INSERT INTO ChildcareTransaction VALUES ('1000002392', 'Regular Childcare', '102392', '2014-05-26', '12:00:00', '14:00:00', 20.50);

INSERT INTO AllowedConnections VALUES ('102393', '129440', '129443', 12944, null);

INSERT INTO Child VALUES ('129443', 'Child2394', '2394child', '2006-02-02', null, null, '../../Pictures/default.jpg', null);

INSERT INTO ChildcareTransaction VALUES ('1000002393', 'Regular Childcare', '102393', '2014-04-13', '12:00:00', '14:00:00', 20.50);

INSERT INTO AllowedConnections VALUES ('102394', '129440', '129444', 12944, null);

INSERT INTO Child VALUES ('129444', 'Child2395', '2395child', '2006-02-02', null, null, '../../Pictures/default.jpg', null);

INSERT INTO ChildcareTransaction VALUES ('1000002394', 'Regular Childcare', '102394', '2014-05-07', '12:00:00', '14:00:00', 20.50);

INSERT INTO AllowedConnections VALUES ('102395', '129440', '129445', 12944, null);

INSERT INTO Child VALUES ('129445', 'Child2396', '2396child', '2006-02-02', null, null, '../../Pictures/default.jpg', null);

INSERT INTO ChildcareTransaction VALUES ('1000002395', 'Regular Childcare', '102395', '2014-05-05', '12:00:00', '14:00:00', 20.50);

INSERT INTO Guardian VALUES ('129440', '1234', 'Guardian599', '599guardian', '555-555-5555', 'blah@blah.com', '123 nowhere', null, 'Spokane', 'WA', '99999', '../../Pictures/default.jpg', null);

INSERT INTO Family VALUES ('12944', 42);

INSERT INTO Guardian VALUES ('129441', '1234', 'Guardian2599', '5992guardian', '555-555-5555', 'blah@blah.com', '123 nowhere', null, 'Spokane', 'WA', '99999', '../../Pictures/default.jpg', null);

INSERT INTO AllowedConnections VALUES ('102396', '129450', '129452', 12945, null);

INSERT INTO Child VALUES ('129452', 'Child2397', '2397child', '2006-02-02', null, null, '../../Pictures/default.jpg', null);

INSERT INTO ChildcareTransaction VALUES ('1000002396', 'Regular Childcare', '102396', '2014-06-01', '12:00:00', '14:00:00', 20.50);

INSERT INTO AllowedConnections VALUES ('102397', '129450', '129453', 12945, null);

INSERT INTO Child VALUES ('129453', 'Child2398', '2398child', '2006-02-02', null, null, '../../Pictures/default.jpg', null);

INSERT INTO ChildcareTransaction VALUES ('1000002397', 'Regular Childcare', '102397', '2014-01-21', '12:00:00', '14:00:00', 20.50);

INSERT INTO AllowedConnections VALUES ('102398', '129450', '129454', 12945, null);

INSERT INTO Child VALUES ('129454', 'Child2399', '2399child', '2006-02-02', null, null, '../../Pictures/default.jpg', null);

INSERT INTO ChildcareTransaction VALUES ('1000002398', 'Regular Childcare', '102398', '2014-04-12', '12:00:00', '14:00:00', 20.50);

INSERT INTO AllowedConnections VALUES ('102399', '129450', '129455', 12945, null);

INSERT INTO Child VALUES ('129455', 'Child2400', '2400child', '2006-02-02', null, null, '../../Pictures/default.jpg', null);

INSERT INTO ChildcareTransaction VALUES ('1000002399', 'Regular Childcare', '102399', '2014-12-11', '12:00:00', '14:00:00', 20.50);

INSERT INTO Guardian VALUES ('129450', '1234', 'Guardian600', '600guardian', '555-555-5555', 'blah@blah.com', '123 nowhere', null, 'Spokane', 'WA', '99999', '../../Pictures/default.jpg', null);

INSERT INTO Family VALUES ('12945', 42);

INSERT INTO Guardian VALUES ('129451', '1234', 'Guardian2600', '6002guardian', '555-555-5555', 'blah@blah.com', '123 nowhere', null, 'Spokane', 'WA', '99999', '../../Pictures/default.jpg', null);

INSERT INTO AllowedConnections VALUES ('102400', '129460', '129462', 12946, null);

INSERT INTO Child VALUES ('129462', 'Child2401', '2401child', '2006-02-02', null, null, '../../Pictures/default.jpg', null);

INSERT INTO ChildcareTransaction VALUES ('1000002400', 'Regular Childcare', '102400', '2014-09-08', '12:00:00', '14:00:00', 20.50);

INSERT INTO AllowedConnections VALUES ('102401', '129460', '129463', 12946, null);

INSERT INTO Child VALUES ('129463', 'Child2402', '2402child', '2006-02-02', null, null, '../../Pictures/default.jpg', null);

INSERT INTO ChildcareTransaction VALUES ('1000002401', 'Regular Childcare', '102401', '2014-06-20', '12:00:00', '14:00:00', 20.50);

INSERT INTO AllowedConnections VALUES ('102402', '129460', '129464', 12946, null);

INSERT INTO Child VALUES ('129464', 'Child2403', '2403child', '2006-02-02', null, null, '../../Pictures/default.jpg', null);

INSERT INTO ChildcareTransaction VALUES ('1000002402', 'Regular Childcare', '102402', '2014-12-05', '12:00:00', '14:00:00', 20.50);

INSERT INTO AllowedConnections VALUES ('102403', '129460', '129465', 12946, null);

INSERT INTO Child VALUES ('129465', 'Child2404', '2404child', '2006-02-02', null, null, '../../Pictures/default.jpg', null);

INSERT INTO ChildcareTransaction VALUES ('1000002403', 'Regular Childcare', '102403', '2014-03-15', '12:00:00', '14:00:00', 20.50);

INSERT INTO Guardian VALUES ('129460', '1234', 'Guardian601', '601guardian', '555-555-5555', 'blah@blah.com', '123 nowhere', null, 'Spokane', 'WA', '99999', '../../Pictures/default.jpg', null);

INSERT INTO Family VALUES ('12946', 42);

INSERT INTO Guardian VALUES ('129461', '1234', 'Guardian2601', '6012guardian', '555-555-5555', 'blah@blah.com', '123 nowhere', null, 'Spokane', 'WA', '99999', '../../Pictures/default.jpg', null);

INSERT INTO AllowedConnections VALUES ('102404', '129470', '129472', 12947, null);

INSERT INTO Child VALUES ('129472', 'Child2405', '2405child', '2006-02-02', null, null, '../../Pictures/default.jpg', null);

INSERT INTO ChildcareTransaction VALUES ('1000002404', 'Regular Childcare', '102404', '2014-11-01', '12:00:00', '14:00:00', 20.50);

INSERT INTO AllowedConnections VALUES ('102405', '129470', '129473', 12947, null);

INSERT INTO Child VALUES ('129473', 'Child2406', '2406child', '2006-02-02', null, null, '../../Pictures/default.jpg', null);

INSERT INTO ChildcareTransaction VALUES ('1000002405', 'Regular Childcare', '102405', '2014-11-08', '12:00:00', '14:00:00', 20.50);

INSERT INTO AllowedConnections VALUES ('102406', '129470', '129474', 12947, null);

INSERT INTO Child VALUES ('129474', 'Child2407', '2407child', '2006-02-02', null, null, '../../Pictures/default.jpg', null);

INSERT INTO ChildcareTransaction VALUES ('1000002406', 'Regular Childcare', '102406', '2014-08-12', '12:00:00', '14:00:00', 20.50);

INSERT INTO AllowedConnections VALUES ('102407', '129470', '129475', 12947, null);

INSERT INTO Child VALUES ('129475', 'Child2408', '2408child', '2006-02-02', null, null, '../../Pictures/default.jpg', null);

INSERT INTO ChildcareTransaction VALUES ('1000002407', 'Regular Childcare', '102407', '2014-11-10', '12:00:00', '14:00:00', 20.50);

INSERT INTO Guardian VALUES ('129470', '1234', 'Guardian602', '602guardian', '555-555-5555', 'blah@blah.com', '123 nowhere', null, 'Spokane', 'WA', '99999', '../../Pictures/default.jpg', null);

INSERT INTO Family VALUES ('12947', 42);

INSERT INTO Guardian VALUES ('129471', '1234', 'Guardian2602', '6022guardian', '555-555-5555', 'blah@blah.com', '123 nowhere', null, 'Spokane', 'WA', '99999', '../../Pictures/default.jpg', null);

INSERT INTO AllowedConnections VALUES ('102408', '129480', '129482', 12948, null);

INSERT INTO Child VALUES ('129482', 'Child2409', '2409child', '2006-02-02', null, null, '../../Pictures/default.jpg', null);

INSERT INTO ChildcareTransaction VALUES ('1000002408', 'Regular Childcare', '102408', '2014-06-06', '12:00:00', '14:00:00', 20.50);

INSERT INTO AllowedConnections VALUES ('102409', '129480', '129483', 12948, null);

INSERT INTO Child VALUES ('129483', 'Child2410', '2410child', '2006-02-02', null, null, '../../Pictures/default.jpg', null);

INSERT INTO ChildcareTransaction VALUES ('1000002409', 'Regular Childcare', '102409', '2014-07-25', '12:00:00', '14:00:00', 20.50);

INSERT INTO AllowedConnections VALUES ('102410', '129480', '129484', 12948, null);

INSERT INTO Child VALUES ('129484', 'Child2411', '2411child', '2006-02-02', null, null, '../../Pictures/default.jpg', null);

INSERT INTO ChildcareTransaction VALUES ('1000002410', 'Regular Childcare', '102410', '2014-05-02', '12:00:00', '14:00:00', 20.50);

INSERT INTO AllowedConnections VALUES ('102411', '129480', '129485', 12948, null);

INSERT INTO Child VALUES ('129485', 'Child2412', '2412child', '2006-02-02', null, null, '../../Pictures/default.jpg', null);

INSERT INTO ChildcareTransaction VALUES ('1000002411', 'Regular Childcare', '102411', '2014-05-03', '12:00:00', '14:00:00', 20.50);

INSERT INTO Guardian VALUES ('129480', '1234', 'Guardian603', '603guardian', '555-555-5555', 'blah@blah.com', '123 nowhere', null, 'Spokane', 'WA', '99999', '../../Pictures/default.jpg', null);

INSERT INTO Family VALUES ('12948', 42);

INSERT INTO Guardian VALUES ('129481', '1234', 'Guardian2603', '6032guardian', '555-555-5555', 'blah@blah.com', '123 nowhere', null, 'Spokane', 'WA', '99999', '../../Pictures/default.jpg', null);

INSERT INTO AllowedConnections VALUES ('102412', '129490', '129492', 12949, null);

INSERT INTO Child VALUES ('129492', 'Child2413', '2413child', '2006-02-02', null, null, '../../Pictures/default.jpg', null);

INSERT INTO ChildcareTransaction VALUES ('1000002412', 'Regular Childcare', '102412', '2014-03-05', '12:00:00', '14:00:00', 20.50);

INSERT INTO AllowedConnections VALUES ('102413', '129490', '129493', 12949, null);

INSERT INTO Child VALUES ('129493', 'Child2414', '2414child', '2006-02-02', null, null, '../../Pictures/default.jpg', null);

INSERT INTO ChildcareTransaction VALUES ('1000002413', 'Regular Childcare', '102413', '2014-05-15', '12:00:00', '14:00:00', 20.50);

INSERT INTO AllowedConnections VALUES ('102414', '129490', '129494', 12949, null);

INSERT INTO Child VALUES ('129494', 'Child2415', '2415child', '2006-02-02', null, null, '../../Pictures/default.jpg', null);

INSERT INTO ChildcareTransaction VALUES ('1000002414', 'Regular Childcare', '102414', '2014-09-20', '12:00:00', '14:00:00', 20.50);

INSERT INTO AllowedConnections VALUES ('102415', '129490', '129495', 12949, null);

INSERT INTO Child VALUES ('129495', 'Child2416', '2416child', '2006-02-02', null, null, '../../Pictures/default.jpg', null);

INSERT INTO ChildcareTransaction VALUES ('1000002415', 'Regular Childcare', '102415', '2014-12-01', '12:00:00', '14:00:00', 20.50);

INSERT INTO Guardian VALUES ('129490', '1234', 'Guardian604', '604guardian', '555-555-5555', 'blah@blah.com', '123 nowhere', null, 'Spokane', 'WA', '99999', '../../Pictures/default.jpg', null);

INSERT INTO Family VALUES ('12949', 42);

INSERT INTO Guardian VALUES ('129491', '1234', 'Guardian2604', '6042guardian', '555-555-5555', 'blah@blah.com', '123 nowhere', null, 'Spokane', 'WA', '99999', '../../Pictures/default.jpg', null);

INSERT INTO AllowedConnections VALUES ('102416', '129500', '129502', 12950, null);

INSERT INTO Child VALUES ('129502', 'Child2417', '2417child', '2006-02-02', null, null, '../../Pictures/default.jpg', null);

INSERT INTO ChildcareTransaction VALUES ('1000002416', 'Regular Childcare', '102416', '2014-12-28', '12:00:00', '14:00:00', 20.50);

INSERT INTO AllowedConnections VALUES ('102417', '129500', '129503', 12950, null);

INSERT INTO Child VALUES ('129503', 'Child2418', '2418child', '2006-02-02', null, null, '../../Pictures/default.jpg', null);

INSERT INTO ChildcareTransaction VALUES ('1000002417', 'Regular Childcare', '102417', '2014-02-25', '12:00:00', '14:00:00', 20.50);

INSERT INTO AllowedConnections VALUES ('102418', '129500', '129504', 12950, null);

INSERT INTO Child VALUES ('129504', 'Child2419', '2419child', '2006-02-02', null, null, '../../Pictures/default.jpg', null);

INSERT INTO ChildcareTransaction VALUES ('1000002418', 'Regular Childcare', '102418', '2014-11-04', '12:00:00', '14:00:00', 20.50);

INSERT INTO AllowedConnections VALUES ('102419', '129500', '129505', 12950, null);

INSERT INTO Child VALUES ('129505', 'Child2420', '2420child', '2006-02-02', null, null, '../../Pictures/default.jpg', null);

INSERT INTO ChildcareTransaction VALUES ('1000002419', 'Regular Childcare', '102419', '2014-01-11', '12:00:00', '14:00:00', 20.50);

INSERT INTO Guardian VALUES ('129500', '1234', 'Guardian605', '605guardian', '555-555-5555', 'blah@blah.com', '123 nowhere', null, 'Spokane', 'WA', '99999', '../../Pictures/default.jpg', null);

INSERT INTO Family VALUES ('12950', 42);

INSERT INTO Guardian VALUES ('129501', '1234', 'Guardian2605', '6052guardian', '555-555-5555', 'blah@blah.com', '123 nowhere', null, 'Spokane', 'WA', '99999', '../../Pictures/default.jpg', null);

INSERT INTO AllowedConnections VALUES ('102420', '129510', '129512', 12951, null);

INSERT INTO Child VALUES ('129512', 'Child2421', '2421child', '2006-02-02', null, null, '../../Pictures/default.jpg', null);

INSERT INTO ChildcareTransaction VALUES ('1000002420', 'Regular Childcare', '102420', '2014-05-28', '12:00:00', '14:00:00', 20.50);

INSERT INTO AllowedConnections VALUES ('102421', '129510', '129513', 12951, null);

INSERT INTO Child VALUES ('129513', 'Child2422', '2422child', '2006-02-02', null, null, '../../Pictures/default.jpg', null);

INSERT INTO ChildcareTransaction VALUES ('1000002421', 'Regular Childcare', '102421', '2014-07-15', '12:00:00', '14:00:00', 20.50);

INSERT INTO AllowedConnections VALUES ('102422', '129510', '129514', 12951, null);

INSERT INTO Child VALUES ('129514', 'Child2423', '2423child', '2006-02-02', null, null, '../../Pictures/default.jpg', null);

INSERT INTO ChildcareTransaction VALUES ('1000002422', 'Regular Childcare', '102422', '2014-04-27', '12:00:00', '14:00:00', 20.50);

INSERT INTO AllowedConnections VALUES ('102423', '129510', '129515', 12951, null);

INSERT INTO Child VALUES ('129515', 'Child2424', '2424child', '2006-02-02', null, null, '../../Pictures/default.jpg', null);

INSERT INTO ChildcareTransaction VALUES ('1000002423', 'Regular Childcare', '102423', '2014-05-16', '12:00:00', '14:00:00', 20.50);

INSERT INTO Guardian VALUES ('129510', '1234', 'Guardian606', '606guardian', '555-555-5555', 'blah@blah.com', '123 nowhere', null, 'Spokane', 'WA', '99999', '../../Pictures/default.jpg', null);

INSERT INTO Family VALUES ('12951', 42);

INSERT INTO Guardian VALUES ('129511', '1234', 'Guardian2606', '6062guardian', '555-555-5555', 'blah@blah.com', '123 nowhere', null, 'Spokane', 'WA', '99999', '../../Pictures/default.jpg', null);

INSERT INTO AllowedConnections VALUES ('102424', '129520', '129522', 12952, null);

INSERT INTO Child VALUES ('129522', 'Child2425', '2425child', '2006-02-02', null, null, '../../Pictures/default.jpg', null);

INSERT INTO ChildcareTransaction VALUES ('1000002424', 'Regular Childcare', '102424', '2014-03-17', '12:00:00', '14:00:00', 20.50);

INSERT INTO AllowedConnections VALUES ('102425', '129520', '129523', 12952, null);

INSERT INTO Child VALUES ('129523', 'Child2426', '2426child', '2006-02-02', null, null, '../../Pictures/default.jpg', null);

INSERT INTO ChildcareTransaction VALUES ('1000002425', 'Regular Childcare', '102425', '2014-07-21', '12:00:00', '14:00:00', 20.50);

INSERT INTO AllowedConnections VALUES ('102426', '129520', '129524', 12952, null);

INSERT INTO Child VALUES ('129524', 'Child2427', '2427child', '2006-02-02', null, null, '../../Pictures/default.jpg', null);

INSERT INTO ChildcareTransaction VALUES ('1000002426', 'Regular Childcare', '102426', '2014-03-09', '12:00:00', '14:00:00', 20.50);

INSERT INTO AllowedConnections VALUES ('102427', '129520', '129525', 12952, null);

INSERT INTO Child VALUES ('129525', 'Child2428', '2428child', '2006-02-02', null, null, '../../Pictures/default.jpg', null);

INSERT INTO ChildcareTransaction VALUES ('1000002427', 'Regular Childcare', '102427', '2014-02-15', '12:00:00', '14:00:00', 20.50);

INSERT INTO Guardian VALUES ('129520', '1234', 'Guardian607', '607guardian', '555-555-5555', 'blah@blah.com', '123 nowhere', null, 'Spokane', 'WA', '99999', '../../Pictures/default.jpg', null);

INSERT INTO Family VALUES ('12952', 42);

INSERT INTO Guardian VALUES ('129521', '1234', 'Guardian2607', '6072guardian', '555-555-5555', 'blah@blah.com', '123 nowhere', null, 'Spokane', 'WA', '99999', '../../Pictures/default.jpg', null);

INSERT INTO AllowedConnections VALUES ('102428', '129530', '129532', 12953, null);

INSERT INTO Child VALUES ('129532', 'Child2429', '2429child', '2006-02-02', null, null, '../../Pictures/default.jpg', null);

INSERT INTO ChildcareTransaction VALUES ('1000002428', 'Regular Childcare', '102428', '2014-08-14', '12:00:00', '14:00:00', 20.50);

INSERT INTO AllowedConnections VALUES ('102429', '129530', '129533', 12953, null);

INSERT INTO Child VALUES ('129533', 'Child2430', '2430child', '2006-02-02', null, null, '../../Pictures/default.jpg', null);

INSERT INTO ChildcareTransaction VALUES ('1000002429', 'Regular Childcare', '102429', '2014-02-14', '12:00:00', '14:00:00', 20.50);

INSERT INTO AllowedConnections VALUES ('102430', '129530', '129534', 12953, null);

INSERT INTO Child VALUES ('129534', 'Child2431', '2431child', '2006-02-02', null, null, '../../Pictures/default.jpg', null);

INSERT INTO ChildcareTransaction VALUES ('1000002430', 'Regular Childcare', '102430', '2014-07-04', '12:00:00', '14:00:00', 20.50);

INSERT INTO AllowedConnections VALUES ('102431', '129530', '129535', 12953, null);

INSERT INTO Child VALUES ('129535', 'Child2432', '2432child', '2006-02-02', null, null, '../../Pictures/default.jpg', null);

INSERT INTO ChildcareTransaction VALUES ('1000002431', 'Regular Childcare', '102431', '2014-04-11', '12:00:00', '14:00:00', 20.50);

INSERT INTO Guardian VALUES ('129530', '1234', 'Guardian608', '608guardian', '555-555-5555', 'blah@blah.com', '123 nowhere', null, 'Spokane', 'WA', '99999', '../../Pictures/default.jpg', null);

INSERT INTO Family VALUES ('12953', 42);

INSERT INTO Guardian VALUES ('129531', '1234', 'Guardian2608', '6082guardian', '555-555-5555', 'blah@blah.com', '123 nowhere', null, 'Spokane', 'WA', '99999', '../../Pictures/default.jpg', null);

INSERT INTO AllowedConnections VALUES ('102432', '129540', '129542', 12954, null);

INSERT INTO Child VALUES ('129542', 'Child2433', '2433child', '2006-02-02', null, null, '../../Pictures/default.jpg', null);

INSERT INTO ChildcareTransaction VALUES ('1000002432', 'Regular Childcare', '102432', '2014-10-19', '12:00:00', '14:00:00', 20.50);

INSERT INTO AllowedConnections VALUES ('102433', '129540', '129543', 12954, null);

INSERT INTO Child VALUES ('129543', 'Child2434', '2434child', '2006-02-02', null, null, '../../Pictures/default.jpg', null);

INSERT INTO ChildcareTransaction VALUES ('1000002433', 'Regular Childcare', '102433', '2014-03-23', '12:00:00', '14:00:00', 20.50);

INSERT INTO AllowedConnections VALUES ('102434', '129540', '129544', 12954, null);

INSERT INTO Child VALUES ('129544', 'Child2435', '2435child', '2006-02-02', null, null, '../../Pictures/default.jpg', null);

INSERT INTO ChildcareTransaction VALUES ('1000002434', 'Regular Childcare', '102434', '2014-10-22', '12:00:00', '14:00:00', 20.50);

INSERT INTO AllowedConnections VALUES ('102435', '129540', '129545', 12954, null);

INSERT INTO Child VALUES ('129545', 'Child2436', '2436child', '2006-02-02', null, null, '../../Pictures/default.jpg', null);

INSERT INTO ChildcareTransaction VALUES ('1000002435', 'Regular Childcare', '102435', '2014-01-07', '12:00:00', '14:00:00', 20.50);

INSERT INTO Guardian VALUES ('129540', '1234', 'Guardian609', '609guardian', '555-555-5555', 'blah@blah.com', '123 nowhere', null, 'Spokane', 'WA', '99999', '../../Pictures/default.jpg', null);

INSERT INTO Family VALUES ('12954', 42);

INSERT INTO Guardian VALUES ('129541', '1234', 'Guardian2609', '6092guardian', '555-555-5555', 'blah@blah.com', '123 nowhere', null, 'Spokane', 'WA', '99999', '../../Pictures/default.jpg', null);

INSERT INTO AllowedConnections VALUES ('102436', '129550', '129552', 12955, null);

INSERT INTO Child VALUES ('129552', 'Child2437', '2437child', '2006-02-02', null, null, '../../Pictures/default.jpg', null);

INSERT INTO ChildcareTransaction VALUES ('1000002436', 'Regular Childcare', '102436', '2014-03-06', '12:00:00', '14:00:00', 20.50);

INSERT INTO AllowedConnections VALUES ('102437', '129550', '129553', 12955, null);

INSERT INTO Child VALUES ('129553', 'Child2438', '2438child', '2006-02-02', null, null, '../../Pictures/default.jpg', null);

INSERT INTO ChildcareTransaction VALUES ('1000002437', 'Regular Childcare', '102437', '2014-01-22', '12:00:00', '14:00:00', 20.50);

INSERT INTO AllowedConnections VALUES ('102438', '129550', '129554', 12955, null);

INSERT INTO Child VALUES ('129554', 'Child2439', '2439child', '2006-02-02', null, null, '../../Pictures/default.jpg', null);

INSERT INTO ChildcareTransaction VALUES ('1000002438', 'Regular Childcare', '102438', '2014-08-23', '12:00:00', '14:00:00', 20.50);

INSERT INTO AllowedConnections VALUES ('102439', '129550', '129555', 12955, null);

INSERT INTO Child VALUES ('129555', 'Child2440', '2440child', '2006-02-02', null, null, '../../Pictures/default.jpg', null);

INSERT INTO ChildcareTransaction VALUES ('1000002439', 'Regular Childcare', '102439', '2014-03-19', '12:00:00', '14:00:00', 20.50);

INSERT INTO Guardian VALUES ('129550', '1234', 'Guardian610', '610guardian', '555-555-5555', 'blah@blah.com', '123 nowhere', null, 'Spokane', 'WA', '99999', '../../Pictures/default.jpg', null);

INSERT INTO Family VALUES ('12955', 42);

INSERT INTO Guardian VALUES ('129551', '1234', 'Guardian2610', '6102guardian', '555-555-5555', 'blah@blah.com', '123 nowhere', null, 'Spokane', 'WA', '99999', '../../Pictures/default.jpg', null);

INSERT INTO AllowedConnections VALUES ('102440', '129560', '129562', 12956, null);

INSERT INTO Child VALUES ('129562', 'Child2441', '2441child', '2006-02-02', null, null, '../../Pictures/default.jpg', null);

INSERT INTO ChildcareTransaction VALUES ('1000002440', 'Regular Childcare', '102440', '2014-08-28', '12:00:00', '14:00:00', 20.50);

INSERT INTO AllowedConnections VALUES ('102441', '129560', '129563', 12956, null);

INSERT INTO Child VALUES ('129563', 'Child2442', '2442child', '2006-02-02', null, null, '../../Pictures/default.jpg', null);

INSERT INTO ChildcareTransaction VALUES ('1000002441', 'Regular Childcare', '102441', '2014-02-17', '12:00:00', '14:00:00', 20.50);

INSERT INTO AllowedConnections VALUES ('102442', '129560', '129564', 12956, null);

INSERT INTO Child VALUES ('129564', 'Child2443', '2443child', '2006-02-02', null, null, '../../Pictures/default.jpg', null);

INSERT INTO ChildcareTransaction VALUES ('1000002442', 'Regular Childcare', '102442', '2014-06-22', '12:00:00', '14:00:00', 20.50);

INSERT INTO AllowedConnections VALUES ('102443', '129560', '129565', 12956, null);

INSERT INTO Child VALUES ('129565', 'Child2444', '2444child', '2006-02-02', null, null, '../../Pictures/default.jpg', null);

INSERT INTO ChildcareTransaction VALUES ('1000002443', 'Regular Childcare', '102443', '2014-09-08', '12:00:00', '14:00:00', 20.50);

INSERT INTO Guardian VALUES ('129560', '1234', 'Guardian611', '611guardian', '555-555-5555', 'blah@blah.com', '123 nowhere', null, 'Spokane', 'WA', '99999', '../../Pictures/default.jpg', null);

INSERT INTO Family VALUES ('12956', 42);

INSERT INTO Guardian VALUES ('129561', '1234', 'Guardian2611', '6112guardian', '555-555-5555', 'blah@blah.com', '123 nowhere', null, 'Spokane', 'WA', '99999', '../../Pictures/default.jpg', null);

INSERT INTO AllowedConnections VALUES ('102444', '129570', '129572', 12957, null);

INSERT INTO Child VALUES ('129572', 'Child2445', '2445child', '2006-02-02', null, null, '../../Pictures/default.jpg', null);

INSERT INTO ChildcareTransaction VALUES ('1000002444', 'Regular Childcare', '102444', '2014-12-10', '12:00:00', '14:00:00', 20.50);

INSERT INTO AllowedConnections VALUES ('102445', '129570', '129573', 12957, null);

INSERT INTO Child VALUES ('129573', 'Child2446', '2446child', '2006-02-02', null, null, '../../Pictures/default.jpg', null);

INSERT INTO ChildcareTransaction VALUES ('1000002445', 'Regular Childcare', '102445', '2014-06-19', '12:00:00', '14:00:00', 20.50);

INSERT INTO AllowedConnections VALUES ('102446', '129570', '129574', 12957, null);

INSERT INTO Child VALUES ('129574', 'Child2447', '2447child', '2006-02-02', null, null, '../../Pictures/default.jpg', null);

INSERT INTO ChildcareTransaction VALUES ('1000002446', 'Regular Childcare', '102446', '2014-09-24', '12:00:00', '14:00:00', 20.50);

INSERT INTO AllowedConnections VALUES ('102447', '129570', '129575', 12957, null);

INSERT INTO Child VALUES ('129575', 'Child2448', '2448child', '2006-02-02', null, null, '../../Pictures/default.jpg', null);

INSERT INTO ChildcareTransaction VALUES ('1000002447', 'Regular Childcare', '102447', '2014-08-03', '12:00:00', '14:00:00', 20.50);

INSERT INTO Guardian VALUES ('129570', '1234', 'Guardian612', '612guardian', '555-555-5555', 'blah@blah.com', '123 nowhere', null, 'Spokane', 'WA', '99999', '../../Pictures/default.jpg', null);

INSERT INTO Family VALUES ('12957', 42);

INSERT INTO Guardian VALUES ('129571', '1234', 'Guardian2612', '6122guardian', '555-555-5555', 'blah@blah.com', '123 nowhere', null, 'Spokane', 'WA', '99999', '../../Pictures/default.jpg', null);

INSERT INTO AllowedConnections VALUES ('102448', '129580', '129582', 12958, null);

INSERT INTO Child VALUES ('129582', 'Child2449', '2449child', '2006-02-02', null, null, '../../Pictures/default.jpg', null);

INSERT INTO ChildcareTransaction VALUES ('1000002448', 'Regular Childcare', '102448', '2014-09-19', '12:00:00', '14:00:00', 20.50);

INSERT INTO AllowedConnections VALUES ('102449', '129580', '129583', 12958, null);

INSERT INTO Child VALUES ('129583', 'Child2450', '2450child', '2006-02-02', null, null, '../../Pictures/default.jpg', null);

INSERT INTO ChildcareTransaction VALUES ('1000002449', 'Regular Childcare', '102449', '2014-07-17', '12:00:00', '14:00:00', 20.50);

INSERT INTO AllowedConnections VALUES ('102450', '129580', '129584', 12958, null);

INSERT INTO Child VALUES ('129584', 'Child2451', '2451child', '2006-02-02', null, null, '../../Pictures/default.jpg', null);

INSERT INTO ChildcareTransaction VALUES ('1000002450', 'Regular Childcare', '102450', '2014-03-17', '12:00:00', '14:00:00', 20.50);

INSERT INTO AllowedConnections VALUES ('102451', '129580', '129585', 12958, null);

INSERT INTO Child VALUES ('129585', 'Child2452', '2452child', '2006-02-02', null, null, '../../Pictures/default.jpg', null);

INSERT INTO ChildcareTransaction VALUES ('1000002451', 'Regular Childcare', '102451', '2014-08-16', '12:00:00', '14:00:00', 20.50);

INSERT INTO Guardian VALUES ('129580', '1234', 'Guardian613', '613guardian', '555-555-5555', 'blah@blah.com', '123 nowhere', null, 'Spokane', 'WA', '99999', '../../Pictures/default.jpg', null);

INSERT INTO Family VALUES ('12958', 42);

INSERT INTO Guardian VALUES ('129581', '1234', 'Guardian2613', '6132guardian', '555-555-5555', 'blah@blah.com', '123 nowhere', null, 'Spokane', 'WA', '99999', '../../Pictures/default.jpg', null);

INSERT INTO AllowedConnections VALUES ('102452', '129590', '129592', 12959, null);

INSERT INTO Child VALUES ('129592', 'Child2453', '2453child', '2006-02-02', null, null, '../../Pictures/default.jpg', null);

INSERT INTO ChildcareTransaction VALUES ('1000002452', 'Regular Childcare', '102452', '2014-03-04', '12:00:00', '14:00:00', 20.50);

INSERT INTO AllowedConnections VALUES ('102453', '129590', '129593', 12959, null);

INSERT INTO Child VALUES ('129593', 'Child2454', '2454child', '2006-02-02', null, null, '../../Pictures/default.jpg', null);

INSERT INTO ChildcareTransaction VALUES ('1000002453', 'Regular Childcare', '102453', '2014-02-14', '12:00:00', '14:00:00', 20.50);

INSERT INTO AllowedConnections VALUES ('102454', '129590', '129594', 12959, null);

INSERT INTO Child VALUES ('129594', 'Child2455', '2455child', '2006-02-02', null, null, '../../Pictures/default.jpg', null);

INSERT INTO ChildcareTransaction VALUES ('1000002454', 'Regular Childcare', '102454', '2014-12-20', '12:00:00', '14:00:00', 20.50);

INSERT INTO AllowedConnections VALUES ('102455', '129590', '129595', 12959, null);

INSERT INTO Child VALUES ('129595', 'Child2456', '2456child', '2006-02-02', null, null, '../../Pictures/default.jpg', null);

INSERT INTO ChildcareTransaction VALUES ('1000002455', 'Regular Childcare', '102455', '2014-10-26', '12:00:00', '14:00:00', 20.50);

INSERT INTO Guardian VALUES ('129590', '1234', 'Guardian614', '614guardian', '555-555-5555', 'blah@blah.com', '123 nowhere', null, 'Spokane', 'WA', '99999', '../../Pictures/default.jpg', null);

INSERT INTO Family VALUES ('12959', 42);

INSERT INTO Guardian VALUES ('129591', '1234', 'Guardian2614', '6142guardian', '555-555-5555', 'blah@blah.com', '123 nowhere', null, 'Spokane', 'WA', '99999', '../../Pictures/default.jpg', null);

INSERT INTO AllowedConnections VALUES ('102456', '129600', '129602', 12960, null);

INSERT INTO Child VALUES ('129602', 'Child2457', '2457child', '2006-02-02', null, null, '../../Pictures/default.jpg', null);

INSERT INTO ChildcareTransaction VALUES ('1000002456', 'Regular Childcare', '102456', '2014-01-25', '12:00:00', '14:00:00', 20.50);

INSERT INTO AllowedConnections VALUES ('102457', '129600', '129603', 12960, null);

INSERT INTO Child VALUES ('129603', 'Child2458', '2458child', '2006-02-02', null, null, '../../Pictures/default.jpg', null);

INSERT INTO ChildcareTransaction VALUES ('1000002457', 'Regular Childcare', '102457', '2014-10-25', '12:00:00', '14:00:00', 20.50);

INSERT INTO AllowedConnections VALUES ('102458', '129600', '129604', 12960, null);

INSERT INTO Child VALUES ('129604', 'Child2459', '2459child', '2006-02-02', null, null, '../../Pictures/default.jpg', null);

INSERT INTO ChildcareTransaction VALUES ('1000002458', 'Regular Childcare', '102458', '2014-07-20', '12:00:00', '14:00:00', 20.50);

INSERT INTO AllowedConnections VALUES ('102459', '129600', '129605', 12960, null);

INSERT INTO Child VALUES ('129605', 'Child2460', '2460child', '2006-02-02', null, null, '../../Pictures/default.jpg', null);

INSERT INTO ChildcareTransaction VALUES ('1000002459', 'Regular Childcare', '102459', '2014-02-11', '12:00:00', '14:00:00', 20.50);

INSERT INTO Guardian VALUES ('129600', '1234', 'Guardian615', '615guardian', '555-555-5555', 'blah@blah.com', '123 nowhere', null, 'Spokane', 'WA', '99999', '../../Pictures/default.jpg', null);

INSERT INTO Family VALUES ('12960', 42);

INSERT INTO Guardian VALUES ('129601', '1234', 'Guardian2615', '6152guardian', '555-555-5555', 'blah@blah.com', '123 nowhere', null, 'Spokane', 'WA', '99999', '../../Pictures/default.jpg', null);

INSERT INTO AllowedConnections VALUES ('102460', '129610', '129612', 12961, null);

INSERT INTO Child VALUES ('129612', 'Child2461', '2461child', '2006-02-02', null, null, '../../Pictures/default.jpg', null);

INSERT INTO ChildcareTransaction VALUES ('1000002460', 'Regular Childcare', '102460', '2014-01-09', '12:00:00', '14:00:00', 20.50);

INSERT INTO AllowedConnections VALUES ('102461', '129610', '129613', 12961, null);

INSERT INTO Child VALUES ('129613', 'Child2462', '2462child', '2006-02-02', null, null, '../../Pictures/default.jpg', null);

INSERT INTO ChildcareTransaction VALUES ('1000002461', 'Regular Childcare', '102461', '2014-02-26', '12:00:00', '14:00:00', 20.50);

INSERT INTO AllowedConnections VALUES ('102462', '129610', '129614', 12961, null);

INSERT INTO Child VALUES ('129614', 'Child2463', '2463child', '2006-02-02', null, null, '../../Pictures/default.jpg', null);

INSERT INTO ChildcareTransaction VALUES ('1000002462', 'Regular Childcare', '102462', '2014-05-05', '12:00:00', '14:00:00', 20.50);

INSERT INTO AllowedConnections VALUES ('102463', '129610', '129615', 12961, null);

INSERT INTO Child VALUES ('129615', 'Child2464', '2464child', '2006-02-02', null, null, '../../Pictures/default.jpg', null);

INSERT INTO ChildcareTransaction VALUES ('1000002463', 'Regular Childcare', '102463', '2014-11-02', '12:00:00', '14:00:00', 20.50);

INSERT INTO Guardian VALUES ('129610', '1234', 'Guardian616', '616guardian', '555-555-5555', 'blah@blah.com', '123 nowhere', null, 'Spokane', 'WA', '99999', '../../Pictures/default.jpg', null);

INSERT INTO Family VALUES ('12961', 42);

INSERT INTO Guardian VALUES ('129611', '1234', 'Guardian2616', '6162guardian', '555-555-5555', 'blah@blah.com', '123 nowhere', null, 'Spokane', 'WA', '99999', '../../Pictures/default.jpg', null);

INSERT INTO AllowedConnections VALUES ('102464', '129620', '129622', 12962, null);

INSERT INTO Child VALUES ('129622', 'Child2465', '2465child', '2006-02-02', null, null, '../../Pictures/default.jpg', null);

INSERT INTO ChildcareTransaction VALUES ('1000002464', 'Regular Childcare', '102464', '2014-04-23', '12:00:00', '14:00:00', 20.50);

INSERT INTO AllowedConnections VALUES ('102465', '129620', '129623', 12962, null);

INSERT INTO Child VALUES ('129623', 'Child2466', '2466child', '2006-02-02', null, null, '../../Pictures/default.jpg', null);

INSERT INTO ChildcareTransaction VALUES ('1000002465', 'Regular Childcare', '102465', '2014-05-16', '12:00:00', '14:00:00', 20.50);

INSERT INTO AllowedConnections VALUES ('102466', '129620', '129624', 12962, null);

INSERT INTO Child VALUES ('129624', 'Child2467', '2467child', '2006-02-02', null, null, '../../Pictures/default.jpg', null);

INSERT INTO ChildcareTransaction VALUES ('1000002466', 'Regular Childcare', '102466', '2014-02-09', '12:00:00', '14:00:00', 20.50);

INSERT INTO AllowedConnections VALUES ('102467', '129620', '129625', 12962, null);

INSERT INTO Child VALUES ('129625', 'Child2468', '2468child', '2006-02-02', null, null, '../../Pictures/default.jpg', null);

INSERT INTO ChildcareTransaction VALUES ('1000002467', 'Regular Childcare', '102467', '2014-05-15', '12:00:00', '14:00:00', 20.50);

INSERT INTO Guardian VALUES ('129620', '1234', 'Guardian617', '617guardian', '555-555-5555', 'blah@blah.com', '123 nowhere', null, 'Spokane', 'WA', '99999', '../../Pictures/default.jpg', null);

INSERT INTO Family VALUES ('12962', 42);

INSERT INTO Guardian VALUES ('129621', '1234', 'Guardian2617', '6172guardian', '555-555-5555', 'blah@blah.com', '123 nowhere', null, 'Spokane', 'WA', '99999', '../../Pictures/default.jpg', null);

INSERT INTO AllowedConnections VALUES ('102468', '129630', '129632', 12963, null);

INSERT INTO Child VALUES ('129632', 'Child2469', '2469child', '2006-02-02', null, null, '../../Pictures/default.jpg', null);

INSERT INTO ChildcareTransaction VALUES ('1000002468', 'Regular Childcare', '102468', '2014-06-13', '12:00:00', '14:00:00', 20.50);

INSERT INTO AllowedConnections VALUES ('102469', '129630', '129633', 12963, null);

INSERT INTO Child VALUES ('129633', 'Child2470', '2470child', '2006-02-02', null, null, '../../Pictures/default.jpg', null);

INSERT INTO ChildcareTransaction VALUES ('1000002469', 'Regular Childcare', '102469', '2014-09-15', '12:00:00', '14:00:00', 20.50);

INSERT INTO AllowedConnections VALUES ('102470', '129630', '129634', 12963, null);

INSERT INTO Child VALUES ('129634', 'Child2471', '2471child', '2006-02-02', null, null, '../../Pictures/default.jpg', null);

INSERT INTO ChildcareTransaction VALUES ('1000002470', 'Regular Childcare', '102470', '2014-04-25', '12:00:00', '14:00:00', 20.50);

INSERT INTO AllowedConnections VALUES ('102471', '129630', '129635', 12963, null);

INSERT INTO Child VALUES ('129635', 'Child2472', '2472child', '2006-02-02', null, null, '../../Pictures/default.jpg', null);

INSERT INTO ChildcareTransaction VALUES ('1000002471', 'Regular Childcare', '102471', '2014-04-13', '12:00:00', '14:00:00', 20.50);

INSERT INTO Guardian VALUES ('129630', '1234', 'Guardian618', '618guardian', '555-555-5555', 'blah@blah.com', '123 nowhere', null, 'Spokane', 'WA', '99999', '../../Pictures/default.jpg', null);

INSERT INTO Family VALUES ('12963', 42);

INSERT INTO Guardian VALUES ('129631', '1234', 'Guardian2618', '6182guardian', '555-555-5555', 'blah@blah.com', '123 nowhere', null, 'Spokane', 'WA', '99999', '../../Pictures/default.jpg', null);

INSERT INTO AllowedConnections VALUES ('102472', '129640', '129642', 12964, null);

INSERT INTO Child VALUES ('129642', 'Child2473', '2473child', '2006-02-02', null, null, '../../Pictures/default.jpg', null);

INSERT INTO ChildcareTransaction VALUES ('1000002472', 'Regular Childcare', '102472', '2014-02-14', '12:00:00', '14:00:00', 20.50);

INSERT INTO AllowedConnections VALUES ('102473', '129640', '129643', 12964, null);

INSERT INTO Child VALUES ('129643', 'Child2474', '2474child', '2006-02-02', null, null, '../../Pictures/default.jpg', null);

INSERT INTO ChildcareTransaction VALUES ('1000002473', 'Regular Childcare', '102473', '2014-01-13', '12:00:00', '14:00:00', 20.50);

INSERT INTO AllowedConnections VALUES ('102474', '129640', '129644', 12964, null);

INSERT INTO Child VALUES ('129644', 'Child2475', '2475child', '2006-02-02', null, null, '../../Pictures/default.jpg', null);

INSERT INTO ChildcareTransaction VALUES ('1000002474', 'Regular Childcare', '102474', '2014-09-04', '12:00:00', '14:00:00', 20.50);

INSERT INTO AllowedConnections VALUES ('102475', '129640', '129645', 12964, null);

INSERT INTO Child VALUES ('129645', 'Child2476', '2476child', '2006-02-02', null, null, '../../Pictures/default.jpg', null);

INSERT INTO ChildcareTransaction VALUES ('1000002475', 'Regular Childcare', '102475', '2014-02-28', '12:00:00', '14:00:00', 20.50);

INSERT INTO Guardian VALUES ('129640', '1234', 'Guardian619', '619guardian', '555-555-5555', 'blah@blah.com', '123 nowhere', null, 'Spokane', 'WA', '99999', '../../Pictures/default.jpg', null);

INSERT INTO Family VALUES ('12964', 42);

INSERT INTO Guardian VALUES ('129641', '1234', 'Guardian2619', '6192guardian', '555-555-5555', 'blah@blah.com', '123 nowhere', null, 'Spokane', 'WA', '99999', '../../Pictures/default.jpg', null);

INSERT INTO AllowedConnections VALUES ('102476', '129650', '129652', 12965, null);

INSERT INTO Child VALUES ('129652', 'Child2477', '2477child', '2006-02-02', null, null, '../../Pictures/default.jpg', null);

INSERT INTO ChildcareTransaction VALUES ('1000002476', 'Regular Childcare', '102476', '2014-05-24', '12:00:00', '14:00:00', 20.50);

INSERT INTO AllowedConnections VALUES ('102477', '129650', '129653', 12965, null);

INSERT INTO Child VALUES ('129653', 'Child2478', '2478child', '2006-02-02', null, null, '../../Pictures/default.jpg', null);

INSERT INTO ChildcareTransaction VALUES ('1000002477', 'Regular Childcare', '102477', '2014-02-11', '12:00:00', '14:00:00', 20.50);

INSERT INTO AllowedConnections VALUES ('102478', '129650', '129654', 12965, null);

INSERT INTO Child VALUES ('129654', 'Child2479', '2479child', '2006-02-02', null, null, '../../Pictures/default.jpg', null);

INSERT INTO ChildcareTransaction VALUES ('1000002478', 'Regular Childcare', '102478', '2014-11-19', '12:00:00', '14:00:00', 20.50);

INSERT INTO AllowedConnections VALUES ('102479', '129650', '129655', 12965, null);

INSERT INTO Child VALUES ('129655', 'Child2480', '2480child', '2006-02-02', null, null, '../../Pictures/default.jpg', null);

INSERT INTO ChildcareTransaction VALUES ('1000002479', 'Regular Childcare', '102479', '2014-04-19', '12:00:00', '14:00:00', 20.50);

INSERT INTO Guardian VALUES ('129650', '1234', 'Guardian620', '620guardian', '555-555-5555', 'blah@blah.com', '123 nowhere', null, 'Spokane', 'WA', '99999', '../../Pictures/default.jpg', null);

INSERT INTO Family VALUES ('12965', 42);

INSERT INTO Guardian VALUES ('129651', '1234', 'Guardian2620', '6202guardian', '555-555-5555', 'blah@blah.com', '123 nowhere', null, 'Spokane', 'WA', '99999', '../../Pictures/default.jpg', null);

INSERT INTO AllowedConnections VALUES ('102480', '129660', '129662', 12966, null);

INSERT INTO Child VALUES ('129662', 'Child2481', '2481child', '2006-02-02', null, null, '../../Pictures/default.jpg', null);

INSERT INTO ChildcareTransaction VALUES ('1000002480', 'Regular Childcare', '102480', '2014-11-26', '12:00:00', '14:00:00', 20.50);

INSERT INTO AllowedConnections VALUES ('102481', '129660', '129663', 12966, null);

INSERT INTO Child VALUES ('129663', 'Child2482', '2482child', '2006-02-02', null, null, '../../Pictures/default.jpg', null);

INSERT INTO ChildcareTransaction VALUES ('1000002481', 'Regular Childcare', '102481', '2014-04-19', '12:00:00', '14:00:00', 20.50);

INSERT INTO AllowedConnections VALUES ('102482', '129660', '129664', 12966, null);

INSERT INTO Child VALUES ('129664', 'Child2483', '2483child', '2006-02-02', null, null, '../../Pictures/default.jpg', null);

INSERT INTO ChildcareTransaction VALUES ('1000002482', 'Regular Childcare', '102482', '2014-09-13', '12:00:00', '14:00:00', 20.50);

INSERT INTO AllowedConnections VALUES ('102483', '129660', '129665', 12966, null);

INSERT INTO Child VALUES ('129665', 'Child2484', '2484child', '2006-02-02', null, null, '../../Pictures/default.jpg', null);

INSERT INTO ChildcareTransaction VALUES ('1000002483', 'Regular Childcare', '102483', '2014-10-10', '12:00:00', '14:00:00', 20.50);

INSERT INTO Guardian VALUES ('129660', '1234', 'Guardian621', '621guardian', '555-555-5555', 'blah@blah.com', '123 nowhere', null, 'Spokane', 'WA', '99999', '../../Pictures/default.jpg', null);

INSERT INTO Family VALUES ('12966', 42);

INSERT INTO Guardian VALUES ('129661', '1234', 'Guardian2621', '6212guardian', '555-555-5555', 'blah@blah.com', '123 nowhere', null, 'Spokane', 'WA', '99999', '../../Pictures/default.jpg', null);

INSERT INTO AllowedConnections VALUES ('102484', '129670', '129672', 12967, null);

INSERT INTO Child VALUES ('129672', 'Child2485', '2485child', '2006-02-02', null, null, '../../Pictures/default.jpg', null);

INSERT INTO ChildcareTransaction VALUES ('1000002484', 'Regular Childcare', '102484', '2014-03-18', '12:00:00', '14:00:00', 20.50);

INSERT INTO AllowedConnections VALUES ('102485', '129670', '129673', 12967, null);

INSERT INTO Child VALUES ('129673', 'Child2486', '2486child', '2006-02-02', null, null, '../../Pictures/default.jpg', null);

INSERT INTO ChildcareTransaction VALUES ('1000002485', 'Regular Childcare', '102485', '2014-09-03', '12:00:00', '14:00:00', 20.50);

INSERT INTO AllowedConnections VALUES ('102486', '129670', '129674', 12967, null);

INSERT INTO Child VALUES ('129674', 'Child2487', '2487child', '2006-02-02', null, null, '../../Pictures/default.jpg', null);

INSERT INTO ChildcareTransaction VALUES ('1000002486', 'Regular Childcare', '102486', '2014-10-10', '12:00:00', '14:00:00', 20.50);

INSERT INTO AllowedConnections VALUES ('102487', '129670', '129675', 12967, null);

INSERT INTO Child VALUES ('129675', 'Child2488', '2488child', '2006-02-02', null, null, '../../Pictures/default.jpg', null);

INSERT INTO ChildcareTransaction VALUES ('1000002487', 'Regular Childcare', '102487', '2014-05-28', '12:00:00', '14:00:00', 20.50);

INSERT INTO Guardian VALUES ('129670', '1234', 'Guardian622', '622guardian', '555-555-5555', 'blah@blah.com', '123 nowhere', null, 'Spokane', 'WA', '99999', '../../Pictures/default.jpg', null);

INSERT INTO Family VALUES ('12967', 42);

INSERT INTO Guardian VALUES ('129671', '1234', 'Guardian2622', '6222guardian', '555-555-5555', 'blah@blah.com', '123 nowhere', null, 'Spokane', 'WA', '99999', '../../Pictures/default.jpg', null);

INSERT INTO AllowedConnections VALUES ('102488', '129680', '129682', 12968, null);

INSERT INTO Child VALUES ('129682', 'Child2489', '2489child', '2006-02-02', null, null, '../../Pictures/default.jpg', null);

INSERT INTO ChildcareTransaction VALUES ('1000002488', 'Regular Childcare', '102488', '2014-05-27', '12:00:00', '14:00:00', 20.50);

INSERT INTO AllowedConnections VALUES ('102489', '129680', '129683', 12968, null);

INSERT INTO Child VALUES ('129683', 'Child2490', '2490child', '2006-02-02', null, null, '../../Pictures/default.jpg', null);

INSERT INTO ChildcareTransaction VALUES ('1000002489', 'Regular Childcare', '102489', '2014-11-18', '12:00:00', '14:00:00', 20.50);

INSERT INTO AllowedConnections VALUES ('102490', '129680', '129684', 12968, null);

INSERT INTO Child VALUES ('129684', 'Child2491', '2491child', '2006-02-02', null, null, '../../Pictures/default.jpg', null);

INSERT INTO ChildcareTransaction VALUES ('1000002490', 'Regular Childcare', '102490', '2014-03-05', '12:00:00', '14:00:00', 20.50);

INSERT INTO AllowedConnections VALUES ('102491', '129680', '129685', 12968, null);

INSERT INTO Child VALUES ('129685', 'Child2492', '2492child', '2006-02-02', null, null, '../../Pictures/default.jpg', null);

INSERT INTO ChildcareTransaction VALUES ('1000002491', 'Regular Childcare', '102491', '2014-11-14', '12:00:00', '14:00:00', 20.50);

INSERT INTO Guardian VALUES ('129680', '1234', 'Guardian623', '623guardian', '555-555-5555', 'blah@blah.com', '123 nowhere', null, 'Spokane', 'WA', '99999', '../../Pictures/default.jpg', null);

INSERT INTO Family VALUES ('12968', 42);

INSERT INTO Guardian VALUES ('129681', '1234', 'Guardian2623', '6232guardian', '555-555-5555', 'blah@blah.com', '123 nowhere', null, 'Spokane', 'WA', '99999', '../../Pictures/default.jpg', null);

INSERT INTO AllowedConnections VALUES ('102492', '129690', '129692', 12969, null);

INSERT INTO Child VALUES ('129692', 'Child2493', '2493child', '2006-02-02', null, null, '../../Pictures/default.jpg', null);

INSERT INTO ChildcareTransaction VALUES ('1000002492', 'Regular Childcare', '102492', '2014-07-28', '12:00:00', '14:00:00', 20.50);

INSERT INTO AllowedConnections VALUES ('102493', '129690', '129693', 12969, null);

INSERT INTO Child VALUES ('129693', 'Child2494', '2494child', '2006-02-02', null, null, '../../Pictures/default.jpg', null);

INSERT INTO ChildcareTransaction VALUES ('1000002493', 'Regular Childcare', '102493', '2014-04-15', '12:00:00', '14:00:00', 20.50);

INSERT INTO AllowedConnections VALUES ('102494', '129690', '129694', 12969, null);

INSERT INTO Child VALUES ('129694', 'Child2495', '2495child', '2006-02-02', null, null, '../../Pictures/default.jpg', null);

INSERT INTO ChildcareTransaction VALUES ('1000002494', 'Regular Childcare', '102494', '2014-04-01', '12:00:00', '14:00:00', 20.50);

INSERT INTO AllowedConnections VALUES ('102495', '129690', '129695', 12969, null);

INSERT INTO Child VALUES ('129695', 'Child2496', '2496child', '2006-02-02', null, null, '../../Pictures/default.jpg', null);

INSERT INTO ChildcareTransaction VALUES ('1000002495', 'Regular Childcare', '102495', '2014-12-15', '12:00:00', '14:00:00', 20.50);

INSERT INTO Guardian VALUES ('129690', '1234', 'Guardian624', '624guardian', '555-555-5555', 'blah@blah.com', '123 nowhere', null, 'Spokane', 'WA', '99999', '../../Pictures/default.jpg', null);

INSERT INTO Family VALUES ('12969', 42);

INSERT INTO Guardian VALUES ('129691', '1234', 'Guardian2624', '6242guardian', '555-555-5555', 'blah@blah.com', '123 nowhere', null, 'Spokane', 'WA', '99999', '../../Pictures/default.jpg', null);

INSERT INTO AllowedConnections VALUES ('102496', '129700', '129702', 12970, null);

INSERT INTO Child VALUES ('129702', 'Child2497', '2497child', '2006-02-02', null, null, '../../Pictures/default.jpg', null);

INSERT INTO ChildcareTransaction VALUES ('1000002496', 'Regular Childcare', '102496', '2014-06-12', '12:00:00', '14:00:00', 20.50);

INSERT INTO AllowedConnections VALUES ('102497', '129700', '129703', 12970, null);

INSERT INTO Child VALUES ('129703', 'Child2498', '2498child', '2006-02-02', null, null, '../../Pictures/default.jpg', null);

INSERT INTO ChildcareTransaction VALUES ('1000002497', 'Regular Childcare', '102497', '2014-12-20', '12:00:00', '14:00:00', 20.50);

INSERT INTO AllowedConnections VALUES ('102498', '129700', '129704', 12970, null);

INSERT INTO Child VALUES ('129704', 'Child2499', '2499child', '2006-02-02', null, null, '../../Pictures/default.jpg', null);

INSERT INTO ChildcareTransaction VALUES ('1000002498', 'Regular Childcare', '102498', '2014-09-10', '12:00:00', '14:00:00', 20.50);

INSERT INTO AllowedConnections VALUES ('102499', '129700', '129705', 12970, null);

INSERT INTO Child VALUES ('129705', 'Child2500', '2500child', '2006-02-02', null, null, '../../Pictures/default.jpg', null);

INSERT INTO ChildcareTransaction VALUES ('1000002499', 'Regular Childcare', '102499', '2014-07-24', '12:00:00', '14:00:00', 20.50);

INSERT INTO Guardian VALUES ('129700', '1234', 'Guardian625', '625guardian', '555-555-5555', 'blah@blah.com', '123 nowhere', null, 'Spokane', 'WA', '99999', '../../Pictures/default.jpg', null);

INSERT INTO Family VALUES ('12970', 42);

INSERT INTO Guardian VALUES ('129701', '1234', 'Guardian2625', '6252guardian', '555-555-5555', 'blah@blah.com', '123 nowhere', null, 'Spokane', 'WA', '99999', '../../Pictures/default.jpg', null);

INSERT INTO AllowedConnections VALUES ('102500', '129710', '129712', 12971, null);

INSERT INTO Child VALUES ('129712', 'Child2501', '2501child', '2006-02-02', null, null, '../../Pictures/default.jpg', null);

INSERT INTO ChildcareTransaction VALUES ('1000002500', 'Regular Childcare', '102500', '2014-04-05', '12:00:00', '14:00:00', 20.50);

INSERT INTO AllowedConnections VALUES ('102501', '129710', '129713', 12971, null);

INSERT INTO Child VALUES ('129713', 'Child2502', '2502child', '2006-02-02', null, null, '../../Pictures/default.jpg', null);

INSERT INTO ChildcareTransaction VALUES ('1000002501', 'Regular Childcare', '102501', '2014-12-10', '12:00:00', '14:00:00', 20.50);

INSERT INTO AllowedConnections VALUES ('102502', '129710', '129714', 12971, null);

INSERT INTO Child VALUES ('129714', 'Child2503', '2503child', '2006-02-02', null, null, '../../Pictures/default.jpg', null);

INSERT INTO ChildcareTransaction VALUES ('1000002502', 'Regular Childcare', '102502', '2014-01-26', '12:00:00', '14:00:00', 20.50);

INSERT INTO AllowedConnections VALUES ('102503', '129710', '129715', 12971, null);

INSERT INTO Child VALUES ('129715', 'Child2504', '2504child', '2006-02-02', null, null, '../../Pictures/default.jpg', null);

INSERT INTO ChildcareTransaction VALUES ('1000002503', 'Regular Childcare', '102503', '2014-01-19', '12:00:00', '14:00:00', 20.50);

INSERT INTO Guardian VALUES ('129710', '1234', 'Guardian626', '626guardian', '555-555-5555', 'blah@blah.com', '123 nowhere', null, 'Spokane', 'WA', '99999', '../../Pictures/default.jpg', null);

INSERT INTO Family VALUES ('12971', 42);

INSERT INTO Guardian VALUES ('129711', '1234', 'Guardian2626', '6262guardian', '555-555-5555', 'blah@blah.com', '123 nowhere', null, 'Spokane', 'WA', '99999', '../../Pictures/default.jpg', null);

INSERT INTO AllowedConnections VALUES ('102504', '129720', '129722', 12972, null);

INSERT INTO Child VALUES ('129722', 'Child2505', '2505child', '2006-02-02', null, null, '../../Pictures/default.jpg', null);

INSERT INTO ChildcareTransaction VALUES ('1000002504', 'Regular Childcare', '102504', '2014-11-11', '12:00:00', '14:00:00', 20.50);

INSERT INTO AllowedConnections VALUES ('102505', '129720', '129723', 12972, null);

INSERT INTO Child VALUES ('129723', 'Child2506', '2506child', '2006-02-02', null, null, '../../Pictures/default.jpg', null);

INSERT INTO ChildcareTransaction VALUES ('1000002505', 'Regular Childcare', '102505', '2014-10-02', '12:00:00', '14:00:00', 20.50);

INSERT INTO AllowedConnections VALUES ('102506', '129720', '129724', 12972, null);

INSERT INTO Child VALUES ('129724', 'Child2507', '2507child', '2006-02-02', null, null, '../../Pictures/default.jpg', null);

INSERT INTO ChildcareTransaction VALUES ('1000002506', 'Regular Childcare', '102506', '2014-09-04', '12:00:00', '14:00:00', 20.50);

INSERT INTO AllowedConnections VALUES ('102507', '129720', '129725', 12972, null);

INSERT INTO Child VALUES ('129725', 'Child2508', '2508child', '2006-02-02', null, null, '../../Pictures/default.jpg', null);

INSERT INTO ChildcareTransaction VALUES ('1000002507', 'Regular Childcare', '102507', '2014-05-09', '12:00:00', '14:00:00', 20.50);

INSERT INTO Guardian VALUES ('129720', '1234', 'Guardian627', '627guardian', '555-555-5555', 'blah@blah.com', '123 nowhere', null, 'Spokane', 'WA', '99999', '../../Pictures/default.jpg', null);

INSERT INTO Family VALUES ('12972', 42);

INSERT INTO Guardian VALUES ('129721', '1234', 'Guardian2627', '6272guardian', '555-555-5555', 'blah@blah.com', '123 nowhere', null, 'Spokane', 'WA', '99999', '../../Pictures/default.jpg', null);

INSERT INTO AllowedConnections VALUES ('102508', '129730', '129732', 12973, null);

INSERT INTO Child VALUES ('129732', 'Child2509', '2509child', '2006-02-02', null, null, '../../Pictures/default.jpg', null);

INSERT INTO ChildcareTransaction VALUES ('1000002508', 'Regular Childcare', '102508', '2014-02-28', '12:00:00', '14:00:00', 20.50);

INSERT INTO AllowedConnections VALUES ('102509', '129730', '129733', 12973, null);

INSERT INTO Child VALUES ('129733', 'Child2510', '2510child', '2006-02-02', null, null, '../../Pictures/default.jpg', null);

INSERT INTO ChildcareTransaction VALUES ('1000002509', 'Regular Childcare', '102509', '2014-01-28', '12:00:00', '14:00:00', 20.50);

INSERT INTO AllowedConnections VALUES ('102510', '129730', '129734', 12973, null);

INSERT INTO Child VALUES ('129734', 'Child2511', '2511child', '2006-02-02', null, null, '../../Pictures/default.jpg', null);

INSERT INTO ChildcareTransaction VALUES ('1000002510', 'Regular Childcare', '102510', '2014-02-13', '12:00:00', '14:00:00', 20.50);

INSERT INTO AllowedConnections VALUES ('102511', '129730', '129735', 12973, null);

INSERT INTO Child VALUES ('129735', 'Child2512', '2512child', '2006-02-02', null, null, '../../Pictures/default.jpg', null);

INSERT INTO ChildcareTransaction VALUES ('1000002511', 'Regular Childcare', '102511', '2014-07-20', '12:00:00', '14:00:00', 20.50);

INSERT INTO Guardian VALUES ('129730', '1234', 'Guardian628', '628guardian', '555-555-5555', 'blah@blah.com', '123 nowhere', null, 'Spokane', 'WA', '99999', '../../Pictures/default.jpg', null);

INSERT INTO Family VALUES ('12973', 42);

INSERT INTO Guardian VALUES ('129731', '1234', 'Guardian2628', '6282guardian', '555-555-5555', 'blah@blah.com', '123 nowhere', null, 'Spokane', 'WA', '99999', '../../Pictures/default.jpg', null);

INSERT INTO AllowedConnections VALUES ('102512', '129740', '129742', 12974, null);

INSERT INTO Child VALUES ('129742', 'Child2513', '2513child', '2006-02-02', null, null, '../../Pictures/default.jpg', null);

INSERT INTO ChildcareTransaction VALUES ('1000002512', 'Regular Childcare', '102512', '2014-03-17', '12:00:00', '14:00:00', 20.50);

INSERT INTO AllowedConnections VALUES ('102513', '129740', '129743', 12974, null);

INSERT INTO Child VALUES ('129743', 'Child2514', '2514child', '2006-02-02', null, null, '../../Pictures/default.jpg', null);

INSERT INTO ChildcareTransaction VALUES ('1000002513', 'Regular Childcare', '102513', '2014-11-22', '12:00:00', '14:00:00', 20.50);

INSERT INTO AllowedConnections VALUES ('102514', '129740', '129744', 12974, null);

INSERT INTO Child VALUES ('129744', 'Child2515', '2515child', '2006-02-02', null, null, '../../Pictures/default.jpg', null);

INSERT INTO ChildcareTransaction VALUES ('1000002514', 'Regular Childcare', '102514', '2014-10-15', '12:00:00', '14:00:00', 20.50);

INSERT INTO AllowedConnections VALUES ('102515', '129740', '129745', 12974, null);

INSERT INTO Child VALUES ('129745', 'Child2516', '2516child', '2006-02-02', null, null, '../../Pictures/default.jpg', null);

INSERT INTO ChildcareTransaction VALUES ('1000002515', 'Regular Childcare', '102515', '2014-02-23', '12:00:00', '14:00:00', 20.50);

INSERT INTO Guardian VALUES ('129740', '1234', 'Guardian629', '629guardian', '555-555-5555', 'blah@blah.com', '123 nowhere', null, 'Spokane', 'WA', '99999', '../../Pictures/default.jpg', null);

INSERT INTO Family VALUES ('12974', 42);

INSERT INTO Guardian VALUES ('129741', '1234', 'Guardian2629', '6292guardian', '555-555-5555', 'blah@blah.com', '123 nowhere', null, 'Spokane', 'WA', '99999', '../../Pictures/default.jpg', null);

INSERT INTO AllowedConnections VALUES ('102516', '129750', '129752', 12975, null);

INSERT INTO Child VALUES ('129752', 'Child2517', '2517child', '2006-02-02', null, null, '../../Pictures/default.jpg', null);

INSERT INTO ChildcareTransaction VALUES ('1000002516', 'Regular Childcare', '102516', '2014-01-02', '12:00:00', '14:00:00', 20.50);

INSERT INTO AllowedConnections VALUES ('102517', '129750', '129753', 12975, null);

INSERT INTO Child VALUES ('129753', 'Child2518', '2518child', '2006-02-02', null, null, '../../Pictures/default.jpg', null);

INSERT INTO ChildcareTransaction VALUES ('1000002517', 'Regular Childcare', '102517', '2014-05-12', '12:00:00', '14:00:00', 20.50);

INSERT INTO AllowedConnections VALUES ('102518', '129750', '129754', 12975, null);

INSERT INTO Child VALUES ('129754', 'Child2519', '2519child', '2006-02-02', null, null, '../../Pictures/default.jpg', null);

INSERT INTO ChildcareTransaction VALUES ('1000002518', 'Regular Childcare', '102518', '2014-10-16', '12:00:00', '14:00:00', 20.50);

INSERT INTO AllowedConnections VALUES ('102519', '129750', '129755', 12975, null);

INSERT INTO Child VALUES ('129755', 'Child2520', '2520child', '2006-02-02', null, null, '../../Pictures/default.jpg', null);

INSERT INTO ChildcareTransaction VALUES ('1000002519', 'Regular Childcare', '102519', '2014-02-08', '12:00:00', '14:00:00', 20.50);

INSERT INTO Guardian VALUES ('129750', '1234', 'Guardian630', '630guardian', '555-555-5555', 'blah@blah.com', '123 nowhere', null, 'Spokane', 'WA', '99999', '../../Pictures/default.jpg', null);

INSERT INTO Family VALUES ('12975', 42);

INSERT INTO Guardian VALUES ('129751', '1234', 'Guardian2630', '6302guardian', '555-555-5555', 'blah@blah.com', '123 nowhere', null, 'Spokane', 'WA', '99999', '../../Pictures/default.jpg', null);

INSERT INTO AllowedConnections VALUES ('102520', '129760', '129762', 12976, null);

INSERT INTO Child VALUES ('129762', 'Child2521', '2521child', '2006-02-02', null, null, '../../Pictures/default.jpg', null);

INSERT INTO ChildcareTransaction VALUES ('1000002520', 'Regular Childcare', '102520', '2014-09-20', '12:00:00', '14:00:00', 20.50);

INSERT INTO AllowedConnections VALUES ('102521', '129760', '129763', 12976, null);

INSERT INTO Child VALUES ('129763', 'Child2522', '2522child', '2006-02-02', null, null, '../../Pictures/default.jpg', null);

INSERT INTO ChildcareTransaction VALUES ('1000002521', 'Regular Childcare', '102521', '2014-02-21', '12:00:00', '14:00:00', 20.50);

INSERT INTO AllowedConnections VALUES ('102522', '129760', '129764', 12976, null);

INSERT INTO Child VALUES ('129764', 'Child2523', '2523child', '2006-02-02', null, null, '../../Pictures/default.jpg', null);

INSERT INTO ChildcareTransaction VALUES ('1000002522', 'Regular Childcare', '102522', '2014-09-15', '12:00:00', '14:00:00', 20.50);

INSERT INTO AllowedConnections VALUES ('102523', '129760', '129765', 12976, null);

INSERT INTO Child VALUES ('129765', 'Child2524', '2524child', '2006-02-02', null, null, '../../Pictures/default.jpg', null);

INSERT INTO ChildcareTransaction VALUES ('1000002523', 'Regular Childcare', '102523', '2014-12-13', '12:00:00', '14:00:00', 20.50);

INSERT INTO Guardian VALUES ('129760', '1234', 'Guardian631', '631guardian', '555-555-5555', 'blah@blah.com', '123 nowhere', null, 'Spokane', 'WA', '99999', '../../Pictures/default.jpg', null);

INSERT INTO Family VALUES ('12976', 42);

INSERT INTO Guardian VALUES ('129761', '1234', 'Guardian2631', '6312guardian', '555-555-5555', 'blah@blah.com', '123 nowhere', null, 'Spokane', 'WA', '99999', '../../Pictures/default.jpg', null);

INSERT INTO AllowedConnections VALUES ('102524', '129770', '129772', 12977, null);

INSERT INTO Child VALUES ('129772', 'Child2525', '2525child', '2006-02-02', null, null, '../../Pictures/default.jpg', null);

INSERT INTO ChildcareTransaction VALUES ('1000002524', 'Regular Childcare', '102524', '2014-02-26', '12:00:00', '14:00:00', 20.50);

INSERT INTO AllowedConnections VALUES ('102525', '129770', '129773', 12977, null);

INSERT INTO Child VALUES ('129773', 'Child2526', '2526child', '2006-02-02', null, null, '../../Pictures/default.jpg', null);

INSERT INTO ChildcareTransaction VALUES ('1000002525', 'Regular Childcare', '102525', '2014-11-22', '12:00:00', '14:00:00', 20.50);

INSERT INTO AllowedConnections VALUES ('102526', '129770', '129774', 12977, null);

INSERT INTO Child VALUES ('129774', 'Child2527', '2527child', '2006-02-02', null, null, '../../Pictures/default.jpg', null);

INSERT INTO ChildcareTransaction VALUES ('1000002526', 'Regular Childcare', '102526', '2014-10-26', '12:00:00', '14:00:00', 20.50);

INSERT INTO AllowedConnections VALUES ('102527', '129770', '129775', 12977, null);

INSERT INTO Child VALUES ('129775', 'Child2528', '2528child', '2006-02-02', null, null, '../../Pictures/default.jpg', null);

INSERT INTO ChildcareTransaction VALUES ('1000002527', 'Regular Childcare', '102527', '2014-08-05', '12:00:00', '14:00:00', 20.50);

INSERT INTO Guardian VALUES ('129770', '1234', 'Guardian632', '632guardian', '555-555-5555', 'blah@blah.com', '123 nowhere', null, 'Spokane', 'WA', '99999', '../../Pictures/default.jpg', null);

INSERT INTO Family VALUES ('12977', 42);

INSERT INTO Guardian VALUES ('129771', '1234', 'Guardian2632', '6322guardian', '555-555-5555', 'blah@blah.com', '123 nowhere', null, 'Spokane', 'WA', '99999', '../../Pictures/default.jpg', null);

INSERT INTO AllowedConnections VALUES ('102528', '129780', '129782', 12978, null);

INSERT INTO Child VALUES ('129782', 'Child2529', '2529child', '2006-02-02', null, null, '../../Pictures/default.jpg', null);

INSERT INTO ChildcareTransaction VALUES ('1000002528', 'Regular Childcare', '102528', '2014-02-28', '12:00:00', '14:00:00', 20.50);

INSERT INTO AllowedConnections VALUES ('102529', '129780', '129783', 12978, null);

INSERT INTO Child VALUES ('129783', 'Child2530', '2530child', '2006-02-02', null, null, '../../Pictures/default.jpg', null);

INSERT INTO ChildcareTransaction VALUES ('1000002529', 'Regular Childcare', '102529', '2014-11-13', '12:00:00', '14:00:00', 20.50);

INSERT INTO AllowedConnections VALUES ('102530', '129780', '129784', 12978, null);

INSERT INTO Child VALUES ('129784', 'Child2531', '2531child', '2006-02-02', null, null, '../../Pictures/default.jpg', null);

INSERT INTO ChildcareTransaction VALUES ('1000002530', 'Regular Childcare', '102530', '2014-10-06', '12:00:00', '14:00:00', 20.50);

INSERT INTO AllowedConnections VALUES ('102531', '129780', '129785', 12978, null);

INSERT INTO Child VALUES ('129785', 'Child2532', '2532child', '2006-02-02', null, null, '../../Pictures/default.jpg', null);

INSERT INTO ChildcareTransaction VALUES ('1000002531', 'Regular Childcare', '102531', '2014-10-28', '12:00:00', '14:00:00', 20.50);

INSERT INTO Guardian VALUES ('129780', '1234', 'Guardian633', '633guardian', '555-555-5555', 'blah@blah.com', '123 nowhere', null, 'Spokane', 'WA', '99999', '../../Pictures/default.jpg', null);

INSERT INTO Family VALUES ('12978', 42);

INSERT INTO Guardian VALUES ('129781', '1234', 'Guardian2633', '6332guardian', '555-555-5555', 'blah@blah.com', '123 nowhere', null, 'Spokane', 'WA', '99999', '../../Pictures/default.jpg', null);

INSERT INTO AllowedConnections VALUES ('102532', '129790', '129792', 12979, null);

INSERT INTO Child VALUES ('129792', 'Child2533', '2533child', '2006-02-02', null, null, '../../Pictures/default.jpg', null);

INSERT INTO ChildcareTransaction VALUES ('1000002532', 'Regular Childcare', '102532', '2014-10-12', '12:00:00', '14:00:00', 20.50);

INSERT INTO AllowedConnections VALUES ('102533', '129790', '129793', 12979, null);

INSERT INTO Child VALUES ('129793', 'Child2534', '2534child', '2006-02-02', null, null, '../../Pictures/default.jpg', null);

INSERT INTO ChildcareTransaction VALUES ('1000002533', 'Regular Childcare', '102533', '2014-10-24', '12:00:00', '14:00:00', 20.50);

INSERT INTO AllowedConnections VALUES ('102534', '129790', '129794', 12979, null);

INSERT INTO Child VALUES ('129794', 'Child2535', '2535child', '2006-02-02', null, null, '../../Pictures/default.jpg', null);

INSERT INTO ChildcareTransaction VALUES ('1000002534', 'Regular Childcare', '102534', '2014-09-08', '12:00:00', '14:00:00', 20.50);

INSERT INTO AllowedConnections VALUES ('102535', '129790', '129795', 12979, null);

INSERT INTO Child VALUES ('129795', 'Child2536', '2536child', '2006-02-02', null, null, '../../Pictures/default.jpg', null);

INSERT INTO ChildcareTransaction VALUES ('1000002535', 'Regular Childcare', '102535', '2014-07-04', '12:00:00', '14:00:00', 20.50);

INSERT INTO Guardian VALUES ('129790', '1234', 'Guardian634', '634guardian', '555-555-5555', 'blah@blah.com', '123 nowhere', null, 'Spokane', 'WA', '99999', '../../Pictures/default.jpg', null);

INSERT INTO Family VALUES ('12979', 42);

INSERT INTO Guardian VALUES ('129791', '1234', 'Guardian2634', '6342guardian', '555-555-5555', 'blah@blah.com', '123 nowhere', null, 'Spokane', 'WA', '99999', '../../Pictures/default.jpg', null);

INSERT INTO AllowedConnections VALUES ('102536', '129800', '129802', 12980, null);

INSERT INTO Child VALUES ('129802', 'Child2537', '2537child', '2006-02-02', null, null, '../../Pictures/default.jpg', null);

INSERT INTO ChildcareTransaction VALUES ('1000002536', 'Regular Childcare', '102536', '2014-06-10', '12:00:00', '14:00:00', 20.50);

INSERT INTO AllowedConnections VALUES ('102537', '129800', '129803', 12980, null);

INSERT INTO Child VALUES ('129803', 'Child2538', '2538child', '2006-02-02', null, null, '../../Pictures/default.jpg', null);

INSERT INTO ChildcareTransaction VALUES ('1000002537', 'Regular Childcare', '102537', '2014-06-28', '12:00:00', '14:00:00', 20.50);

INSERT INTO AllowedConnections VALUES ('102538', '129800', '129804', 12980, null);

INSERT INTO Child VALUES ('129804', 'Child2539', '2539child', '2006-02-02', null, null, '../../Pictures/default.jpg', null);

INSERT INTO ChildcareTransaction VALUES ('1000002538', 'Regular Childcare', '102538', '2014-06-10', '12:00:00', '14:00:00', 20.50);

INSERT INTO AllowedConnections VALUES ('102539', '129800', '129805', 12980, null);

INSERT INTO Child VALUES ('129805', 'Child2540', '2540child', '2006-02-02', null, null, '../../Pictures/default.jpg', null);

INSERT INTO ChildcareTransaction VALUES ('1000002539', 'Regular Childcare', '102539', '2014-03-18', '12:00:00', '14:00:00', 20.50);

INSERT INTO Guardian VALUES ('129800', '1234', 'Guardian635', '635guardian', '555-555-5555', 'blah@blah.com', '123 nowhere', null, 'Spokane', 'WA', '99999', '../../Pictures/default.jpg', null);

INSERT INTO Family VALUES ('12980', 42);

INSERT INTO Guardian VALUES ('129801', '1234', 'Guardian2635', '6352guardian', '555-555-5555', 'blah@blah.com', '123 nowhere', null, 'Spokane', 'WA', '99999', '../../Pictures/default.jpg', null);

INSERT INTO AllowedConnections VALUES ('102540', '129810', '129812', 12981, null);

INSERT INTO Child VALUES ('129812', 'Child2541', '2541child', '2006-02-02', null, null, '../../Pictures/default.jpg', null);

INSERT INTO ChildcareTransaction VALUES ('1000002540', 'Regular Childcare', '102540', '2014-02-18', '12:00:00', '14:00:00', 20.50);

INSERT INTO AllowedConnections VALUES ('102541', '129810', '129813', 12981, null);

INSERT INTO Child VALUES ('129813', 'Child2542', '2542child', '2006-02-02', null, null, '../../Pictures/default.jpg', null);

INSERT INTO ChildcareTransaction VALUES ('1000002541', 'Regular Childcare', '102541', '2014-12-10', '12:00:00', '14:00:00', 20.50);

INSERT INTO AllowedConnections VALUES ('102542', '129810', '129814', 12981, null);

INSERT INTO Child VALUES ('129814', 'Child2543', '2543child', '2006-02-02', null, null, '../../Pictures/default.jpg', null);

INSERT INTO ChildcareTransaction VALUES ('1000002542', 'Regular Childcare', '102542', '2014-08-25', '12:00:00', '14:00:00', 20.50);

INSERT INTO AllowedConnections VALUES ('102543', '129810', '129815', 12981, null);

INSERT INTO Child VALUES ('129815', 'Child2544', '2544child', '2006-02-02', null, null, '../../Pictures/default.jpg', null);

INSERT INTO ChildcareTransaction VALUES ('1000002543', 'Regular Childcare', '102543', '2014-09-21', '12:00:00', '14:00:00', 20.50);

INSERT INTO Guardian VALUES ('129810', '1234', 'Guardian636', '636guardian', '555-555-5555', 'blah@blah.com', '123 nowhere', null, 'Spokane', 'WA', '99999', '../../Pictures/default.jpg', null);

INSERT INTO Family VALUES ('12981', 42);

INSERT INTO Guardian VALUES ('129811', '1234', 'Guardian2636', '6362guardian', '555-555-5555', 'blah@blah.com', '123 nowhere', null, 'Spokane', 'WA', '99999', '../../Pictures/default.jpg', null);

INSERT INTO AllowedConnections VALUES ('102544', '129820', '129822', 12982, null);

INSERT INTO Child VALUES ('129822', 'Child2545', '2545child', '2006-02-02', null, null, '../../Pictures/default.jpg', null);

INSERT INTO ChildcareTransaction VALUES ('1000002544', 'Regular Childcare', '102544', '2014-07-16', '12:00:00', '14:00:00', 20.50);

INSERT INTO AllowedConnections VALUES ('102545', '129820', '129823', 12982, null);

INSERT INTO Child VALUES ('129823', 'Child2546', '2546child', '2006-02-02', null, null, '../../Pictures/default.jpg', null);

INSERT INTO ChildcareTransaction VALUES ('1000002545', 'Regular Childcare', '102545', '2014-10-15', '12:00:00', '14:00:00', 20.50);

INSERT INTO AllowedConnections VALUES ('102546', '129820', '129824', 12982, null);

INSERT INTO Child VALUES ('129824', 'Child2547', '2547child', '2006-02-02', null, null, '../../Pictures/default.jpg', null);

INSERT INTO ChildcareTransaction VALUES ('1000002546', 'Regular Childcare', '102546', '2014-05-08', '12:00:00', '14:00:00', 20.50);

INSERT INTO AllowedConnections VALUES ('102547', '129820', '129825', 12982, null);

INSERT INTO Child VALUES ('129825', 'Child2548', '2548child', '2006-02-02', null, null, '../../Pictures/default.jpg', null);

INSERT INTO ChildcareTransaction VALUES ('1000002547', 'Regular Childcare', '102547', '2014-02-23', '12:00:00', '14:00:00', 20.50);

INSERT INTO Guardian VALUES ('129820', '1234', 'Guardian637', '637guardian', '555-555-5555', 'blah@blah.com', '123 nowhere', null, 'Spokane', 'WA', '99999', '../../Pictures/default.jpg', null);

INSERT INTO Family VALUES ('12982', 42);

INSERT INTO Guardian VALUES ('129821', '1234', 'Guardian2637', '6372guardian', '555-555-5555', 'blah@blah.com', '123 nowhere', null, 'Spokane', 'WA', '99999', '../../Pictures/default.jpg', null);

INSERT INTO AllowedConnections VALUES ('102548', '129830', '129832', 12983, null);

INSERT INTO Child VALUES ('129832', 'Child2549', '2549child', '2006-02-02', null, null, '../../Pictures/default.jpg', null);

INSERT INTO ChildcareTransaction VALUES ('1000002548', 'Regular Childcare', '102548', '2014-02-09', '12:00:00', '14:00:00', 20.50);

INSERT INTO AllowedConnections VALUES ('102549', '129830', '129833', 12983, null);

INSERT INTO Child VALUES ('129833', 'Child2550', '2550child', '2006-02-02', null, null, '../../Pictures/default.jpg', null);

INSERT INTO ChildcareTransaction VALUES ('1000002549', 'Regular Childcare', '102549', '2014-08-24', '12:00:00', '14:00:00', 20.50);

INSERT INTO AllowedConnections VALUES ('102550', '129830', '129834', 12983, null);

INSERT INTO Child VALUES ('129834', 'Child2551', '2551child', '2006-02-02', null, null, '../../Pictures/default.jpg', null);

INSERT INTO ChildcareTransaction VALUES ('1000002550', 'Regular Childcare', '102550', '2014-05-26', '12:00:00', '14:00:00', 20.50);

INSERT INTO AllowedConnections VALUES ('102551', '129830', '129835', 12983, null);

INSERT INTO Child VALUES ('129835', 'Child2552', '2552child', '2006-02-02', null, null, '../../Pictures/default.jpg', null);

INSERT INTO ChildcareTransaction VALUES ('1000002551', 'Regular Childcare', '102551', '2014-04-27', '12:00:00', '14:00:00', 20.50);

INSERT INTO Guardian VALUES ('129830', '1234', 'Guardian638', '638guardian', '555-555-5555', 'blah@blah.com', '123 nowhere', null, 'Spokane', 'WA', '99999', '../../Pictures/default.jpg', null);

INSERT INTO Family VALUES ('12983', 42);

INSERT INTO Guardian VALUES ('129831', '1234', 'Guardian2638', '6382guardian', '555-555-5555', 'blah@blah.com', '123 nowhere', null, 'Spokane', 'WA', '99999', '../../Pictures/default.jpg', null);

INSERT INTO AllowedConnections VALUES ('102552', '129840', '129842', 12984, null);

INSERT INTO Child VALUES ('129842', 'Child2553', '2553child', '2006-02-02', null, null, '../../Pictures/default.jpg', null);

INSERT INTO ChildcareTransaction VALUES ('1000002552', 'Regular Childcare', '102552', '2014-10-08', '12:00:00', '14:00:00', 20.50);

INSERT INTO AllowedConnections VALUES ('102553', '129840', '129843', 12984, null);

INSERT INTO Child VALUES ('129843', 'Child2554', '2554child', '2006-02-02', null, null, '../../Pictures/default.jpg', null);

INSERT INTO ChildcareTransaction VALUES ('1000002553', 'Regular Childcare', '102553', '2014-03-19', '12:00:00', '14:00:00', 20.50);

INSERT INTO AllowedConnections VALUES ('102554', '129840', '129844', 12984, null);

INSERT INTO Child VALUES ('129844', 'Child2555', '2555child', '2006-02-02', null, null, '../../Pictures/default.jpg', null);

INSERT INTO ChildcareTransaction VALUES ('1000002554', 'Regular Childcare', '102554', '2014-10-03', '12:00:00', '14:00:00', 20.50);

INSERT INTO AllowedConnections VALUES ('102555', '129840', '129845', 12984, null);

INSERT INTO Child VALUES ('129845', 'Child2556', '2556child', '2006-02-02', null, null, '../../Pictures/default.jpg', null);

INSERT INTO ChildcareTransaction VALUES ('1000002555', 'Regular Childcare', '102555', '2014-04-06', '12:00:00', '14:00:00', 20.50);

INSERT INTO Guardian VALUES ('129840', '1234', 'Guardian639', '639guardian', '555-555-5555', 'blah@blah.com', '123 nowhere', null, 'Spokane', 'WA', '99999', '../../Pictures/default.jpg', null);

INSERT INTO Family VALUES ('12984', 42);

INSERT INTO Guardian VALUES ('129841', '1234', 'Guardian2639', '6392guardian', '555-555-5555', 'blah@blah.com', '123 nowhere', null, 'Spokane', 'WA', '99999', '../../Pictures/default.jpg', null);

INSERT INTO AllowedConnections VALUES ('102556', '129850', '129852', 12985, null);

INSERT INTO Child VALUES ('129852', 'Child2557', '2557child', '2006-02-02', null, null, '../../Pictures/default.jpg', null);

INSERT INTO ChildcareTransaction VALUES ('1000002556', 'Regular Childcare', '102556', '2014-04-20', '12:00:00', '14:00:00', 20.50);

INSERT INTO AllowedConnections VALUES ('102557', '129850', '129853', 12985, null);

INSERT INTO Child VALUES ('129853', 'Child2558', '2558child', '2006-02-02', null, null, '../../Pictures/default.jpg', null);

INSERT INTO ChildcareTransaction VALUES ('1000002557', 'Regular Childcare', '102557', '2014-07-27', '12:00:00', '14:00:00', 20.50);

INSERT INTO AllowedConnections VALUES ('102558', '129850', '129854', 12985, null);

INSERT INTO Child VALUES ('129854', 'Child2559', '2559child', '2006-02-02', null, null, '../../Pictures/default.jpg', null);

INSERT INTO ChildcareTransaction VALUES ('1000002558', 'Regular Childcare', '102558', '2014-03-11', '12:00:00', '14:00:00', 20.50);

INSERT INTO AllowedConnections VALUES ('102559', '129850', '129855', 12985, null);

INSERT INTO Child VALUES ('129855', 'Child2560', '2560child', '2006-02-02', null, null, '../../Pictures/default.jpg', null);

INSERT INTO ChildcareTransaction VALUES ('1000002559', 'Regular Childcare', '102559', '2014-07-09', '12:00:00', '14:00:00', 20.50);

INSERT INTO Guardian VALUES ('129850', '1234', 'Guardian640', '640guardian', '555-555-5555', 'blah@blah.com', '123 nowhere', null, 'Spokane', 'WA', '99999', '../../Pictures/default.jpg', null);

INSERT INTO Family VALUES ('12985', 42);

INSERT INTO Guardian VALUES ('129851', '1234', 'Guardian2640', '6402guardian', '555-555-5555', 'blah@blah.com', '123 nowhere', null, 'Spokane', 'WA', '99999', '../../Pictures/default.jpg', null);

INSERT INTO AllowedConnections VALUES ('102560', '129860', '129862', 12986, null);

INSERT INTO Child VALUES ('129862', 'Child2561', '2561child', '2006-02-02', null, null, '../../Pictures/default.jpg', null);

INSERT INTO ChildcareTransaction VALUES ('1000002560', 'Regular Childcare', '102560', '2014-07-23', '12:00:00', '14:00:00', 20.50);

INSERT INTO AllowedConnections VALUES ('102561', '129860', '129863', 12986, null);

INSERT INTO Child VALUES ('129863', 'Child2562', '2562child', '2006-02-02', null, null, '../../Pictures/default.jpg', null);

INSERT INTO ChildcareTransaction VALUES ('1000002561', 'Regular Childcare', '102561', '2014-02-19', '12:00:00', '14:00:00', 20.50);

INSERT INTO AllowedConnections VALUES ('102562', '129860', '129864', 12986, null);

INSERT INTO Child VALUES ('129864', 'Child2563', '2563child', '2006-02-02', null, null, '../../Pictures/default.jpg', null);

INSERT INTO ChildcareTransaction VALUES ('1000002562', 'Regular Childcare', '102562', '2014-02-27', '12:00:00', '14:00:00', 20.50);

INSERT INTO AllowedConnections VALUES ('102563', '129860', '129865', 12986, null);

INSERT INTO Child VALUES ('129865', 'Child2564', '2564child', '2006-02-02', null, null, '../../Pictures/default.jpg', null);

INSERT INTO ChildcareTransaction VALUES ('1000002563', 'Regular Childcare', '102563', '2014-04-16', '12:00:00', '14:00:00', 20.50);

INSERT INTO Guardian VALUES ('129860', '1234', 'Guardian641', '641guardian', '555-555-5555', 'blah@blah.com', '123 nowhere', null, 'Spokane', 'WA', '99999', '../../Pictures/default.jpg', null);

INSERT INTO Family VALUES ('12986', 42);

INSERT INTO Guardian VALUES ('129861', '1234', 'Guardian2641', '6412guardian', '555-555-5555', 'blah@blah.com', '123 nowhere', null, 'Spokane', 'WA', '99999', '../../Pictures/default.jpg', null);

INSERT INTO AllowedConnections VALUES ('102564', '129870', '129872', 12987, null);

INSERT INTO Child VALUES ('129872', 'Child2565', '2565child', '2006-02-02', null, null, '../../Pictures/default.jpg', null);

INSERT INTO ChildcareTransaction VALUES ('1000002564', 'Regular Childcare', '102564', '2014-08-22', '12:00:00', '14:00:00', 20.50);

INSERT INTO AllowedConnections VALUES ('102565', '129870', '129873', 12987, null);

INSERT INTO Child VALUES ('129873', 'Child2566', '2566child', '2006-02-02', null, null, '../../Pictures/default.jpg', null);

INSERT INTO ChildcareTransaction VALUES ('1000002565', 'Regular Childcare', '102565', '2014-07-04', '12:00:00', '14:00:00', 20.50);

INSERT INTO AllowedConnections VALUES ('102566', '129870', '129874', 12987, null);

INSERT INTO Child VALUES ('129874', 'Child2567', '2567child', '2006-02-02', null, null, '../../Pictures/default.jpg', null);

INSERT INTO ChildcareTransaction VALUES ('1000002566', 'Regular Childcare', '102566', '2014-06-19', '12:00:00', '14:00:00', 20.50);

INSERT INTO AllowedConnections VALUES ('102567', '129870', '129875', 12987, null);

INSERT INTO Child VALUES ('129875', 'Child2568', '2568child', '2006-02-02', null, null, '../../Pictures/default.jpg', null);

INSERT INTO ChildcareTransaction VALUES ('1000002567', 'Regular Childcare', '102567', '2014-02-18', '12:00:00', '14:00:00', 20.50);

INSERT INTO Guardian VALUES ('129870', '1234', 'Guardian642', '642guardian', '555-555-5555', 'blah@blah.com', '123 nowhere', null, 'Spokane', 'WA', '99999', '../../Pictures/default.jpg', null);

INSERT INTO Family VALUES ('12987', 42);

INSERT INTO Guardian VALUES ('129871', '1234', 'Guardian2642', '6422guardian', '555-555-5555', 'blah@blah.com', '123 nowhere', null, 'Spokane', 'WA', '99999', '../../Pictures/default.jpg', null);

INSERT INTO AllowedConnections VALUES ('102568', '129880', '129882', 12988, null);

INSERT INTO Child VALUES ('129882', 'Child2569', '2569child', '2006-02-02', null, null, '../../Pictures/default.jpg', null);

INSERT INTO ChildcareTransaction VALUES ('1000002568', 'Regular Childcare', '102568', '2014-06-19', '12:00:00', '14:00:00', 20.50);

INSERT INTO AllowedConnections VALUES ('102569', '129880', '129883', 12988, null);

INSERT INTO Child VALUES ('129883', 'Child2570', '2570child', '2006-02-02', null, null, '../../Pictures/default.jpg', null);

INSERT INTO ChildcareTransaction VALUES ('1000002569', 'Regular Childcare', '102569', '2014-08-21', '12:00:00', '14:00:00', 20.50);

INSERT INTO AllowedConnections VALUES ('102570', '129880', '129884', 12988, null);

INSERT INTO Child VALUES ('129884', 'Child2571', '2571child', '2006-02-02', null, null, '../../Pictures/default.jpg', null);

INSERT INTO ChildcareTransaction VALUES ('1000002570', 'Regular Childcare', '102570', '2014-10-28', '12:00:00', '14:00:00', 20.50);

INSERT INTO AllowedConnections VALUES ('102571', '129880', '129885', 12988, null);

INSERT INTO Child VALUES ('129885', 'Child2572', '2572child', '2006-02-02', null, null, '../../Pictures/default.jpg', null);

INSERT INTO ChildcareTransaction VALUES ('1000002571', 'Regular Childcare', '102571', '2014-05-13', '12:00:00', '14:00:00', 20.50);

INSERT INTO Guardian VALUES ('129880', '1234', 'Guardian643', '643guardian', '555-555-5555', 'blah@blah.com', '123 nowhere', null, 'Spokane', 'WA', '99999', '../../Pictures/default.jpg', null);

INSERT INTO Family VALUES ('12988', 42);

INSERT INTO Guardian VALUES ('129881', '1234', 'Guardian2643', '6432guardian', '555-555-5555', 'blah@blah.com', '123 nowhere', null, 'Spokane', 'WA', '99999', '../../Pictures/default.jpg', null);

INSERT INTO AllowedConnections VALUES ('102572', '129890', '129892', 12989, null);

INSERT INTO Child VALUES ('129892', 'Child2573', '2573child', '2006-02-02', null, null, '../../Pictures/default.jpg', null);

INSERT INTO ChildcareTransaction VALUES ('1000002572', 'Regular Childcare', '102572', '2014-04-09', '12:00:00', '14:00:00', 20.50);

INSERT INTO AllowedConnections VALUES ('102573', '129890', '129893', 12989, null);

INSERT INTO Child VALUES ('129893', 'Child2574', '2574child', '2006-02-02', null, null, '../../Pictures/default.jpg', null);

INSERT INTO ChildcareTransaction VALUES ('1000002573', 'Regular Childcare', '102573', '2014-11-08', '12:00:00', '14:00:00', 20.50);

INSERT INTO AllowedConnections VALUES ('102574', '129890', '129894', 12989, null);

INSERT INTO Child VALUES ('129894', 'Child2575', '2575child', '2006-02-02', null, null, '../../Pictures/default.jpg', null);

INSERT INTO ChildcareTransaction VALUES ('1000002574', 'Regular Childcare', '102574', '2014-12-24', '12:00:00', '14:00:00', 20.50);

INSERT INTO AllowedConnections VALUES ('102575', '129890', '129895', 12989, null);

INSERT INTO Child VALUES ('129895', 'Child2576', '2576child', '2006-02-02', null, null, '../../Pictures/default.jpg', null);

INSERT INTO ChildcareTransaction VALUES ('1000002575', 'Regular Childcare', '102575', '2014-06-15', '12:00:00', '14:00:00', 20.50);

INSERT INTO Guardian VALUES ('129890', '1234', 'Guardian644', '644guardian', '555-555-5555', 'blah@blah.com', '123 nowhere', null, 'Spokane', 'WA', '99999', '../../Pictures/default.jpg', null);

INSERT INTO Family VALUES ('12989', 42);

INSERT INTO Guardian VALUES ('129891', '1234', 'Guardian2644', '6442guardian', '555-555-5555', 'blah@blah.com', '123 nowhere', null, 'Spokane', 'WA', '99999', '../../Pictures/default.jpg', null);

INSERT INTO AllowedConnections VALUES ('102576', '129900', '129902', 12990, null);

INSERT INTO Child VALUES ('129902', 'Child2577', '2577child', '2006-02-02', null, null, '../../Pictures/default.jpg', null);

INSERT INTO ChildcareTransaction VALUES ('1000002576', 'Regular Childcare', '102576', '2014-05-18', '12:00:00', '14:00:00', 20.50);

INSERT INTO AllowedConnections VALUES ('102577', '129900', '129903', 12990, null);

INSERT INTO Child VALUES ('129903', 'Child2578', '2578child', '2006-02-02', null, null, '../../Pictures/default.jpg', null);

INSERT INTO ChildcareTransaction VALUES ('1000002577', 'Regular Childcare', '102577', '2014-05-19', '12:00:00', '14:00:00', 20.50);

INSERT INTO AllowedConnections VALUES ('102578', '129900', '129904', 12990, null);

INSERT INTO Child VALUES ('129904', 'Child2579', '2579child', '2006-02-02', null, null, '../../Pictures/default.jpg', null);

INSERT INTO ChildcareTransaction VALUES ('1000002578', 'Regular Childcare', '102578', '2014-12-14', '12:00:00', '14:00:00', 20.50);

INSERT INTO AllowedConnections VALUES ('102579', '129900', '129905', 12990, null);

INSERT INTO Child VALUES ('129905', 'Child2580', '2580child', '2006-02-02', null, null, '../../Pictures/default.jpg', null);

INSERT INTO ChildcareTransaction VALUES ('1000002579', 'Regular Childcare', '102579', '2014-01-16', '12:00:00', '14:00:00', 20.50);

INSERT INTO Guardian VALUES ('129900', '1234', 'Guardian645', '645guardian', '555-555-5555', 'blah@blah.com', '123 nowhere', null, 'Spokane', 'WA', '99999', '../../Pictures/default.jpg', null);

INSERT INTO Family VALUES ('12990', 42);

INSERT INTO Guardian VALUES ('129901', '1234', 'Guardian2645', '6452guardian', '555-555-5555', 'blah@blah.com', '123 nowhere', null, 'Spokane', 'WA', '99999', '../../Pictures/default.jpg', null);

INSERT INTO AllowedConnections VALUES ('102580', '129910', '129912', 12991, null);

INSERT INTO Child VALUES ('129912', 'Child2581', '2581child', '2006-02-02', null, null, '../../Pictures/default.jpg', null);

INSERT INTO ChildcareTransaction VALUES ('1000002580', 'Regular Childcare', '102580', '2014-05-25', '12:00:00', '14:00:00', 20.50);

INSERT INTO AllowedConnections VALUES ('102581', '129910', '129913', 12991, null);

INSERT INTO Child VALUES ('129913', 'Child2582', '2582child', '2006-02-02', null, null, '../../Pictures/default.jpg', null);

INSERT INTO ChildcareTransaction VALUES ('1000002581', 'Regular Childcare', '102581', '2014-12-13', '12:00:00', '14:00:00', 20.50);

INSERT INTO AllowedConnections VALUES ('102582', '129910', '129914', 12991, null);

INSERT INTO Child VALUES ('129914', 'Child2583', '2583child', '2006-02-02', null, null, '../../Pictures/default.jpg', null);

INSERT INTO ChildcareTransaction VALUES ('1000002582', 'Regular Childcare', '102582', '2014-05-12', '12:00:00', '14:00:00', 20.50);

INSERT INTO AllowedConnections VALUES ('102583', '129910', '129915', 12991, null);

INSERT INTO Child VALUES ('129915', 'Child2584', '2584child', '2006-02-02', null, null, '../../Pictures/default.jpg', null);

INSERT INTO ChildcareTransaction VALUES ('1000002583', 'Regular Childcare', '102583', '2014-06-13', '12:00:00', '14:00:00', 20.50);

INSERT INTO Guardian VALUES ('129910', '1234', 'Guardian646', '646guardian', '555-555-5555', 'blah@blah.com', '123 nowhere', null, 'Spokane', 'WA', '99999', '../../Pictures/default.jpg', null);

INSERT INTO Family VALUES ('12991', 42);

INSERT INTO Guardian VALUES ('129911', '1234', 'Guardian2646', '6462guardian', '555-555-5555', 'blah@blah.com', '123 nowhere', null, 'Spokane', 'WA', '99999', '../../Pictures/default.jpg', null);

INSERT INTO AllowedConnections VALUES ('102584', '129920', '129922', 12992, null);

INSERT INTO Child VALUES ('129922', 'Child2585', '2585child', '2006-02-02', null, null, '../../Pictures/default.jpg', null);

INSERT INTO ChildcareTransaction VALUES ('1000002584', 'Regular Childcare', '102584', '2014-09-07', '12:00:00', '14:00:00', 20.50);

INSERT INTO AllowedConnections VALUES ('102585', '129920', '129923', 12992, null);

INSERT INTO Child VALUES ('129923', 'Child2586', '2586child', '2006-02-02', null, null, '../../Pictures/default.jpg', null);

INSERT INTO ChildcareTransaction VALUES ('1000002585', 'Regular Childcare', '102585', '2014-09-13', '12:00:00', '14:00:00', 20.50);

INSERT INTO AllowedConnections VALUES ('102586', '129920', '129924', 12992, null);

INSERT INTO Child VALUES ('129924', 'Child2587', '2587child', '2006-02-02', null, null, '../../Pictures/default.jpg', null);

INSERT INTO ChildcareTransaction VALUES ('1000002586', 'Regular Childcare', '102586', '2014-07-10', '12:00:00', '14:00:00', 20.50);

INSERT INTO AllowedConnections VALUES ('102587', '129920', '129925', 12992, null);

INSERT INTO Child VALUES ('129925', 'Child2588', '2588child', '2006-02-02', null, null, '../../Pictures/default.jpg', null);

INSERT INTO ChildcareTransaction VALUES ('1000002587', 'Regular Childcare', '102587', '2014-01-18', '12:00:00', '14:00:00', 20.50);

INSERT INTO Guardian VALUES ('129920', '1234', 'Guardian647', '647guardian', '555-555-5555', 'blah@blah.com', '123 nowhere', null, 'Spokane', 'WA', '99999', '../../Pictures/default.jpg', null);

INSERT INTO Family VALUES ('12992', 42);

INSERT INTO Guardian VALUES ('129921', '1234', 'Guardian2647', '6472guardian', '555-555-5555', 'blah@blah.com', '123 nowhere', null, 'Spokane', 'WA', '99999', '../../Pictures/default.jpg', null);

INSERT INTO AllowedConnections VALUES ('102588', '129930', '129932', 12993, null);

INSERT INTO Child VALUES ('129932', 'Child2589', '2589child', '2006-02-02', null, null, '../../Pictures/default.jpg', null);

INSERT INTO ChildcareTransaction VALUES ('1000002588', 'Regular Childcare', '102588', '2014-01-14', '12:00:00', '14:00:00', 20.50);

INSERT INTO AllowedConnections VALUES ('102589', '129930', '129933', 12993, null);

INSERT INTO Child VALUES ('129933', 'Child2590', '2590child', '2006-02-02', null, null, '../../Pictures/default.jpg', null);

INSERT INTO ChildcareTransaction VALUES ('1000002589', 'Regular Childcare', '102589', '2014-07-11', '12:00:00', '14:00:00', 20.50);

INSERT INTO AllowedConnections VALUES ('102590', '129930', '129934', 12993, null);

INSERT INTO Child VALUES ('129934', 'Child2591', '2591child', '2006-02-02', null, null, '../../Pictures/default.jpg', null);

INSERT INTO ChildcareTransaction VALUES ('1000002590', 'Regular Childcare', '102590', '2014-07-12', '12:00:00', '14:00:00', 20.50);

INSERT INTO AllowedConnections VALUES ('102591', '129930', '129935', 12993, null);

INSERT INTO Child VALUES ('129935', 'Child2592', '2592child', '2006-02-02', null, null, '../../Pictures/default.jpg', null);

INSERT INTO ChildcareTransaction VALUES ('1000002591', 'Regular Childcare', '102591', '2014-05-14', '12:00:00', '14:00:00', 20.50);

INSERT INTO Guardian VALUES ('129930', '1234', 'Guardian648', '648guardian', '555-555-5555', 'blah@blah.com', '123 nowhere', null, 'Spokane', 'WA', '99999', '../../Pictures/default.jpg', null);

INSERT INTO Family VALUES ('12993', 42);

INSERT INTO Guardian VALUES ('129931', '1234', 'Guardian2648', '6482guardian', '555-555-5555', 'blah@blah.com', '123 nowhere', null, 'Spokane', 'WA', '99999', '../../Pictures/default.jpg', null);

INSERT INTO AllowedConnections VALUES ('102592', '129940', '129942', 12994, null);

INSERT INTO Child VALUES ('129942', 'Child2593', '2593child', '2006-02-02', null, null, '../../Pictures/default.jpg', null);

INSERT INTO ChildcareTransaction VALUES ('1000002592', 'Regular Childcare', '102592', '2014-03-06', '12:00:00', '14:00:00', 20.50);

INSERT INTO AllowedConnections VALUES ('102593', '129940', '129943', 12994, null);

INSERT INTO Child VALUES ('129943', 'Child2594', '2594child', '2006-02-02', null, null, '../../Pictures/default.jpg', null);

INSERT INTO ChildcareTransaction VALUES ('1000002593', 'Regular Childcare', '102593', '2014-07-09', '12:00:00', '14:00:00', 20.50);

INSERT INTO AllowedConnections VALUES ('102594', '129940', '129944', 12994, null);

INSERT INTO Child VALUES ('129944', 'Child2595', '2595child', '2006-02-02', null, null, '../../Pictures/default.jpg', null);

INSERT INTO ChildcareTransaction VALUES ('1000002594', 'Regular Childcare', '102594', '2014-12-01', '12:00:00', '14:00:00', 20.50);

INSERT INTO AllowedConnections VALUES ('102595', '129940', '129945', 12994, null);

INSERT INTO Child VALUES ('129945', 'Child2596', '2596child', '2006-02-02', null, null, '../../Pictures/default.jpg', null);

INSERT INTO ChildcareTransaction VALUES ('1000002595', 'Regular Childcare', '102595', '2014-12-19', '12:00:00', '14:00:00', 20.50);

INSERT INTO Guardian VALUES ('129940', '1234', 'Guardian649', '649guardian', '555-555-5555', 'blah@blah.com', '123 nowhere', null, 'Spokane', 'WA', '99999', '../../Pictures/default.jpg', null);

INSERT INTO Family VALUES ('12994', 42);

INSERT INTO Guardian VALUES ('129941', '1234', 'Guardian2649', '6492guardian', '555-555-5555', 'blah@blah.com', '123 nowhere', null, 'Spokane', 'WA', '99999', '../../Pictures/default.jpg', null);

INSERT INTO AllowedConnections VALUES ('102596', '129950', '129952', 12995, null);

INSERT INTO Child VALUES ('129952', 'Child2597', '2597child', '2006-02-02', null, null, '../../Pictures/default.jpg', null);

INSERT INTO ChildcareTransaction VALUES ('1000002596', 'Regular Childcare', '102596', '2014-03-17', '12:00:00', '14:00:00', 20.50);

INSERT INTO AllowedConnections VALUES ('102597', '129950', '129953', 12995, null);

INSERT INTO Child VALUES ('129953', 'Child2598', '2598child', '2006-02-02', null, null, '../../Pictures/default.jpg', null);

INSERT INTO ChildcareTransaction VALUES ('1000002597', 'Regular Childcare', '102597', '2014-03-15', '12:00:00', '14:00:00', 20.50);

INSERT INTO AllowedConnections VALUES ('102598', '129950', '129954', 12995, null);

INSERT INTO Child VALUES ('129954', 'Child2599', '2599child', '2006-02-02', null, null, '../../Pictures/default.jpg', null);

INSERT INTO ChildcareTransaction VALUES ('1000002598', 'Regular Childcare', '102598', '2014-01-28', '12:00:00', '14:00:00', 20.50);

INSERT INTO AllowedConnections VALUES ('102599', '129950', '129955', 12995, null);

INSERT INTO Child VALUES ('129955', 'Child2600', '2600child', '2006-02-02', null, null, '../../Pictures/default.jpg', null);

INSERT INTO ChildcareTransaction VALUES ('1000002599', 'Regular Childcare', '102599', '2014-01-10', '12:00:00', '14:00:00', 20.50);

INSERT INTO Guardian VALUES ('129950', '1234', 'Guardian650', '650guardian', '555-555-5555', 'blah@blah.com', '123 nowhere', null, 'Spokane', 'WA', '99999', '../../Pictures/default.jpg', null);

INSERT INTO Family VALUES ('12995', 42);

INSERT INTO Guardian VALUES ('129951', '1234', 'Guardian2650', '6502guardian', '555-555-5555', 'blah@blah.com', '123 nowhere', null, 'Spokane', 'WA', '99999', '../../Pictures/default.jpg', null);

INSERT INTO AllowedConnections VALUES ('102600', '129960', '129962', 12996, null);

INSERT INTO Child VALUES ('129962', 'Child2601', '2601child', '2006-02-02', null, null, '../../Pictures/default.jpg', null);

INSERT INTO ChildcareTransaction VALUES ('1000002600', 'Regular Childcare', '102600', '2014-09-19', '12:00:00', '14:00:00', 20.50);

INSERT INTO AllowedConnections VALUES ('102601', '129960', '129963', 12996, null);

INSERT INTO Child VALUES ('129963', 'Child2602', '2602child', '2006-02-02', null, null, '../../Pictures/default.jpg', null);

INSERT INTO ChildcareTransaction VALUES ('1000002601', 'Regular Childcare', '102601', '2014-10-09', '12:00:00', '14:00:00', 20.50);

INSERT INTO AllowedConnections VALUES ('102602', '129960', '129964', 12996, null);

INSERT INTO Child VALUES ('129964', 'Child2603', '2603child', '2006-02-02', null, null, '../../Pictures/default.jpg', null);

INSERT INTO ChildcareTransaction VALUES ('1000002602', 'Regular Childcare', '102602', '2014-10-11', '12:00:00', '14:00:00', 20.50);

INSERT INTO AllowedConnections VALUES ('102603', '129960', '129965', 12996, null);

INSERT INTO Child VALUES ('129965', 'Child2604', '2604child', '2006-02-02', null, null, '../../Pictures/default.jpg', null);

INSERT INTO ChildcareTransaction VALUES ('1000002603', 'Regular Childcare', '102603', '2014-05-22', '12:00:00', '14:00:00', 20.50);

INSERT INTO Guardian VALUES ('129960', '1234', 'Guardian651', '651guardian', '555-555-5555', 'blah@blah.com', '123 nowhere', null, 'Spokane', 'WA', '99999', '../../Pictures/default.jpg', null);

INSERT INTO Family VALUES ('12996', 42);

INSERT INTO Guardian VALUES ('129961', '1234', 'Guardian2651', '6512guardian', '555-555-5555', 'blah@blah.com', '123 nowhere', null, 'Spokane', 'WA', '99999', '../../Pictures/default.jpg', null);

INSERT INTO AllowedConnections VALUES ('102604', '129970', '129972', 12997, null);

INSERT INTO Child VALUES ('129972', 'Child2605', '2605child', '2006-02-02', null, null, '../../Pictures/default.jpg', null);

INSERT INTO ChildcareTransaction VALUES ('1000002604', 'Regular Childcare', '102604', '2014-01-12', '12:00:00', '14:00:00', 20.50);

INSERT INTO AllowedConnections VALUES ('102605', '129970', '129973', 12997, null);

INSERT INTO Child VALUES ('129973', 'Child2606', '2606child', '2006-02-02', null, null, '../../Pictures/default.jpg', null);

INSERT INTO ChildcareTransaction VALUES ('1000002605', 'Regular Childcare', '102605', '2014-02-23', '12:00:00', '14:00:00', 20.50);

INSERT INTO AllowedConnections VALUES ('102606', '129970', '129974', 12997, null);

INSERT INTO Child VALUES ('129974', 'Child2607', '2607child', '2006-02-02', null, null, '../../Pictures/default.jpg', null);

INSERT INTO ChildcareTransaction VALUES ('1000002606', 'Regular Childcare', '102606', '2014-09-03', '12:00:00', '14:00:00', 20.50);

INSERT INTO AllowedConnections VALUES ('102607', '129970', '129975', 12997, null);

INSERT INTO Child VALUES ('129975', 'Child2608', '2608child', '2006-02-02', null, null, '../../Pictures/default.jpg', null);

INSERT INTO ChildcareTransaction VALUES ('1000002607', 'Regular Childcare', '102607', '2014-11-18', '12:00:00', '14:00:00', 20.50);

INSERT INTO Guardian VALUES ('129970', '1234', 'Guardian652', '652guardian', '555-555-5555', 'blah@blah.com', '123 nowhere', null, 'Spokane', 'WA', '99999', '../../Pictures/default.jpg', null);

INSERT INTO Family VALUES ('12997', 42);

INSERT INTO Guardian VALUES ('129971', '1234', 'Guardian2652', '6522guardian', '555-555-5555', 'blah@blah.com', '123 nowhere', null, 'Spokane', 'WA', '99999', '../../Pictures/default.jpg', null);

INSERT INTO AllowedConnections VALUES ('102608', '129980', '129982', 12998, null);

INSERT INTO Child VALUES ('129982', 'Child2609', '2609child', '2006-02-02', null, null, '../../Pictures/default.jpg', null);

INSERT INTO ChildcareTransaction VALUES ('1000002608', 'Regular Childcare', '102608', '2014-06-12', '12:00:00', '14:00:00', 20.50);

INSERT INTO AllowedConnections VALUES ('102609', '129980', '129983', 12998, null);

INSERT INTO Child VALUES ('129983', 'Child2610', '2610child', '2006-02-02', null, null, '../../Pictures/default.jpg', null);

INSERT INTO ChildcareTransaction VALUES ('1000002609', 'Regular Childcare', '102609', '2014-02-01', '12:00:00', '14:00:00', 20.50);

INSERT INTO AllowedConnections VALUES ('102610', '129980', '129984', 12998, null);

INSERT INTO Child VALUES ('129984', 'Child2611', '2611child', '2006-02-02', null, null, '../../Pictures/default.jpg', null);

INSERT INTO ChildcareTransaction VALUES ('1000002610', 'Regular Childcare', '102610', '2014-06-15', '12:00:00', '14:00:00', 20.50);

INSERT INTO AllowedConnections VALUES ('102611', '129980', '129985', 12998, null);

INSERT INTO Child VALUES ('129985', 'Child2612', '2612child', '2006-02-02', null, null, '../../Pictures/default.jpg', null);

INSERT INTO ChildcareTransaction VALUES ('1000002611', 'Regular Childcare', '102611', '2014-09-17', '12:00:00', '14:00:00', 20.50);

INSERT INTO Guardian VALUES ('129980', '1234', 'Guardian653', '653guardian', '555-555-5555', 'blah@blah.com', '123 nowhere', null, 'Spokane', 'WA', '99999', '../../Pictures/default.jpg', null);

INSERT INTO Family VALUES ('12998', 42);

INSERT INTO Guardian VALUES ('129981', '1234', 'Guardian2653', '6532guardian', '555-555-5555', 'blah@blah.com', '123 nowhere', null, 'Spokane', 'WA', '99999', '../../Pictures/default.jpg', null);

INSERT INTO AllowedConnections VALUES ('102612', '129990', '129992', 12999, null);

INSERT INTO Child VALUES ('129992', 'Child2613', '2613child', '2006-02-02', null, null, '../../Pictures/default.jpg', null);

INSERT INTO ChildcareTransaction VALUES ('1000002612', 'Regular Childcare', '102612', '2014-04-14', '12:00:00', '14:00:00', 20.50);

INSERT INTO AllowedConnections VALUES ('102613', '129990', '129993', 12999, null);

INSERT INTO Child VALUES ('129993', 'Child2614', '2614child', '2006-02-02', null, null, '../../Pictures/default.jpg', null);

INSERT INTO ChildcareTransaction VALUES ('1000002613', 'Regular Childcare', '102613', '2014-08-07', '12:00:00', '14:00:00', 20.50);

INSERT INTO AllowedConnections VALUES ('102614', '129990', '129994', 12999, null);

INSERT INTO Child VALUES ('129994', 'Child2615', '2615child', '2006-02-02', null, null, '../../Pictures/default.jpg', null);

INSERT INTO ChildcareTransaction VALUES ('1000002614', 'Regular Childcare', '102614', '2014-01-22', '12:00:00', '14:00:00', 20.50);

INSERT INTO AllowedConnections VALUES ('102615', '129990', '129995', 12999, null);

INSERT INTO Child VALUES ('129995', 'Child2616', '2616child', '2006-02-02', null, null, '../../Pictures/default.jpg', null);

INSERT INTO ChildcareTransaction VALUES ('1000002615', 'Regular Childcare', '102615', '2014-06-19', '12:00:00', '14:00:00', 20.50);

INSERT INTO Guardian VALUES ('129990', '1234', 'Guardian654', '654guardian', '555-555-5555', 'blah@blah.com', '123 nowhere', null, 'Spokane', 'WA', '99999', '../../Pictures/default.jpg', null);

INSERT INTO Family VALUES ('12999', 42);

INSERT INTO Guardian VALUES ('129991', '1234', 'Guardian2654', '6542guardian', '555-555-5555', 'blah@blah.com', '123 nowhere', null, 'Spokane', 'WA', '99999', '../../Pictures/default.jpg', null);

INSERT INTO AllowedConnections VALUES ('102616', '130000', '130002', 13000, null);

INSERT INTO Child VALUES ('130002', 'Child2617', '2617child', '2006-02-02', null, null, '../../Pictures/default.jpg', null);

INSERT INTO ChildcareTransaction VALUES ('1000002616', 'Regular Childcare', '102616', '2014-01-23', '12:00:00', '14:00:00', 20.50);

INSERT INTO AllowedConnections VALUES ('102617', '130000', '130003', 13000, null);

INSERT INTO Child VALUES ('130003', 'Child2618', '2618child', '2006-02-02', null, null, '../../Pictures/default.jpg', null);

INSERT INTO ChildcareTransaction VALUES ('1000002617', 'Regular Childcare', '102617', '2014-06-03', '12:00:00', '14:00:00', 20.50);

INSERT INTO AllowedConnections VALUES ('102618', '130000', '130004', 13000, null);

INSERT INTO Child VALUES ('130004', 'Child2619', '2619child', '2006-02-02', null, null, '../../Pictures/default.jpg', null);

INSERT INTO ChildcareTransaction VALUES ('1000002618', 'Regular Childcare', '102618', '2014-03-02', '12:00:00', '14:00:00', 20.50);

INSERT INTO AllowedConnections VALUES ('102619', '130000', '130005', 13000, null);

INSERT INTO Child VALUES ('130005', 'Child2620', '2620child', '2006-02-02', null, null, '../../Pictures/default.jpg', null);

INSERT INTO ChildcareTransaction VALUES ('1000002619', 'Regular Childcare', '102619', '2014-03-26', '12:00:00', '14:00:00', 20.50);

INSERT INTO Guardian VALUES ('130000', '1234', 'Guardian655', '655guardian', '555-555-5555', 'blah@blah.com', '123 nowhere', null, 'Spokane', 'WA', '99999', '../../Pictures/default.jpg', null);

INSERT INTO Family VALUES ('13000', 42);

INSERT INTO Guardian VALUES ('130001', '1234', 'Guardian2655', '6552guardian', '555-555-5555', 'blah@blah.com', '123 nowhere', null, 'Spokane', 'WA', '99999', '../../Pictures/default.jpg', null);

INSERT INTO AllowedConnections VALUES ('102620', '130010', '130012', 13001, null);

INSERT INTO Child VALUES ('130012', 'Child2621', '2621child', '2006-02-02', null, null, '../../Pictures/default.jpg', null);

INSERT INTO ChildcareTransaction VALUES ('1000002620', 'Regular Childcare', '102620', '2014-04-26', '12:00:00', '14:00:00', 20.50);

INSERT INTO AllowedConnections VALUES ('102621', '130010', '130013', 13001, null);

INSERT INTO Child VALUES ('130013', 'Child2622', '2622child', '2006-02-02', null, null, '../../Pictures/default.jpg', null);

INSERT INTO ChildcareTransaction VALUES ('1000002621', 'Regular Childcare', '102621', '2014-02-18', '12:00:00', '14:00:00', 20.50);

INSERT INTO AllowedConnections VALUES ('102622', '130010', '130014', 13001, null);

INSERT INTO Child VALUES ('130014', 'Child2623', '2623child', '2006-02-02', null, null, '../../Pictures/default.jpg', null);

INSERT INTO ChildcareTransaction VALUES ('1000002622', 'Regular Childcare', '102622', '2014-04-18', '12:00:00', '14:00:00', 20.50);

INSERT INTO AllowedConnections VALUES ('102623', '130010', '130015', 13001, null);

INSERT INTO Child VALUES ('130015', 'Child2624', '2624child', '2006-02-02', null, null, '../../Pictures/default.jpg', null);

INSERT INTO ChildcareTransaction VALUES ('1000002623', 'Regular Childcare', '102623', '2014-08-12', '12:00:00', '14:00:00', 20.50);

INSERT INTO Guardian VALUES ('130010', '1234', 'Guardian656', '656guardian', '555-555-5555', 'blah@blah.com', '123 nowhere', null, 'Spokane', 'WA', '99999', '../../Pictures/default.jpg', null);

INSERT INTO Family VALUES ('13001', 42);

INSERT INTO Guardian VALUES ('130011', '1234', 'Guardian2656', '6562guardian', '555-555-5555', 'blah@blah.com', '123 nowhere', null, 'Spokane', 'WA', '99999', '../../Pictures/default.jpg', null);

INSERT INTO AllowedConnections VALUES ('102624', '130020', '130022', 13002, null);

INSERT INTO Child VALUES ('130022', 'Child2625', '2625child', '2006-02-02', null, null, '../../Pictures/default.jpg', null);

INSERT INTO ChildcareTransaction VALUES ('1000002624', 'Regular Childcare', '102624', '2014-06-07', '12:00:00', '14:00:00', 20.50);

INSERT INTO AllowedConnections VALUES ('102625', '130020', '130023', 13002, null);

INSERT INTO Child VALUES ('130023', 'Child2626', '2626child', '2006-02-02', null, null, '../../Pictures/default.jpg', null);

INSERT INTO ChildcareTransaction VALUES ('1000002625', 'Regular Childcare', '102625', '2014-07-07', '12:00:00', '14:00:00', 20.50);

INSERT INTO AllowedConnections VALUES ('102626', '130020', '130024', 13002, null);

INSERT INTO Child VALUES ('130024', 'Child2627', '2627child', '2006-02-02', null, null, '../../Pictures/default.jpg', null);

INSERT INTO ChildcareTransaction VALUES ('1000002626', 'Regular Childcare', '102626', '2014-05-19', '12:00:00', '14:00:00', 20.50);

INSERT INTO AllowedConnections VALUES ('102627', '130020', '130025', 13002, null);

INSERT INTO Child VALUES ('130025', 'Child2628', '2628child', '2006-02-02', null, null, '../../Pictures/default.jpg', null);

INSERT INTO ChildcareTransaction VALUES ('1000002627', 'Regular Childcare', '102627', '2014-07-15', '12:00:00', '14:00:00', 20.50);

INSERT INTO Guardian VALUES ('130020', '1234', 'Guardian657', '657guardian', '555-555-5555', 'blah@blah.com', '123 nowhere', null, 'Spokane', 'WA', '99999', '../../Pictures/default.jpg', null);

INSERT INTO Family VALUES ('13002', 42);

INSERT INTO Guardian VALUES ('130021', '1234', 'Guardian2657', '6572guardian', '555-555-5555', 'blah@blah.com', '123 nowhere', null, 'Spokane', 'WA', '99999', '../../Pictures/default.jpg', null);

INSERT INTO AllowedConnections VALUES ('102628', '130030', '130032', 13003, null);

INSERT INTO Child VALUES ('130032', 'Child2629', '2629child', '2006-02-02', null, null, '../../Pictures/default.jpg', null);

INSERT INTO ChildcareTransaction VALUES ('1000002628', 'Regular Childcare', '102628', '2014-02-01', '12:00:00', '14:00:00', 20.50);

INSERT INTO AllowedConnections VALUES ('102629', '130030', '130033', 13003, null);

INSERT INTO Child VALUES ('130033', 'Child2630', '2630child', '2006-02-02', null, null, '../../Pictures/default.jpg', null);

INSERT INTO ChildcareTransaction VALUES ('1000002629', 'Regular Childcare', '102629', '2014-12-20', '12:00:00', '14:00:00', 20.50);

INSERT INTO AllowedConnections VALUES ('102630', '130030', '130034', 13003, null);

INSERT INTO Child VALUES ('130034', 'Child2631', '2631child', '2006-02-02', null, null, '../../Pictures/default.jpg', null);

INSERT INTO ChildcareTransaction VALUES ('1000002630', 'Regular Childcare', '102630', '2014-02-17', '12:00:00', '14:00:00', 20.50);

INSERT INTO AllowedConnections VALUES ('102631', '130030', '130035', 13003, null);

INSERT INTO Child VALUES ('130035', 'Child2632', '2632child', '2006-02-02', null, null, '../../Pictures/default.jpg', null);

INSERT INTO ChildcareTransaction VALUES ('1000002631', 'Regular Childcare', '102631', '2014-12-17', '12:00:00', '14:00:00', 20.50);

INSERT INTO Guardian VALUES ('130030', '1234', 'Guardian658', '658guardian', '555-555-5555', 'blah@blah.com', '123 nowhere', null, 'Spokane', 'WA', '99999', '../../Pictures/default.jpg', null);

INSERT INTO Family VALUES ('13003', 42);

INSERT INTO Guardian VALUES ('130031', '1234', 'Guardian2658', '6582guardian', '555-555-5555', 'blah@blah.com', '123 nowhere', null, 'Spokane', 'WA', '99999', '../../Pictures/default.jpg', null);

INSERT INTO AllowedConnections VALUES ('102632', '130040', '130042', 13004, null);

INSERT INTO Child VALUES ('130042', 'Child2633', '2633child', '2006-02-02', null, null, '../../Pictures/default.jpg', null);

INSERT INTO ChildcareTransaction VALUES ('1000002632', 'Regular Childcare', '102632', '2014-02-01', '12:00:00', '14:00:00', 20.50);

INSERT INTO AllowedConnections VALUES ('102633', '130040', '130043', 13004, null);

INSERT INTO Child VALUES ('130043', 'Child2634', '2634child', '2006-02-02', null, null, '../../Pictures/default.jpg', null);

INSERT INTO ChildcareTransaction VALUES ('1000002633', 'Regular Childcare', '102633', '2014-06-09', '12:00:00', '14:00:00', 20.50);

INSERT INTO AllowedConnections VALUES ('102634', '130040', '130044', 13004, null);

INSERT INTO Child VALUES ('130044', 'Child2635', '2635child', '2006-02-02', null, null, '../../Pictures/default.jpg', null);

INSERT INTO ChildcareTransaction VALUES ('1000002634', 'Regular Childcare', '102634', '2014-02-22', '12:00:00', '14:00:00', 20.50);

INSERT INTO AllowedConnections VALUES ('102635', '130040', '130045', 13004, null);

INSERT INTO Child VALUES ('130045', 'Child2636', '2636child', '2006-02-02', null, null, '../../Pictures/default.jpg', null);

INSERT INTO ChildcareTransaction VALUES ('1000002635', 'Regular Childcare', '102635', '2014-04-09', '12:00:00', '14:00:00', 20.50);

INSERT INTO Guardian VALUES ('130040', '1234', 'Guardian659', '659guardian', '555-555-5555', 'blah@blah.com', '123 nowhere', null, 'Spokane', 'WA', '99999', '../../Pictures/default.jpg', null);

INSERT INTO Family VALUES ('13004', 42);

INSERT INTO Guardian VALUES ('130041', '1234', 'Guardian2659', '6592guardian', '555-555-5555', 'blah@blah.com', '123 nowhere', null, 'Spokane', 'WA', '99999', '../../Pictures/default.jpg', null);

INSERT INTO AllowedConnections VALUES ('102636', '130050', '130052', 13005, null);

INSERT INTO Child VALUES ('130052', 'Child2637', '2637child', '2006-02-02', null, null, '../../Pictures/default.jpg', null);

INSERT INTO ChildcareTransaction VALUES ('1000002636', 'Regular Childcare', '102636', '2014-10-01', '12:00:00', '14:00:00', 20.50);

INSERT INTO AllowedConnections VALUES ('102637', '130050', '130053', 13005, null);

INSERT INTO Child VALUES ('130053', 'Child2638', '2638child', '2006-02-02', null, null, '../../Pictures/default.jpg', null);

INSERT INTO ChildcareTransaction VALUES ('1000002637', 'Regular Childcare', '102637', '2014-01-25', '12:00:00', '14:00:00', 20.50);

INSERT INTO AllowedConnections VALUES ('102638', '130050', '130054', 13005, null);

INSERT INTO Child VALUES ('130054', 'Child2639', '2639child', '2006-02-02', null, null, '../../Pictures/default.jpg', null);

INSERT INTO ChildcareTransaction VALUES ('1000002638', 'Regular Childcare', '102638', '2014-08-25', '12:00:00', '14:00:00', 20.50);

INSERT INTO AllowedConnections VALUES ('102639', '130050', '130055', 13005, null);

INSERT INTO Child VALUES ('130055', 'Child2640', '2640child', '2006-02-02', null, null, '../../Pictures/default.jpg', null);

INSERT INTO ChildcareTransaction VALUES ('1000002639', 'Regular Childcare', '102639', '2014-06-09', '12:00:00', '14:00:00', 20.50);

INSERT INTO Guardian VALUES ('130050', '1234', 'Guardian660', '660guardian', '555-555-5555', 'blah@blah.com', '123 nowhere', null, 'Spokane', 'WA', '99999', '../../Pictures/default.jpg', null);

INSERT INTO Family VALUES ('13005', 42);

INSERT INTO Guardian VALUES ('130051', '1234', 'Guardian2660', '6602guardian', '555-555-5555', 'blah@blah.com', '123 nowhere', null, 'Spokane', 'WA', '99999', '../../Pictures/default.jpg', null);

INSERT INTO AllowedConnections VALUES ('102640', '130060', '130062', 13006, null);

INSERT INTO Child VALUES ('130062', 'Child2641', '2641child', '2006-02-02', null, null, '../../Pictures/default.jpg', null);

INSERT INTO ChildcareTransaction VALUES ('1000002640', 'Regular Childcare', '102640', '2014-03-19', '12:00:00', '14:00:00', 20.50);

INSERT INTO AllowedConnections VALUES ('102641', '130060', '130063', 13006, null);

INSERT INTO Child VALUES ('130063', 'Child2642', '2642child', '2006-02-02', null, null, '../../Pictures/default.jpg', null);

INSERT INTO ChildcareTransaction VALUES ('1000002641', 'Regular Childcare', '102641', '2014-06-01', '12:00:00', '14:00:00', 20.50);

INSERT INTO AllowedConnections VALUES ('102642', '130060', '130064', 13006, null);

INSERT INTO Child VALUES ('130064', 'Child2643', '2643child', '2006-02-02', null, null, '../../Pictures/default.jpg', null);

INSERT INTO ChildcareTransaction VALUES ('1000002642', 'Regular Childcare', '102642', '2014-10-04', '12:00:00', '14:00:00', 20.50);

INSERT INTO AllowedConnections VALUES ('102643', '130060', '130065', 13006, null);

INSERT INTO Child VALUES ('130065', 'Child2644', '2644child', '2006-02-02', null, null, '../../Pictures/default.jpg', null);

INSERT INTO ChildcareTransaction VALUES ('1000002643', 'Regular Childcare', '102643', '2014-04-26', '12:00:00', '14:00:00', 20.50);

INSERT INTO Guardian VALUES ('130060', '1234', 'Guardian661', '661guardian', '555-555-5555', 'blah@blah.com', '123 nowhere', null, 'Spokane', 'WA', '99999', '../../Pictures/default.jpg', null);

INSERT INTO Family VALUES ('13006', 42);

INSERT INTO Guardian VALUES ('130061', '1234', 'Guardian2661', '6612guardian', '555-555-5555', 'blah@blah.com', '123 nowhere', null, 'Spokane', 'WA', '99999', '../../Pictures/default.jpg', null);

INSERT INTO AllowedConnections VALUES ('102644', '130070', '130072', 13007, null);

INSERT INTO Child VALUES ('130072', 'Child2645', '2645child', '2006-02-02', null, null, '../../Pictures/default.jpg', null);

INSERT INTO ChildcareTransaction VALUES ('1000002644', 'Regular Childcare', '102644', '2014-07-02', '12:00:00', '14:00:00', 20.50);

INSERT INTO AllowedConnections VALUES ('102645', '130070', '130073', 13007, null);

INSERT INTO Child VALUES ('130073', 'Child2646', '2646child', '2006-02-02', null, null, '../../Pictures/default.jpg', null);

INSERT INTO ChildcareTransaction VALUES ('1000002645', 'Regular Childcare', '102645', '2014-06-15', '12:00:00', '14:00:00', 20.50);

INSERT INTO AllowedConnections VALUES ('102646', '130070', '130074', 13007, null);

INSERT INTO Child VALUES ('130074', 'Child2647', '2647child', '2006-02-02', null, null, '../../Pictures/default.jpg', null);

INSERT INTO ChildcareTransaction VALUES ('1000002646', 'Regular Childcare', '102646', '2014-03-19', '12:00:00', '14:00:00', 20.50);

INSERT INTO AllowedConnections VALUES ('102647', '130070', '130075', 13007, null);

INSERT INTO Child VALUES ('130075', 'Child2648', '2648child', '2006-02-02', null, null, '../../Pictures/default.jpg', null);

INSERT INTO ChildcareTransaction VALUES ('1000002647', 'Regular Childcare', '102647', '2014-06-26', '12:00:00', '14:00:00', 20.50);

INSERT INTO Guardian VALUES ('130070', '1234', 'Guardian662', '662guardian', '555-555-5555', 'blah@blah.com', '123 nowhere', null, 'Spokane', 'WA', '99999', '../../Pictures/default.jpg', null);

INSERT INTO Family VALUES ('13007', 42);

INSERT INTO Guardian VALUES ('130071', '1234', 'Guardian2662', '6622guardian', '555-555-5555', 'blah@blah.com', '123 nowhere', null, 'Spokane', 'WA', '99999', '../../Pictures/default.jpg', null);

INSERT INTO AllowedConnections VALUES ('102648', '130080', '130082', 13008, null);

INSERT INTO Child VALUES ('130082', 'Child2649', '2649child', '2006-02-02', null, null, '../../Pictures/default.jpg', null);

INSERT INTO ChildcareTransaction VALUES ('1000002648', 'Regular Childcare', '102648', '2014-06-10', '12:00:00', '14:00:00', 20.50);

INSERT INTO AllowedConnections VALUES ('102649', '130080', '130083', 13008, null);

INSERT INTO Child VALUES ('130083', 'Child2650', '2650child', '2006-02-02', null, null, '../../Pictures/default.jpg', null);

INSERT INTO ChildcareTransaction VALUES ('1000002649', 'Regular Childcare', '102649', '2014-09-25', '12:00:00', '14:00:00', 20.50);

INSERT INTO AllowedConnections VALUES ('102650', '130080', '130084', 13008, null);

INSERT INTO Child VALUES ('130084', 'Child2651', '2651child', '2006-02-02', null, null, '../../Pictures/default.jpg', null);

INSERT INTO ChildcareTransaction VALUES ('1000002650', 'Regular Childcare', '102650', '2014-10-07', '12:00:00', '14:00:00', 20.50);

INSERT INTO AllowedConnections VALUES ('102651', '130080', '130085', 13008, null);

INSERT INTO Child VALUES ('130085', 'Child2652', '2652child', '2006-02-02', null, null, '../../Pictures/default.jpg', null);

INSERT INTO ChildcareTransaction VALUES ('1000002651', 'Regular Childcare', '102651', '2014-12-09', '12:00:00', '14:00:00', 20.50);

INSERT INTO Guardian VALUES ('130080', '1234', 'Guardian663', '663guardian', '555-555-5555', 'blah@blah.com', '123 nowhere', null, 'Spokane', 'WA', '99999', '../../Pictures/default.jpg', null);

INSERT INTO Family VALUES ('13008', 42);

INSERT INTO Guardian VALUES ('130081', '1234', 'Guardian2663', '6632guardian', '555-555-5555', 'blah@blah.com', '123 nowhere', null, 'Spokane', 'WA', '99999', '../../Pictures/default.jpg', null);

INSERT INTO AllowedConnections VALUES ('102652', '130090', '130092', 13009, null);

INSERT INTO Child VALUES ('130092', 'Child2653', '2653child', '2006-02-02', null, null, '../../Pictures/default.jpg', null);

INSERT INTO ChildcareTransaction VALUES ('1000002652', 'Regular Childcare', '102652', '2014-08-08', '12:00:00', '14:00:00', 20.50);

INSERT INTO AllowedConnections VALUES ('102653', '130090', '130093', 13009, null);

INSERT INTO Child VALUES ('130093', 'Child2654', '2654child', '2006-02-02', null, null, '../../Pictures/default.jpg', null);

INSERT INTO ChildcareTransaction VALUES ('1000002653', 'Regular Childcare', '102653', '2014-04-25', '12:00:00', '14:00:00', 20.50);

INSERT INTO AllowedConnections VALUES ('102654', '130090', '130094', 13009, null);

INSERT INTO Child VALUES ('130094', 'Child2655', '2655child', '2006-02-02', null, null, '../../Pictures/default.jpg', null);

INSERT INTO ChildcareTransaction VALUES ('1000002654', 'Regular Childcare', '102654', '2014-08-15', '12:00:00', '14:00:00', 20.50);

INSERT INTO AllowedConnections VALUES ('102655', '130090', '130095', 13009, null);

INSERT INTO Child VALUES ('130095', 'Child2656', '2656child', '2006-02-02', null, null, '../../Pictures/default.jpg', null);

INSERT INTO ChildcareTransaction VALUES ('1000002655', 'Regular Childcare', '102655', '2014-10-17', '12:00:00', '14:00:00', 20.50);

INSERT INTO Guardian VALUES ('130090', '1234', 'Guardian664', '664guardian', '555-555-5555', 'blah@blah.com', '123 nowhere', null, 'Spokane', 'WA', '99999', '../../Pictures/default.jpg', null);

INSERT INTO Family VALUES ('13009', 42);

INSERT INTO Guardian VALUES ('130091', '1234', 'Guardian2664', '6642guardian', '555-555-5555', 'blah@blah.com', '123 nowhere', null, 'Spokane', 'WA', '99999', '../../Pictures/default.jpg', null);

INSERT INTO AllowedConnections VALUES ('102656', '130100', '130102', 13010, null);

INSERT INTO Child VALUES ('130102', 'Child2657', '2657child', '2006-02-02', null, null, '../../Pictures/default.jpg', null);

INSERT INTO ChildcareTransaction VALUES ('1000002656', 'Regular Childcare', '102656', '2014-03-28', '12:00:00', '14:00:00', 20.50);

INSERT INTO AllowedConnections VALUES ('102657', '130100', '130103', 13010, null);

INSERT INTO Child VALUES ('130103', 'Child2658', '2658child', '2006-02-02', null, null, '../../Pictures/default.jpg', null);

INSERT INTO ChildcareTransaction VALUES ('1000002657', 'Regular Childcare', '102657', '2014-06-12', '12:00:00', '14:00:00', 20.50);

INSERT INTO AllowedConnections VALUES ('102658', '130100', '130104', 13010, null);

INSERT INTO Child VALUES ('130104', 'Child2659', '2659child', '2006-02-02', null, null, '../../Pictures/default.jpg', null);

INSERT INTO ChildcareTransaction VALUES ('1000002658', 'Regular Childcare', '102658', '2014-11-19', '12:00:00', '14:00:00', 20.50);

INSERT INTO AllowedConnections VALUES ('102659', '130100', '130105', 13010, null);

INSERT INTO Child VALUES ('130105', 'Child2660', '2660child', '2006-02-02', null, null, '../../Pictures/default.jpg', null);

INSERT INTO ChildcareTransaction VALUES ('1000002659', 'Regular Childcare', '102659', '2014-06-09', '12:00:00', '14:00:00', 20.50);

INSERT INTO Guardian VALUES ('130100', '1234', 'Guardian665', '665guardian', '555-555-5555', 'blah@blah.com', '123 nowhere', null, 'Spokane', 'WA', '99999', '../../Pictures/default.jpg', null);

INSERT INTO Family VALUES ('13010', 42);

INSERT INTO Guardian VALUES ('130101', '1234', 'Guardian2665', '6652guardian', '555-555-5555', 'blah@blah.com', '123 nowhere', null, 'Spokane', 'WA', '99999', '../../Pictures/default.jpg', null);

INSERT INTO AllowedConnections VALUES ('102660', '130110', '130112', 13011, null);

INSERT INTO Child VALUES ('130112', 'Child2661', '2661child', '2006-02-02', null, null, '../../Pictures/default.jpg', null);

INSERT INTO ChildcareTransaction VALUES ('1000002660', 'Regular Childcare', '102660', '2014-03-27', '12:00:00', '14:00:00', 20.50);

INSERT INTO AllowedConnections VALUES ('102661', '130110', '130113', 13011, null);

INSERT INTO Child VALUES ('130113', 'Child2662', '2662child', '2006-02-02', null, null, '../../Pictures/default.jpg', null);

INSERT INTO ChildcareTransaction VALUES ('1000002661', 'Regular Childcare', '102661', '2014-06-08', '12:00:00', '14:00:00', 20.50);

INSERT INTO AllowedConnections VALUES ('102662', '130110', '130114', 13011, null);

INSERT INTO Child VALUES ('130114', 'Child2663', '2663child', '2006-02-02', null, null, '../../Pictures/default.jpg', null);

INSERT INTO ChildcareTransaction VALUES ('1000002662', 'Regular Childcare', '102662', '2014-09-12', '12:00:00', '14:00:00', 20.50);

INSERT INTO AllowedConnections VALUES ('102663', '130110', '130115', 13011, null);

INSERT INTO Child VALUES ('130115', 'Child2664', '2664child', '2006-02-02', null, null, '../../Pictures/default.jpg', null);

INSERT INTO ChildcareTransaction VALUES ('1000002663', 'Regular Childcare', '102663', '2014-04-02', '12:00:00', '14:00:00', 20.50);

INSERT INTO Guardian VALUES ('130110', '1234', 'Guardian666', '666guardian', '555-555-5555', 'blah@blah.com', '123 nowhere', null, 'Spokane', 'WA', '99999', '../../Pictures/default.jpg', null);

INSERT INTO Family VALUES ('13011', 42);

INSERT INTO Guardian VALUES ('130111', '1234', 'Guardian2666', '6662guardian', '555-555-5555', 'blah@blah.com', '123 nowhere', null, 'Spokane', 'WA', '99999', '../../Pictures/default.jpg', null);

INSERT INTO AllowedConnections VALUES ('102664', '130120', '130122', 13012, null);

INSERT INTO Child VALUES ('130122', 'Child2665', '2665child', '2006-02-02', null, null, '../../Pictures/default.jpg', null);

INSERT INTO ChildcareTransaction VALUES ('1000002664', 'Regular Childcare', '102664', '2014-04-18', '12:00:00', '14:00:00', 20.50);

INSERT INTO AllowedConnections VALUES ('102665', '130120', '130123', 13012, null);

INSERT INTO Child VALUES ('130123', 'Child2666', '2666child', '2006-02-02', null, null, '../../Pictures/default.jpg', null);

INSERT INTO ChildcareTransaction VALUES ('1000002665', 'Regular Childcare', '102665', '2014-10-02', '12:00:00', '14:00:00', 20.50);

INSERT INTO AllowedConnections VALUES ('102666', '130120', '130124', 13012, null);

INSERT INTO Child VALUES ('130124', 'Child2667', '2667child', '2006-02-02', null, null, '../../Pictures/default.jpg', null);

INSERT INTO ChildcareTransaction VALUES ('1000002666', 'Regular Childcare', '102666', '2014-09-04', '12:00:00', '14:00:00', 20.50);

INSERT INTO AllowedConnections VALUES ('102667', '130120', '130125', 13012, null);

INSERT INTO Child VALUES ('130125', 'Child2668', '2668child', '2006-02-02', null, null, '../../Pictures/default.jpg', null);

INSERT INTO ChildcareTransaction VALUES ('1000002667', 'Regular Childcare', '102667', '2014-12-08', '12:00:00', '14:00:00', 20.50);

INSERT INTO Guardian VALUES ('130120', '1234', 'Guardian667', '667guardian', '555-555-5555', 'blah@blah.com', '123 nowhere', null, 'Spokane', 'WA', '99999', '../../Pictures/default.jpg', null);

INSERT INTO Family VALUES ('13012', 42);

INSERT INTO Guardian VALUES ('130121', '1234', 'Guardian2667', '6672guardian', '555-555-5555', 'blah@blah.com', '123 nowhere', null, 'Spokane', 'WA', '99999', '../../Pictures/default.jpg', null);

INSERT INTO AllowedConnections VALUES ('102668', '130130', '130132', 13013, null);

INSERT INTO Child VALUES ('130132', 'Child2669', '2669child', '2006-02-02', null, null, '../../Pictures/default.jpg', null);

INSERT INTO ChildcareTransaction VALUES ('1000002668', 'Regular Childcare', '102668', '2014-11-24', '12:00:00', '14:00:00', 20.50);

INSERT INTO AllowedConnections VALUES ('102669', '130130', '130133', 13013, null);

INSERT INTO Child VALUES ('130133', 'Child2670', '2670child', '2006-02-02', null, null, '../../Pictures/default.jpg', null);

INSERT INTO ChildcareTransaction VALUES ('1000002669', 'Regular Childcare', '102669', '2014-05-09', '12:00:00', '14:00:00', 20.50);

INSERT INTO AllowedConnections VALUES ('102670', '130130', '130134', 13013, null);

INSERT INTO Child VALUES ('130134', 'Child2671', '2671child', '2006-02-02', null, null, '../../Pictures/default.jpg', null);

INSERT INTO ChildcareTransaction VALUES ('1000002670', 'Regular Childcare', '102670', '2014-05-14', '12:00:00', '14:00:00', 20.50);

INSERT INTO AllowedConnections VALUES ('102671', '130130', '130135', 13013, null);

INSERT INTO Child VALUES ('130135', 'Child2672', '2672child', '2006-02-02', null, null, '../../Pictures/default.jpg', null);

INSERT INTO ChildcareTransaction VALUES ('1000002671', 'Regular Childcare', '102671', '2014-11-05', '12:00:00', '14:00:00', 20.50);

INSERT INTO Guardian VALUES ('130130', '1234', 'Guardian668', '668guardian', '555-555-5555', 'blah@blah.com', '123 nowhere', null, 'Spokane', 'WA', '99999', '../../Pictures/default.jpg', null);

INSERT INTO Family VALUES ('13013', 42);

INSERT INTO Guardian VALUES ('130131', '1234', 'Guardian2668', '6682guardian', '555-555-5555', 'blah@blah.com', '123 nowhere', null, 'Spokane', 'WA', '99999', '../../Pictures/default.jpg', null);

INSERT INTO AllowedConnections VALUES ('102672', '130140', '130142', 13014, null);

INSERT INTO Child VALUES ('130142', 'Child2673', '2673child', '2006-02-02', null, null, '../../Pictures/default.jpg', null);

INSERT INTO ChildcareTransaction VALUES ('1000002672', 'Regular Childcare', '102672', '2014-10-17', '12:00:00', '14:00:00', 20.50);

INSERT INTO AllowedConnections VALUES ('102673', '130140', '130143', 13014, null);

INSERT INTO Child VALUES ('130143', 'Child2674', '2674child', '2006-02-02', null, null, '../../Pictures/default.jpg', null);

INSERT INTO ChildcareTransaction VALUES ('1000002673', 'Regular Childcare', '102673', '2014-12-09', '12:00:00', '14:00:00', 20.50);

INSERT INTO AllowedConnections VALUES ('102674', '130140', '130144', 13014, null);

INSERT INTO Child VALUES ('130144', 'Child2675', '2675child', '2006-02-02', null, null, '../../Pictures/default.jpg', null);

INSERT INTO ChildcareTransaction VALUES ('1000002674', 'Regular Childcare', '102674', '2014-10-23', '12:00:00', '14:00:00', 20.50);

INSERT INTO AllowedConnections VALUES ('102675', '130140', '130145', 13014, null);

INSERT INTO Child VALUES ('130145', 'Child2676', '2676child', '2006-02-02', null, null, '../../Pictures/default.jpg', null);

INSERT INTO ChildcareTransaction VALUES ('1000002675', 'Regular Childcare', '102675', '2014-05-26', '12:00:00', '14:00:00', 20.50);

INSERT INTO Guardian VALUES ('130140', '1234', 'Guardian669', '669guardian', '555-555-5555', 'blah@blah.com', '123 nowhere', null, 'Spokane', 'WA', '99999', '../../Pictures/default.jpg', null);

INSERT INTO Family VALUES ('13014', 42);

INSERT INTO Guardian VALUES ('130141', '1234', 'Guardian2669', '6692guardian', '555-555-5555', 'blah@blah.com', '123 nowhere', null, 'Spokane', 'WA', '99999', '../../Pictures/default.jpg', null);

INSERT INTO AllowedConnections VALUES ('102676', '130150', '130152', 13015, null);

INSERT INTO Child VALUES ('130152', 'Child2677', '2677child', '2006-02-02', null, null, '../../Pictures/default.jpg', null);

INSERT INTO ChildcareTransaction VALUES ('1000002676', 'Regular Childcare', '102676', '2014-10-20', '12:00:00', '14:00:00', 20.50);

INSERT INTO AllowedConnections VALUES ('102677', '130150', '130153', 13015, null);

INSERT INTO Child VALUES ('130153', 'Child2678', '2678child', '2006-02-02', null, null, '../../Pictures/default.jpg', null);

INSERT INTO ChildcareTransaction VALUES ('1000002677', 'Regular Childcare', '102677', '2014-01-06', '12:00:00', '14:00:00', 20.50);

INSERT INTO AllowedConnections VALUES ('102678', '130150', '130154', 13015, null);

INSERT INTO Child VALUES ('130154', 'Child2679', '2679child', '2006-02-02', null, null, '../../Pictures/default.jpg', null);

INSERT INTO ChildcareTransaction VALUES ('1000002678', 'Regular Childcare', '102678', '2014-12-04', '12:00:00', '14:00:00', 20.50);

INSERT INTO AllowedConnections VALUES ('102679', '130150', '130155', 13015, null);

INSERT INTO Child VALUES ('130155', 'Child2680', '2680child', '2006-02-02', null, null, '../../Pictures/default.jpg', null);

INSERT INTO ChildcareTransaction VALUES ('1000002679', 'Regular Childcare', '102679', '2014-09-17', '12:00:00', '14:00:00', 20.50);

INSERT INTO Guardian VALUES ('130150', '1234', 'Guardian670', '670guardian', '555-555-5555', 'blah@blah.com', '123 nowhere', null, 'Spokane', 'WA', '99999', '../../Pictures/default.jpg', null);

INSERT INTO Family VALUES ('13015', 42);

INSERT INTO Guardian VALUES ('130151', '1234', 'Guardian2670', '6702guardian', '555-555-5555', 'blah@blah.com', '123 nowhere', null, 'Spokane', 'WA', '99999', '../../Pictures/default.jpg', null);

INSERT INTO AllowedConnections VALUES ('102680', '130160', '130162', 13016, null);

INSERT INTO Child VALUES ('130162', 'Child2681', '2681child', '2006-02-02', null, null, '../../Pictures/default.jpg', null);

INSERT INTO ChildcareTransaction VALUES ('1000002680', 'Regular Childcare', '102680', '2014-03-24', '12:00:00', '14:00:00', 20.50);

INSERT INTO AllowedConnections VALUES ('102681', '130160', '130163', 13016, null);

INSERT INTO Child VALUES ('130163', 'Child2682', '2682child', '2006-02-02', null, null, '../../Pictures/default.jpg', null);

INSERT INTO ChildcareTransaction VALUES ('1000002681', 'Regular Childcare', '102681', '2014-11-08', '12:00:00', '14:00:00', 20.50);

INSERT INTO AllowedConnections VALUES ('102682', '130160', '130164', 13016, null);

INSERT INTO Child VALUES ('130164', 'Child2683', '2683child', '2006-02-02', null, null, '../../Pictures/default.jpg', null);

INSERT INTO ChildcareTransaction VALUES ('1000002682', 'Regular Childcare', '102682', '2014-11-16', '12:00:00', '14:00:00', 20.50);

INSERT INTO AllowedConnections VALUES ('102683', '130160', '130165', 13016, null);

INSERT INTO Child VALUES ('130165', 'Child2684', '2684child', '2006-02-02', null, null, '../../Pictures/default.jpg', null);

INSERT INTO ChildcareTransaction VALUES ('1000002683', 'Regular Childcare', '102683', '2014-07-03', '12:00:00', '14:00:00', 20.50);

INSERT INTO Guardian VALUES ('130160', '1234', 'Guardian671', '671guardian', '555-555-5555', 'blah@blah.com', '123 nowhere', null, 'Spokane', 'WA', '99999', '../../Pictures/default.jpg', null);

INSERT INTO Family VALUES ('13016', 42);

INSERT INTO Guardian VALUES ('130161', '1234', 'Guardian2671', '6712guardian', '555-555-5555', 'blah@blah.com', '123 nowhere', null, 'Spokane', 'WA', '99999', '../../Pictures/default.jpg', null);

INSERT INTO AllowedConnections VALUES ('102684', '130170', '130172', 13017, null);

INSERT INTO Child VALUES ('130172', 'Child2685', '2685child', '2006-02-02', null, null, '../../Pictures/default.jpg', null);

INSERT INTO ChildcareTransaction VALUES ('1000002684', 'Regular Childcare', '102684', '2014-08-04', '12:00:00', '14:00:00', 20.50);

INSERT INTO AllowedConnections VALUES ('102685', '130170', '130173', 13017, null);

INSERT INTO Child VALUES ('130173', 'Child2686', '2686child', '2006-02-02', null, null, '../../Pictures/default.jpg', null);

INSERT INTO ChildcareTransaction VALUES ('1000002685', 'Regular Childcare', '102685', '2014-12-06', '12:00:00', '14:00:00', 20.50);

INSERT INTO AllowedConnections VALUES ('102686', '130170', '130174', 13017, null);

INSERT INTO Child VALUES ('130174', 'Child2687', '2687child', '2006-02-02', null, null, '../../Pictures/default.jpg', null);

INSERT INTO ChildcareTransaction VALUES ('1000002686', 'Regular Childcare', '102686', '2014-05-09', '12:00:00', '14:00:00', 20.50);

INSERT INTO AllowedConnections VALUES ('102687', '130170', '130175', 13017, null);

INSERT INTO Child VALUES ('130175', 'Child2688', '2688child', '2006-02-02', null, null, '../../Pictures/default.jpg', null);

INSERT INTO ChildcareTransaction VALUES ('1000002687', 'Regular Childcare', '102687', '2014-06-23', '12:00:00', '14:00:00', 20.50);

INSERT INTO Guardian VALUES ('130170', '1234', 'Guardian672', '672guardian', '555-555-5555', 'blah@blah.com', '123 nowhere', null, 'Spokane', 'WA', '99999', '../../Pictures/default.jpg', null);

INSERT INTO Family VALUES ('13017', 42);

INSERT INTO Guardian VALUES ('130171', '1234', 'Guardian2672', '6722guardian', '555-555-5555', 'blah@blah.com', '123 nowhere', null, 'Spokane', 'WA', '99999', '../../Pictures/default.jpg', null);

INSERT INTO AllowedConnections VALUES ('102688', '130180', '130182', 13018, null);

INSERT INTO Child VALUES ('130182', 'Child2689', '2689child', '2006-02-02', null, null, '../../Pictures/default.jpg', null);

INSERT INTO ChildcareTransaction VALUES ('1000002688', 'Regular Childcare', '102688', '2014-03-08', '12:00:00', '14:00:00', 20.50);

INSERT INTO AllowedConnections VALUES ('102689', '130180', '130183', 13018, null);

INSERT INTO Child VALUES ('130183', 'Child2690', '2690child', '2006-02-02', null, null, '../../Pictures/default.jpg', null);

INSERT INTO ChildcareTransaction VALUES ('1000002689', 'Regular Childcare', '102689', '2014-09-08', '12:00:00', '14:00:00', 20.50);

INSERT INTO AllowedConnections VALUES ('102690', '130180', '130184', 13018, null);

INSERT INTO Child VALUES ('130184', 'Child2691', '2691child', '2006-02-02', null, null, '../../Pictures/default.jpg', null);

INSERT INTO ChildcareTransaction VALUES ('1000002690', 'Regular Childcare', '102690', '2014-02-21', '12:00:00', '14:00:00', 20.50);

INSERT INTO AllowedConnections VALUES ('102691', '130180', '130185', 13018, null);

INSERT INTO Child VALUES ('130185', 'Child2692', '2692child', '2006-02-02', null, null, '../../Pictures/default.jpg', null);

INSERT INTO ChildcareTransaction VALUES ('1000002691', 'Regular Childcare', '102691', '2014-07-07', '12:00:00', '14:00:00', 20.50);

INSERT INTO Guardian VALUES ('130180', '1234', 'Guardian673', '673guardian', '555-555-5555', 'blah@blah.com', '123 nowhere', null, 'Spokane', 'WA', '99999', '../../Pictures/default.jpg', null);

INSERT INTO Family VALUES ('13018', 42);

INSERT INTO Guardian VALUES ('130181', '1234', 'Guardian2673', '6732guardian', '555-555-5555', 'blah@blah.com', '123 nowhere', null, 'Spokane', 'WA', '99999', '../../Pictures/default.jpg', null);

INSERT INTO AllowedConnections VALUES ('102692', '130190', '130192', 13019, null);

INSERT INTO Child VALUES ('130192', 'Child2693', '2693child', '2006-02-02', null, null, '../../Pictures/default.jpg', null);

INSERT INTO ChildcareTransaction VALUES ('1000002692', 'Regular Childcare', '102692', '2014-05-17', '12:00:00', '14:00:00', 20.50);

INSERT INTO AllowedConnections VALUES ('102693', '130190', '130193', 13019, null);

INSERT INTO Child VALUES ('130193', 'Child2694', '2694child', '2006-02-02', null, null, '../../Pictures/default.jpg', null);

INSERT INTO ChildcareTransaction VALUES ('1000002693', 'Regular Childcare', '102693', '2014-08-28', '12:00:00', '14:00:00', 20.50);

INSERT INTO AllowedConnections VALUES ('102694', '130190', '130194', 13019, null);

INSERT INTO Child VALUES ('130194', 'Child2695', '2695child', '2006-02-02', null, null, '../../Pictures/default.jpg', null);

INSERT INTO ChildcareTransaction VALUES ('1000002694', 'Regular Childcare', '102694', '2014-10-03', '12:00:00', '14:00:00', 20.50);

INSERT INTO AllowedConnections VALUES ('102695', '130190', '130195', 13019, null);

INSERT INTO Child VALUES ('130195', 'Child2696', '2696child', '2006-02-02', null, null, '../../Pictures/default.jpg', null);

INSERT INTO ChildcareTransaction VALUES ('1000002695', 'Regular Childcare', '102695', '2014-03-18', '12:00:00', '14:00:00', 20.50);

INSERT INTO Guardian VALUES ('130190', '1234', 'Guardian674', '674guardian', '555-555-5555', 'blah@blah.com', '123 nowhere', null, 'Spokane', 'WA', '99999', '../../Pictures/default.jpg', null);

INSERT INTO Family VALUES ('13019', 42);

INSERT INTO Guardian VALUES ('130191', '1234', 'Guardian2674', '6742guardian', '555-555-5555', 'blah@blah.com', '123 nowhere', null, 'Spokane', 'WA', '99999', '../../Pictures/default.jpg', null);

INSERT INTO AllowedConnections VALUES ('102696', '130200', '130202', 13020, null);

INSERT INTO Child VALUES ('130202', 'Child2697', '2697child', '2006-02-02', null, null, '../../Pictures/default.jpg', null);

INSERT INTO ChildcareTransaction VALUES ('1000002696', 'Regular Childcare', '102696', '2014-03-26', '12:00:00', '14:00:00', 20.50);

INSERT INTO AllowedConnections VALUES ('102697', '130200', '130203', 13020, null);

INSERT INTO Child VALUES ('130203', 'Child2698', '2698child', '2006-02-02', null, null, '../../Pictures/default.jpg', null);

INSERT INTO ChildcareTransaction VALUES ('1000002697', 'Regular Childcare', '102697', '2014-09-22', '12:00:00', '14:00:00', 20.50);

INSERT INTO AllowedConnections VALUES ('102698', '130200', '130204', 13020, null);

INSERT INTO Child VALUES ('130204', 'Child2699', '2699child', '2006-02-02', null, null, '../../Pictures/default.jpg', null);

INSERT INTO ChildcareTransaction VALUES ('1000002698', 'Regular Childcare', '102698', '2014-02-04', '12:00:00', '14:00:00', 20.50);

INSERT INTO AllowedConnections VALUES ('102699', '130200', '130205', 13020, null);

INSERT INTO Child VALUES ('130205', 'Child2700', '2700child', '2006-02-02', null, null, '../../Pictures/default.jpg', null);

INSERT INTO ChildcareTransaction VALUES ('1000002699', 'Regular Childcare', '102699', '2014-02-18', '12:00:00', '14:00:00', 20.50);

INSERT INTO Guardian VALUES ('130200', '1234', 'Guardian675', '675guardian', '555-555-5555', 'blah@blah.com', '123 nowhere', null, 'Spokane', 'WA', '99999', '../../Pictures/default.jpg', null);

INSERT INTO Family VALUES ('13020', 42);

INSERT INTO Guardian VALUES ('130201', '1234', 'Guardian2675', '6752guardian', '555-555-5555', 'blah@blah.com', '123 nowhere', null, 'Spokane', 'WA', '99999', '../../Pictures/default.jpg', null);

INSERT INTO AllowedConnections VALUES ('102700', '130210', '130212', 13021, null);

INSERT INTO Child VALUES ('130212', 'Child2701', '2701child', '2006-02-02', null, null, '../../Pictures/default.jpg', null);

INSERT INTO ChildcareTransaction VALUES ('1000002700', 'Regular Childcare', '102700', '2014-02-09', '12:00:00', '14:00:00', 20.50);

INSERT INTO AllowedConnections VALUES ('102701', '130210', '130213', 13021, null);

INSERT INTO Child VALUES ('130213', 'Child2702', '2702child', '2006-02-02', null, null, '../../Pictures/default.jpg', null);

INSERT INTO ChildcareTransaction VALUES ('1000002701', 'Regular Childcare', '102701', '2014-01-14', '12:00:00', '14:00:00', 20.50);

INSERT INTO AllowedConnections VALUES ('102702', '130210', '130214', 13021, null);

INSERT INTO Child VALUES ('130214', 'Child2703', '2703child', '2006-02-02', null, null, '../../Pictures/default.jpg', null);

INSERT INTO ChildcareTransaction VALUES ('1000002702', 'Regular Childcare', '102702', '2014-02-23', '12:00:00', '14:00:00', 20.50);

INSERT INTO AllowedConnections VALUES ('102703', '130210', '130215', 13021, null);

INSERT INTO Child VALUES ('130215', 'Child2704', '2704child', '2006-02-02', null, null, '../../Pictures/default.jpg', null);

INSERT INTO ChildcareTransaction VALUES ('1000002703', 'Regular Childcare', '102703', '2014-02-12', '12:00:00', '14:00:00', 20.50);

INSERT INTO Guardian VALUES ('130210', '1234', 'Guardian676', '676guardian', '555-555-5555', 'blah@blah.com', '123 nowhere', null, 'Spokane', 'WA', '99999', '../../Pictures/default.jpg', null);

INSERT INTO Family VALUES ('13021', 42);

INSERT INTO Guardian VALUES ('130211', '1234', 'Guardian2676', '6762guardian', '555-555-5555', 'blah@blah.com', '123 nowhere', null, 'Spokane', 'WA', '99999', '../../Pictures/default.jpg', null);

INSERT INTO AllowedConnections VALUES ('102704', '130220', '130222', 13022, null);

INSERT INTO Child VALUES ('130222', 'Child2705', '2705child', '2006-02-02', null, null, '../../Pictures/default.jpg', null);

INSERT INTO ChildcareTransaction VALUES ('1000002704', 'Regular Childcare', '102704', '2014-04-12', '12:00:00', '14:00:00', 20.50);

INSERT INTO AllowedConnections VALUES ('102705', '130220', '130223', 13022, null);

INSERT INTO Child VALUES ('130223', 'Child2706', '2706child', '2006-02-02', null, null, '../../Pictures/default.jpg', null);

INSERT INTO ChildcareTransaction VALUES ('1000002705', 'Regular Childcare', '102705', '2014-02-03', '12:00:00', '14:00:00', 20.50);

INSERT INTO AllowedConnections VALUES ('102706', '130220', '130224', 13022, null);

INSERT INTO Child VALUES ('130224', 'Child2707', '2707child', '2006-02-02', null, null, '../../Pictures/default.jpg', null);

INSERT INTO ChildcareTransaction VALUES ('1000002706', 'Regular Childcare', '102706', '2014-10-09', '12:00:00', '14:00:00', 20.50);

INSERT INTO AllowedConnections VALUES ('102707', '130220', '130225', 13022, null);

INSERT INTO Child VALUES ('130225', 'Child2708', '2708child', '2006-02-02', null, null, '../../Pictures/default.jpg', null);

INSERT INTO ChildcareTransaction VALUES ('1000002707', 'Regular Childcare', '102707', '2014-05-09', '12:00:00', '14:00:00', 20.50);

INSERT INTO Guardian VALUES ('130220', '1234', 'Guardian677', '677guardian', '555-555-5555', 'blah@blah.com', '123 nowhere', null, 'Spokane', 'WA', '99999', '../../Pictures/default.jpg', null);

INSERT INTO Family VALUES ('13022', 42);

INSERT INTO Guardian VALUES ('130221', '1234', 'Guardian2677', '6772guardian', '555-555-5555', 'blah@blah.com', '123 nowhere', null, 'Spokane', 'WA', '99999', '../../Pictures/default.jpg', null);

INSERT INTO AllowedConnections VALUES ('102708', '130230', '130232', 13023, null);

INSERT INTO Child VALUES ('130232', 'Child2709', '2709child', '2006-02-02', null, null, '../../Pictures/default.jpg', null);

INSERT INTO ChildcareTransaction VALUES ('1000002708', 'Regular Childcare', '102708', '2014-06-27', '12:00:00', '14:00:00', 20.50);

INSERT INTO AllowedConnections VALUES ('102709', '130230', '130233', 13023, null);

INSERT INTO Child VALUES ('130233', 'Child2710', '2710child', '2006-02-02', null, null, '../../Pictures/default.jpg', null);

INSERT INTO ChildcareTransaction VALUES ('1000002709', 'Regular Childcare', '102709', '2014-11-07', '12:00:00', '14:00:00', 20.50);

INSERT INTO AllowedConnections VALUES ('102710', '130230', '130234', 13023, null);

INSERT INTO Child VALUES ('130234', 'Child2711', '2711child', '2006-02-02', null, null, '../../Pictures/default.jpg', null);

INSERT INTO ChildcareTransaction VALUES ('1000002710', 'Regular Childcare', '102710', '2014-12-25', '12:00:00', '14:00:00', 20.50);

INSERT INTO AllowedConnections VALUES ('102711', '130230', '130235', 13023, null);

INSERT INTO Child VALUES ('130235', 'Child2712', '2712child', '2006-02-02', null, null, '../../Pictures/default.jpg', null);

INSERT INTO ChildcareTransaction VALUES ('1000002711', 'Regular Childcare', '102711', '2014-04-02', '12:00:00', '14:00:00', 20.50);

INSERT INTO Guardian VALUES ('130230', '1234', 'Guardian678', '678guardian', '555-555-5555', 'blah@blah.com', '123 nowhere', null, 'Spokane', 'WA', '99999', '../../Pictures/default.jpg', null);

INSERT INTO Family VALUES ('13023', 42);

INSERT INTO Guardian VALUES ('130231', '1234', 'Guardian2678', '6782guardian', '555-555-5555', 'blah@blah.com', '123 nowhere', null, 'Spokane', 'WA', '99999', '../../Pictures/default.jpg', null);

INSERT INTO AllowedConnections VALUES ('102712', '130240', '130242', 13024, null);

INSERT INTO Child VALUES ('130242', 'Child2713', '2713child', '2006-02-02', null, null, '../../Pictures/default.jpg', null);

INSERT INTO ChildcareTransaction VALUES ('1000002712', 'Regular Childcare', '102712', '2014-08-16', '12:00:00', '14:00:00', 20.50);

INSERT INTO AllowedConnections VALUES ('102713', '130240', '130243', 13024, null);

INSERT INTO Child VALUES ('130243', 'Child2714', '2714child', '2006-02-02', null, null, '../../Pictures/default.jpg', null);

INSERT INTO ChildcareTransaction VALUES ('1000002713', 'Regular Childcare', '102713', '2014-11-04', '12:00:00', '14:00:00', 20.50);

INSERT INTO AllowedConnections VALUES ('102714', '130240', '130244', 13024, null);

INSERT INTO Child VALUES ('130244', 'Child2715', '2715child', '2006-02-02', null, null, '../../Pictures/default.jpg', null);

INSERT INTO ChildcareTransaction VALUES ('1000002714', 'Regular Childcare', '102714', '2014-09-16', '12:00:00', '14:00:00', 20.50);

INSERT INTO AllowedConnections VALUES ('102715', '130240', '130245', 13024, null);

INSERT INTO Child VALUES ('130245', 'Child2716', '2716child', '2006-02-02', null, null, '../../Pictures/default.jpg', null);

INSERT INTO ChildcareTransaction VALUES ('1000002715', 'Regular Childcare', '102715', '2014-11-25', '12:00:00', '14:00:00', 20.50);

INSERT INTO Guardian VALUES ('130240', '1234', 'Guardian679', '679guardian', '555-555-5555', 'blah@blah.com', '123 nowhere', null, 'Spokane', 'WA', '99999', '../../Pictures/default.jpg', null);

INSERT INTO Family VALUES ('13024', 42);

INSERT INTO Guardian VALUES ('130241', '1234', 'Guardian2679', '6792guardian', '555-555-5555', 'blah@blah.com', '123 nowhere', null, 'Spokane', 'WA', '99999', '../../Pictures/default.jpg', null);

INSERT INTO AllowedConnections VALUES ('102716', '130250', '130252', 13025, null);

INSERT INTO Child VALUES ('130252', 'Child2717', '2717child', '2006-02-02', null, null, '../../Pictures/default.jpg', null);

INSERT INTO ChildcareTransaction VALUES ('1000002716', 'Regular Childcare', '102716', '2014-04-27', '12:00:00', '14:00:00', 20.50);

INSERT INTO AllowedConnections VALUES ('102717', '130250', '130253', 13025, null);

INSERT INTO Child VALUES ('130253', 'Child2718', '2718child', '2006-02-02', null, null, '../../Pictures/default.jpg', null);

INSERT INTO ChildcareTransaction VALUES ('1000002717', 'Regular Childcare', '102717', '2014-09-01', '12:00:00', '14:00:00', 20.50);

INSERT INTO AllowedConnections VALUES ('102718', '130250', '130254', 13025, null);

INSERT INTO Child VALUES ('130254', 'Child2719', '2719child', '2006-02-02', null, null, '../../Pictures/default.jpg', null);

INSERT INTO ChildcareTransaction VALUES ('1000002718', 'Regular Childcare', '102718', '2014-04-17', '12:00:00', '14:00:00', 20.50);

INSERT INTO AllowedConnections VALUES ('102719', '130250', '130255', 13025, null);

INSERT INTO Child VALUES ('130255', 'Child2720', '2720child', '2006-02-02', null, null, '../../Pictures/default.jpg', null);

INSERT INTO ChildcareTransaction VALUES ('1000002719', 'Regular Childcare', '102719', '2014-07-19', '12:00:00', '14:00:00', 20.50);

INSERT INTO Guardian VALUES ('130250', '1234', 'Guardian680', '680guardian', '555-555-5555', 'blah@blah.com', '123 nowhere', null, 'Spokane', 'WA', '99999', '../../Pictures/default.jpg', null);

INSERT INTO Family VALUES ('13025', 42);

INSERT INTO Guardian VALUES ('130251', '1234', 'Guardian2680', '6802guardian', '555-555-5555', 'blah@blah.com', '123 nowhere', null, 'Spokane', 'WA', '99999', '../../Pictures/default.jpg', null);

INSERT INTO AllowedConnections VALUES ('102720', '130260', '130262', 13026, null);

INSERT INTO Child VALUES ('130262', 'Child2721', '2721child', '2006-02-02', null, null, '../../Pictures/default.jpg', null);

INSERT INTO ChildcareTransaction VALUES ('1000002720', 'Regular Childcare', '102720', '2014-04-06', '12:00:00', '14:00:00', 20.50);

INSERT INTO AllowedConnections VALUES ('102721', '130260', '130263', 13026, null);

INSERT INTO Child VALUES ('130263', 'Child2722', '2722child', '2006-02-02', null, null, '../../Pictures/default.jpg', null);

INSERT INTO ChildcareTransaction VALUES ('1000002721', 'Regular Childcare', '102721', '2014-09-13', '12:00:00', '14:00:00', 20.50);

INSERT INTO AllowedConnections VALUES ('102722', '130260', '130264', 13026, null);

INSERT INTO Child VALUES ('130264', 'Child2723', '2723child', '2006-02-02', null, null, '../../Pictures/default.jpg', null);

INSERT INTO ChildcareTransaction VALUES ('1000002722', 'Regular Childcare', '102722', '2014-02-14', '12:00:00', '14:00:00', 20.50);

INSERT INTO AllowedConnections VALUES ('102723', '130260', '130265', 13026, null);

INSERT INTO Child VALUES ('130265', 'Child2724', '2724child', '2006-02-02', null, null, '../../Pictures/default.jpg', null);

INSERT INTO ChildcareTransaction VALUES ('1000002723', 'Regular Childcare', '102723', '2014-06-24', '12:00:00', '14:00:00', 20.50);

INSERT INTO Guardian VALUES ('130260', '1234', 'Guardian681', '681guardian', '555-555-5555', 'blah@blah.com', '123 nowhere', null, 'Spokane', 'WA', '99999', '../../Pictures/default.jpg', null);

INSERT INTO Family VALUES ('13026', 42);

INSERT INTO Guardian VALUES ('130261', '1234', 'Guardian2681', '6812guardian', '555-555-5555', 'blah@blah.com', '123 nowhere', null, 'Spokane', 'WA', '99999', '../../Pictures/default.jpg', null);

INSERT INTO AllowedConnections VALUES ('102724', '130270', '130272', 13027, null);

INSERT INTO Child VALUES ('130272', 'Child2725', '2725child', '2006-02-02', null, null, '../../Pictures/default.jpg', null);

INSERT INTO ChildcareTransaction VALUES ('1000002724', 'Regular Childcare', '102724', '2014-08-26', '12:00:00', '14:00:00', 20.50);

INSERT INTO AllowedConnections VALUES ('102725', '130270', '130273', 13027, null);

INSERT INTO Child VALUES ('130273', 'Child2726', '2726child', '2006-02-02', null, null, '../../Pictures/default.jpg', null);

INSERT INTO ChildcareTransaction VALUES ('1000002725', 'Regular Childcare', '102725', '2014-12-11', '12:00:00', '14:00:00', 20.50);

INSERT INTO AllowedConnections VALUES ('102726', '130270', '130274', 13027, null);

INSERT INTO Child VALUES ('130274', 'Child2727', '2727child', '2006-02-02', null, null, '../../Pictures/default.jpg', null);

INSERT INTO ChildcareTransaction VALUES ('1000002726', 'Regular Childcare', '102726', '2014-04-02', '12:00:00', '14:00:00', 20.50);

INSERT INTO AllowedConnections VALUES ('102727', '130270', '130275', 13027, null);

INSERT INTO Child VALUES ('130275', 'Child2728', '2728child', '2006-02-02', null, null, '../../Pictures/default.jpg', null);

INSERT INTO ChildcareTransaction VALUES ('1000002727', 'Regular Childcare', '102727', '2014-09-14', '12:00:00', '14:00:00', 20.50);

INSERT INTO Guardian VALUES ('130270', '1234', 'Guardian682', '682guardian', '555-555-5555', 'blah@blah.com', '123 nowhere', null, 'Spokane', 'WA', '99999', '../../Pictures/default.jpg', null);

INSERT INTO Family VALUES ('13027', 42);

INSERT INTO Guardian VALUES ('130271', '1234', 'Guardian2682', '6822guardian', '555-555-5555', 'blah@blah.com', '123 nowhere', null, 'Spokane', 'WA', '99999', '../../Pictures/default.jpg', null);

INSERT INTO AllowedConnections VALUES ('102728', '130280', '130282', 13028, null);

INSERT INTO Child VALUES ('130282', 'Child2729', '2729child', '2006-02-02', null, null, '../../Pictures/default.jpg', null);

INSERT INTO ChildcareTransaction VALUES ('1000002728', 'Regular Childcare', '102728', '2014-07-01', '12:00:00', '14:00:00', 20.50);

INSERT INTO AllowedConnections VALUES ('102729', '130280', '130283', 13028, null);

INSERT INTO Child VALUES ('130283', 'Child2730', '2730child', '2006-02-02', null, null, '../../Pictures/default.jpg', null);

INSERT INTO ChildcareTransaction VALUES ('1000002729', 'Regular Childcare', '102729', '2014-03-22', '12:00:00', '14:00:00', 20.50);

INSERT INTO AllowedConnections VALUES ('102730', '130280', '130284', 13028, null);

INSERT INTO Child VALUES ('130284', 'Child2731', '2731child', '2006-02-02', null, null, '../../Pictures/default.jpg', null);

INSERT INTO ChildcareTransaction VALUES ('1000002730', 'Regular Childcare', '102730', '2014-05-28', '12:00:00', '14:00:00', 20.50);

INSERT INTO AllowedConnections VALUES ('102731', '130280', '130285', 13028, null);

INSERT INTO Child VALUES ('130285', 'Child2732', '2732child', '2006-02-02', null, null, '../../Pictures/default.jpg', null);

INSERT INTO ChildcareTransaction VALUES ('1000002731', 'Regular Childcare', '102731', '2014-12-20', '12:00:00', '14:00:00', 20.50);

INSERT INTO Guardian VALUES ('130280', '1234', 'Guardian683', '683guardian', '555-555-5555', 'blah@blah.com', '123 nowhere', null, 'Spokane', 'WA', '99999', '../../Pictures/default.jpg', null);

INSERT INTO Family VALUES ('13028', 42);

INSERT INTO Guardian VALUES ('130281', '1234', 'Guardian2683', '6832guardian', '555-555-5555', 'blah@blah.com', '123 nowhere', null, 'Spokane', 'WA', '99999', '../../Pictures/default.jpg', null);

INSERT INTO AllowedConnections VALUES ('102732', '130290', '130292', 13029, null);

INSERT INTO Child VALUES ('130292', 'Child2733', '2733child', '2006-02-02', null, null, '../../Pictures/default.jpg', null);

INSERT INTO ChildcareTransaction VALUES ('1000002732', 'Regular Childcare', '102732', '2014-04-17', '12:00:00', '14:00:00', 20.50);

INSERT INTO AllowedConnections VALUES ('102733', '130290', '130293', 13029, null);

INSERT INTO Child VALUES ('130293', 'Child2734', '2734child', '2006-02-02', null, null, '../../Pictures/default.jpg', null);

INSERT INTO ChildcareTransaction VALUES ('1000002733', 'Regular Childcare', '102733', '2014-02-18', '12:00:00', '14:00:00', 20.50);

INSERT INTO AllowedConnections VALUES ('102734', '130290', '130294', 13029, null);

INSERT INTO Child VALUES ('130294', 'Child2735', '2735child', '2006-02-02', null, null, '../../Pictures/default.jpg', null);

INSERT INTO ChildcareTransaction VALUES ('1000002734', 'Regular Childcare', '102734', '2014-02-11', '12:00:00', '14:00:00', 20.50);

INSERT INTO AllowedConnections VALUES ('102735', '130290', '130295', 13029, null);

INSERT INTO Child VALUES ('130295', 'Child2736', '2736child', '2006-02-02', null, null, '../../Pictures/default.jpg', null);

INSERT INTO ChildcareTransaction VALUES ('1000002735', 'Regular Childcare', '102735', '2014-03-09', '12:00:00', '14:00:00', 20.50);

INSERT INTO Guardian VALUES ('130290', '1234', 'Guardian684', '684guardian', '555-555-5555', 'blah@blah.com', '123 nowhere', null, 'Spokane', 'WA', '99999', '../../Pictures/default.jpg', null);

INSERT INTO Family VALUES ('13029', 42);

INSERT INTO Guardian VALUES ('130291', '1234', 'Guardian2684', '6842guardian', '555-555-5555', 'blah@blah.com', '123 nowhere', null, 'Spokane', 'WA', '99999', '../../Pictures/default.jpg', null);

INSERT INTO AllowedConnections VALUES ('102736', '130300', '130302', 13030, null);

INSERT INTO Child VALUES ('130302', 'Child2737', '2737child', '2006-02-02', null, null, '../../Pictures/default.jpg', null);

INSERT INTO ChildcareTransaction VALUES ('1000002736', 'Regular Childcare', '102736', '2014-12-23', '12:00:00', '14:00:00', 20.50);

INSERT INTO AllowedConnections VALUES ('102737', '130300', '130303', 13030, null);

INSERT INTO Child VALUES ('130303', 'Child2738', '2738child', '2006-02-02', null, null, '../../Pictures/default.jpg', null);

INSERT INTO ChildcareTransaction VALUES ('1000002737', 'Regular Childcare', '102737', '2014-06-25', '12:00:00', '14:00:00', 20.50);

INSERT INTO AllowedConnections VALUES ('102738', '130300', '130304', 13030, null);

INSERT INTO Child VALUES ('130304', 'Child2739', '2739child', '2006-02-02', null, null, '../../Pictures/default.jpg', null);

INSERT INTO ChildcareTransaction VALUES ('1000002738', 'Regular Childcare', '102738', '2014-08-27', '12:00:00', '14:00:00', 20.50);

INSERT INTO AllowedConnections VALUES ('102739', '130300', '130305', 13030, null);

INSERT INTO Child VALUES ('130305', 'Child2740', '2740child', '2006-02-02', null, null, '../../Pictures/default.jpg', null);

INSERT INTO ChildcareTransaction VALUES ('1000002739', 'Regular Childcare', '102739', '2014-07-05', '12:00:00', '14:00:00', 20.50);

INSERT INTO Guardian VALUES ('130300', '1234', 'Guardian685', '685guardian', '555-555-5555', 'blah@blah.com', '123 nowhere', null, 'Spokane', 'WA', '99999', '../../Pictures/default.jpg', null);

INSERT INTO Family VALUES ('13030', 42);

INSERT INTO Guardian VALUES ('130301', '1234', 'Guardian2685', '6852guardian', '555-555-5555', 'blah@blah.com', '123 nowhere', null, 'Spokane', 'WA', '99999', '../../Pictures/default.jpg', null);

INSERT INTO AllowedConnections VALUES ('102740', '130310', '130312', 13031, null);

INSERT INTO Child VALUES ('130312', 'Child2741', '2741child', '2006-02-02', null, null, '../../Pictures/default.jpg', null);

INSERT INTO ChildcareTransaction VALUES ('1000002740', 'Regular Childcare', '102740', '2014-12-17', '12:00:00', '14:00:00', 20.50);

INSERT INTO AllowedConnections VALUES ('102741', '130310', '130313', 13031, null);

INSERT INTO Child VALUES ('130313', 'Child2742', '2742child', '2006-02-02', null, null, '../../Pictures/default.jpg', null);

INSERT INTO ChildcareTransaction VALUES ('1000002741', 'Regular Childcare', '102741', '2014-08-09', '12:00:00', '14:00:00', 20.50);

INSERT INTO AllowedConnections VALUES ('102742', '130310', '130314', 13031, null);

INSERT INTO Child VALUES ('130314', 'Child2743', '2743child', '2006-02-02', null, null, '../../Pictures/default.jpg', null);

INSERT INTO ChildcareTransaction VALUES ('1000002742', 'Regular Childcare', '102742', '2014-12-05', '12:00:00', '14:00:00', 20.50);

INSERT INTO AllowedConnections VALUES ('102743', '130310', '130315', 13031, null);

INSERT INTO Child VALUES ('130315', 'Child2744', '2744child', '2006-02-02', null, null, '../../Pictures/default.jpg', null);

INSERT INTO ChildcareTransaction VALUES ('1000002743', 'Regular Childcare', '102743', '2014-12-19', '12:00:00', '14:00:00', 20.50);

INSERT INTO Guardian VALUES ('130310', '1234', 'Guardian686', '686guardian', '555-555-5555', 'blah@blah.com', '123 nowhere', null, 'Spokane', 'WA', '99999', '../../Pictures/default.jpg', null);

INSERT INTO Family VALUES ('13031', 42);

INSERT INTO Guardian VALUES ('130311', '1234', 'Guardian2686', '6862guardian', '555-555-5555', 'blah@blah.com', '123 nowhere', null, 'Spokane', 'WA', '99999', '../../Pictures/default.jpg', null);

INSERT INTO AllowedConnections VALUES ('102744', '130320', '130322', 13032, null);

INSERT INTO Child VALUES ('130322', 'Child2745', '2745child', '2006-02-02', null, null, '../../Pictures/default.jpg', null);

INSERT INTO ChildcareTransaction VALUES ('1000002744', 'Regular Childcare', '102744', '2014-11-05', '12:00:00', '14:00:00', 20.50);

INSERT INTO AllowedConnections VALUES ('102745', '130320', '130323', 13032, null);

INSERT INTO Child VALUES ('130323', 'Child2746', '2746child', '2006-02-02', null, null, '../../Pictures/default.jpg', null);

INSERT INTO ChildcareTransaction VALUES ('1000002745', 'Regular Childcare', '102745', '2014-04-08', '12:00:00', '14:00:00', 20.50);

INSERT INTO AllowedConnections VALUES ('102746', '130320', '130324', 13032, null);

INSERT INTO Child VALUES ('130324', 'Child2747', '2747child', '2006-02-02', null, null, '../../Pictures/default.jpg', null);

INSERT INTO ChildcareTransaction VALUES ('1000002746', 'Regular Childcare', '102746', '2014-09-03', '12:00:00', '14:00:00', 20.50);

INSERT INTO AllowedConnections VALUES ('102747', '130320', '130325', 13032, null);

INSERT INTO Child VALUES ('130325', 'Child2748', '2748child', '2006-02-02', null, null, '../../Pictures/default.jpg', null);

INSERT INTO ChildcareTransaction VALUES ('1000002747', 'Regular Childcare', '102747', '2014-11-07', '12:00:00', '14:00:00', 20.50);

INSERT INTO Guardian VALUES ('130320', '1234', 'Guardian687', '687guardian', '555-555-5555', 'blah@blah.com', '123 nowhere', null, 'Spokane', 'WA', '99999', '../../Pictures/default.jpg', null);

INSERT INTO Family VALUES ('13032', 42);

INSERT INTO Guardian VALUES ('130321', '1234', 'Guardian2687', '6872guardian', '555-555-5555', 'blah@blah.com', '123 nowhere', null, 'Spokane', 'WA', '99999', '../../Pictures/default.jpg', null);

INSERT INTO AllowedConnections VALUES ('102748', '130330', '130332', 13033, null);

INSERT INTO Child VALUES ('130332', 'Child2749', '2749child', '2006-02-02', null, null, '../../Pictures/default.jpg', null);

INSERT INTO ChildcareTransaction VALUES ('1000002748', 'Regular Childcare', '102748', '2014-06-28', '12:00:00', '14:00:00', 20.50);

INSERT INTO AllowedConnections VALUES ('102749', '130330', '130333', 13033, null);

INSERT INTO Child VALUES ('130333', 'Child2750', '2750child', '2006-02-02', null, null, '../../Pictures/default.jpg', null);

INSERT INTO ChildcareTransaction VALUES ('1000002749', 'Regular Childcare', '102749', '2014-07-02', '12:00:00', '14:00:00', 20.50);

INSERT INTO AllowedConnections VALUES ('102750', '130330', '130334', 13033, null);

INSERT INTO Child VALUES ('130334', 'Child2751', '2751child', '2006-02-02', null, null, '../../Pictures/default.jpg', null);

INSERT INTO ChildcareTransaction VALUES ('1000002750', 'Regular Childcare', '102750', '2014-07-17', '12:00:00', '14:00:00', 20.50);

INSERT INTO AllowedConnections VALUES ('102751', '130330', '130335', 13033, null);

INSERT INTO Child VALUES ('130335', 'Child2752', '2752child', '2006-02-02', null, null, '../../Pictures/default.jpg', null);

INSERT INTO ChildcareTransaction VALUES ('1000002751', 'Regular Childcare', '102751', '2014-10-19', '12:00:00', '14:00:00', 20.50);

INSERT INTO Guardian VALUES ('130330', '1234', 'Guardian688', '688guardian', '555-555-5555', 'blah@blah.com', '123 nowhere', null, 'Spokane', 'WA', '99999', '../../Pictures/default.jpg', null);

INSERT INTO Family VALUES ('13033', 42);

INSERT INTO Guardian VALUES ('130331', '1234', 'Guardian2688', '6882guardian', '555-555-5555', 'blah@blah.com', '123 nowhere', null, 'Spokane', 'WA', '99999', '../../Pictures/default.jpg', null);

INSERT INTO AllowedConnections VALUES ('102752', '130340', '130342', 13034, null);

INSERT INTO Child VALUES ('130342', 'Child2753', '2753child', '2006-02-02', null, null, '../../Pictures/default.jpg', null);

INSERT INTO ChildcareTransaction VALUES ('1000002752', 'Regular Childcare', '102752', '2014-12-15', '12:00:00', '14:00:00', 20.50);

INSERT INTO AllowedConnections VALUES ('102753', '130340', '130343', 13034, null);

INSERT INTO Child VALUES ('130343', 'Child2754', '2754child', '2006-02-02', null, null, '../../Pictures/default.jpg', null);

INSERT INTO ChildcareTransaction VALUES ('1000002753', 'Regular Childcare', '102753', '2014-11-27', '12:00:00', '14:00:00', 20.50);

INSERT INTO AllowedConnections VALUES ('102754', '130340', '130344', 13034, null);

INSERT INTO Child VALUES ('130344', 'Child2755', '2755child', '2006-02-02', null, null, '../../Pictures/default.jpg', null);

INSERT INTO ChildcareTransaction VALUES ('1000002754', 'Regular Childcare', '102754', '2014-06-09', '12:00:00', '14:00:00', 20.50);

INSERT INTO AllowedConnections VALUES ('102755', '130340', '130345', 13034, null);

INSERT INTO Child VALUES ('130345', 'Child2756', '2756child', '2006-02-02', null, null, '../../Pictures/default.jpg', null);

INSERT INTO ChildcareTransaction VALUES ('1000002755', 'Regular Childcare', '102755', '2014-03-02', '12:00:00', '14:00:00', 20.50);

INSERT INTO Guardian VALUES ('130340', '1234', 'Guardian689', '689guardian', '555-555-5555', 'blah@blah.com', '123 nowhere', null, 'Spokane', 'WA', '99999', '../../Pictures/default.jpg', null);

INSERT INTO Family VALUES ('13034', 42);

INSERT INTO Guardian VALUES ('130341', '1234', 'Guardian2689', '6892guardian', '555-555-5555', 'blah@blah.com', '123 nowhere', null, 'Spokane', 'WA', '99999', '../../Pictures/default.jpg', null);

INSERT INTO AllowedConnections VALUES ('102756', '130350', '130352', 13035, null);

INSERT INTO Child VALUES ('130352', 'Child2757', '2757child', '2006-02-02', null, null, '../../Pictures/default.jpg', null);

INSERT INTO ChildcareTransaction VALUES ('1000002756', 'Regular Childcare', '102756', '2014-04-07', '12:00:00', '14:00:00', 20.50);

INSERT INTO AllowedConnections VALUES ('102757', '130350', '130353', 13035, null);

INSERT INTO Child VALUES ('130353', 'Child2758', '2758child', '2006-02-02', null, null, '../../Pictures/default.jpg', null);

INSERT INTO ChildcareTransaction VALUES ('1000002757', 'Regular Childcare', '102757', '2014-02-27', '12:00:00', '14:00:00', 20.50);

INSERT INTO AllowedConnections VALUES ('102758', '130350', '130354', 13035, null);

INSERT INTO Child VALUES ('130354', 'Child2759', '2759child', '2006-02-02', null, null, '../../Pictures/default.jpg', null);

INSERT INTO ChildcareTransaction VALUES ('1000002758', 'Regular Childcare', '102758', '2014-02-20', '12:00:00', '14:00:00', 20.50);

INSERT INTO AllowedConnections VALUES ('102759', '130350', '130355', 13035, null);

INSERT INTO Child VALUES ('130355', 'Child2760', '2760child', '2006-02-02', null, null, '../../Pictures/default.jpg', null);

INSERT INTO ChildcareTransaction VALUES ('1000002759', 'Regular Childcare', '102759', '2014-03-17', '12:00:00', '14:00:00', 20.50);

INSERT INTO Guardian VALUES ('130350', '1234', 'Guardian690', '690guardian', '555-555-5555', 'blah@blah.com', '123 nowhere', null, 'Spokane', 'WA', '99999', '../../Pictures/default.jpg', null);

INSERT INTO Family VALUES ('13035', 42);

INSERT INTO Guardian VALUES ('130351', '1234', 'Guardian2690', '6902guardian', '555-555-5555', 'blah@blah.com', '123 nowhere', null, 'Spokane', 'WA', '99999', '../../Pictures/default.jpg', null);

INSERT INTO AllowedConnections VALUES ('102760', '130360', '130362', 13036, null);

INSERT INTO Child VALUES ('130362', 'Child2761', '2761child', '2006-02-02', null, null, '../../Pictures/default.jpg', null);

INSERT INTO ChildcareTransaction VALUES ('1000002760', 'Regular Childcare', '102760', '2014-09-24', '12:00:00', '14:00:00', 20.50);

INSERT INTO AllowedConnections VALUES ('102761', '130360', '130363', 13036, null);

INSERT INTO Child VALUES ('130363', 'Child2762', '2762child', '2006-02-02', null, null, '../../Pictures/default.jpg', null);

INSERT INTO ChildcareTransaction VALUES ('1000002761', 'Regular Childcare', '102761', '2014-03-10', '12:00:00', '14:00:00', 20.50);

INSERT INTO AllowedConnections VALUES ('102762', '130360', '130364', 13036, null);

INSERT INTO Child VALUES ('130364', 'Child2763', '2763child', '2006-02-02', null, null, '../../Pictures/default.jpg', null);

INSERT INTO ChildcareTransaction VALUES ('1000002762', 'Regular Childcare', '102762', '2014-01-18', '12:00:00', '14:00:00', 20.50);

INSERT INTO AllowedConnections VALUES ('102763', '130360', '130365', 13036, null);

INSERT INTO Child VALUES ('130365', 'Child2764', '2764child', '2006-02-02', null, null, '../../Pictures/default.jpg', null);

INSERT INTO ChildcareTransaction VALUES ('1000002763', 'Regular Childcare', '102763', '2014-07-22', '12:00:00', '14:00:00', 20.50);

INSERT INTO Guardian VALUES ('130360', '1234', 'Guardian691', '691guardian', '555-555-5555', 'blah@blah.com', '123 nowhere', null, 'Spokane', 'WA', '99999', '../../Pictures/default.jpg', null);

INSERT INTO Family VALUES ('13036', 42);

INSERT INTO Guardian VALUES ('130361', '1234', 'Guardian2691', '6912guardian', '555-555-5555', 'blah@blah.com', '123 nowhere', null, 'Spokane', 'WA', '99999', '../../Pictures/default.jpg', null);

INSERT INTO AllowedConnections VALUES ('102764', '130370', '130372', 13037, null);

INSERT INTO Child VALUES ('130372', 'Child2765', '2765child', '2006-02-02', null, null, '../../Pictures/default.jpg', null);

INSERT INTO ChildcareTransaction VALUES ('1000002764', 'Regular Childcare', '102764', '2014-07-25', '12:00:00', '14:00:00', 20.50);

INSERT INTO AllowedConnections VALUES ('102765', '130370', '130373', 13037, null);

INSERT INTO Child VALUES ('130373', 'Child2766', '2766child', '2006-02-02', null, null, '../../Pictures/default.jpg', null);

INSERT INTO ChildcareTransaction VALUES ('1000002765', 'Regular Childcare', '102765', '2014-09-19', '12:00:00', '14:00:00', 20.50);

INSERT INTO AllowedConnections VALUES ('102766', '130370', '130374', 13037, null);

INSERT INTO Child VALUES ('130374', 'Child2767', '2767child', '2006-02-02', null, null, '../../Pictures/default.jpg', null);

INSERT INTO ChildcareTransaction VALUES ('1000002766', 'Regular Childcare', '102766', '2014-12-15', '12:00:00', '14:00:00', 20.50);

INSERT INTO AllowedConnections VALUES ('102767', '130370', '130375', 13037, null);

INSERT INTO Child VALUES ('130375', 'Child2768', '2768child', '2006-02-02', null, null, '../../Pictures/default.jpg', null);

INSERT INTO ChildcareTransaction VALUES ('1000002767', 'Regular Childcare', '102767', '2014-01-10', '12:00:00', '14:00:00', 20.50);

INSERT INTO Guardian VALUES ('130370', '1234', 'Guardian692', '692guardian', '555-555-5555', 'blah@blah.com', '123 nowhere', null, 'Spokane', 'WA', '99999', '../../Pictures/default.jpg', null);

INSERT INTO Family VALUES ('13037', 42);

INSERT INTO Guardian VALUES ('130371', '1234', 'Guardian2692', '6922guardian', '555-555-5555', 'blah@blah.com', '123 nowhere', null, 'Spokane', 'WA', '99999', '../../Pictures/default.jpg', null);

INSERT INTO AllowedConnections VALUES ('102768', '130380', '130382', 13038, null);

INSERT INTO Child VALUES ('130382', 'Child2769', '2769child', '2006-02-02', null, null, '../../Pictures/default.jpg', null);

INSERT INTO ChildcareTransaction VALUES ('1000002768', 'Regular Childcare', '102768', '2014-11-21', '12:00:00', '14:00:00', 20.50);

INSERT INTO AllowedConnections VALUES ('102769', '130380', '130383', 13038, null);

INSERT INTO Child VALUES ('130383', 'Child2770', '2770child', '2006-02-02', null, null, '../../Pictures/default.jpg', null);

INSERT INTO ChildcareTransaction VALUES ('1000002769', 'Regular Childcare', '102769', '2014-04-20', '12:00:00', '14:00:00', 20.50);

INSERT INTO AllowedConnections VALUES ('102770', '130380', '130384', 13038, null);

INSERT INTO Child VALUES ('130384', 'Child2771', '2771child', '2006-02-02', null, null, '../../Pictures/default.jpg', null);

INSERT INTO ChildcareTransaction VALUES ('1000002770', 'Regular Childcare', '102770', '2014-09-28', '12:00:00', '14:00:00', 20.50);

INSERT INTO AllowedConnections VALUES ('102771', '130380', '130385', 13038, null);

INSERT INTO Child VALUES ('130385', 'Child2772', '2772child', '2006-02-02', null, null, '../../Pictures/default.jpg', null);

INSERT INTO ChildcareTransaction VALUES ('1000002771', 'Regular Childcare', '102771', '2014-07-17', '12:00:00', '14:00:00', 20.50);

INSERT INTO Guardian VALUES ('130380', '1234', 'Guardian693', '693guardian', '555-555-5555', 'blah@blah.com', '123 nowhere', null, 'Spokane', 'WA', '99999', '../../Pictures/default.jpg', null);

INSERT INTO Family VALUES ('13038', 42);

INSERT INTO Guardian VALUES ('130381', '1234', 'Guardian2693', '6932guardian', '555-555-5555', 'blah@blah.com', '123 nowhere', null, 'Spokane', 'WA', '99999', '../../Pictures/default.jpg', null);

INSERT INTO AllowedConnections VALUES ('102772', '130390', '130392', 13039, null);

INSERT INTO Child VALUES ('130392', 'Child2773', '2773child', '2006-02-02', null, null, '../../Pictures/default.jpg', null);

INSERT INTO ChildcareTransaction VALUES ('1000002772', 'Regular Childcare', '102772', '2014-12-14', '12:00:00', '14:00:00', 20.50);

INSERT INTO AllowedConnections VALUES ('102773', '130390', '130393', 13039, null);

INSERT INTO Child VALUES ('130393', 'Child2774', '2774child', '2006-02-02', null, null, '../../Pictures/default.jpg', null);

INSERT INTO ChildcareTransaction VALUES ('1000002773', 'Regular Childcare', '102773', '2014-07-27', '12:00:00', '14:00:00', 20.50);

INSERT INTO AllowedConnections VALUES ('102774', '130390', '130394', 13039, null);

INSERT INTO Child VALUES ('130394', 'Child2775', '2775child', '2006-02-02', null, null, '../../Pictures/default.jpg', null);

INSERT INTO ChildcareTransaction VALUES ('1000002774', 'Regular Childcare', '102774', '2014-03-16', '12:00:00', '14:00:00', 20.50);

INSERT INTO AllowedConnections VALUES ('102775', '130390', '130395', 13039, null);

INSERT INTO Child VALUES ('130395', 'Child2776', '2776child', '2006-02-02', null, null, '../../Pictures/default.jpg', null);

INSERT INTO ChildcareTransaction VALUES ('1000002775', 'Regular Childcare', '102775', '2014-10-28', '12:00:00', '14:00:00', 20.50);

INSERT INTO Guardian VALUES ('130390', '1234', 'Guardian694', '694guardian', '555-555-5555', 'blah@blah.com', '123 nowhere', null, 'Spokane', 'WA', '99999', '../../Pictures/default.jpg', null);

INSERT INTO Family VALUES ('13039', 42);

INSERT INTO Guardian VALUES ('130391', '1234', 'Guardian2694', '6942guardian', '555-555-5555', 'blah@blah.com', '123 nowhere', null, 'Spokane', 'WA', '99999', '../../Pictures/default.jpg', null);

INSERT INTO AllowedConnections VALUES ('102776', '130400', '130402', 13040, null);

INSERT INTO Child VALUES ('130402', 'Child2777', '2777child', '2006-02-02', null, null, '../../Pictures/default.jpg', null);

INSERT INTO ChildcareTransaction VALUES ('1000002776', 'Regular Childcare', '102776', '2014-01-11', '12:00:00', '14:00:00', 20.50);

INSERT INTO AllowedConnections VALUES ('102777', '130400', '130403', 13040, null);

INSERT INTO Child VALUES ('130403', 'Child2778', '2778child', '2006-02-02', null, null, '../../Pictures/default.jpg', null);

INSERT INTO ChildcareTransaction VALUES ('1000002777', 'Regular Childcare', '102777', '2014-11-09', '12:00:00', '14:00:00', 20.50);

INSERT INTO AllowedConnections VALUES ('102778', '130400', '130404', 13040, null);

INSERT INTO Child VALUES ('130404', 'Child2779', '2779child', '2006-02-02', null, null, '../../Pictures/default.jpg', null);

INSERT INTO ChildcareTransaction VALUES ('1000002778', 'Regular Childcare', '102778', '2014-08-02', '12:00:00', '14:00:00', 20.50);

INSERT INTO AllowedConnections VALUES ('102779', '130400', '130405', 13040, null);

INSERT INTO Child VALUES ('130405', 'Child2780', '2780child', '2006-02-02', null, null, '../../Pictures/default.jpg', null);

INSERT INTO ChildcareTransaction VALUES ('1000002779', 'Regular Childcare', '102779', '2014-09-12', '12:00:00', '14:00:00', 20.50);

INSERT INTO Guardian VALUES ('130400', '1234', 'Guardian695', '695guardian', '555-555-5555', 'blah@blah.com', '123 nowhere', null, 'Spokane', 'WA', '99999', '../../Pictures/default.jpg', null);

INSERT INTO Family VALUES ('13040', 42);

INSERT INTO Guardian VALUES ('130401', '1234', 'Guardian2695', '6952guardian', '555-555-5555', 'blah@blah.com', '123 nowhere', null, 'Spokane', 'WA', '99999', '../../Pictures/default.jpg', null);

INSERT INTO AllowedConnections VALUES ('102780', '130410', '130412', 13041, null);

INSERT INTO Child VALUES ('130412', 'Child2781', '2781child', '2006-02-02', null, null, '../../Pictures/default.jpg', null);

INSERT INTO ChildcareTransaction VALUES ('1000002780', 'Regular Childcare', '102780', '2014-02-17', '12:00:00', '14:00:00', 20.50);

INSERT INTO AllowedConnections VALUES ('102781', '130410', '130413', 13041, null);

INSERT INTO Child VALUES ('130413', 'Child2782', '2782child', '2006-02-02', null, null, '../../Pictures/default.jpg', null);

INSERT INTO ChildcareTransaction VALUES ('1000002781', 'Regular Childcare', '102781', '2014-04-10', '12:00:00', '14:00:00', 20.50);

INSERT INTO AllowedConnections VALUES ('102782', '130410', '130414', 13041, null);

INSERT INTO Child VALUES ('130414', 'Child2783', '2783child', '2006-02-02', null, null, '../../Pictures/default.jpg', null);

INSERT INTO ChildcareTransaction VALUES ('1000002782', 'Regular Childcare', '102782', '2014-08-09', '12:00:00', '14:00:00', 20.50);

INSERT INTO AllowedConnections VALUES ('102783', '130410', '130415', 13041, null);

INSERT INTO Child VALUES ('130415', 'Child2784', '2784child', '2006-02-02', null, null, '../../Pictures/default.jpg', null);

INSERT INTO ChildcareTransaction VALUES ('1000002783', 'Regular Childcare', '102783', '2014-05-01', '12:00:00', '14:00:00', 20.50);

INSERT INTO Guardian VALUES ('130410', '1234', 'Guardian696', '696guardian', '555-555-5555', 'blah@blah.com', '123 nowhere', null, 'Spokane', 'WA', '99999', '../../Pictures/default.jpg', null);

INSERT INTO Family VALUES ('13041', 42);

INSERT INTO Guardian VALUES ('130411', '1234', 'Guardian2696', '6962guardian', '555-555-5555', 'blah@blah.com', '123 nowhere', null, 'Spokane', 'WA', '99999', '../../Pictures/default.jpg', null);

INSERT INTO AllowedConnections VALUES ('102784', '130420', '130422', 13042, null);

INSERT INTO Child VALUES ('130422', 'Child2785', '2785child', '2006-02-02', null, null, '../../Pictures/default.jpg', null);

INSERT INTO ChildcareTransaction VALUES ('1000002784', 'Regular Childcare', '102784', '2014-04-10', '12:00:00', '14:00:00', 20.50);

INSERT INTO AllowedConnections VALUES ('102785', '130420', '130423', 13042, null);

INSERT INTO Child VALUES ('130423', 'Child2786', '2786child', '2006-02-02', null, null, '../../Pictures/default.jpg', null);

INSERT INTO ChildcareTransaction VALUES ('1000002785', 'Regular Childcare', '102785', '2014-12-06', '12:00:00', '14:00:00', 20.50);

INSERT INTO AllowedConnections VALUES ('102786', '130420', '130424', 13042, null);

INSERT INTO Child VALUES ('130424', 'Child2787', '2787child', '2006-02-02', null, null, '../../Pictures/default.jpg', null);

INSERT INTO ChildcareTransaction VALUES ('1000002786', 'Regular Childcare', '102786', '2014-08-25', '12:00:00', '14:00:00', 20.50);

INSERT INTO AllowedConnections VALUES ('102787', '130420', '130425', 13042, null);

INSERT INTO Child VALUES ('130425', 'Child2788', '2788child', '2006-02-02', null, null, '../../Pictures/default.jpg', null);

INSERT INTO ChildcareTransaction VALUES ('1000002787', 'Regular Childcare', '102787', '2014-10-20', '12:00:00', '14:00:00', 20.50);

INSERT INTO Guardian VALUES ('130420', '1234', 'Guardian697', '697guardian', '555-555-5555', 'blah@blah.com', '123 nowhere', null, 'Spokane', 'WA', '99999', '../../Pictures/default.jpg', null);

INSERT INTO Family VALUES ('13042', 42);

INSERT INTO Guardian VALUES ('130421', '1234', 'Guardian2697', '6972guardian', '555-555-5555', 'blah@blah.com', '123 nowhere', null, 'Spokane', 'WA', '99999', '../../Pictures/default.jpg', null);

INSERT INTO AllowedConnections VALUES ('102788', '130430', '130432', 13043, null);

INSERT INTO Child VALUES ('130432', 'Child2789', '2789child', '2006-02-02', null, null, '../../Pictures/default.jpg', null);

INSERT INTO ChildcareTransaction VALUES ('1000002788', 'Regular Childcare', '102788', '2014-01-28', '12:00:00', '14:00:00', 20.50);

INSERT INTO AllowedConnections VALUES ('102789', '130430', '130433', 13043, null);

INSERT INTO Child VALUES ('130433', 'Child2790', '2790child', '2006-02-02', null, null, '../../Pictures/default.jpg', null);

INSERT INTO ChildcareTransaction VALUES ('1000002789', 'Regular Childcare', '102789', '2014-07-11', '12:00:00', '14:00:00', 20.50);

INSERT INTO AllowedConnections VALUES ('102790', '130430', '130434', 13043, null);

INSERT INTO Child VALUES ('130434', 'Child2791', '2791child', '2006-02-02', null, null, '../../Pictures/default.jpg', null);

INSERT INTO ChildcareTransaction VALUES ('1000002790', 'Regular Childcare', '102790', '2014-10-14', '12:00:00', '14:00:00', 20.50);

INSERT INTO AllowedConnections VALUES ('102791', '130430', '130435', 13043, null);

INSERT INTO Child VALUES ('130435', 'Child2792', '2792child', '2006-02-02', null, null, '../../Pictures/default.jpg', null);

INSERT INTO ChildcareTransaction VALUES ('1000002791', 'Regular Childcare', '102791', '2014-06-07', '12:00:00', '14:00:00', 20.50);

INSERT INTO Guardian VALUES ('130430', '1234', 'Guardian698', '698guardian', '555-555-5555', 'blah@blah.com', '123 nowhere', null, 'Spokane', 'WA', '99999', '../../Pictures/default.jpg', null);

INSERT INTO Family VALUES ('13043', 42);

INSERT INTO Guardian VALUES ('130431', '1234', 'Guardian2698', '6982guardian', '555-555-5555', 'blah@blah.com', '123 nowhere', null, 'Spokane', 'WA', '99999', '../../Pictures/default.jpg', null);

INSERT INTO AllowedConnections VALUES ('102792', '130440', '130442', 13044, null);

INSERT INTO Child VALUES ('130442', 'Child2793', '2793child', '2006-02-02', null, null, '../../Pictures/default.jpg', null);

INSERT INTO ChildcareTransaction VALUES ('1000002792', 'Regular Childcare', '102792', '2014-12-15', '12:00:00', '14:00:00', 20.50);

INSERT INTO AllowedConnections VALUES ('102793', '130440', '130443', 13044, null);

INSERT INTO Child VALUES ('130443', 'Child2794', '2794child', '2006-02-02', null, null, '../../Pictures/default.jpg', null);

INSERT INTO ChildcareTransaction VALUES ('1000002793', 'Regular Childcare', '102793', '2014-12-19', '12:00:00', '14:00:00', 20.50);

INSERT INTO AllowedConnections VALUES ('102794', '130440', '130444', 13044, null);

INSERT INTO Child VALUES ('130444', 'Child2795', '2795child', '2006-02-02', null, null, '../../Pictures/default.jpg', null);

INSERT INTO ChildcareTransaction VALUES ('1000002794', 'Regular Childcare', '102794', '2014-12-16', '12:00:00', '14:00:00', 20.50);

INSERT INTO AllowedConnections VALUES ('102795', '130440', '130445', 13044, null);

INSERT INTO Child VALUES ('130445', 'Child2796', '2796child', '2006-02-02', null, null, '../../Pictures/default.jpg', null);

INSERT INTO ChildcareTransaction VALUES ('1000002795', 'Regular Childcare', '102795', '2014-12-16', '12:00:00', '14:00:00', 20.50);

INSERT INTO Guardian VALUES ('130440', '1234', 'Guardian699', '699guardian', '555-555-5555', 'blah@blah.com', '123 nowhere', null, 'Spokane', 'WA', '99999', '../../Pictures/default.jpg', null);

INSERT INTO Family VALUES ('13044', 42);

INSERT INTO Guardian VALUES ('130441', '1234', 'Guardian2699', '6992guardian', '555-555-5555', 'blah@blah.com', '123 nowhere', null, 'Spokane', 'WA', '99999', '../../Pictures/default.jpg', null);

INSERT INTO AllowedConnections VALUES ('102796', '130450', '130452', 13045, null);

INSERT INTO Child VALUES ('130452', 'Child2797', '2797child', '2006-02-02', null, null, '../../Pictures/default.jpg', null);

INSERT INTO ChildcareTransaction VALUES ('1000002796', 'Regular Childcare', '102796', '2014-09-06', '12:00:00', '14:00:00', 20.50);

INSERT INTO AllowedConnections VALUES ('102797', '130450', '130453', 13045, null);

INSERT INTO Child VALUES ('130453', 'Child2798', '2798child', '2006-02-02', null, null, '../../Pictures/default.jpg', null);

INSERT INTO ChildcareTransaction VALUES ('1000002797', 'Regular Childcare', '102797', '2014-09-01', '12:00:00', '14:00:00', 20.50);

INSERT INTO AllowedConnections VALUES ('102798', '130450', '130454', 13045, null);

INSERT INTO Child VALUES ('130454', 'Child2799', '2799child', '2006-02-02', null, null, '../../Pictures/default.jpg', null);

INSERT INTO ChildcareTransaction VALUES ('1000002798', 'Regular Childcare', '102798', '2014-09-02', '12:00:00', '14:00:00', 20.50);

INSERT INTO AllowedConnections VALUES ('102799', '130450', '130455', 13045, null);

INSERT INTO Child VALUES ('130455', 'Child2800', '2800child', '2006-02-02', null, null, '../../Pictures/default.jpg', null);

INSERT INTO ChildcareTransaction VALUES ('1000002799', 'Regular Childcare', '102799', '2014-06-24', '12:00:00', '14:00:00', 20.50);

INSERT INTO Guardian VALUES ('130450', '1234', 'Guardian700', '700guardian', '555-555-5555', 'blah@blah.com', '123 nowhere', null, 'Spokane', 'WA', '99999', '../../Pictures/default.jpg', null);

INSERT INTO Family VALUES ('13045', 42);

INSERT INTO Guardian VALUES ('130451', '1234', 'Guardian2700', '7002guardian', '555-555-5555', 'blah@blah.com', '123 nowhere', null, 'Spokane', 'WA', '99999', '../../Pictures/default.jpg', null);

INSERT INTO AllowedConnections VALUES ('102800', '130460', '130462', 13046, null);

INSERT INTO Child VALUES ('130462', 'Child2801', '2801child', '2006-02-02', null, null, '../../Pictures/default.jpg', null);

INSERT INTO ChildcareTransaction VALUES ('1000002800', 'Regular Childcare', '102800', '2014-07-27', '12:00:00', '14:00:00', 20.50);

INSERT INTO AllowedConnections VALUES ('102801', '130460', '130463', 13046, null);

INSERT INTO Child VALUES ('130463', 'Child2802', '2802child', '2006-02-02', null, null, '../../Pictures/default.jpg', null);

INSERT INTO ChildcareTransaction VALUES ('1000002801', 'Regular Childcare', '102801', '2014-09-19', '12:00:00', '14:00:00', 20.50);

INSERT INTO AllowedConnections VALUES ('102802', '130460', '130464', 13046, null);

INSERT INTO Child VALUES ('130464', 'Child2803', '2803child', '2006-02-02', null, null, '../../Pictures/default.jpg', null);

INSERT INTO ChildcareTransaction VALUES ('1000002802', 'Regular Childcare', '102802', '2014-07-28', '12:00:00', '14:00:00', 20.50);

INSERT INTO AllowedConnections VALUES ('102803', '130460', '130465', 13046, null);

INSERT INTO Child VALUES ('130465', 'Child2804', '2804child', '2006-02-02', null, null, '../../Pictures/default.jpg', null);

INSERT INTO ChildcareTransaction VALUES ('1000002803', 'Regular Childcare', '102803', '2014-12-20', '12:00:00', '14:00:00', 20.50);

INSERT INTO Guardian VALUES ('130460', '1234', 'Guardian701', '701guardian', '555-555-5555', 'blah@blah.com', '123 nowhere', null, 'Spokane', 'WA', '99999', '../../Pictures/default.jpg', null);

INSERT INTO Family VALUES ('13046', 42);

INSERT INTO Guardian VALUES ('130461', '1234', 'Guardian2701', '7012guardian', '555-555-5555', 'blah@blah.com', '123 nowhere', null, 'Spokane', 'WA', '99999', '../../Pictures/default.jpg', null);

INSERT INTO AllowedConnections VALUES ('102804', '130470', '130472', 13047, null);

INSERT INTO Child VALUES ('130472', 'Child2805', '2805child', '2006-02-02', null, null, '../../Pictures/default.jpg', null);

INSERT INTO ChildcareTransaction VALUES ('1000002804', 'Regular Childcare', '102804', '2014-11-05', '12:00:00', '14:00:00', 20.50);

INSERT INTO AllowedConnections VALUES ('102805', '130470', '130473', 13047, null);

INSERT INTO Child VALUES ('130473', 'Child2806', '2806child', '2006-02-02', null, null, '../../Pictures/default.jpg', null);

INSERT INTO ChildcareTransaction VALUES ('1000002805', 'Regular Childcare', '102805', '2014-01-04', '12:00:00', '14:00:00', 20.50);

INSERT INTO AllowedConnections VALUES ('102806', '130470', '130474', 13047, null);

INSERT INTO Child VALUES ('130474', 'Child2807', '2807child', '2006-02-02', null, null, '../../Pictures/default.jpg', null);

INSERT INTO ChildcareTransaction VALUES ('1000002806', 'Regular Childcare', '102806', '2014-08-25', '12:00:00', '14:00:00', 20.50);

INSERT INTO AllowedConnections VALUES ('102807', '130470', '130475', 13047, null);

INSERT INTO Child VALUES ('130475', 'Child2808', '2808child', '2006-02-02', null, null, '../../Pictures/default.jpg', null);

INSERT INTO ChildcareTransaction VALUES ('1000002807', 'Regular Childcare', '102807', '2014-01-19', '12:00:00', '14:00:00', 20.50);

INSERT INTO Guardian VALUES ('130470', '1234', 'Guardian702', '702guardian', '555-555-5555', 'blah@blah.com', '123 nowhere', null, 'Spokane', 'WA', '99999', '../../Pictures/default.jpg', null);

INSERT INTO Family VALUES ('13047', 42);

INSERT INTO Guardian VALUES ('130471', '1234', 'Guardian2702', '7022guardian', '555-555-5555', 'blah@blah.com', '123 nowhere', null, 'Spokane', 'WA', '99999', '../../Pictures/default.jpg', null);

INSERT INTO AllowedConnections VALUES ('102808', '130480', '130482', 13048, null);

INSERT INTO Child VALUES ('130482', 'Child2809', '2809child', '2006-02-02', null, null, '../../Pictures/default.jpg', null);

INSERT INTO ChildcareTransaction VALUES ('1000002808', 'Regular Childcare', '102808', '2014-07-11', '12:00:00', '14:00:00', 20.50);

INSERT INTO AllowedConnections VALUES ('102809', '130480', '130483', 13048, null);

INSERT INTO Child VALUES ('130483', 'Child2810', '2810child', '2006-02-02', null, null, '../../Pictures/default.jpg', null);

INSERT INTO ChildcareTransaction VALUES ('1000002809', 'Regular Childcare', '102809', '2014-10-13', '12:00:00', '14:00:00', 20.50);

INSERT INTO AllowedConnections VALUES ('102810', '130480', '130484', 13048, null);

INSERT INTO Child VALUES ('130484', 'Child2811', '2811child', '2006-02-02', null, null, '../../Pictures/default.jpg', null);

INSERT INTO ChildcareTransaction VALUES ('1000002810', 'Regular Childcare', '102810', '2014-09-08', '12:00:00', '14:00:00', 20.50);

INSERT INTO AllowedConnections VALUES ('102811', '130480', '130485', 13048, null);

INSERT INTO Child VALUES ('130485', 'Child2812', '2812child', '2006-02-02', null, null, '../../Pictures/default.jpg', null);

INSERT INTO ChildcareTransaction VALUES ('1000002811', 'Regular Childcare', '102811', '2014-04-21', '12:00:00', '14:00:00', 20.50);

INSERT INTO Guardian VALUES ('130480', '1234', 'Guardian703', '703guardian', '555-555-5555', 'blah@blah.com', '123 nowhere', null, 'Spokane', 'WA', '99999', '../../Pictures/default.jpg', null);

INSERT INTO Family VALUES ('13048', 42);

INSERT INTO Guardian VALUES ('130481', '1234', 'Guardian2703', '7032guardian', '555-555-5555', 'blah@blah.com', '123 nowhere', null, 'Spokane', 'WA', '99999', '../../Pictures/default.jpg', null);

INSERT INTO AllowedConnections VALUES ('102812', '130490', '130492', 13049, null);

INSERT INTO Child VALUES ('130492', 'Child2813', '2813child', '2006-02-02', null, null, '../../Pictures/default.jpg', null);

INSERT INTO ChildcareTransaction VALUES ('1000002812', 'Regular Childcare', '102812', '2014-07-22', '12:00:00', '14:00:00', 20.50);

INSERT INTO AllowedConnections VALUES ('102813', '130490', '130493', 13049, null);

INSERT INTO Child VALUES ('130493', 'Child2814', '2814child', '2006-02-02', null, null, '../../Pictures/default.jpg', null);

INSERT INTO ChildcareTransaction VALUES ('1000002813', 'Regular Childcare', '102813', '2014-05-01', '12:00:00', '14:00:00', 20.50);

INSERT INTO AllowedConnections VALUES ('102814', '130490', '130494', 13049, null);

INSERT INTO Child VALUES ('130494', 'Child2815', '2815child', '2006-02-02', null, null, '../../Pictures/default.jpg', null);

INSERT INTO ChildcareTransaction VALUES ('1000002814', 'Regular Childcare', '102814', '2014-11-03', '12:00:00', '14:00:00', 20.50);

INSERT INTO AllowedConnections VALUES ('102815', '130490', '130495', 13049, null);

INSERT INTO Child VALUES ('130495', 'Child2816', '2816child', '2006-02-02', null, null, '../../Pictures/default.jpg', null);

INSERT INTO ChildcareTransaction VALUES ('1000002815', 'Regular Childcare', '102815', '2014-10-27', '12:00:00', '14:00:00', 20.50);

INSERT INTO Guardian VALUES ('130490', '1234', 'Guardian704', '704guardian', '555-555-5555', 'blah@blah.com', '123 nowhere', null, 'Spokane', 'WA', '99999', '../../Pictures/default.jpg', null);

INSERT INTO Family VALUES ('13049', 42);

INSERT INTO Guardian VALUES ('130491', '1234', 'Guardian2704', '7042guardian', '555-555-5555', 'blah@blah.com', '123 nowhere', null, 'Spokane', 'WA', '99999', '../../Pictures/default.jpg', null);

INSERT INTO AllowedConnections VALUES ('102816', '130500', '130502', 13050, null);

INSERT INTO Child VALUES ('130502', 'Child2817', '2817child', '2006-02-02', null, null, '../../Pictures/default.jpg', null);

INSERT INTO ChildcareTransaction VALUES ('1000002816', 'Regular Childcare', '102816', '2014-11-16', '12:00:00', '14:00:00', 20.50);

INSERT INTO AllowedConnections VALUES ('102817', '130500', '130503', 13050, null);

INSERT INTO Child VALUES ('130503', 'Child2818', '2818child', '2006-02-02', null, null, '../../Pictures/default.jpg', null);

INSERT INTO ChildcareTransaction VALUES ('1000002817', 'Regular Childcare', '102817', '2014-01-20', '12:00:00', '14:00:00', 20.50);

INSERT INTO AllowedConnections VALUES ('102818', '130500', '130504', 13050, null);

INSERT INTO Child VALUES ('130504', 'Child2819', '2819child', '2006-02-02', null, null, '../../Pictures/default.jpg', null);

INSERT INTO ChildcareTransaction VALUES ('1000002818', 'Regular Childcare', '102818', '2014-07-15', '12:00:00', '14:00:00', 20.50);

INSERT INTO AllowedConnections VALUES ('102819', '130500', '130505', 13050, null);

INSERT INTO Child VALUES ('130505', 'Child2820', '2820child', '2006-02-02', null, null, '../../Pictures/default.jpg', null);

INSERT INTO ChildcareTransaction VALUES ('1000002819', 'Regular Childcare', '102819', '2014-05-19', '12:00:00', '14:00:00', 20.50);

INSERT INTO Guardian VALUES ('130500', '1234', 'Guardian705', '705guardian', '555-555-5555', 'blah@blah.com', '123 nowhere', null, 'Spokane', 'WA', '99999', '../../Pictures/default.jpg', null);

INSERT INTO Family VALUES ('13050', 42);

INSERT INTO Guardian VALUES ('130501', '1234', 'Guardian2705', '7052guardian', '555-555-5555', 'blah@blah.com', '123 nowhere', null, 'Spokane', 'WA', '99999', '../../Pictures/default.jpg', null);

INSERT INTO AllowedConnections VALUES ('102820', '130510', '130512', 13051, null);

INSERT INTO Child VALUES ('130512', 'Child2821', '2821child', '2006-02-02', null, null, '../../Pictures/default.jpg', null);

INSERT INTO ChildcareTransaction VALUES ('1000002820', 'Regular Childcare', '102820', '2014-04-04', '12:00:00', '14:00:00', 20.50);

INSERT INTO AllowedConnections VALUES ('102821', '130510', '130513', 13051, null);

INSERT INTO Child VALUES ('130513', 'Child2822', '2822child', '2006-02-02', null, null, '../../Pictures/default.jpg', null);

INSERT INTO ChildcareTransaction VALUES ('1000002821', 'Regular Childcare', '102821', '2014-03-07', '12:00:00', '14:00:00', 20.50);

INSERT INTO AllowedConnections VALUES ('102822', '130510', '130514', 13051, null);

INSERT INTO Child VALUES ('130514', 'Child2823', '2823child', '2006-02-02', null, null, '../../Pictures/default.jpg', null);

INSERT INTO ChildcareTransaction VALUES ('1000002822', 'Regular Childcare', '102822', '2014-07-24', '12:00:00', '14:00:00', 20.50);

INSERT INTO AllowedConnections VALUES ('102823', '130510', '130515', 13051, null);

INSERT INTO Child VALUES ('130515', 'Child2824', '2824child', '2006-02-02', null, null, '../../Pictures/default.jpg', null);

INSERT INTO ChildcareTransaction VALUES ('1000002823', 'Regular Childcare', '102823', '2014-11-28', '12:00:00', '14:00:00', 20.50);

INSERT INTO Guardian VALUES ('130510', '1234', 'Guardian706', '706guardian', '555-555-5555', 'blah@blah.com', '123 nowhere', null, 'Spokane', 'WA', '99999', '../../Pictures/default.jpg', null);

INSERT INTO Family VALUES ('13051', 42);

INSERT INTO Guardian VALUES ('130511', '1234', 'Guardian2706', '7062guardian', '555-555-5555', 'blah@blah.com', '123 nowhere', null, 'Spokane', 'WA', '99999', '../../Pictures/default.jpg', null);

INSERT INTO AllowedConnections VALUES ('102824', '130520', '130522', 13052, null);

INSERT INTO Child VALUES ('130522', 'Child2825', '2825child', '2006-02-02', null, null, '../../Pictures/default.jpg', null);

INSERT INTO ChildcareTransaction VALUES ('1000002824', 'Regular Childcare', '102824', '2014-02-02', '12:00:00', '14:00:00', 20.50);

INSERT INTO AllowedConnections VALUES ('102825', '130520', '130523', 13052, null);

INSERT INTO Child VALUES ('130523', 'Child2826', '2826child', '2006-02-02', null, null, '../../Pictures/default.jpg', null);

INSERT INTO ChildcareTransaction VALUES ('1000002825', 'Regular Childcare', '102825', '2014-04-03', '12:00:00', '14:00:00', 20.50);

INSERT INTO AllowedConnections VALUES ('102826', '130520', '130524', 13052, null);

INSERT INTO Child VALUES ('130524', 'Child2827', '2827child', '2006-02-02', null, null, '../../Pictures/default.jpg', null);

INSERT INTO ChildcareTransaction VALUES ('1000002826', 'Regular Childcare', '102826', '2014-03-04', '12:00:00', '14:00:00', 20.50);

INSERT INTO AllowedConnections VALUES ('102827', '130520', '130525', 13052, null);

INSERT INTO Child VALUES ('130525', 'Child2828', '2828child', '2006-02-02', null, null, '../../Pictures/default.jpg', null);

INSERT INTO ChildcareTransaction VALUES ('1000002827', 'Regular Childcare', '102827', '2014-06-28', '12:00:00', '14:00:00', 20.50);

INSERT INTO Guardian VALUES ('130520', '1234', 'Guardian707', '707guardian', '555-555-5555', 'blah@blah.com', '123 nowhere', null, 'Spokane', 'WA', '99999', '../../Pictures/default.jpg', null);

INSERT INTO Family VALUES ('13052', 42);

INSERT INTO Guardian VALUES ('130521', '1234', 'Guardian2707', '7072guardian', '555-555-5555', 'blah@blah.com', '123 nowhere', null, 'Spokane', 'WA', '99999', '../../Pictures/default.jpg', null);

INSERT INTO AllowedConnections VALUES ('102828', '130530', '130532', 13053, null);

INSERT INTO Child VALUES ('130532', 'Child2829', '2829child', '2006-02-02', null, null, '../../Pictures/default.jpg', null);

INSERT INTO ChildcareTransaction VALUES ('1000002828', 'Regular Childcare', '102828', '2014-06-14', '12:00:00', '14:00:00', 20.50);

INSERT INTO AllowedConnections VALUES ('102829', '130530', '130533', 13053, null);

INSERT INTO Child VALUES ('130533', 'Child2830', '2830child', '2006-02-02', null, null, '../../Pictures/default.jpg', null);

INSERT INTO ChildcareTransaction VALUES ('1000002829', 'Regular Childcare', '102829', '2014-11-27', '12:00:00', '14:00:00', 20.50);

INSERT INTO AllowedConnections VALUES ('102830', '130530', '130534', 13053, null);

INSERT INTO Child VALUES ('130534', 'Child2831', '2831child', '2006-02-02', null, null, '../../Pictures/default.jpg', null);

INSERT INTO ChildcareTransaction VALUES ('1000002830', 'Regular Childcare', '102830', '2014-11-05', '12:00:00', '14:00:00', 20.50);

INSERT INTO AllowedConnections VALUES ('102831', '130530', '130535', 13053, null);

INSERT INTO Child VALUES ('130535', 'Child2832', '2832child', '2006-02-02', null, null, '../../Pictures/default.jpg', null);

INSERT INTO ChildcareTransaction VALUES ('1000002831', 'Regular Childcare', '102831', '2014-03-21', '12:00:00', '14:00:00', 20.50);

INSERT INTO Guardian VALUES ('130530', '1234', 'Guardian708', '708guardian', '555-555-5555', 'blah@blah.com', '123 nowhere', null, 'Spokane', 'WA', '99999', '../../Pictures/default.jpg', null);

INSERT INTO Family VALUES ('13053', 42);

INSERT INTO Guardian VALUES ('130531', '1234', 'Guardian2708', '7082guardian', '555-555-5555', 'blah@blah.com', '123 nowhere', null, 'Spokane', 'WA', '99999', '../../Pictures/default.jpg', null);

INSERT INTO AllowedConnections VALUES ('102832', '130540', '130542', 13054, null);

INSERT INTO Child VALUES ('130542', 'Child2833', '2833child', '2006-02-02', null, null, '../../Pictures/default.jpg', null);

INSERT INTO ChildcareTransaction VALUES ('1000002832', 'Regular Childcare', '102832', '2014-06-13', '12:00:00', '14:00:00', 20.50);

INSERT INTO AllowedConnections VALUES ('102833', '130540', '130543', 13054, null);

INSERT INTO Child VALUES ('130543', 'Child2834', '2834child', '2006-02-02', null, null, '../../Pictures/default.jpg', null);

INSERT INTO ChildcareTransaction VALUES ('1000002833', 'Regular Childcare', '102833', '2014-12-03', '12:00:00', '14:00:00', 20.50);

INSERT INTO AllowedConnections VALUES ('102834', '130540', '130544', 13054, null);

INSERT INTO Child VALUES ('130544', 'Child2835', '2835child', '2006-02-02', null, null, '../../Pictures/default.jpg', null);

INSERT INTO ChildcareTransaction VALUES ('1000002834', 'Regular Childcare', '102834', '2014-07-19', '12:00:00', '14:00:00', 20.50);

INSERT INTO AllowedConnections VALUES ('102835', '130540', '130545', 13054, null);

INSERT INTO Child VALUES ('130545', 'Child2836', '2836child', '2006-02-02', null, null, '../../Pictures/default.jpg', null);

INSERT INTO ChildcareTransaction VALUES ('1000002835', 'Regular Childcare', '102835', '2014-12-19', '12:00:00', '14:00:00', 20.50);

INSERT INTO Guardian VALUES ('130540', '1234', 'Guardian709', '709guardian', '555-555-5555', 'blah@blah.com', '123 nowhere', null, 'Spokane', 'WA', '99999', '../../Pictures/default.jpg', null);

INSERT INTO Family VALUES ('13054', 42);

INSERT INTO Guardian VALUES ('130541', '1234', 'Guardian2709', '7092guardian', '555-555-5555', 'blah@blah.com', '123 nowhere', null, 'Spokane', 'WA', '99999', '../../Pictures/default.jpg', null);

INSERT INTO AllowedConnections VALUES ('102836', '130550', '130552', 13055, null);

INSERT INTO Child VALUES ('130552', 'Child2837', '2837child', '2006-02-02', null, null, '../../Pictures/default.jpg', null);

INSERT INTO ChildcareTransaction VALUES ('1000002836', 'Regular Childcare', '102836', '2014-10-26', '12:00:00', '14:00:00', 20.50);

INSERT INTO AllowedConnections VALUES ('102837', '130550', '130553', 13055, null);

INSERT INTO Child VALUES ('130553', 'Child2838', '2838child', '2006-02-02', null, null, '../../Pictures/default.jpg', null);

INSERT INTO ChildcareTransaction VALUES ('1000002837', 'Regular Childcare', '102837', '2014-08-21', '12:00:00', '14:00:00', 20.50);

INSERT INTO AllowedConnections VALUES ('102838', '130550', '130554', 13055, null);

INSERT INTO Child VALUES ('130554', 'Child2839', '2839child', '2006-02-02', null, null, '../../Pictures/default.jpg', null);

INSERT INTO ChildcareTransaction VALUES ('1000002838', 'Regular Childcare', '102838', '2014-05-07', '12:00:00', '14:00:00', 20.50);

INSERT INTO AllowedConnections VALUES ('102839', '130550', '130555', 13055, null);

INSERT INTO Child VALUES ('130555', 'Child2840', '2840child', '2006-02-02', null, null, '../../Pictures/default.jpg', null);

INSERT INTO ChildcareTransaction VALUES ('1000002839', 'Regular Childcare', '102839', '2014-01-26', '12:00:00', '14:00:00', 20.50);

INSERT INTO Guardian VALUES ('130550', '1234', 'Guardian710', '710guardian', '555-555-5555', 'blah@blah.com', '123 nowhere', null, 'Spokane', 'WA', '99999', '../../Pictures/default.jpg', null);

INSERT INTO Family VALUES ('13055', 42);

INSERT INTO Guardian VALUES ('130551', '1234', 'Guardian2710', '7102guardian', '555-555-5555', 'blah@blah.com', '123 nowhere', null, 'Spokane', 'WA', '99999', '../../Pictures/default.jpg', null);

INSERT INTO AllowedConnections VALUES ('102840', '130560', '130562', 13056, null);

INSERT INTO Child VALUES ('130562', 'Child2841', '2841child', '2006-02-02', null, null, '../../Pictures/default.jpg', null);

INSERT INTO ChildcareTransaction VALUES ('1000002840', 'Regular Childcare', '102840', '2014-08-25', '12:00:00', '14:00:00', 20.50);

INSERT INTO AllowedConnections VALUES ('102841', '130560', '130563', 13056, null);

INSERT INTO Child VALUES ('130563', 'Child2842', '2842child', '2006-02-02', null, null, '../../Pictures/default.jpg', null);

INSERT INTO ChildcareTransaction VALUES ('1000002841', 'Regular Childcare', '102841', '2014-07-05', '12:00:00', '14:00:00', 20.50);

INSERT INTO AllowedConnections VALUES ('102842', '130560', '130564', 13056, null);

INSERT INTO Child VALUES ('130564', 'Child2843', '2843child', '2006-02-02', null, null, '../../Pictures/default.jpg', null);

INSERT INTO ChildcareTransaction VALUES ('1000002842', 'Regular Childcare', '102842', '2014-11-27', '12:00:00', '14:00:00', 20.50);

INSERT INTO AllowedConnections VALUES ('102843', '130560', '130565', 13056, null);

INSERT INTO Child VALUES ('130565', 'Child2844', '2844child', '2006-02-02', null, null, '../../Pictures/default.jpg', null);

INSERT INTO ChildcareTransaction VALUES ('1000002843', 'Regular Childcare', '102843', '2014-12-08', '12:00:00', '14:00:00', 20.50);

INSERT INTO Guardian VALUES ('130560', '1234', 'Guardian711', '711guardian', '555-555-5555', 'blah@blah.com', '123 nowhere', null, 'Spokane', 'WA', '99999', '../../Pictures/default.jpg', null);

INSERT INTO Family VALUES ('13056', 42);

INSERT INTO Guardian VALUES ('130561', '1234', 'Guardian2711', '7112guardian', '555-555-5555', 'blah@blah.com', '123 nowhere', null, 'Spokane', 'WA', '99999', '../../Pictures/default.jpg', null);

INSERT INTO AllowedConnections VALUES ('102844', '130570', '130572', 13057, null);

INSERT INTO Child VALUES ('130572', 'Child2845', '2845child', '2006-02-02', null, null, '../../Pictures/default.jpg', null);

INSERT INTO ChildcareTransaction VALUES ('1000002844', 'Regular Childcare', '102844', '2014-04-18', '12:00:00', '14:00:00', 20.50);

INSERT INTO AllowedConnections VALUES ('102845', '130570', '130573', 13057, null);

INSERT INTO Child VALUES ('130573', 'Child2846', '2846child', '2006-02-02', null, null, '../../Pictures/default.jpg', null);

INSERT INTO ChildcareTransaction VALUES ('1000002845', 'Regular Childcare', '102845', '2014-10-08', '12:00:00', '14:00:00', 20.50);

INSERT INTO AllowedConnections VALUES ('102846', '130570', '130574', 13057, null);

INSERT INTO Child VALUES ('130574', 'Child2847', '2847child', '2006-02-02', null, null, '../../Pictures/default.jpg', null);

INSERT INTO ChildcareTransaction VALUES ('1000002846', 'Regular Childcare', '102846', '2014-02-22', '12:00:00', '14:00:00', 20.50);

INSERT INTO AllowedConnections VALUES ('102847', '130570', '130575', 13057, null);

INSERT INTO Child VALUES ('130575', 'Child2848', '2848child', '2006-02-02', null, null, '../../Pictures/default.jpg', null);

INSERT INTO ChildcareTransaction VALUES ('1000002847', 'Regular Childcare', '102847', '2014-02-11', '12:00:00', '14:00:00', 20.50);

INSERT INTO Guardian VALUES ('130570', '1234', 'Guardian712', '712guardian', '555-555-5555', 'blah@blah.com', '123 nowhere', null, 'Spokane', 'WA', '99999', '../../Pictures/default.jpg', null);

INSERT INTO Family VALUES ('13057', 42);

INSERT INTO Guardian VALUES ('130571', '1234', 'Guardian2712', '7122guardian', '555-555-5555', 'blah@blah.com', '123 nowhere', null, 'Spokane', 'WA', '99999', '../../Pictures/default.jpg', null);

INSERT INTO AllowedConnections VALUES ('102848', '130580', '130582', 13058, null);

INSERT INTO Child VALUES ('130582', 'Child2849', '2849child', '2006-02-02', null, null, '../../Pictures/default.jpg', null);

INSERT INTO ChildcareTransaction VALUES ('1000002848', 'Regular Childcare', '102848', '2014-10-22', '12:00:00', '14:00:00', 20.50);

INSERT INTO AllowedConnections VALUES ('102849', '130580', '130583', 13058, null);

INSERT INTO Child VALUES ('130583', 'Child2850', '2850child', '2006-02-02', null, null, '../../Pictures/default.jpg', null);

INSERT INTO ChildcareTransaction VALUES ('1000002849', 'Regular Childcare', '102849', '2014-07-19', '12:00:00', '14:00:00', 20.50);

INSERT INTO AllowedConnections VALUES ('102850', '130580', '130584', 13058, null);

INSERT INTO Child VALUES ('130584', 'Child2851', '2851child', '2006-02-02', null, null, '../../Pictures/default.jpg', null);

INSERT INTO ChildcareTransaction VALUES ('1000002850', 'Regular Childcare', '102850', '2014-01-14', '12:00:00', '14:00:00', 20.50);

INSERT INTO AllowedConnections VALUES ('102851', '130580', '130585', 13058, null);

INSERT INTO Child VALUES ('130585', 'Child2852', '2852child', '2006-02-02', null, null, '../../Pictures/default.jpg', null);

INSERT INTO ChildcareTransaction VALUES ('1000002851', 'Regular Childcare', '102851', '2014-01-22', '12:00:00', '14:00:00', 20.50);

INSERT INTO Guardian VALUES ('130580', '1234', 'Guardian713', '713guardian', '555-555-5555', 'blah@blah.com', '123 nowhere', null, 'Spokane', 'WA', '99999', '../../Pictures/default.jpg', null);

INSERT INTO Family VALUES ('13058', 42);

INSERT INTO Guardian VALUES ('130581', '1234', 'Guardian2713', '7132guardian', '555-555-5555', 'blah@blah.com', '123 nowhere', null, 'Spokane', 'WA', '99999', '../../Pictures/default.jpg', null);

INSERT INTO AllowedConnections VALUES ('102852', '130590', '130592', 13059, null);

INSERT INTO Child VALUES ('130592', 'Child2853', '2853child', '2006-02-02', null, null, '../../Pictures/default.jpg', null);

INSERT INTO ChildcareTransaction VALUES ('1000002852', 'Regular Childcare', '102852', '2014-08-09', '12:00:00', '14:00:00', 20.50);

INSERT INTO AllowedConnections VALUES ('102853', '130590', '130593', 13059, null);

INSERT INTO Child VALUES ('130593', 'Child2854', '2854child', '2006-02-02', null, null, '../../Pictures/default.jpg', null);

INSERT INTO ChildcareTransaction VALUES ('1000002853', 'Regular Childcare', '102853', '2014-05-28', '12:00:00', '14:00:00', 20.50);

INSERT INTO AllowedConnections VALUES ('102854', '130590', '130594', 13059, null);

INSERT INTO Child VALUES ('130594', 'Child2855', '2855child', '2006-02-02', null, null, '../../Pictures/default.jpg', null);

INSERT INTO ChildcareTransaction VALUES ('1000002854', 'Regular Childcare', '102854', '2014-03-16', '12:00:00', '14:00:00', 20.50);

INSERT INTO AllowedConnections VALUES ('102855', '130590', '130595', 13059, null);

INSERT INTO Child VALUES ('130595', 'Child2856', '2856child', '2006-02-02', null, null, '../../Pictures/default.jpg', null);

INSERT INTO ChildcareTransaction VALUES ('1000002855', 'Regular Childcare', '102855', '2014-01-12', '12:00:00', '14:00:00', 20.50);

INSERT INTO Guardian VALUES ('130590', '1234', 'Guardian714', '714guardian', '555-555-5555', 'blah@blah.com', '123 nowhere', null, 'Spokane', 'WA', '99999', '../../Pictures/default.jpg', null);

INSERT INTO Family VALUES ('13059', 42);

INSERT INTO Guardian VALUES ('130591', '1234', 'Guardian2714', '7142guardian', '555-555-5555', 'blah@blah.com', '123 nowhere', null, 'Spokane', 'WA', '99999', '../../Pictures/default.jpg', null);

INSERT INTO AllowedConnections VALUES ('102856', '130600', '130602', 13060, null);

INSERT INTO Child VALUES ('130602', 'Child2857', '2857child', '2006-02-02', null, null, '../../Pictures/default.jpg', null);

INSERT INTO ChildcareTransaction VALUES ('1000002856', 'Regular Childcare', '102856', '2014-08-15', '12:00:00', '14:00:00', 20.50);

INSERT INTO AllowedConnections VALUES ('102857', '130600', '130603', 13060, null);

INSERT INTO Child VALUES ('130603', 'Child2858', '2858child', '2006-02-02', null, null, '../../Pictures/default.jpg', null);

INSERT INTO ChildcareTransaction VALUES ('1000002857', 'Regular Childcare', '102857', '2014-09-15', '12:00:00', '14:00:00', 20.50);

INSERT INTO AllowedConnections VALUES ('102858', '130600', '130604', 13060, null);

INSERT INTO Child VALUES ('130604', 'Child2859', '2859child', '2006-02-02', null, null, '../../Pictures/default.jpg', null);

INSERT INTO ChildcareTransaction VALUES ('1000002858', 'Regular Childcare', '102858', '2014-06-06', '12:00:00', '14:00:00', 20.50);

INSERT INTO AllowedConnections VALUES ('102859', '130600', '130605', 13060, null);

INSERT INTO Child VALUES ('130605', 'Child2860', '2860child', '2006-02-02', null, null, '../../Pictures/default.jpg', null);

INSERT INTO ChildcareTransaction VALUES ('1000002859', 'Regular Childcare', '102859', '2014-09-01', '12:00:00', '14:00:00', 20.50);

INSERT INTO Guardian VALUES ('130600', '1234', 'Guardian715', '715guardian', '555-555-5555', 'blah@blah.com', '123 nowhere', null, 'Spokane', 'WA', '99999', '../../Pictures/default.jpg', null);

INSERT INTO Family VALUES ('13060', 42);

INSERT INTO Guardian VALUES ('130601', '1234', 'Guardian2715', '7152guardian', '555-555-5555', 'blah@blah.com', '123 nowhere', null, 'Spokane', 'WA', '99999', '../../Pictures/default.jpg', null);

INSERT INTO AllowedConnections VALUES ('102860', '130610', '130612', 13061, null);

INSERT INTO Child VALUES ('130612', 'Child2861', '2861child', '2006-02-02', null, null, '../../Pictures/default.jpg', null);

INSERT INTO ChildcareTransaction VALUES ('1000002860', 'Regular Childcare', '102860', '2014-09-28', '12:00:00', '14:00:00', 20.50);

INSERT INTO AllowedConnections VALUES ('102861', '130610', '130613', 13061, null);

INSERT INTO Child VALUES ('130613', 'Child2862', '2862child', '2006-02-02', null, null, '../../Pictures/default.jpg', null);

INSERT INTO ChildcareTransaction VALUES ('1000002861', 'Regular Childcare', '102861', '2014-07-03', '12:00:00', '14:00:00', 20.50);

INSERT INTO AllowedConnections VALUES ('102862', '130610', '130614', 13061, null);

INSERT INTO Child VALUES ('130614', 'Child2863', '2863child', '2006-02-02', null, null, '../../Pictures/default.jpg', null);

INSERT INTO ChildcareTransaction VALUES ('1000002862', 'Regular Childcare', '102862', '2014-04-14', '12:00:00', '14:00:00', 20.50);

INSERT INTO AllowedConnections VALUES ('102863', '130610', '130615', 13061, null);

INSERT INTO Child VALUES ('130615', 'Child2864', '2864child', '2006-02-02', null, null, '../../Pictures/default.jpg', null);

INSERT INTO ChildcareTransaction VALUES ('1000002863', 'Regular Childcare', '102863', '2014-11-25', '12:00:00', '14:00:00', 20.50);

INSERT INTO Guardian VALUES ('130610', '1234', 'Guardian716', '716guardian', '555-555-5555', 'blah@blah.com', '123 nowhere', null, 'Spokane', 'WA', '99999', '../../Pictures/default.jpg', null);

INSERT INTO Family VALUES ('13061', 42);

INSERT INTO Guardian VALUES ('130611', '1234', 'Guardian2716', '7162guardian', '555-555-5555', 'blah@blah.com', '123 nowhere', null, 'Spokane', 'WA', '99999', '../../Pictures/default.jpg', null);

INSERT INTO AllowedConnections VALUES ('102864', '130620', '130622', 13062, null);

INSERT INTO Child VALUES ('130622', 'Child2865', '2865child', '2006-02-02', null, null, '../../Pictures/default.jpg', null);

INSERT INTO ChildcareTransaction VALUES ('1000002864', 'Regular Childcare', '102864', '2014-10-18', '12:00:00', '14:00:00', 20.50);

INSERT INTO AllowedConnections VALUES ('102865', '130620', '130623', 13062, null);

INSERT INTO Child VALUES ('130623', 'Child2866', '2866child', '2006-02-02', null, null, '../../Pictures/default.jpg', null);

INSERT INTO ChildcareTransaction VALUES ('1000002865', 'Regular Childcare', '102865', '2014-04-24', '12:00:00', '14:00:00', 20.50);

INSERT INTO AllowedConnections VALUES ('102866', '130620', '130624', 13062, null);

INSERT INTO Child VALUES ('130624', 'Child2867', '2867child', '2006-02-02', null, null, '../../Pictures/default.jpg', null);

INSERT INTO ChildcareTransaction VALUES ('1000002866', 'Regular Childcare', '102866', '2014-08-26', '12:00:00', '14:00:00', 20.50);

INSERT INTO AllowedConnections VALUES ('102867', '130620', '130625', 13062, null);

INSERT INTO Child VALUES ('130625', 'Child2868', '2868child', '2006-02-02', null, null, '../../Pictures/default.jpg', null);

INSERT INTO ChildcareTransaction VALUES ('1000002867', 'Regular Childcare', '102867', '2014-03-04', '12:00:00', '14:00:00', 20.50);

INSERT INTO Guardian VALUES ('130620', '1234', 'Guardian717', '717guardian', '555-555-5555', 'blah@blah.com', '123 nowhere', null, 'Spokane', 'WA', '99999', '../../Pictures/default.jpg', null);

INSERT INTO Family VALUES ('13062', 42);

INSERT INTO Guardian VALUES ('130621', '1234', 'Guardian2717', '7172guardian', '555-555-5555', 'blah@blah.com', '123 nowhere', null, 'Spokane', 'WA', '99999', '../../Pictures/default.jpg', null);

INSERT INTO AllowedConnections VALUES ('102868', '130630', '130632', 13063, null);

INSERT INTO Child VALUES ('130632', 'Child2869', '2869child', '2006-02-02', null, null, '../../Pictures/default.jpg', null);

INSERT INTO ChildcareTransaction VALUES ('1000002868', 'Regular Childcare', '102868', '2014-09-02', '12:00:00', '14:00:00', 20.50);

INSERT INTO AllowedConnections VALUES ('102869', '130630', '130633', 13063, null);

INSERT INTO Child VALUES ('130633', 'Child2870', '2870child', '2006-02-02', null, null, '../../Pictures/default.jpg', null);

INSERT INTO ChildcareTransaction VALUES ('1000002869', 'Regular Childcare', '102869', '2014-09-15', '12:00:00', '14:00:00', 20.50);

INSERT INTO AllowedConnections VALUES ('102870', '130630', '130634', 13063, null);

INSERT INTO Child VALUES ('130634', 'Child2871', '2871child', '2006-02-02', null, null, '../../Pictures/default.jpg', null);

INSERT INTO ChildcareTransaction VALUES ('1000002870', 'Regular Childcare', '102870', '2014-05-17', '12:00:00', '14:00:00', 20.50);

INSERT INTO AllowedConnections VALUES ('102871', '130630', '130635', 13063, null);

INSERT INTO Child VALUES ('130635', 'Child2872', '2872child', '2006-02-02', null, null, '../../Pictures/default.jpg', null);

INSERT INTO ChildcareTransaction VALUES ('1000002871', 'Regular Childcare', '102871', '2014-04-28', '12:00:00', '14:00:00', 20.50);

INSERT INTO Guardian VALUES ('130630', '1234', 'Guardian718', '718guardian', '555-555-5555', 'blah@blah.com', '123 nowhere', null, 'Spokane', 'WA', '99999', '../../Pictures/default.jpg', null);

INSERT INTO Family VALUES ('13063', 42);

INSERT INTO Guardian VALUES ('130631', '1234', 'Guardian2718', '7182guardian', '555-555-5555', 'blah@blah.com', '123 nowhere', null, 'Spokane', 'WA', '99999', '../../Pictures/default.jpg', null);

INSERT INTO AllowedConnections VALUES ('102872', '130640', '130642', 13064, null);

INSERT INTO Child VALUES ('130642', 'Child2873', '2873child', '2006-02-02', null, null, '../../Pictures/default.jpg', null);

INSERT INTO ChildcareTransaction VALUES ('1000002872', 'Regular Childcare', '102872', '2014-03-25', '12:00:00', '14:00:00', 20.50);

INSERT INTO AllowedConnections VALUES ('102873', '130640', '130643', 13064, null);

INSERT INTO Child VALUES ('130643', 'Child2874', '2874child', '2006-02-02', null, null, '../../Pictures/default.jpg', null);

INSERT INTO ChildcareTransaction VALUES ('1000002873', 'Regular Childcare', '102873', '2014-10-03', '12:00:00', '14:00:00', 20.50);

INSERT INTO AllowedConnections VALUES ('102874', '130640', '130644', 13064, null);

INSERT INTO Child VALUES ('130644', 'Child2875', '2875child', '2006-02-02', null, null, '../../Pictures/default.jpg', null);

INSERT INTO ChildcareTransaction VALUES ('1000002874', 'Regular Childcare', '102874', '2014-04-14', '12:00:00', '14:00:00', 20.50);

INSERT INTO AllowedConnections VALUES ('102875', '130640', '130645', 13064, null);

INSERT INTO Child VALUES ('130645', 'Child2876', '2876child', '2006-02-02', null, null, '../../Pictures/default.jpg', null);

INSERT INTO ChildcareTransaction VALUES ('1000002875', 'Regular Childcare', '102875', '2014-11-24', '12:00:00', '14:00:00', 20.50);

INSERT INTO Guardian VALUES ('130640', '1234', 'Guardian719', '719guardian', '555-555-5555', 'blah@blah.com', '123 nowhere', null, 'Spokane', 'WA', '99999', '../../Pictures/default.jpg', null);

INSERT INTO Family VALUES ('13064', 42);

INSERT INTO Guardian VALUES ('130641', '1234', 'Guardian2719', '7192guardian', '555-555-5555', 'blah@blah.com', '123 nowhere', null, 'Spokane', 'WA', '99999', '../../Pictures/default.jpg', null);

INSERT INTO AllowedConnections VALUES ('102876', '130650', '130652', 13065, null);

INSERT INTO Child VALUES ('130652', 'Child2877', '2877child', '2006-02-02', null, null, '../../Pictures/default.jpg', null);

INSERT INTO ChildcareTransaction VALUES ('1000002876', 'Regular Childcare', '102876', '2014-05-19', '12:00:00', '14:00:00', 20.50);

INSERT INTO AllowedConnections VALUES ('102877', '130650', '130653', 13065, null);

INSERT INTO Child VALUES ('130653', 'Child2878', '2878child', '2006-02-02', null, null, '../../Pictures/default.jpg', null);

INSERT INTO ChildcareTransaction VALUES ('1000002877', 'Regular Childcare', '102877', '2014-08-16', '12:00:00', '14:00:00', 20.50);

INSERT INTO AllowedConnections VALUES ('102878', '130650', '130654', 13065, null);

INSERT INTO Child VALUES ('130654', 'Child2879', '2879child', '2006-02-02', null, null, '../../Pictures/default.jpg', null);

INSERT INTO ChildcareTransaction VALUES ('1000002878', 'Regular Childcare', '102878', '2014-06-10', '12:00:00', '14:00:00', 20.50);

INSERT INTO AllowedConnections VALUES ('102879', '130650', '130655', 13065, null);

INSERT INTO Child VALUES ('130655', 'Child2880', '2880child', '2006-02-02', null, null, '../../Pictures/default.jpg', null);

INSERT INTO ChildcareTransaction VALUES ('1000002879', 'Regular Childcare', '102879', '2014-05-21', '12:00:00', '14:00:00', 20.50);

INSERT INTO Guardian VALUES ('130650', '1234', 'Guardian720', '720guardian', '555-555-5555', 'blah@blah.com', '123 nowhere', null, 'Spokane', 'WA', '99999', '../../Pictures/default.jpg', null);

INSERT INTO Family VALUES ('13065', 42);

INSERT INTO Guardian VALUES ('130651', '1234', 'Guardian2720', '7202guardian', '555-555-5555', 'blah@blah.com', '123 nowhere', null, 'Spokane', 'WA', '99999', '../../Pictures/default.jpg', null);

INSERT INTO AllowedConnections VALUES ('102880', '130660', '130662', 13066, null);

INSERT INTO Child VALUES ('130662', 'Child2881', '2881child', '2006-02-02', null, null, '../../Pictures/default.jpg', null);

INSERT INTO ChildcareTransaction VALUES ('1000002880', 'Regular Childcare', '102880', '2014-03-13', '12:00:00', '14:00:00', 20.50);

INSERT INTO AllowedConnections VALUES ('102881', '130660', '130663', 13066, null);

INSERT INTO Child VALUES ('130663', 'Child2882', '2882child', '2006-02-02', null, null, '../../Pictures/default.jpg', null);

INSERT INTO ChildcareTransaction VALUES ('1000002881', 'Regular Childcare', '102881', '2014-09-16', '12:00:00', '14:00:00', 20.50);

INSERT INTO AllowedConnections VALUES ('102882', '130660', '130664', 13066, null);

INSERT INTO Child VALUES ('130664', 'Child2883', '2883child', '2006-02-02', null, null, '../../Pictures/default.jpg', null);

INSERT INTO ChildcareTransaction VALUES ('1000002882', 'Regular Childcare', '102882', '2014-07-12', '12:00:00', '14:00:00', 20.50);

INSERT INTO AllowedConnections VALUES ('102883', '130660', '130665', 13066, null);

INSERT INTO Child VALUES ('130665', 'Child2884', '2884child', '2006-02-02', null, null, '../../Pictures/default.jpg', null);

INSERT INTO ChildcareTransaction VALUES ('1000002883', 'Regular Childcare', '102883', '2014-08-24', '12:00:00', '14:00:00', 20.50);

INSERT INTO Guardian VALUES ('130660', '1234', 'Guardian721', '721guardian', '555-555-5555', 'blah@blah.com', '123 nowhere', null, 'Spokane', 'WA', '99999', '../../Pictures/default.jpg', null);

INSERT INTO Family VALUES ('13066', 42);

INSERT INTO Guardian VALUES ('130661', '1234', 'Guardian2721', '7212guardian', '555-555-5555', 'blah@blah.com', '123 nowhere', null, 'Spokane', 'WA', '99999', '../../Pictures/default.jpg', null);

INSERT INTO AllowedConnections VALUES ('102884', '130670', '130672', 13067, null);

INSERT INTO Child VALUES ('130672', 'Child2885', '2885child', '2006-02-02', null, null, '../../Pictures/default.jpg', null);

INSERT INTO ChildcareTransaction VALUES ('1000002884', 'Regular Childcare', '102884', '2014-07-05', '12:00:00', '14:00:00', 20.50);

INSERT INTO AllowedConnections VALUES ('102885', '130670', '130673', 13067, null);

INSERT INTO Child VALUES ('130673', 'Child2886', '2886child', '2006-02-02', null, null, '../../Pictures/default.jpg', null);

INSERT INTO ChildcareTransaction VALUES ('1000002885', 'Regular Childcare', '102885', '2014-03-02', '12:00:00', '14:00:00', 20.50);

INSERT INTO AllowedConnections VALUES ('102886', '130670', '130674', 13067, null);

INSERT INTO Child VALUES ('130674', 'Child2887', '2887child', '2006-02-02', null, null, '../../Pictures/default.jpg', null);

INSERT INTO ChildcareTransaction VALUES ('1000002886', 'Regular Childcare', '102886', '2014-10-26', '12:00:00', '14:00:00', 20.50);

INSERT INTO AllowedConnections VALUES ('102887', '130670', '130675', 13067, null);

INSERT INTO Child VALUES ('130675', 'Child2888', '2888child', '2006-02-02', null, null, '../../Pictures/default.jpg', null);

INSERT INTO ChildcareTransaction VALUES ('1000002887', 'Regular Childcare', '102887', '2014-11-09', '12:00:00', '14:00:00', 20.50);

INSERT INTO Guardian VALUES ('130670', '1234', 'Guardian722', '722guardian', '555-555-5555', 'blah@blah.com', '123 nowhere', null, 'Spokane', 'WA', '99999', '../../Pictures/default.jpg', null);

INSERT INTO Family VALUES ('13067', 42);

INSERT INTO Guardian VALUES ('130671', '1234', 'Guardian2722', '7222guardian', '555-555-5555', 'blah@blah.com', '123 nowhere', null, 'Spokane', 'WA', '99999', '../../Pictures/default.jpg', null);

INSERT INTO AllowedConnections VALUES ('102888', '130680', '130682', 13068, null);

INSERT INTO Child VALUES ('130682', 'Child2889', '2889child', '2006-02-02', null, null, '../../Pictures/default.jpg', null);

INSERT INTO ChildcareTransaction VALUES ('1000002888', 'Regular Childcare', '102888', '2014-05-24', '12:00:00', '14:00:00', 20.50);

INSERT INTO AllowedConnections VALUES ('102889', '130680', '130683', 13068, null);

INSERT INTO Child VALUES ('130683', 'Child2890', '2890child', '2006-02-02', null, null, '../../Pictures/default.jpg', null);

INSERT INTO ChildcareTransaction VALUES ('1000002889', 'Regular Childcare', '102889', '2014-05-11', '12:00:00', '14:00:00', 20.50);

INSERT INTO AllowedConnections VALUES ('102890', '130680', '130684', 13068, null);

INSERT INTO Child VALUES ('130684', 'Child2891', '2891child', '2006-02-02', null, null, '../../Pictures/default.jpg', null);

INSERT INTO ChildcareTransaction VALUES ('1000002890', 'Regular Childcare', '102890', '2014-02-05', '12:00:00', '14:00:00', 20.50);

INSERT INTO AllowedConnections VALUES ('102891', '130680', '130685', 13068, null);

INSERT INTO Child VALUES ('130685', 'Child2892', '2892child', '2006-02-02', null, null, '../../Pictures/default.jpg', null);

INSERT INTO ChildcareTransaction VALUES ('1000002891', 'Regular Childcare', '102891', '2014-08-10', '12:00:00', '14:00:00', 20.50);

INSERT INTO Guardian VALUES ('130680', '1234', 'Guardian723', '723guardian', '555-555-5555', 'blah@blah.com', '123 nowhere', null, 'Spokane', 'WA', '99999', '../../Pictures/default.jpg', null);

INSERT INTO Family VALUES ('13068', 42);

INSERT INTO Guardian VALUES ('130681', '1234', 'Guardian2723', '7232guardian', '555-555-5555', 'blah@blah.com', '123 nowhere', null, 'Spokane', 'WA', '99999', '../../Pictures/default.jpg', null);

INSERT INTO AllowedConnections VALUES ('102892', '130690', '130692', 13069, null);

INSERT INTO Child VALUES ('130692', 'Child2893', '2893child', '2006-02-02', null, null, '../../Pictures/default.jpg', null);

INSERT INTO ChildcareTransaction VALUES ('1000002892', 'Regular Childcare', '102892', '2014-02-15', '12:00:00', '14:00:00', 20.50);

INSERT INTO AllowedConnections VALUES ('102893', '130690', '130693', 13069, null);

INSERT INTO Child VALUES ('130693', 'Child2894', '2894child', '2006-02-02', null, null, '../../Pictures/default.jpg', null);

INSERT INTO ChildcareTransaction VALUES ('1000002893', 'Regular Childcare', '102893', '2014-05-10', '12:00:00', '14:00:00', 20.50);

INSERT INTO AllowedConnections VALUES ('102894', '130690', '130694', 13069, null);

INSERT INTO Child VALUES ('130694', 'Child2895', '2895child', '2006-02-02', null, null, '../../Pictures/default.jpg', null);

INSERT INTO ChildcareTransaction VALUES ('1000002894', 'Regular Childcare', '102894', '2014-04-15', '12:00:00', '14:00:00', 20.50);

INSERT INTO AllowedConnections VALUES ('102895', '130690', '130695', 13069, null);

INSERT INTO Child VALUES ('130695', 'Child2896', '2896child', '2006-02-02', null, null, '../../Pictures/default.jpg', null);

INSERT INTO ChildcareTransaction VALUES ('1000002895', 'Regular Childcare', '102895', '2014-03-23', '12:00:00', '14:00:00', 20.50);

INSERT INTO Guardian VALUES ('130690', '1234', 'Guardian724', '724guardian', '555-555-5555', 'blah@blah.com', '123 nowhere', null, 'Spokane', 'WA', '99999', '../../Pictures/default.jpg', null);

INSERT INTO Family VALUES ('13069', 42);

INSERT INTO Guardian VALUES ('130691', '1234', 'Guardian2724', '7242guardian', '555-555-5555', 'blah@blah.com', '123 nowhere', null, 'Spokane', 'WA', '99999', '../../Pictures/default.jpg', null);

INSERT INTO AllowedConnections VALUES ('102896', '130700', '130702', 13070, null);

INSERT INTO Child VALUES ('130702', 'Child2897', '2897child', '2006-02-02', null, null, '../../Pictures/default.jpg', null);

INSERT INTO ChildcareTransaction VALUES ('1000002896', 'Regular Childcare', '102896', '2014-08-17', '12:00:00', '14:00:00', 20.50);

INSERT INTO AllowedConnections VALUES ('102897', '130700', '130703', 13070, null);

INSERT INTO Child VALUES ('130703', 'Child2898', '2898child', '2006-02-02', null, null, '../../Pictures/default.jpg', null);

INSERT INTO ChildcareTransaction VALUES ('1000002897', 'Regular Childcare', '102897', '2014-06-22', '12:00:00', '14:00:00', 20.50);

INSERT INTO AllowedConnections VALUES ('102898', '130700', '130704', 13070, null);

INSERT INTO Child VALUES ('130704', 'Child2899', '2899child', '2006-02-02', null, null, '../../Pictures/default.jpg', null);

INSERT INTO ChildcareTransaction VALUES ('1000002898', 'Regular Childcare', '102898', '2014-01-28', '12:00:00', '14:00:00', 20.50);

INSERT INTO AllowedConnections VALUES ('102899', '130700', '130705', 13070, null);

INSERT INTO Child VALUES ('130705', 'Child2900', '2900child', '2006-02-02', null, null, '../../Pictures/default.jpg', null);

INSERT INTO ChildcareTransaction VALUES ('1000002899', 'Regular Childcare', '102899', '2014-07-11', '12:00:00', '14:00:00', 20.50);

INSERT INTO Guardian VALUES ('130700', '1234', 'Guardian725', '725guardian', '555-555-5555', 'blah@blah.com', '123 nowhere', null, 'Spokane', 'WA', '99999', '../../Pictures/default.jpg', null);

INSERT INTO Family VALUES ('13070', 42);

INSERT INTO Guardian VALUES ('130701', '1234', 'Guardian2725', '7252guardian', '555-555-5555', 'blah@blah.com', '123 nowhere', null, 'Spokane', 'WA', '99999', '../../Pictures/default.jpg', null);

INSERT INTO AllowedConnections VALUES ('102900', '130710', '130712', 13071, null);

INSERT INTO Child VALUES ('130712', 'Child2901', '2901child', '2006-02-02', null, null, '../../Pictures/default.jpg', null);

INSERT INTO ChildcareTransaction VALUES ('1000002900', 'Regular Childcare', '102900', '2014-06-27', '12:00:00', '14:00:00', 20.50);

INSERT INTO AllowedConnections VALUES ('102901', '130710', '130713', 13071, null);

INSERT INTO Child VALUES ('130713', 'Child2902', '2902child', '2006-02-02', null, null, '../../Pictures/default.jpg', null);

INSERT INTO ChildcareTransaction VALUES ('1000002901', 'Regular Childcare', '102901', '2014-01-20', '12:00:00', '14:00:00', 20.50);

INSERT INTO AllowedConnections VALUES ('102902', '130710', '130714', 13071, null);

INSERT INTO Child VALUES ('130714', 'Child2903', '2903child', '2006-02-02', null, null, '../../Pictures/default.jpg', null);

INSERT INTO ChildcareTransaction VALUES ('1000002902', 'Regular Childcare', '102902', '2014-03-28', '12:00:00', '14:00:00', 20.50);

INSERT INTO AllowedConnections VALUES ('102903', '130710', '130715', 13071, null);

INSERT INTO Child VALUES ('130715', 'Child2904', '2904child', '2006-02-02', null, null, '../../Pictures/default.jpg', null);

INSERT INTO ChildcareTransaction VALUES ('1000002903', 'Regular Childcare', '102903', '2014-01-20', '12:00:00', '14:00:00', 20.50);

INSERT INTO Guardian VALUES ('130710', '1234', 'Guardian726', '726guardian', '555-555-5555', 'blah@blah.com', '123 nowhere', null, 'Spokane', 'WA', '99999', '../../Pictures/default.jpg', null);

INSERT INTO Family VALUES ('13071', 42);

INSERT INTO Guardian VALUES ('130711', '1234', 'Guardian2726', '7262guardian', '555-555-5555', 'blah@blah.com', '123 nowhere', null, 'Spokane', 'WA', '99999', '../../Pictures/default.jpg', null);

INSERT INTO AllowedConnections VALUES ('102904', '130720', '130722', 13072, null);

INSERT INTO Child VALUES ('130722', 'Child2905', '2905child', '2006-02-02', null, null, '../../Pictures/default.jpg', null);

INSERT INTO ChildcareTransaction VALUES ('1000002904', 'Regular Childcare', '102904', '2014-06-01', '12:00:00', '14:00:00', 20.50);

INSERT INTO AllowedConnections VALUES ('102905', '130720', '130723', 13072, null);

INSERT INTO Child VALUES ('130723', 'Child2906', '2906child', '2006-02-02', null, null, '../../Pictures/default.jpg', null);

INSERT INTO ChildcareTransaction VALUES ('1000002905', 'Regular Childcare', '102905', '2014-06-05', '12:00:00', '14:00:00', 20.50);

INSERT INTO AllowedConnections VALUES ('102906', '130720', '130724', 13072, null);

INSERT INTO Child VALUES ('130724', 'Child2907', '2907child', '2006-02-02', null, null, '../../Pictures/default.jpg', null);

INSERT INTO ChildcareTransaction VALUES ('1000002906', 'Regular Childcare', '102906', '2014-12-02', '12:00:00', '14:00:00', 20.50);

INSERT INTO AllowedConnections VALUES ('102907', '130720', '130725', 13072, null);

INSERT INTO Child VALUES ('130725', 'Child2908', '2908child', '2006-02-02', null, null, '../../Pictures/default.jpg', null);

INSERT INTO ChildcareTransaction VALUES ('1000002907', 'Regular Childcare', '102907', '2014-12-08', '12:00:00', '14:00:00', 20.50);

INSERT INTO Guardian VALUES ('130720', '1234', 'Guardian727', '727guardian', '555-555-5555', 'blah@blah.com', '123 nowhere', null, 'Spokane', 'WA', '99999', '../../Pictures/default.jpg', null);

INSERT INTO Family VALUES ('13072', 42);

INSERT INTO Guardian VALUES ('130721', '1234', 'Guardian2727', '7272guardian', '555-555-5555', 'blah@blah.com', '123 nowhere', null, 'Spokane', 'WA', '99999', '../../Pictures/default.jpg', null);

INSERT INTO AllowedConnections VALUES ('102908', '130730', '130732', 13073, null);

INSERT INTO Child VALUES ('130732', 'Child2909', '2909child', '2006-02-02', null, null, '../../Pictures/default.jpg', null);

INSERT INTO ChildcareTransaction VALUES ('1000002908', 'Regular Childcare', '102908', '2014-05-17', '12:00:00', '14:00:00', 20.50);

INSERT INTO AllowedConnections VALUES ('102909', '130730', '130733', 13073, null);

INSERT INTO Child VALUES ('130733', 'Child2910', '2910child', '2006-02-02', null, null, '../../Pictures/default.jpg', null);

INSERT INTO ChildcareTransaction VALUES ('1000002909', 'Regular Childcare', '102909', '2014-09-04', '12:00:00', '14:00:00', 20.50);

INSERT INTO AllowedConnections VALUES ('102910', '130730', '130734', 13073, null);

INSERT INTO Child VALUES ('130734', 'Child2911', '2911child', '2006-02-02', null, null, '../../Pictures/default.jpg', null);

INSERT INTO ChildcareTransaction VALUES ('1000002910', 'Regular Childcare', '102910', '2014-04-13', '12:00:00', '14:00:00', 20.50);

INSERT INTO AllowedConnections VALUES ('102911', '130730', '130735', 13073, null);

INSERT INTO Child VALUES ('130735', 'Child2912', '2912child', '2006-02-02', null, null, '../../Pictures/default.jpg', null);

INSERT INTO ChildcareTransaction VALUES ('1000002911', 'Regular Childcare', '102911', '2014-12-24', '12:00:00', '14:00:00', 20.50);

INSERT INTO Guardian VALUES ('130730', '1234', 'Guardian728', '728guardian', '555-555-5555', 'blah@blah.com', '123 nowhere', null, 'Spokane', 'WA', '99999', '../../Pictures/default.jpg', null);

INSERT INTO Family VALUES ('13073', 42);

INSERT INTO Guardian VALUES ('130731', '1234', 'Guardian2728', '7282guardian', '555-555-5555', 'blah@blah.com', '123 nowhere', null, 'Spokane', 'WA', '99999', '../../Pictures/default.jpg', null);

INSERT INTO AllowedConnections VALUES ('102912', '130740', '130742', 13074, null);

INSERT INTO Child VALUES ('130742', 'Child2913', '2913child', '2006-02-02', null, null, '../../Pictures/default.jpg', null);

INSERT INTO ChildcareTransaction VALUES ('1000002912', 'Regular Childcare', '102912', '2014-12-25', '12:00:00', '14:00:00', 20.50);

INSERT INTO AllowedConnections VALUES ('102913', '130740', '130743', 13074, null);

INSERT INTO Child VALUES ('130743', 'Child2914', '2914child', '2006-02-02', null, null, '../../Pictures/default.jpg', null);

INSERT INTO ChildcareTransaction VALUES ('1000002913', 'Regular Childcare', '102913', '2014-12-17', '12:00:00', '14:00:00', 20.50);

INSERT INTO AllowedConnections VALUES ('102914', '130740', '130744', 13074, null);

INSERT INTO Child VALUES ('130744', 'Child2915', '2915child', '2006-02-02', null, null, '../../Pictures/default.jpg', null);

INSERT INTO ChildcareTransaction VALUES ('1000002914', 'Regular Childcare', '102914', '2014-12-20', '12:00:00', '14:00:00', 20.50);

INSERT INTO AllowedConnections VALUES ('102915', '130740', '130745', 13074, null);

INSERT INTO Child VALUES ('130745', 'Child2916', '2916child', '2006-02-02', null, null, '../../Pictures/default.jpg', null);

INSERT INTO ChildcareTransaction VALUES ('1000002915', 'Regular Childcare', '102915', '2014-10-28', '12:00:00', '14:00:00', 20.50);

INSERT INTO Guardian VALUES ('130740', '1234', 'Guardian729', '729guardian', '555-555-5555', 'blah@blah.com', '123 nowhere', null, 'Spokane', 'WA', '99999', '../../Pictures/default.jpg', null);

INSERT INTO Family VALUES ('13074', 42);

INSERT INTO Guardian VALUES ('130741', '1234', 'Guardian2729', '7292guardian', '555-555-5555', 'blah@blah.com', '123 nowhere', null, 'Spokane', 'WA', '99999', '../../Pictures/default.jpg', null);

INSERT INTO AllowedConnections VALUES ('102916', '130750', '130752', 13075, null);

INSERT INTO Child VALUES ('130752', 'Child2917', '2917child', '2006-02-02', null, null, '../../Pictures/default.jpg', null);

INSERT INTO ChildcareTransaction VALUES ('1000002916', 'Regular Childcare', '102916', '2014-04-24', '12:00:00', '14:00:00', 20.50);

INSERT INTO AllowedConnections VALUES ('102917', '130750', '130753', 13075, null);

INSERT INTO Child VALUES ('130753', 'Child2918', '2918child', '2006-02-02', null, null, '../../Pictures/default.jpg', null);

INSERT INTO ChildcareTransaction VALUES ('1000002917', 'Regular Childcare', '102917', '2014-12-10', '12:00:00', '14:00:00', 20.50);

INSERT INTO AllowedConnections VALUES ('102918', '130750', '130754', 13075, null);

INSERT INTO Child VALUES ('130754', 'Child2919', '2919child', '2006-02-02', null, null, '../../Pictures/default.jpg', null);

INSERT INTO ChildcareTransaction VALUES ('1000002918', 'Regular Childcare', '102918', '2014-04-27', '12:00:00', '14:00:00', 20.50);

INSERT INTO AllowedConnections VALUES ('102919', '130750', '130755', 13075, null);

INSERT INTO Child VALUES ('130755', 'Child2920', '2920child', '2006-02-02', null, null, '../../Pictures/default.jpg', null);

INSERT INTO ChildcareTransaction VALUES ('1000002919', 'Regular Childcare', '102919', '2014-02-28', '12:00:00', '14:00:00', 20.50);

INSERT INTO Guardian VALUES ('130750', '1234', 'Guardian730', '730guardian', '555-555-5555', 'blah@blah.com', '123 nowhere', null, 'Spokane', 'WA', '99999', '../../Pictures/default.jpg', null);

INSERT INTO Family VALUES ('13075', 42);

INSERT INTO Guardian VALUES ('130751', '1234', 'Guardian2730', '7302guardian', '555-555-5555', 'blah@blah.com', '123 nowhere', null, 'Spokane', 'WA', '99999', '../../Pictures/default.jpg', null);

INSERT INTO AllowedConnections VALUES ('102920', '130760', '130762', 13076, null);

INSERT INTO Child VALUES ('130762', 'Child2921', '2921child', '2006-02-02', null, null, '../../Pictures/default.jpg', null);

INSERT INTO ChildcareTransaction VALUES ('1000002920', 'Regular Childcare', '102920', '2014-08-26', '12:00:00', '14:00:00', 20.50);

INSERT INTO AllowedConnections VALUES ('102921', '130760', '130763', 13076, null);

INSERT INTO Child VALUES ('130763', 'Child2922', '2922child', '2006-02-02', null, null, '../../Pictures/default.jpg', null);

INSERT INTO ChildcareTransaction VALUES ('1000002921', 'Regular Childcare', '102921', '2014-10-23', '12:00:00', '14:00:00', 20.50);

INSERT INTO AllowedConnections VALUES ('102922', '130760', '130764', 13076, null);

INSERT INTO Child VALUES ('130764', 'Child2923', '2923child', '2006-02-02', null, null, '../../Pictures/default.jpg', null);

INSERT INTO ChildcareTransaction VALUES ('1000002922', 'Regular Childcare', '102922', '2014-11-05', '12:00:00', '14:00:00', 20.50);

INSERT INTO AllowedConnections VALUES ('102923', '130760', '130765', 13076, null);

INSERT INTO Child VALUES ('130765', 'Child2924', '2924child', '2006-02-02', null, null, '../../Pictures/default.jpg', null);

INSERT INTO ChildcareTransaction VALUES ('1000002923', 'Regular Childcare', '102923', '2014-03-12', '12:00:00', '14:00:00', 20.50);

INSERT INTO Guardian VALUES ('130760', '1234', 'Guardian731', '731guardian', '555-555-5555', 'blah@blah.com', '123 nowhere', null, 'Spokane', 'WA', '99999', '../../Pictures/default.jpg', null);

INSERT INTO Family VALUES ('13076', 42);

INSERT INTO Guardian VALUES ('130761', '1234', 'Guardian2731', '7312guardian', '555-555-5555', 'blah@blah.com', '123 nowhere', null, 'Spokane', 'WA', '99999', '../../Pictures/default.jpg', null);

INSERT INTO AllowedConnections VALUES ('102924', '130770', '130772', 13077, null);

INSERT INTO Child VALUES ('130772', 'Child2925', '2925child', '2006-02-02', null, null, '../../Pictures/default.jpg', null);

INSERT INTO ChildcareTransaction VALUES ('1000002924', 'Regular Childcare', '102924', '2014-03-01', '12:00:00', '14:00:00', 20.50);

INSERT INTO AllowedConnections VALUES ('102925', '130770', '130773', 13077, null);

INSERT INTO Child VALUES ('130773', 'Child2926', '2926child', '2006-02-02', null, null, '../../Pictures/default.jpg', null);

INSERT INTO ChildcareTransaction VALUES ('1000002925', 'Regular Childcare', '102925', '2014-07-20', '12:00:00', '14:00:00', 20.50);

INSERT INTO AllowedConnections VALUES ('102926', '130770', '130774', 13077, null);

INSERT INTO Child VALUES ('130774', 'Child2927', '2927child', '2006-02-02', null, null, '../../Pictures/default.jpg', null);

INSERT INTO ChildcareTransaction VALUES ('1000002926', 'Regular Childcare', '102926', '2014-01-07', '12:00:00', '14:00:00', 20.50);

INSERT INTO AllowedConnections VALUES ('102927', '130770', '130775', 13077, null);

INSERT INTO Child VALUES ('130775', 'Child2928', '2928child', '2006-02-02', null, null, '../../Pictures/default.jpg', null);

INSERT INTO ChildcareTransaction VALUES ('1000002927', 'Regular Childcare', '102927', '2014-07-04', '12:00:00', '14:00:00', 20.50);

INSERT INTO Guardian VALUES ('130770', '1234', 'Guardian732', '732guardian', '555-555-5555', 'blah@blah.com', '123 nowhere', null, 'Spokane', 'WA', '99999', '../../Pictures/default.jpg', null);

INSERT INTO Family VALUES ('13077', 42);

INSERT INTO Guardian VALUES ('130771', '1234', 'Guardian2732', '7322guardian', '555-555-5555', 'blah@blah.com', '123 nowhere', null, 'Spokane', 'WA', '99999', '../../Pictures/default.jpg', null);

INSERT INTO AllowedConnections VALUES ('102928', '130780', '130782', 13078, null);

INSERT INTO Child VALUES ('130782', 'Child2929', '2929child', '2006-02-02', null, null, '../../Pictures/default.jpg', null);

INSERT INTO ChildcareTransaction VALUES ('1000002928', 'Regular Childcare', '102928', '2014-12-27', '12:00:00', '14:00:00', 20.50);

INSERT INTO AllowedConnections VALUES ('102929', '130780', '130783', 13078, null);

INSERT INTO Child VALUES ('130783', 'Child2930', '2930child', '2006-02-02', null, null, '../../Pictures/default.jpg', null);

INSERT INTO ChildcareTransaction VALUES ('1000002929', 'Regular Childcare', '102929', '2014-05-02', '12:00:00', '14:00:00', 20.50);

INSERT INTO AllowedConnections VALUES ('102930', '130780', '130784', 13078, null);

INSERT INTO Child VALUES ('130784', 'Child2931', '2931child', '2006-02-02', null, null, '../../Pictures/default.jpg', null);

INSERT INTO ChildcareTransaction VALUES ('1000002930', 'Regular Childcare', '102930', '2014-07-03', '12:00:00', '14:00:00', 20.50);

INSERT INTO AllowedConnections VALUES ('102931', '130780', '130785', 13078, null);

INSERT INTO Child VALUES ('130785', 'Child2932', '2932child', '2006-02-02', null, null, '../../Pictures/default.jpg', null);

INSERT INTO ChildcareTransaction VALUES ('1000002931', 'Regular Childcare', '102931', '2014-06-28', '12:00:00', '14:00:00', 20.50);

INSERT INTO Guardian VALUES ('130780', '1234', 'Guardian733', '733guardian', '555-555-5555', 'blah@blah.com', '123 nowhere', null, 'Spokane', 'WA', '99999', '../../Pictures/default.jpg', null);

INSERT INTO Family VALUES ('13078', 42);

INSERT INTO Guardian VALUES ('130781', '1234', 'Guardian2733', '7332guardian', '555-555-5555', 'blah@blah.com', '123 nowhere', null, 'Spokane', 'WA', '99999', '../../Pictures/default.jpg', null);

INSERT INTO AllowedConnections VALUES ('102932', '130790', '130792', 13079, null);

INSERT INTO Child VALUES ('130792', 'Child2933', '2933child', '2006-02-02', null, null, '../../Pictures/default.jpg', null);

INSERT INTO ChildcareTransaction VALUES ('1000002932', 'Regular Childcare', '102932', '2014-01-17', '12:00:00', '14:00:00', 20.50);

INSERT INTO AllowedConnections VALUES ('102933', '130790', '130793', 13079, null);

INSERT INTO Child VALUES ('130793', 'Child2934', '2934child', '2006-02-02', null, null, '../../Pictures/default.jpg', null);

INSERT INTO ChildcareTransaction VALUES ('1000002933', 'Regular Childcare', '102933', '2014-01-26', '12:00:00', '14:00:00', 20.50);

INSERT INTO AllowedConnections VALUES ('102934', '130790', '130794', 13079, null);

INSERT INTO Child VALUES ('130794', 'Child2935', '2935child', '2006-02-02', null, null, '../../Pictures/default.jpg', null);

INSERT INTO ChildcareTransaction VALUES ('1000002934', 'Regular Childcare', '102934', '2014-12-08', '12:00:00', '14:00:00', 20.50);

INSERT INTO AllowedConnections VALUES ('102935', '130790', '130795', 13079, null);

INSERT INTO Child VALUES ('130795', 'Child2936', '2936child', '2006-02-02', null, null, '../../Pictures/default.jpg', null);

INSERT INTO ChildcareTransaction VALUES ('1000002935', 'Regular Childcare', '102935', '2014-11-03', '12:00:00', '14:00:00', 20.50);

INSERT INTO Guardian VALUES ('130790', '1234', 'Guardian734', '734guardian', '555-555-5555', 'blah@blah.com', '123 nowhere', null, 'Spokane', 'WA', '99999', '../../Pictures/default.jpg', null);

INSERT INTO Family VALUES ('13079', 42);

INSERT INTO Guardian VALUES ('130791', '1234', 'Guardian2734', '7342guardian', '555-555-5555', 'blah@blah.com', '123 nowhere', null, 'Spokane', 'WA', '99999', '../../Pictures/default.jpg', null);

INSERT INTO AllowedConnections VALUES ('102936', '130800', '130802', 13080, null);

INSERT INTO Child VALUES ('130802', 'Child2937', '2937child', '2006-02-02', null, null, '../../Pictures/default.jpg', null);

INSERT INTO ChildcareTransaction VALUES ('1000002936', 'Regular Childcare', '102936', '2014-06-14', '12:00:00', '14:00:00', 20.50);

INSERT INTO AllowedConnections VALUES ('102937', '130800', '130803', 13080, null);

INSERT INTO Child VALUES ('130803', 'Child2938', '2938child', '2006-02-02', null, null, '../../Pictures/default.jpg', null);

INSERT INTO ChildcareTransaction VALUES ('1000002937', 'Regular Childcare', '102937', '2014-03-20', '12:00:00', '14:00:00', 20.50);

INSERT INTO AllowedConnections VALUES ('102938', '130800', '130804', 13080, null);

INSERT INTO Child VALUES ('130804', 'Child2939', '2939child', '2006-02-02', null, null, '../../Pictures/default.jpg', null);

INSERT INTO ChildcareTransaction VALUES ('1000002938', 'Regular Childcare', '102938', '2014-01-26', '12:00:00', '14:00:00', 20.50);

INSERT INTO AllowedConnections VALUES ('102939', '130800', '130805', 13080, null);

INSERT INTO Child VALUES ('130805', 'Child2940', '2940child', '2006-02-02', null, null, '../../Pictures/default.jpg', null);

INSERT INTO ChildcareTransaction VALUES ('1000002939', 'Regular Childcare', '102939', '2014-02-04', '12:00:00', '14:00:00', 20.50);

INSERT INTO Guardian VALUES ('130800', '1234', 'Guardian735', '735guardian', '555-555-5555', 'blah@blah.com', '123 nowhere', null, 'Spokane', 'WA', '99999', '../../Pictures/default.jpg', null);

INSERT INTO Family VALUES ('13080', 42);

INSERT INTO Guardian VALUES ('130801', '1234', 'Guardian2735', '7352guardian', '555-555-5555', 'blah@blah.com', '123 nowhere', null, 'Spokane', 'WA', '99999', '../../Pictures/default.jpg', null);

INSERT INTO AllowedConnections VALUES ('102940', '130810', '130812', 13081, null);

INSERT INTO Child VALUES ('130812', 'Child2941', '2941child', '2006-02-02', null, null, '../../Pictures/default.jpg', null);

INSERT INTO ChildcareTransaction VALUES ('1000002940', 'Regular Childcare', '102940', '2014-08-15', '12:00:00', '14:00:00', 20.50);

INSERT INTO AllowedConnections VALUES ('102941', '130810', '130813', 13081, null);

INSERT INTO Child VALUES ('130813', 'Child2942', '2942child', '2006-02-02', null, null, '../../Pictures/default.jpg', null);

INSERT INTO ChildcareTransaction VALUES ('1000002941', 'Regular Childcare', '102941', '2014-02-12', '12:00:00', '14:00:00', 20.50);

INSERT INTO AllowedConnections VALUES ('102942', '130810', '130814', 13081, null);

INSERT INTO Child VALUES ('130814', 'Child2943', '2943child', '2006-02-02', null, null, '../../Pictures/default.jpg', null);

INSERT INTO ChildcareTransaction VALUES ('1000002942', 'Regular Childcare', '102942', '2014-04-01', '12:00:00', '14:00:00', 20.50);

INSERT INTO AllowedConnections VALUES ('102943', '130810', '130815', 13081, null);

INSERT INTO Child VALUES ('130815', 'Child2944', '2944child', '2006-02-02', null, null, '../../Pictures/default.jpg', null);

INSERT INTO ChildcareTransaction VALUES ('1000002943', 'Regular Childcare', '102943', '2014-04-09', '12:00:00', '14:00:00', 20.50);

INSERT INTO Guardian VALUES ('130810', '1234', 'Guardian736', '736guardian', '555-555-5555', 'blah@blah.com', '123 nowhere', null, 'Spokane', 'WA', '99999', '../../Pictures/default.jpg', null);

INSERT INTO Family VALUES ('13081', 42);

INSERT INTO Guardian VALUES ('130811', '1234', 'Guardian2736', '7362guardian', '555-555-5555', 'blah@blah.com', '123 nowhere', null, 'Spokane', 'WA', '99999', '../../Pictures/default.jpg', null);

INSERT INTO AllowedConnections VALUES ('102944', '130820', '130822', 13082, null);

INSERT INTO Child VALUES ('130822', 'Child2945', '2945child', '2006-02-02', null, null, '../../Pictures/default.jpg', null);

INSERT INTO ChildcareTransaction VALUES ('1000002944', 'Regular Childcare', '102944', '2014-07-04', '12:00:00', '14:00:00', 20.50);

INSERT INTO AllowedConnections VALUES ('102945', '130820', '130823', 13082, null);

INSERT INTO Child VALUES ('130823', 'Child2946', '2946child', '2006-02-02', null, null, '../../Pictures/default.jpg', null);

INSERT INTO ChildcareTransaction VALUES ('1000002945', 'Regular Childcare', '102945', '2014-08-14', '12:00:00', '14:00:00', 20.50);

INSERT INTO AllowedConnections VALUES ('102946', '130820', '130824', 13082, null);

INSERT INTO Child VALUES ('130824', 'Child2947', '2947child', '2006-02-02', null, null, '../../Pictures/default.jpg', null);

INSERT INTO ChildcareTransaction VALUES ('1000002946', 'Regular Childcare', '102946', '2014-11-15', '12:00:00', '14:00:00', 20.50);

INSERT INTO AllowedConnections VALUES ('102947', '130820', '130825', 13082, null);

INSERT INTO Child VALUES ('130825', 'Child2948', '2948child', '2006-02-02', null, null, '../../Pictures/default.jpg', null);

INSERT INTO ChildcareTransaction VALUES ('1000002947', 'Regular Childcare', '102947', '2014-09-02', '12:00:00', '14:00:00', 20.50);

INSERT INTO Guardian VALUES ('130820', '1234', 'Guardian737', '737guardian', '555-555-5555', 'blah@blah.com', '123 nowhere', null, 'Spokane', 'WA', '99999', '../../Pictures/default.jpg', null);

INSERT INTO Family VALUES ('13082', 42);

INSERT INTO Guardian VALUES ('130821', '1234', 'Guardian2737', '7372guardian', '555-555-5555', 'blah@blah.com', '123 nowhere', null, 'Spokane', 'WA', '99999', '../../Pictures/default.jpg', null);

INSERT INTO AllowedConnections VALUES ('102948', '130830', '130832', 13083, null);

INSERT INTO Child VALUES ('130832', 'Child2949', '2949child', '2006-02-02', null, null, '../../Pictures/default.jpg', null);

INSERT INTO ChildcareTransaction VALUES ('1000002948', 'Regular Childcare', '102948', '2014-07-27', '12:00:00', '14:00:00', 20.50);

INSERT INTO AllowedConnections VALUES ('102949', '130830', '130833', 13083, null);

INSERT INTO Child VALUES ('130833', 'Child2950', '2950child', '2006-02-02', null, null, '../../Pictures/default.jpg', null);

INSERT INTO ChildcareTransaction VALUES ('1000002949', 'Regular Childcare', '102949', '2014-07-22', '12:00:00', '14:00:00', 20.50);

INSERT INTO AllowedConnections VALUES ('102950', '130830', '130834', 13083, null);

INSERT INTO Child VALUES ('130834', 'Child2951', '2951child', '2006-02-02', null, null, '../../Pictures/default.jpg', null);

INSERT INTO ChildcareTransaction VALUES ('1000002950', 'Regular Childcare', '102950', '2014-12-18', '12:00:00', '14:00:00', 20.50);

INSERT INTO AllowedConnections VALUES ('102951', '130830', '130835', 13083, null);

INSERT INTO Child VALUES ('130835', 'Child2952', '2952child', '2006-02-02', null, null, '../../Pictures/default.jpg', null);

INSERT INTO ChildcareTransaction VALUES ('1000002951', 'Regular Childcare', '102951', '2014-11-03', '12:00:00', '14:00:00', 20.50);

INSERT INTO Guardian VALUES ('130830', '1234', 'Guardian738', '738guardian', '555-555-5555', 'blah@blah.com', '123 nowhere', null, 'Spokane', 'WA', '99999', '../../Pictures/default.jpg', null);

INSERT INTO Family VALUES ('13083', 42);

INSERT INTO Guardian VALUES ('130831', '1234', 'Guardian2738', '7382guardian', '555-555-5555', 'blah@blah.com', '123 nowhere', null, 'Spokane', 'WA', '99999', '../../Pictures/default.jpg', null);

INSERT INTO AllowedConnections VALUES ('102952', '130840', '130842', 13084, null);

INSERT INTO Child VALUES ('130842', 'Child2953', '2953child', '2006-02-02', null, null, '../../Pictures/default.jpg', null);

INSERT INTO ChildcareTransaction VALUES ('1000002952', 'Regular Childcare', '102952', '2014-02-03', '12:00:00', '14:00:00', 20.50);

INSERT INTO AllowedConnections VALUES ('102953', '130840', '130843', 13084, null);

INSERT INTO Child VALUES ('130843', 'Child2954', '2954child', '2006-02-02', null, null, '../../Pictures/default.jpg', null);

INSERT INTO ChildcareTransaction VALUES ('1000002953', 'Regular Childcare', '102953', '2014-03-26', '12:00:00', '14:00:00', 20.50);

INSERT INTO AllowedConnections VALUES ('102954', '130840', '130844', 13084, null);

INSERT INTO Child VALUES ('130844', 'Child2955', '2955child', '2006-02-02', null, null, '../../Pictures/default.jpg', null);

INSERT INTO ChildcareTransaction VALUES ('1000002954', 'Regular Childcare', '102954', '2014-11-18', '12:00:00', '14:00:00', 20.50);

INSERT INTO AllowedConnections VALUES ('102955', '130840', '130845', 13084, null);

INSERT INTO Child VALUES ('130845', 'Child2956', '2956child', '2006-02-02', null, null, '../../Pictures/default.jpg', null);

INSERT INTO ChildcareTransaction VALUES ('1000002955', 'Regular Childcare', '102955', '2014-05-15', '12:00:00', '14:00:00', 20.50);

INSERT INTO Guardian VALUES ('130840', '1234', 'Guardian739', '739guardian', '555-555-5555', 'blah@blah.com', '123 nowhere', null, 'Spokane', 'WA', '99999', '../../Pictures/default.jpg', null);

INSERT INTO Family VALUES ('13084', 42);

INSERT INTO Guardian VALUES ('130841', '1234', 'Guardian2739', '7392guardian', '555-555-5555', 'blah@blah.com', '123 nowhere', null, 'Spokane', 'WA', '99999', '../../Pictures/default.jpg', null);

INSERT INTO AllowedConnections VALUES ('102956', '130850', '130852', 13085, null);

INSERT INTO Child VALUES ('130852', 'Child2957', '2957child', '2006-02-02', null, null, '../../Pictures/default.jpg', null);

INSERT INTO ChildcareTransaction VALUES ('1000002956', 'Regular Childcare', '102956', '2014-11-12', '12:00:00', '14:00:00', 20.50);

INSERT INTO AllowedConnections VALUES ('102957', '130850', '130853', 13085, null);

INSERT INTO Child VALUES ('130853', 'Child2958', '2958child', '2006-02-02', null, null, '../../Pictures/default.jpg', null);

INSERT INTO ChildcareTransaction VALUES ('1000002957', 'Regular Childcare', '102957', '2014-10-25', '12:00:00', '14:00:00', 20.50);

INSERT INTO AllowedConnections VALUES ('102958', '130850', '130854', 13085, null);

INSERT INTO Child VALUES ('130854', 'Child2959', '2959child', '2006-02-02', null, null, '../../Pictures/default.jpg', null);

INSERT INTO ChildcareTransaction VALUES ('1000002958', 'Regular Childcare', '102958', '2014-06-20', '12:00:00', '14:00:00', 20.50);

INSERT INTO AllowedConnections VALUES ('102959', '130850', '130855', 13085, null);

INSERT INTO Child VALUES ('130855', 'Child2960', '2960child', '2006-02-02', null, null, '../../Pictures/default.jpg', null);

INSERT INTO ChildcareTransaction VALUES ('1000002959', 'Regular Childcare', '102959', '2014-12-05', '12:00:00', '14:00:00', 20.50);

INSERT INTO Guardian VALUES ('130850', '1234', 'Guardian740', '740guardian', '555-555-5555', 'blah@blah.com', '123 nowhere', null, 'Spokane', 'WA', '99999', '../../Pictures/default.jpg', null);

INSERT INTO Family VALUES ('13085', 42);

INSERT INTO Guardian VALUES ('130851', '1234', 'Guardian2740', '7402guardian', '555-555-5555', 'blah@blah.com', '123 nowhere', null, 'Spokane', 'WA', '99999', '../../Pictures/default.jpg', null);

INSERT INTO AllowedConnections VALUES ('102960', '130860', '130862', 13086, null);

INSERT INTO Child VALUES ('130862', 'Child2961', '2961child', '2006-02-02', null, null, '../../Pictures/default.jpg', null);

INSERT INTO ChildcareTransaction VALUES ('1000002960', 'Regular Childcare', '102960', '2014-06-19', '12:00:00', '14:00:00', 20.50);

INSERT INTO AllowedConnections VALUES ('102961', '130860', '130863', 13086, null);

INSERT INTO Child VALUES ('130863', 'Child2962', '2962child', '2006-02-02', null, null, '../../Pictures/default.jpg', null);

INSERT INTO ChildcareTransaction VALUES ('1000002961', 'Regular Childcare', '102961', '2014-02-21', '12:00:00', '14:00:00', 20.50);

INSERT INTO AllowedConnections VALUES ('102962', '130860', '130864', 13086, null);

INSERT INTO Child VALUES ('130864', 'Child2963', '2963child', '2006-02-02', null, null, '../../Pictures/default.jpg', null);

INSERT INTO ChildcareTransaction VALUES ('1000002962', 'Regular Childcare', '102962', '2014-07-28', '12:00:00', '14:00:00', 20.50);

INSERT INTO AllowedConnections VALUES ('102963', '130860', '130865', 13086, null);

INSERT INTO Child VALUES ('130865', 'Child2964', '2964child', '2006-02-02', null, null, '../../Pictures/default.jpg', null);

INSERT INTO ChildcareTransaction VALUES ('1000002963', 'Regular Childcare', '102963', '2014-09-03', '12:00:00', '14:00:00', 20.50);

INSERT INTO Guardian VALUES ('130860', '1234', 'Guardian741', '741guardian', '555-555-5555', 'blah@blah.com', '123 nowhere', null, 'Spokane', 'WA', '99999', '../../Pictures/default.jpg', null);

INSERT INTO Family VALUES ('13086', 42);

INSERT INTO Guardian VALUES ('130861', '1234', 'Guardian2741', '7412guardian', '555-555-5555', 'blah@blah.com', '123 nowhere', null, 'Spokane', 'WA', '99999', '../../Pictures/default.jpg', null);

INSERT INTO AllowedConnections VALUES ('102964', '130870', '130872', 13087, null);

INSERT INTO Child VALUES ('130872', 'Child2965', '2965child', '2006-02-02', null, null, '../../Pictures/default.jpg', null);

INSERT INTO ChildcareTransaction VALUES ('1000002964', 'Regular Childcare', '102964', '2014-05-05', '12:00:00', '14:00:00', 20.50);

INSERT INTO AllowedConnections VALUES ('102965', '130870', '130873', 13087, null);

INSERT INTO Child VALUES ('130873', 'Child2966', '2966child', '2006-02-02', null, null, '../../Pictures/default.jpg', null);

INSERT INTO ChildcareTransaction VALUES ('1000002965', 'Regular Childcare', '102965', '2014-04-09', '12:00:00', '14:00:00', 20.50);

INSERT INTO AllowedConnections VALUES ('102966', '130870', '130874', 13087, null);

INSERT INTO Child VALUES ('130874', 'Child2967', '2967child', '2006-02-02', null, null, '../../Pictures/default.jpg', null);

INSERT INTO ChildcareTransaction VALUES ('1000002966', 'Regular Childcare', '102966', '2014-10-23', '12:00:00', '14:00:00', 20.50);

INSERT INTO AllowedConnections VALUES ('102967', '130870', '130875', 13087, null);

INSERT INTO Child VALUES ('130875', 'Child2968', '2968child', '2006-02-02', null, null, '../../Pictures/default.jpg', null);

INSERT INTO ChildcareTransaction VALUES ('1000002967', 'Regular Childcare', '102967', '2014-05-09', '12:00:00', '14:00:00', 20.50);

INSERT INTO Guardian VALUES ('130870', '1234', 'Guardian742', '742guardian', '555-555-5555', 'blah@blah.com', '123 nowhere', null, 'Spokane', 'WA', '99999', '../../Pictures/default.jpg', null);

INSERT INTO Family VALUES ('13087', 42);

INSERT INTO Guardian VALUES ('130871', '1234', 'Guardian2742', '7422guardian', '555-555-5555', 'blah@blah.com', '123 nowhere', null, 'Spokane', 'WA', '99999', '../../Pictures/default.jpg', null);

INSERT INTO AllowedConnections VALUES ('102968', '130880', '130882', 13088, null);

INSERT INTO Child VALUES ('130882', 'Child2969', '2969child', '2006-02-02', null, null, '../../Pictures/default.jpg', null);

INSERT INTO ChildcareTransaction VALUES ('1000002968', 'Regular Childcare', '102968', '2014-12-21', '12:00:00', '14:00:00', 20.50);

INSERT INTO AllowedConnections VALUES ('102969', '130880', '130883', 13088, null);

INSERT INTO Child VALUES ('130883', 'Child2970', '2970child', '2006-02-02', null, null, '../../Pictures/default.jpg', null);

INSERT INTO ChildcareTransaction VALUES ('1000002969', 'Regular Childcare', '102969', '2014-03-01', '12:00:00', '14:00:00', 20.50);

INSERT INTO AllowedConnections VALUES ('102970', '130880', '130884', 13088, null);

INSERT INTO Child VALUES ('130884', 'Child2971', '2971child', '2006-02-02', null, null, '../../Pictures/default.jpg', null);

INSERT INTO ChildcareTransaction VALUES ('1000002970', 'Regular Childcare', '102970', '2014-08-05', '12:00:00', '14:00:00', 20.50);

INSERT INTO AllowedConnections VALUES ('102971', '130880', '130885', 13088, null);

INSERT INTO Child VALUES ('130885', 'Child2972', '2972child', '2006-02-02', null, null, '../../Pictures/default.jpg', null);

INSERT INTO ChildcareTransaction VALUES ('1000002971', 'Regular Childcare', '102971', '2014-03-18', '12:00:00', '14:00:00', 20.50);

INSERT INTO Guardian VALUES ('130880', '1234', 'Guardian743', '743guardian', '555-555-5555', 'blah@blah.com', '123 nowhere', null, 'Spokane', 'WA', '99999', '../../Pictures/default.jpg', null);

INSERT INTO Family VALUES ('13088', 42);

INSERT INTO Guardian VALUES ('130881', '1234', 'Guardian2743', '7432guardian', '555-555-5555', 'blah@blah.com', '123 nowhere', null, 'Spokane', 'WA', '99999', '../../Pictures/default.jpg', null);

INSERT INTO AllowedConnections VALUES ('102972', '130890', '130892', 13089, null);

INSERT INTO Child VALUES ('130892', 'Child2973', '2973child', '2006-02-02', null, null, '../../Pictures/default.jpg', null);

INSERT INTO ChildcareTransaction VALUES ('1000002972', 'Regular Childcare', '102972', '2014-05-26', '12:00:00', '14:00:00', 20.50);

INSERT INTO AllowedConnections VALUES ('102973', '130890', '130893', 13089, null);

INSERT INTO Child VALUES ('130893', 'Child2974', '2974child', '2006-02-02', null, null, '../../Pictures/default.jpg', null);

INSERT INTO ChildcareTransaction VALUES ('1000002973', 'Regular Childcare', '102973', '2014-03-22', '12:00:00', '14:00:00', 20.50);

INSERT INTO AllowedConnections VALUES ('102974', '130890', '130894', 13089, null);

INSERT INTO Child VALUES ('130894', 'Child2975', '2975child', '2006-02-02', null, null, '../../Pictures/default.jpg', null);

INSERT INTO ChildcareTransaction VALUES ('1000002974', 'Regular Childcare', '102974', '2014-09-06', '12:00:00', '14:00:00', 20.50);

INSERT INTO AllowedConnections VALUES ('102975', '130890', '130895', 13089, null);

INSERT INTO Child VALUES ('130895', 'Child2976', '2976child', '2006-02-02', null, null, '../../Pictures/default.jpg', null);

INSERT INTO ChildcareTransaction VALUES ('1000002975', 'Regular Childcare', '102975', '2014-07-24', '12:00:00', '14:00:00', 20.50);

INSERT INTO Guardian VALUES ('130890', '1234', 'Guardian744', '744guardian', '555-555-5555', 'blah@blah.com', '123 nowhere', null, 'Spokane', 'WA', '99999', '../../Pictures/default.jpg', null);

INSERT INTO Family VALUES ('13089', 42);

INSERT INTO Guardian VALUES ('130891', '1234', 'Guardian2744', '7442guardian', '555-555-5555', 'blah@blah.com', '123 nowhere', null, 'Spokane', 'WA', '99999', '../../Pictures/default.jpg', null);

INSERT INTO AllowedConnections VALUES ('102976', '130900', '130902', 13090, null);

INSERT INTO Child VALUES ('130902', 'Child2977', '2977child', '2006-02-02', null, null, '../../Pictures/default.jpg', null);

INSERT INTO ChildcareTransaction VALUES ('1000002976', 'Regular Childcare', '102976', '2014-02-05', '12:00:00', '14:00:00', 20.50);

INSERT INTO AllowedConnections VALUES ('102977', '130900', '130903', 13090, null);

INSERT INTO Child VALUES ('130903', 'Child2978', '2978child', '2006-02-02', null, null, '../../Pictures/default.jpg', null);

INSERT INTO ChildcareTransaction VALUES ('1000002977', 'Regular Childcare', '102977', '2014-04-12', '12:00:00', '14:00:00', 20.50);

INSERT INTO AllowedConnections VALUES ('102978', '130900', '130904', 13090, null);

INSERT INTO Child VALUES ('130904', 'Child2979', '2979child', '2006-02-02', null, null, '../../Pictures/default.jpg', null);

INSERT INTO ChildcareTransaction VALUES ('1000002978', 'Regular Childcare', '102978', '2014-05-22', '12:00:00', '14:00:00', 20.50);

INSERT INTO AllowedConnections VALUES ('102979', '130900', '130905', 13090, null);

INSERT INTO Child VALUES ('130905', 'Child2980', '2980child', '2006-02-02', null, null, '../../Pictures/default.jpg', null);

INSERT INTO ChildcareTransaction VALUES ('1000002979', 'Regular Childcare', '102979', '2014-03-19', '12:00:00', '14:00:00', 20.50);

INSERT INTO Guardian VALUES ('130900', '1234', 'Guardian745', '745guardian', '555-555-5555', 'blah@blah.com', '123 nowhere', null, 'Spokane', 'WA', '99999', '../../Pictures/default.jpg', null);

INSERT INTO Family VALUES ('13090', 42);

INSERT INTO Guardian VALUES ('130901', '1234', 'Guardian2745', '7452guardian', '555-555-5555', 'blah@blah.com', '123 nowhere', null, 'Spokane', 'WA', '99999', '../../Pictures/default.jpg', null);

INSERT INTO AllowedConnections VALUES ('102980', '130910', '130912', 13091, null);

INSERT INTO Child VALUES ('130912', 'Child2981', '2981child', '2006-02-02', null, null, '../../Pictures/default.jpg', null);

INSERT INTO ChildcareTransaction VALUES ('1000002980', 'Regular Childcare', '102980', '2014-11-28', '12:00:00', '14:00:00', 20.50);

INSERT INTO AllowedConnections VALUES ('102981', '130910', '130913', 13091, null);

INSERT INTO Child VALUES ('130913', 'Child2982', '2982child', '2006-02-02', null, null, '../../Pictures/default.jpg', null);

INSERT INTO ChildcareTransaction VALUES ('1000002981', 'Regular Childcare', '102981', '2014-12-18', '12:00:00', '14:00:00', 20.50);

INSERT INTO AllowedConnections VALUES ('102982', '130910', '130914', 13091, null);

INSERT INTO Child VALUES ('130914', 'Child2983', '2983child', '2006-02-02', null, null, '../../Pictures/default.jpg', null);

INSERT INTO ChildcareTransaction VALUES ('1000002982', 'Regular Childcare', '102982', '2014-06-18', '12:00:00', '14:00:00', 20.50);

INSERT INTO AllowedConnections VALUES ('102983', '130910', '130915', 13091, null);

INSERT INTO Child VALUES ('130915', 'Child2984', '2984child', '2006-02-02', null, null, '../../Pictures/default.jpg', null);

INSERT INTO ChildcareTransaction VALUES ('1000002983', 'Regular Childcare', '102983', '2014-07-18', '12:00:00', '14:00:00', 20.50);

INSERT INTO Guardian VALUES ('130910', '1234', 'Guardian746', '746guardian', '555-555-5555', 'blah@blah.com', '123 nowhere', null, 'Spokane', 'WA', '99999', '../../Pictures/default.jpg', null);

INSERT INTO Family VALUES ('13091', 42);

INSERT INTO Guardian VALUES ('130911', '1234', 'Guardian2746', '7462guardian', '555-555-5555', 'blah@blah.com', '123 nowhere', null, 'Spokane', 'WA', '99999', '../../Pictures/default.jpg', null);

INSERT INTO AllowedConnections VALUES ('102984', '130920', '130922', 13092, null);

INSERT INTO Child VALUES ('130922', 'Child2985', '2985child', '2006-02-02', null, null, '../../Pictures/default.jpg', null);

INSERT INTO ChildcareTransaction VALUES ('1000002984', 'Regular Childcare', '102984', '2014-02-07', '12:00:00', '14:00:00', 20.50);

INSERT INTO AllowedConnections VALUES ('102985', '130920', '130923', 13092, null);

INSERT INTO Child VALUES ('130923', 'Child2986', '2986child', '2006-02-02', null, null, '../../Pictures/default.jpg', null);

INSERT INTO ChildcareTransaction VALUES ('1000002985', 'Regular Childcare', '102985', '2014-02-11', '12:00:00', '14:00:00', 20.50);

INSERT INTO AllowedConnections VALUES ('102986', '130920', '130924', 13092, null);

INSERT INTO Child VALUES ('130924', 'Child2987', '2987child', '2006-02-02', null, null, '../../Pictures/default.jpg', null);

INSERT INTO ChildcareTransaction VALUES ('1000002986', 'Regular Childcare', '102986', '2014-03-18', '12:00:00', '14:00:00', 20.50);

INSERT INTO AllowedConnections VALUES ('102987', '130920', '130925', 13092, null);

INSERT INTO Child VALUES ('130925', 'Child2988', '2988child', '2006-02-02', null, null, '../../Pictures/default.jpg', null);

INSERT INTO ChildcareTransaction VALUES ('1000002987', 'Regular Childcare', '102987', '2014-04-10', '12:00:00', '14:00:00', 20.50);

INSERT INTO Guardian VALUES ('130920', '1234', 'Guardian747', '747guardian', '555-555-5555', 'blah@blah.com', '123 nowhere', null, 'Spokane', 'WA', '99999', '../../Pictures/default.jpg', null);

INSERT INTO Family VALUES ('13092', 42);

INSERT INTO Guardian VALUES ('130921', '1234', 'Guardian2747', '7472guardian', '555-555-5555', 'blah@blah.com', '123 nowhere', null, 'Spokane', 'WA', '99999', '../../Pictures/default.jpg', null);

INSERT INTO AllowedConnections VALUES ('102988', '130930', '130932', 13093, null);

INSERT INTO Child VALUES ('130932', 'Child2989', '2989child', '2006-02-02', null, null, '../../Pictures/default.jpg', null);

INSERT INTO ChildcareTransaction VALUES ('1000002988', 'Regular Childcare', '102988', '2014-12-26', '12:00:00', '14:00:00', 20.50);

INSERT INTO AllowedConnections VALUES ('102989', '130930', '130933', 13093, null);

INSERT INTO Child VALUES ('130933', 'Child2990', '2990child', '2006-02-02', null, null, '../../Pictures/default.jpg', null);

INSERT INTO ChildcareTransaction VALUES ('1000002989', 'Regular Childcare', '102989', '2014-12-11', '12:00:00', '14:00:00', 20.50);

INSERT INTO AllowedConnections VALUES ('102990', '130930', '130934', 13093, null);

INSERT INTO Child VALUES ('130934', 'Child2991', '2991child', '2006-02-02', null, null, '../../Pictures/default.jpg', null);

INSERT INTO ChildcareTransaction VALUES ('1000002990', 'Regular Childcare', '102990', '2014-06-02', '12:00:00', '14:00:00', 20.50);

INSERT INTO AllowedConnections VALUES ('102991', '130930', '130935', 13093, null);

INSERT INTO Child VALUES ('130935', 'Child2992', '2992child', '2006-02-02', null, null, '../../Pictures/default.jpg', null);

INSERT INTO ChildcareTransaction VALUES ('1000002991', 'Regular Childcare', '102991', '2014-10-20', '12:00:00', '14:00:00', 20.50);

INSERT INTO Guardian VALUES ('130930', '1234', 'Guardian748', '748guardian', '555-555-5555', 'blah@blah.com', '123 nowhere', null, 'Spokane', 'WA', '99999', '../../Pictures/default.jpg', null);

INSERT INTO Family VALUES ('13093', 42);

INSERT INTO Guardian VALUES ('130931', '1234', 'Guardian2748', '7482guardian', '555-555-5555', 'blah@blah.com', '123 nowhere', null, 'Spokane', 'WA', '99999', '../../Pictures/default.jpg', null);

INSERT INTO AllowedConnections VALUES ('102992', '130940', '130942', 13094, null);

INSERT INTO Child VALUES ('130942', 'Child2993', '2993child', '2006-02-02', null, null, '../../Pictures/default.jpg', null);

INSERT INTO ChildcareTransaction VALUES ('1000002992', 'Regular Childcare', '102992', '2014-04-09', '12:00:00', '14:00:00', 20.50);

INSERT INTO AllowedConnections VALUES ('102993', '130940', '130943', 13094, null);

INSERT INTO Child VALUES ('130943', 'Child2994', '2994child', '2006-02-02', null, null, '../../Pictures/default.jpg', null);

INSERT INTO ChildcareTransaction VALUES ('1000002993', 'Regular Childcare', '102993', '2014-09-07', '12:00:00', '14:00:00', 20.50);

INSERT INTO AllowedConnections VALUES ('102994', '130940', '130944', 13094, null);

INSERT INTO Child VALUES ('130944', 'Child2995', '2995child', '2006-02-02', null, null, '../../Pictures/default.jpg', null);

INSERT INTO ChildcareTransaction VALUES ('1000002994', 'Regular Childcare', '102994', '2014-12-28', '12:00:00', '14:00:00', 20.50);

INSERT INTO AllowedConnections VALUES ('102995', '130940', '130945', 13094, null);

INSERT INTO Child VALUES ('130945', 'Child2996', '2996child', '2006-02-02', null, null, '../../Pictures/default.jpg', null);

INSERT INTO ChildcareTransaction VALUES ('1000002995', 'Regular Childcare', '102995', '2014-06-21', '12:00:00', '14:00:00', 20.50);

INSERT INTO Guardian VALUES ('130940', '1234', 'Guardian749', '749guardian', '555-555-5555', 'blah@blah.com', '123 nowhere', null, 'Spokane', 'WA', '99999', '../../Pictures/default.jpg', null);

INSERT INTO Family VALUES ('13094', 42);

INSERT INTO Guardian VALUES ('130941', '1234', 'Guardian2749', '7492guardian', '555-555-5555', 'blah@blah.com', '123 nowhere', null, 'Spokane', 'WA', '99999', '../../Pictures/default.jpg', null);

INSERT INTO AllowedConnections VALUES ('102996', '130950', '130952', 13095, null);

INSERT INTO Child VALUES ('130952', 'Child2997', '2997child', '2006-02-02', null, null, '../../Pictures/default.jpg', null);

INSERT INTO ChildcareTransaction VALUES ('1000002996', 'Regular Childcare', '102996', '2014-06-14', '12:00:00', '14:00:00', 20.50);

INSERT INTO AllowedConnections VALUES ('102997', '130950', '130953', 13095, null);

INSERT INTO Child VALUES ('130953', 'Child2998', '2998child', '2006-02-02', null, null, '../../Pictures/default.jpg', null);

INSERT INTO ChildcareTransaction VALUES ('1000002997', 'Regular Childcare', '102997', '2014-10-26', '12:00:00', '14:00:00', 20.50);

INSERT INTO AllowedConnections VALUES ('102998', '130950', '130954', 13095, null);

INSERT INTO Child VALUES ('130954', 'Child2999', '2999child', '2006-02-02', null, null, '../../Pictures/default.jpg', null);

INSERT INTO ChildcareTransaction VALUES ('1000002998', 'Regular Childcare', '102998', '2014-02-28', '12:00:00', '14:00:00', 20.50);

INSERT INTO AllowedConnections VALUES ('102999', '130950', '130955', 13095, null);

INSERT INTO Child VALUES ('130955', 'Child3000', '3000child', '2006-02-02', null, null, '../../Pictures/default.jpg', null);

INSERT INTO ChildcareTransaction VALUES ('1000002999', 'Regular Childcare', '102999', '2014-01-18', '12:00:00', '14:00:00', 20.50);

INSERT INTO Guardian VALUES ('130950', '1234', 'Guardian750', '750guardian', '555-555-5555', 'blah@blah.com', '123 nowhere', null, 'Spokane', 'WA', '99999', '../../Pictures/default.jpg', null);

INSERT INTO Family VALUES ('13095', 42);

INSERT INTO Guardian VALUES ('130951', '1234', 'Guardian2750', '7502guardian', '555-555-5555', 'blah@blah.com', '123 nowhere', null, 'Spokane', 'WA', '99999', '../../Pictures/default.jpg', null);

INSERT INTO AllowedConnections VALUES ('103000', '130960', '130962', 13096, null);

INSERT INTO Child VALUES ('130962', 'Child3001', '3001child', '2006-02-02', null, null, '../../Pictures/default.jpg', null);

INSERT INTO ChildcareTransaction VALUES ('1000003000', 'Regular Childcare', '103000', '2014-04-07', '12:00:00', '14:00:00', 20.50);

INSERT INTO AllowedConnections VALUES ('103001', '130960', '130963', 13096, null);

INSERT INTO Child VALUES ('130963', 'Child3002', '3002child', '2006-02-02', null, null, '../../Pictures/default.jpg', null);

INSERT INTO ChildcareTransaction VALUES ('1000003001', 'Regular Childcare', '103001', '2014-08-18', '12:00:00', '14:00:00', 20.50);

INSERT INTO AllowedConnections VALUES ('103002', '130960', '130964', 13096, null);

INSERT INTO Child VALUES ('130964', 'Child3003', '3003child', '2006-02-02', null, null, '../../Pictures/default.jpg', null);

INSERT INTO ChildcareTransaction VALUES ('1000003002', 'Regular Childcare', '103002', '2014-09-06', '12:00:00', '14:00:00', 20.50);

INSERT INTO AllowedConnections VALUES ('103003', '130960', '130965', 13096, null);

INSERT INTO Child VALUES ('130965', 'Child3004', '3004child', '2006-02-02', null, null, '../../Pictures/default.jpg', null);

INSERT INTO ChildcareTransaction VALUES ('1000003003', 'Regular Childcare', '103003', '2014-01-21', '12:00:00', '14:00:00', 20.50);

INSERT INTO Guardian VALUES ('130960', '1234', 'Guardian751', '751guardian', '555-555-5555', 'blah@blah.com', '123 nowhere', null, 'Spokane', 'WA', '99999', '../../Pictures/default.jpg', null);

INSERT INTO Family VALUES ('13096', 42);

INSERT INTO Guardian VALUES ('130961', '1234', 'Guardian2751', '7512guardian', '555-555-5555', 'blah@blah.com', '123 nowhere', null, 'Spokane', 'WA', '99999', '../../Pictures/default.jpg', null);

INSERT INTO AllowedConnections VALUES ('103004', '130970', '130972', 13097, null);

INSERT INTO Child VALUES ('130972', 'Child3005', '3005child', '2006-02-02', null, null, '../../Pictures/default.jpg', null);

INSERT INTO ChildcareTransaction VALUES ('1000003004', 'Regular Childcare', '103004', '2014-02-06', '12:00:00', '14:00:00', 20.50);

INSERT INTO AllowedConnections VALUES ('103005', '130970', '130973', 13097, null);

INSERT INTO Child VALUES ('130973', 'Child3006', '3006child', '2006-02-02', null, null, '../../Pictures/default.jpg', null);

INSERT INTO ChildcareTransaction VALUES ('1000003005', 'Regular Childcare', '103005', '2014-06-02', '12:00:00', '14:00:00', 20.50);

INSERT INTO AllowedConnections VALUES ('103006', '130970', '130974', 13097, null);

INSERT INTO Child VALUES ('130974', 'Child3007', '3007child', '2006-02-02', null, null, '../../Pictures/default.jpg', null);

INSERT INTO ChildcareTransaction VALUES ('1000003006', 'Regular Childcare', '103006', '2014-06-24', '12:00:00', '14:00:00', 20.50);

INSERT INTO AllowedConnections VALUES ('103007', '130970', '130975', 13097, null);

INSERT INTO Child VALUES ('130975', 'Child3008', '3008child', '2006-02-02', null, null, '../../Pictures/default.jpg', null);

INSERT INTO ChildcareTransaction VALUES ('1000003007', 'Regular Childcare', '103007', '2014-07-08', '12:00:00', '14:00:00', 20.50);

INSERT INTO Guardian VALUES ('130970', '1234', 'Guardian752', '752guardian', '555-555-5555', 'blah@blah.com', '123 nowhere', null, 'Spokane', 'WA', '99999', '../../Pictures/default.jpg', null);

INSERT INTO Family VALUES ('13097', 42);

INSERT INTO Guardian VALUES ('130971', '1234', 'Guardian2752', '7522guardian', '555-555-5555', 'blah@blah.com', '123 nowhere', null, 'Spokane', 'WA', '99999', '../../Pictures/default.jpg', null);

INSERT INTO AllowedConnections VALUES ('103008', '130980', '130982', 13098, null);

INSERT INTO Child VALUES ('130982', 'Child3009', '3009child', '2006-02-02', null, null, '../../Pictures/default.jpg', null);

INSERT INTO ChildcareTransaction VALUES ('1000003008', 'Regular Childcare', '103008', '2014-04-16', '12:00:00', '14:00:00', 20.50);

INSERT INTO AllowedConnections VALUES ('103009', '130980', '130983', 13098, null);

INSERT INTO Child VALUES ('130983', 'Child3010', '3010child', '2006-02-02', null, null, '../../Pictures/default.jpg', null);

INSERT INTO ChildcareTransaction VALUES ('1000003009', 'Regular Childcare', '103009', '2014-08-06', '12:00:00', '14:00:00', 20.50);

INSERT INTO AllowedConnections VALUES ('103010', '130980', '130984', 13098, null);

INSERT INTO Child VALUES ('130984', 'Child3011', '3011child', '2006-02-02', null, null, '../../Pictures/default.jpg', null);

INSERT INTO ChildcareTransaction VALUES ('1000003010', 'Regular Childcare', '103010', '2014-05-18', '12:00:00', '14:00:00', 20.50);

INSERT INTO AllowedConnections VALUES ('103011', '130980', '130985', 13098, null);

INSERT INTO Child VALUES ('130985', 'Child3012', '3012child', '2006-02-02', null, null, '../../Pictures/default.jpg', null);

INSERT INTO ChildcareTransaction VALUES ('1000003011', 'Regular Childcare', '103011', '2014-01-27', '12:00:00', '14:00:00', 20.50);

INSERT INTO Guardian VALUES ('130980', '1234', 'Guardian753', '753guardian', '555-555-5555', 'blah@blah.com', '123 nowhere', null, 'Spokane', 'WA', '99999', '../../Pictures/default.jpg', null);

INSERT INTO Family VALUES ('13098', 42);

INSERT INTO Guardian VALUES ('130981', '1234', 'Guardian2753', '7532guardian', '555-555-5555', 'blah@blah.com', '123 nowhere', null, 'Spokane', 'WA', '99999', '../../Pictures/default.jpg', null);

INSERT INTO AllowedConnections VALUES ('103012', '130990', '130992', 13099, null);

INSERT INTO Child VALUES ('130992', 'Child3013', '3013child', '2006-02-02', null, null, '../../Pictures/default.jpg', null);

INSERT INTO ChildcareTransaction VALUES ('1000003012', 'Regular Childcare', '103012', '2014-03-28', '12:00:00', '14:00:00', 20.50);

INSERT INTO AllowedConnections VALUES ('103013', '130990', '130993', 13099, null);

INSERT INTO Child VALUES ('130993', 'Child3014', '3014child', '2006-02-02', null, null, '../../Pictures/default.jpg', null);

INSERT INTO ChildcareTransaction VALUES ('1000003013', 'Regular Childcare', '103013', '2014-02-22', '12:00:00', '14:00:00', 20.50);

INSERT INTO AllowedConnections VALUES ('103014', '130990', '130994', 13099, null);

INSERT INTO Child VALUES ('130994', 'Child3015', '3015child', '2006-02-02', null, null, '../../Pictures/default.jpg', null);

INSERT INTO ChildcareTransaction VALUES ('1000003014', 'Regular Childcare', '103014', '2014-11-21', '12:00:00', '14:00:00', 20.50);

INSERT INTO AllowedConnections VALUES ('103015', '130990', '130995', 13099, null);

INSERT INTO Child VALUES ('130995', 'Child3016', '3016child', '2006-02-02', null, null, '../../Pictures/default.jpg', null);

INSERT INTO ChildcareTransaction VALUES ('1000003015', 'Regular Childcare', '103015', '2014-04-22', '12:00:00', '14:00:00', 20.50);

INSERT INTO Guardian VALUES ('130990', '1234', 'Guardian754', '754guardian', '555-555-5555', 'blah@blah.com', '123 nowhere', null, 'Spokane', 'WA', '99999', '../../Pictures/default.jpg', null);

INSERT INTO Family VALUES ('13099', 42);

INSERT INTO Guardian VALUES ('130991', '1234', 'Guardian2754', '7542guardian', '555-555-5555', 'blah@blah.com', '123 nowhere', null, 'Spokane', 'WA', '99999', '../../Pictures/default.jpg', null);

INSERT INTO AllowedConnections VALUES ('103016', '131000', '131002', 13100, null);

INSERT INTO Child VALUES ('131002', 'Child3017', '3017child', '2006-02-02', null, null, '../../Pictures/default.jpg', null);

INSERT INTO ChildcareTransaction VALUES ('1000003016', 'Regular Childcare', '103016', '2014-01-22', '12:00:00', '14:00:00', 20.50);

INSERT INTO AllowedConnections VALUES ('103017', '131000', '131003', 13100, null);

INSERT INTO Child VALUES ('131003', 'Child3018', '3018child', '2006-02-02', null, null, '../../Pictures/default.jpg', null);

INSERT INTO ChildcareTransaction VALUES ('1000003017', 'Regular Childcare', '103017', '2014-03-24', '12:00:00', '14:00:00', 20.50);

INSERT INTO AllowedConnections VALUES ('103018', '131000', '131004', 13100, null);

INSERT INTO Child VALUES ('131004', 'Child3019', '3019child', '2006-02-02', null, null, '../../Pictures/default.jpg', null);

INSERT INTO ChildcareTransaction VALUES ('1000003018', 'Regular Childcare', '103018', '2014-11-13', '12:00:00', '14:00:00', 20.50);

INSERT INTO AllowedConnections VALUES ('103019', '131000', '131005', 13100, null);

INSERT INTO Child VALUES ('131005', 'Child3020', '3020child', '2006-02-02', null, null, '../../Pictures/default.jpg', null);

INSERT INTO ChildcareTransaction VALUES ('1000003019', 'Regular Childcare', '103019', '2014-06-15', '12:00:00', '14:00:00', 20.50);

INSERT INTO Guardian VALUES ('131000', '1234', 'Guardian755', '755guardian', '555-555-5555', 'blah@blah.com', '123 nowhere', null, 'Spokane', 'WA', '99999', '../../Pictures/default.jpg', null);

INSERT INTO Family VALUES ('13100', 42);

INSERT INTO Guardian VALUES ('131001', '1234', 'Guardian2755', '7552guardian', '555-555-5555', 'blah@blah.com', '123 nowhere', null, 'Spokane', 'WA', '99999', '../../Pictures/default.jpg', null);

INSERT INTO AllowedConnections VALUES ('103020', '131010', '131012', 13101, null);

INSERT INTO Child VALUES ('131012', 'Child3021', '3021child', '2006-02-02', null, null, '../../Pictures/default.jpg', null);

INSERT INTO ChildcareTransaction VALUES ('1000003020', 'Regular Childcare', '103020', '2014-05-27', '12:00:00', '14:00:00', 20.50);

INSERT INTO AllowedConnections VALUES ('103021', '131010', '131013', 13101, null);

INSERT INTO Child VALUES ('131013', 'Child3022', '3022child', '2006-02-02', null, null, '../../Pictures/default.jpg', null);

INSERT INTO ChildcareTransaction VALUES ('1000003021', 'Regular Childcare', '103021', '2014-07-16', '12:00:00', '14:00:00', 20.50);

INSERT INTO AllowedConnections VALUES ('103022', '131010', '131014', 13101, null);

INSERT INTO Child VALUES ('131014', 'Child3023', '3023child', '2006-02-02', null, null, '../../Pictures/default.jpg', null);

INSERT INTO ChildcareTransaction VALUES ('1000003022', 'Regular Childcare', '103022', '2014-11-16', '12:00:00', '14:00:00', 20.50);

INSERT INTO AllowedConnections VALUES ('103023', '131010', '131015', 13101, null);

INSERT INTO Child VALUES ('131015', 'Child3024', '3024child', '2006-02-02', null, null, '../../Pictures/default.jpg', null);

INSERT INTO ChildcareTransaction VALUES ('1000003023', 'Regular Childcare', '103023', '2014-03-16', '12:00:00', '14:00:00', 20.50);

INSERT INTO Guardian VALUES ('131010', '1234', 'Guardian756', '756guardian', '555-555-5555', 'blah@blah.com', '123 nowhere', null, 'Spokane', 'WA', '99999', '../../Pictures/default.jpg', null);

INSERT INTO Family VALUES ('13101', 42);

INSERT INTO Guardian VALUES ('131011', '1234', 'Guardian2756', '7562guardian', '555-555-5555', 'blah@blah.com', '123 nowhere', null, 'Spokane', 'WA', '99999', '../../Pictures/default.jpg', null);

INSERT INTO AllowedConnections VALUES ('103024', '131020', '131022', 13102, null);

INSERT INTO Child VALUES ('131022', 'Child3025', '3025child', '2006-02-02', null, null, '../../Pictures/default.jpg', null);

INSERT INTO ChildcareTransaction VALUES ('1000003024', 'Regular Childcare', '103024', '2014-05-04', '12:00:00', '14:00:00', 20.50);

INSERT INTO AllowedConnections VALUES ('103025', '131020', '131023', 13102, null);

INSERT INTO Child VALUES ('131023', 'Child3026', '3026child', '2006-02-02', null, null, '../../Pictures/default.jpg', null);

INSERT INTO ChildcareTransaction VALUES ('1000003025', 'Regular Childcare', '103025', '2014-08-11', '12:00:00', '14:00:00', 20.50);

INSERT INTO AllowedConnections VALUES ('103026', '131020', '131024', 13102, null);

INSERT INTO Child VALUES ('131024', 'Child3027', '3027child', '2006-02-02', null, null, '../../Pictures/default.jpg', null);

INSERT INTO ChildcareTransaction VALUES ('1000003026', 'Regular Childcare', '103026', '2014-09-05', '12:00:00', '14:00:00', 20.50);

INSERT INTO AllowedConnections VALUES ('103027', '131020', '131025', 13102, null);

INSERT INTO Child VALUES ('131025', 'Child3028', '3028child', '2006-02-02', null, null, '../../Pictures/default.jpg', null);

INSERT INTO ChildcareTransaction VALUES ('1000003027', 'Regular Childcare', '103027', '2014-05-25', '12:00:00', '14:00:00', 20.50);

INSERT INTO Guardian VALUES ('131020', '1234', 'Guardian757', '757guardian', '555-555-5555', 'blah@blah.com', '123 nowhere', null, 'Spokane', 'WA', '99999', '../../Pictures/default.jpg', null);

INSERT INTO Family VALUES ('13102', 42);

INSERT INTO Guardian VALUES ('131021', '1234', 'Guardian2757', '7572guardian', '555-555-5555', 'blah@blah.com', '123 nowhere', null, 'Spokane', 'WA', '99999', '../../Pictures/default.jpg', null);

INSERT INTO AllowedConnections VALUES ('103028', '131030', '131032', 13103, null);

INSERT INTO Child VALUES ('131032', 'Child3029', '3029child', '2006-02-02', null, null, '../../Pictures/default.jpg', null);

INSERT INTO ChildcareTransaction VALUES ('1000003028', 'Regular Childcare', '103028', '2014-01-13', '12:00:00', '14:00:00', 20.50);

INSERT INTO AllowedConnections VALUES ('103029', '131030', '131033', 13103, null);

INSERT INTO Child VALUES ('131033', 'Child3030', '3030child', '2006-02-02', null, null, '../../Pictures/default.jpg', null);

INSERT INTO ChildcareTransaction VALUES ('1000003029', 'Regular Childcare', '103029', '2014-12-05', '12:00:00', '14:00:00', 20.50);

INSERT INTO AllowedConnections VALUES ('103030', '131030', '131034', 13103, null);

INSERT INTO Child VALUES ('131034', 'Child3031', '3031child', '2006-02-02', null, null, '../../Pictures/default.jpg', null);

INSERT INTO ChildcareTransaction VALUES ('1000003030', 'Regular Childcare', '103030', '2014-10-03', '12:00:00', '14:00:00', 20.50);

INSERT INTO AllowedConnections VALUES ('103031', '131030', '131035', 13103, null);

INSERT INTO Child VALUES ('131035', 'Child3032', '3032child', '2006-02-02', null, null, '../../Pictures/default.jpg', null);

INSERT INTO ChildcareTransaction VALUES ('1000003031', 'Regular Childcare', '103031', '2014-05-24', '12:00:00', '14:00:00', 20.50);

INSERT INTO Guardian VALUES ('131030', '1234', 'Guardian758', '758guardian', '555-555-5555', 'blah@blah.com', '123 nowhere', null, 'Spokane', 'WA', '99999', '../../Pictures/default.jpg', null);

INSERT INTO Family VALUES ('13103', 42);

INSERT INTO Guardian VALUES ('131031', '1234', 'Guardian2758', '7582guardian', '555-555-5555', 'blah@blah.com', '123 nowhere', null, 'Spokane', 'WA', '99999', '../../Pictures/default.jpg', null);

INSERT INTO AllowedConnections VALUES ('103032', '131040', '131042', 13104, null);

INSERT INTO Child VALUES ('131042', 'Child3033', '3033child', '2006-02-02', null, null, '../../Pictures/default.jpg', null);

INSERT INTO ChildcareTransaction VALUES ('1000003032', 'Regular Childcare', '103032', '2014-02-22', '12:00:00', '14:00:00', 20.50);

INSERT INTO AllowedConnections VALUES ('103033', '131040', '131043', 13104, null);

INSERT INTO Child VALUES ('131043', 'Child3034', '3034child', '2006-02-02', null, null, '../../Pictures/default.jpg', null);

INSERT INTO ChildcareTransaction VALUES ('1000003033', 'Regular Childcare', '103033', '2014-05-20', '12:00:00', '14:00:00', 20.50);

INSERT INTO AllowedConnections VALUES ('103034', '131040', '131044', 13104, null);

INSERT INTO Child VALUES ('131044', 'Child3035', '3035child', '2006-02-02', null, null, '../../Pictures/default.jpg', null);

INSERT INTO ChildcareTransaction VALUES ('1000003034', 'Regular Childcare', '103034', '2014-07-08', '12:00:00', '14:00:00', 20.50);

INSERT INTO AllowedConnections VALUES ('103035', '131040', '131045', 13104, null);

INSERT INTO Child VALUES ('131045', 'Child3036', '3036child', '2006-02-02', null, null, '../../Pictures/default.jpg', null);

INSERT INTO ChildcareTransaction VALUES ('1000003035', 'Regular Childcare', '103035', '2014-10-01', '12:00:00', '14:00:00', 20.50);

INSERT INTO Guardian VALUES ('131040', '1234', 'Guardian759', '759guardian', '555-555-5555', 'blah@blah.com', '123 nowhere', null, 'Spokane', 'WA', '99999', '../../Pictures/default.jpg', null);

INSERT INTO Family VALUES ('13104', 42);

INSERT INTO Guardian VALUES ('131041', '1234', 'Guardian2759', '7592guardian', '555-555-5555', 'blah@blah.com', '123 nowhere', null, 'Spokane', 'WA', '99999', '../../Pictures/default.jpg', null);

INSERT INTO AllowedConnections VALUES ('103036', '131050', '131052', 13105, null);

INSERT INTO Child VALUES ('131052', 'Child3037', '3037child', '2006-02-02', null, null, '../../Pictures/default.jpg', null);

INSERT INTO ChildcareTransaction VALUES ('1000003036', 'Regular Childcare', '103036', '2014-12-23', '12:00:00', '14:00:00', 20.50);

INSERT INTO AllowedConnections VALUES ('103037', '131050', '131053', 13105, null);

INSERT INTO Child VALUES ('131053', 'Child3038', '3038child', '2006-02-02', null, null, '../../Pictures/default.jpg', null);

INSERT INTO ChildcareTransaction VALUES ('1000003037', 'Regular Childcare', '103037', '2014-02-20', '12:00:00', '14:00:00', 20.50);

INSERT INTO AllowedConnections VALUES ('103038', '131050', '131054', 13105, null);

INSERT INTO Child VALUES ('131054', 'Child3039', '3039child', '2006-02-02', null, null, '../../Pictures/default.jpg', null);

INSERT INTO ChildcareTransaction VALUES ('1000003038', 'Regular Childcare', '103038', '2014-06-19', '12:00:00', '14:00:00', 20.50);

INSERT INTO AllowedConnections VALUES ('103039', '131050', '131055', 13105, null);

INSERT INTO Child VALUES ('131055', 'Child3040', '3040child', '2006-02-02', null, null, '../../Pictures/default.jpg', null);

INSERT INTO ChildcareTransaction VALUES ('1000003039', 'Regular Childcare', '103039', '2014-06-23', '12:00:00', '14:00:00', 20.50);

INSERT INTO Guardian VALUES ('131050', '1234', 'Guardian760', '760guardian', '555-555-5555', 'blah@blah.com', '123 nowhere', null, 'Spokane', 'WA', '99999', '../../Pictures/default.jpg', null);

INSERT INTO Family VALUES ('13105', 42);

INSERT INTO Guardian VALUES ('131051', '1234', 'Guardian2760', '7602guardian', '555-555-5555', 'blah@blah.com', '123 nowhere', null, 'Spokane', 'WA', '99999', '../../Pictures/default.jpg', null);

INSERT INTO AllowedConnections VALUES ('103040', '131060', '131062', 13106, null);

INSERT INTO Child VALUES ('131062', 'Child3041', '3041child', '2006-02-02', null, null, '../../Pictures/default.jpg', null);

INSERT INTO ChildcareTransaction VALUES ('1000003040', 'Regular Childcare', '103040', '2014-06-25', '12:00:00', '14:00:00', 20.50);

INSERT INTO AllowedConnections VALUES ('103041', '131060', '131063', 13106, null);

INSERT INTO Child VALUES ('131063', 'Child3042', '3042child', '2006-02-02', null, null, '../../Pictures/default.jpg', null);

INSERT INTO ChildcareTransaction VALUES ('1000003041', 'Regular Childcare', '103041', '2014-03-07', '12:00:00', '14:00:00', 20.50);

INSERT INTO AllowedConnections VALUES ('103042', '131060', '131064', 13106, null);

INSERT INTO Child VALUES ('131064', 'Child3043', '3043child', '2006-02-02', null, null, '../../Pictures/default.jpg', null);

INSERT INTO ChildcareTransaction VALUES ('1000003042', 'Regular Childcare', '103042', '2014-10-09', '12:00:00', '14:00:00', 20.50);

INSERT INTO AllowedConnections VALUES ('103043', '131060', '131065', 13106, null);

INSERT INTO Child VALUES ('131065', 'Child3044', '3044child', '2006-02-02', null, null, '../../Pictures/default.jpg', null);

INSERT INTO ChildcareTransaction VALUES ('1000003043', 'Regular Childcare', '103043', '2014-11-24', '12:00:00', '14:00:00', 20.50);

INSERT INTO Guardian VALUES ('131060', '1234', 'Guardian761', '761guardian', '555-555-5555', 'blah@blah.com', '123 nowhere', null, 'Spokane', 'WA', '99999', '../../Pictures/default.jpg', null);

INSERT INTO Family VALUES ('13106', 42);

INSERT INTO Guardian VALUES ('131061', '1234', 'Guardian2761', '7612guardian', '555-555-5555', 'blah@blah.com', '123 nowhere', null, 'Spokane', 'WA', '99999', '../../Pictures/default.jpg', null);

INSERT INTO AllowedConnections VALUES ('103044', '131070', '131072', 13107, null);

INSERT INTO Child VALUES ('131072', 'Child3045', '3045child', '2006-02-02', null, null, '../../Pictures/default.jpg', null);

INSERT INTO ChildcareTransaction VALUES ('1000003044', 'Regular Childcare', '103044', '2014-01-27', '12:00:00', '14:00:00', 20.50);

INSERT INTO AllowedConnections VALUES ('103045', '131070', '131073', 13107, null);

INSERT INTO Child VALUES ('131073', 'Child3046', '3046child', '2006-02-02', null, null, '../../Pictures/default.jpg', null);

INSERT INTO ChildcareTransaction VALUES ('1000003045', 'Regular Childcare', '103045', '2014-05-07', '12:00:00', '14:00:00', 20.50);

INSERT INTO AllowedConnections VALUES ('103046', '131070', '131074', 13107, null);

INSERT INTO Child VALUES ('131074', 'Child3047', '3047child', '2006-02-02', null, null, '../../Pictures/default.jpg', null);

INSERT INTO ChildcareTransaction VALUES ('1000003046', 'Regular Childcare', '103046', '2014-08-12', '12:00:00', '14:00:00', 20.50);

INSERT INTO AllowedConnections VALUES ('103047', '131070', '131075', 13107, null);

INSERT INTO Child VALUES ('131075', 'Child3048', '3048child', '2006-02-02', null, null, '../../Pictures/default.jpg', null);

INSERT INTO ChildcareTransaction VALUES ('1000003047', 'Regular Childcare', '103047', '2014-12-10', '12:00:00', '14:00:00', 20.50);

INSERT INTO Guardian VALUES ('131070', '1234', 'Guardian762', '762guardian', '555-555-5555', 'blah@blah.com', '123 nowhere', null, 'Spokane', 'WA', '99999', '../../Pictures/default.jpg', null);

INSERT INTO Family VALUES ('13107', 42);

INSERT INTO Guardian VALUES ('131071', '1234', 'Guardian2762', '7622guardian', '555-555-5555', 'blah@blah.com', '123 nowhere', null, 'Spokane', 'WA', '99999', '../../Pictures/default.jpg', null);

INSERT INTO AllowedConnections VALUES ('103048', '131080', '131082', 13108, null);

INSERT INTO Child VALUES ('131082', 'Child3049', '3049child', '2006-02-02', null, null, '../../Pictures/default.jpg', null);

INSERT INTO ChildcareTransaction VALUES ('1000003048', 'Regular Childcare', '103048', '2014-01-24', '12:00:00', '14:00:00', 20.50);

INSERT INTO AllowedConnections VALUES ('103049', '131080', '131083', 13108, null);

INSERT INTO Child VALUES ('131083', 'Child3050', '3050child', '2006-02-02', null, null, '../../Pictures/default.jpg', null);

INSERT INTO ChildcareTransaction VALUES ('1000003049', 'Regular Childcare', '103049', '2014-09-03', '12:00:00', '14:00:00', 20.50);

INSERT INTO AllowedConnections VALUES ('103050', '131080', '131084', 13108, null);

INSERT INTO Child VALUES ('131084', 'Child3051', '3051child', '2006-02-02', null, null, '../../Pictures/default.jpg', null);

INSERT INTO ChildcareTransaction VALUES ('1000003050', 'Regular Childcare', '103050', '2014-02-01', '12:00:00', '14:00:00', 20.50);

INSERT INTO AllowedConnections VALUES ('103051', '131080', '131085', 13108, null);

INSERT INTO Child VALUES ('131085', 'Child3052', '3052child', '2006-02-02', null, null, '../../Pictures/default.jpg', null);

INSERT INTO ChildcareTransaction VALUES ('1000003051', 'Regular Childcare', '103051', '2014-05-07', '12:00:00', '14:00:00', 20.50);

INSERT INTO Guardian VALUES ('131080', '1234', 'Guardian763', '763guardian', '555-555-5555', 'blah@blah.com', '123 nowhere', null, 'Spokane', 'WA', '99999', '../../Pictures/default.jpg', null);

INSERT INTO Family VALUES ('13108', 42);

INSERT INTO Guardian VALUES ('131081', '1234', 'Guardian2763', '7632guardian', '555-555-5555', 'blah@blah.com', '123 nowhere', null, 'Spokane', 'WA', '99999', '../../Pictures/default.jpg', null);

INSERT INTO AllowedConnections VALUES ('103052', '131090', '131092', 13109, null);

INSERT INTO Child VALUES ('131092', 'Child3053', '3053child', '2006-02-02', null, null, '../../Pictures/default.jpg', null);

INSERT INTO ChildcareTransaction VALUES ('1000003052', 'Regular Childcare', '103052', '2014-12-12', '12:00:00', '14:00:00', 20.50);

INSERT INTO AllowedConnections VALUES ('103053', '131090', '131093', 13109, null);

INSERT INTO Child VALUES ('131093', 'Child3054', '3054child', '2006-02-02', null, null, '../../Pictures/default.jpg', null);

INSERT INTO ChildcareTransaction VALUES ('1000003053', 'Regular Childcare', '103053', '2014-03-16', '12:00:00', '14:00:00', 20.50);

INSERT INTO AllowedConnections VALUES ('103054', '131090', '131094', 13109, null);

INSERT INTO Child VALUES ('131094', 'Child3055', '3055child', '2006-02-02', null, null, '../../Pictures/default.jpg', null);

INSERT INTO ChildcareTransaction VALUES ('1000003054', 'Regular Childcare', '103054', '2014-02-10', '12:00:00', '14:00:00', 20.50);

INSERT INTO AllowedConnections VALUES ('103055', '131090', '131095', 13109, null);

INSERT INTO Child VALUES ('131095', 'Child3056', '3056child', '2006-02-02', null, null, '../../Pictures/default.jpg', null);

INSERT INTO ChildcareTransaction VALUES ('1000003055', 'Regular Childcare', '103055', '2014-07-18', '12:00:00', '14:00:00', 20.50);

INSERT INTO Guardian VALUES ('131090', '1234', 'Guardian764', '764guardian', '555-555-5555', 'blah@blah.com', '123 nowhere', null, 'Spokane', 'WA', '99999', '../../Pictures/default.jpg', null);

INSERT INTO Family VALUES ('13109', 42);

INSERT INTO Guardian VALUES ('131091', '1234', 'Guardian2764', '7642guardian', '555-555-5555', 'blah@blah.com', '123 nowhere', null, 'Spokane', 'WA', '99999', '../../Pictures/default.jpg', null);

INSERT INTO AllowedConnections VALUES ('103056', '131100', '131102', 13110, null);

INSERT INTO Child VALUES ('131102', 'Child3057', '3057child', '2006-02-02', null, null, '../../Pictures/default.jpg', null);

INSERT INTO ChildcareTransaction VALUES ('1000003056', 'Regular Childcare', '103056', '2014-01-06', '12:00:00', '14:00:00', 20.50);

INSERT INTO AllowedConnections VALUES ('103057', '131100', '131103', 13110, null);

INSERT INTO Child VALUES ('131103', 'Child3058', '3058child', '2006-02-02', null, null, '../../Pictures/default.jpg', null);

INSERT INTO ChildcareTransaction VALUES ('1000003057', 'Regular Childcare', '103057', '2014-05-21', '12:00:00', '14:00:00', 20.50);

INSERT INTO AllowedConnections VALUES ('103058', '131100', '131104', 13110, null);

INSERT INTO Child VALUES ('131104', 'Child3059', '3059child', '2006-02-02', null, null, '../../Pictures/default.jpg', null);

INSERT INTO ChildcareTransaction VALUES ('1000003058', 'Regular Childcare', '103058', '2014-10-08', '12:00:00', '14:00:00', 20.50);

INSERT INTO AllowedConnections VALUES ('103059', '131100', '131105', 13110, null);

INSERT INTO Child VALUES ('131105', 'Child3060', '3060child', '2006-02-02', null, null, '../../Pictures/default.jpg', null);

INSERT INTO ChildcareTransaction VALUES ('1000003059', 'Regular Childcare', '103059', '2014-06-10', '12:00:00', '14:00:00', 20.50);

INSERT INTO Guardian VALUES ('131100', '1234', 'Guardian765', '765guardian', '555-555-5555', 'blah@blah.com', '123 nowhere', null, 'Spokane', 'WA', '99999', '../../Pictures/default.jpg', null);

INSERT INTO Family VALUES ('13110', 42);

INSERT INTO Guardian VALUES ('131101', '1234', 'Guardian2765', '7652guardian', '555-555-5555', 'blah@blah.com', '123 nowhere', null, 'Spokane', 'WA', '99999', '../../Pictures/default.jpg', null);

INSERT INTO AllowedConnections VALUES ('103060', '131110', '131112', 13111, null);

INSERT INTO Child VALUES ('131112', 'Child3061', '3061child', '2006-02-02', null, null, '../../Pictures/default.jpg', null);

INSERT INTO ChildcareTransaction VALUES ('1000003060', 'Regular Childcare', '103060', '2014-10-12', '12:00:00', '14:00:00', 20.50);

INSERT INTO AllowedConnections VALUES ('103061', '131110', '131113', 13111, null);

INSERT INTO Child VALUES ('131113', 'Child3062', '3062child', '2006-02-02', null, null, '../../Pictures/default.jpg', null);

INSERT INTO ChildcareTransaction VALUES ('1000003061', 'Regular Childcare', '103061', '2014-07-12', '12:00:00', '14:00:00', 20.50);

INSERT INTO AllowedConnections VALUES ('103062', '131110', '131114', 13111, null);

INSERT INTO Child VALUES ('131114', 'Child3063', '3063child', '2006-02-02', null, null, '../../Pictures/default.jpg', null);

INSERT INTO ChildcareTransaction VALUES ('1000003062', 'Regular Childcare', '103062', '2014-03-10', '12:00:00', '14:00:00', 20.50);

INSERT INTO AllowedConnections VALUES ('103063', '131110', '131115', 13111, null);

INSERT INTO Child VALUES ('131115', 'Child3064', '3064child', '2006-02-02', null, null, '../../Pictures/default.jpg', null);

INSERT INTO ChildcareTransaction VALUES ('1000003063', 'Regular Childcare', '103063', '2014-09-04', '12:00:00', '14:00:00', 20.50);

INSERT INTO Guardian VALUES ('131110', '1234', 'Guardian766', '766guardian', '555-555-5555', 'blah@blah.com', '123 nowhere', null, 'Spokane', 'WA', '99999', '../../Pictures/default.jpg', null);

INSERT INTO Family VALUES ('13111', 42);

INSERT INTO Guardian VALUES ('131111', '1234', 'Guardian2766', '7662guardian', '555-555-5555', 'blah@blah.com', '123 nowhere', null, 'Spokane', 'WA', '99999', '../../Pictures/default.jpg', null);

INSERT INTO AllowedConnections VALUES ('103064', '131120', '131122', 13112, null);

INSERT INTO Child VALUES ('131122', 'Child3065', '3065child', '2006-02-02', null, null, '../../Pictures/default.jpg', null);

INSERT INTO ChildcareTransaction VALUES ('1000003064', 'Regular Childcare', '103064', '2014-11-06', '12:00:00', '14:00:00', 20.50);

INSERT INTO AllowedConnections VALUES ('103065', '131120', '131123', 13112, null);

INSERT INTO Child VALUES ('131123', 'Child3066', '3066child', '2006-02-02', null, null, '../../Pictures/default.jpg', null);

INSERT INTO ChildcareTransaction VALUES ('1000003065', 'Regular Childcare', '103065', '2014-10-07', '12:00:00', '14:00:00', 20.50);

INSERT INTO AllowedConnections VALUES ('103066', '131120', '131124', 13112, null);

INSERT INTO Child VALUES ('131124', 'Child3067', '3067child', '2006-02-02', null, null, '../../Pictures/default.jpg', null);

INSERT INTO ChildcareTransaction VALUES ('1000003066', 'Regular Childcare', '103066', '2014-10-08', '12:00:00', '14:00:00', 20.50);

INSERT INTO AllowedConnections VALUES ('103067', '131120', '131125', 13112, null);

INSERT INTO Child VALUES ('131125', 'Child3068', '3068child', '2006-02-02', null, null, '../../Pictures/default.jpg', null);

INSERT INTO ChildcareTransaction VALUES ('1000003067', 'Regular Childcare', '103067', '2014-09-23', '12:00:00', '14:00:00', 20.50);

INSERT INTO Guardian VALUES ('131120', '1234', 'Guardian767', '767guardian', '555-555-5555', 'blah@blah.com', '123 nowhere', null, 'Spokane', 'WA', '99999', '../../Pictures/default.jpg', null);

INSERT INTO Family VALUES ('13112', 42);

INSERT INTO Guardian VALUES ('131121', '1234', 'Guardian2767', '7672guardian', '555-555-5555', 'blah@blah.com', '123 nowhere', null, 'Spokane', 'WA', '99999', '../../Pictures/default.jpg', null);

INSERT INTO AllowedConnections VALUES ('103068', '131130', '131132', 13113, null);

INSERT INTO Child VALUES ('131132', 'Child3069', '3069child', '2006-02-02', null, null, '../../Pictures/default.jpg', null);

INSERT INTO ChildcareTransaction VALUES ('1000003068', 'Regular Childcare', '103068', '2014-03-21', '12:00:00', '14:00:00', 20.50);

INSERT INTO AllowedConnections VALUES ('103069', '131130', '131133', 13113, null);

INSERT INTO Child VALUES ('131133', 'Child3070', '3070child', '2006-02-02', null, null, '../../Pictures/default.jpg', null);

INSERT INTO ChildcareTransaction VALUES ('1000003069', 'Regular Childcare', '103069', '2014-08-10', '12:00:00', '14:00:00', 20.50);

INSERT INTO AllowedConnections VALUES ('103070', '131130', '131134', 13113, null);

INSERT INTO Child VALUES ('131134', 'Child3071', '3071child', '2006-02-02', null, null, '../../Pictures/default.jpg', null);

INSERT INTO ChildcareTransaction VALUES ('1000003070', 'Regular Childcare', '103070', '2014-07-22', '12:00:00', '14:00:00', 20.50);

INSERT INTO AllowedConnections VALUES ('103071', '131130', '131135', 13113, null);

INSERT INTO Child VALUES ('131135', 'Child3072', '3072child', '2006-02-02', null, null, '../../Pictures/default.jpg', null);

INSERT INTO ChildcareTransaction VALUES ('1000003071', 'Regular Childcare', '103071', '2014-02-16', '12:00:00', '14:00:00', 20.50);

INSERT INTO Guardian VALUES ('131130', '1234', 'Guardian768', '768guardian', '555-555-5555', 'blah@blah.com', '123 nowhere', null, 'Spokane', 'WA', '99999', '../../Pictures/default.jpg', null);

INSERT INTO Family VALUES ('13113', 42);

INSERT INTO Guardian VALUES ('131131', '1234', 'Guardian2768', '7682guardian', '555-555-5555', 'blah@blah.com', '123 nowhere', null, 'Spokane', 'WA', '99999', '../../Pictures/default.jpg', null);

INSERT INTO AllowedConnections VALUES ('103072', '131140', '131142', 13114, null);

INSERT INTO Child VALUES ('131142', 'Child3073', '3073child', '2006-02-02', null, null, '../../Pictures/default.jpg', null);

INSERT INTO ChildcareTransaction VALUES ('1000003072', 'Regular Childcare', '103072', '2014-04-22', '12:00:00', '14:00:00', 20.50);

INSERT INTO AllowedConnections VALUES ('103073', '131140', '131143', 13114, null);

INSERT INTO Child VALUES ('131143', 'Child3074', '3074child', '2006-02-02', null, null, '../../Pictures/default.jpg', null);

INSERT INTO ChildcareTransaction VALUES ('1000003073', 'Regular Childcare', '103073', '2014-04-27', '12:00:00', '14:00:00', 20.50);

INSERT INTO AllowedConnections VALUES ('103074', '131140', '131144', 13114, null);

INSERT INTO Child VALUES ('131144', 'Child3075', '3075child', '2006-02-02', null, null, '../../Pictures/default.jpg', null);

INSERT INTO ChildcareTransaction VALUES ('1000003074', 'Regular Childcare', '103074', '2014-09-23', '12:00:00', '14:00:00', 20.50);

INSERT INTO AllowedConnections VALUES ('103075', '131140', '131145', 13114, null);

INSERT INTO Child VALUES ('131145', 'Child3076', '3076child', '2006-02-02', null, null, '../../Pictures/default.jpg', null);

INSERT INTO ChildcareTransaction VALUES ('1000003075', 'Regular Childcare', '103075', '2014-04-19', '12:00:00', '14:00:00', 20.50);

INSERT INTO Guardian VALUES ('131140', '1234', 'Guardian769', '769guardian', '555-555-5555', 'blah@blah.com', '123 nowhere', null, 'Spokane', 'WA', '99999', '../../Pictures/default.jpg', null);

INSERT INTO Family VALUES ('13114', 42);

INSERT INTO Guardian VALUES ('131141', '1234', 'Guardian2769', '7692guardian', '555-555-5555', 'blah@blah.com', '123 nowhere', null, 'Spokane', 'WA', '99999', '../../Pictures/default.jpg', null);

INSERT INTO AllowedConnections VALUES ('103076', '131150', '131152', 13115, null);

INSERT INTO Child VALUES ('131152', 'Child3077', '3077child', '2006-02-02', null, null, '../../Pictures/default.jpg', null);

INSERT INTO ChildcareTransaction VALUES ('1000003076', 'Regular Childcare', '103076', '2014-05-14', '12:00:00', '14:00:00', 20.50);

INSERT INTO AllowedConnections VALUES ('103077', '131150', '131153', 13115, null);

INSERT INTO Child VALUES ('131153', 'Child3078', '3078child', '2006-02-02', null, null, '../../Pictures/default.jpg', null);

INSERT INTO ChildcareTransaction VALUES ('1000003077', 'Regular Childcare', '103077', '2014-09-26', '12:00:00', '14:00:00', 20.50);

INSERT INTO AllowedConnections VALUES ('103078', '131150', '131154', 13115, null);

INSERT INTO Child VALUES ('131154', 'Child3079', '3079child', '2006-02-02', null, null, '../../Pictures/default.jpg', null);

INSERT INTO ChildcareTransaction VALUES ('1000003078', 'Regular Childcare', '103078', '2014-03-13', '12:00:00', '14:00:00', 20.50);

INSERT INTO AllowedConnections VALUES ('103079', '131150', '131155', 13115, null);

INSERT INTO Child VALUES ('131155', 'Child3080', '3080child', '2006-02-02', null, null, '../../Pictures/default.jpg', null);

INSERT INTO ChildcareTransaction VALUES ('1000003079', 'Regular Childcare', '103079', '2014-07-27', '12:00:00', '14:00:00', 20.50);

INSERT INTO Guardian VALUES ('131150', '1234', 'Guardian770', '770guardian', '555-555-5555', 'blah@blah.com', '123 nowhere', null, 'Spokane', 'WA', '99999', '../../Pictures/default.jpg', null);

INSERT INTO Family VALUES ('13115', 42);

INSERT INTO Guardian VALUES ('131151', '1234', 'Guardian2770', '7702guardian', '555-555-5555', 'blah@blah.com', '123 nowhere', null, 'Spokane', 'WA', '99999', '../../Pictures/default.jpg', null);

INSERT INTO AllowedConnections VALUES ('103080', '131160', '131162', 13116, null);

INSERT INTO Child VALUES ('131162', 'Child3081', '3081child', '2006-02-02', null, null, '../../Pictures/default.jpg', null);

INSERT INTO ChildcareTransaction VALUES ('1000003080', 'Regular Childcare', '103080', '2014-12-25', '12:00:00', '14:00:00', 20.50);

INSERT INTO AllowedConnections VALUES ('103081', '131160', '131163', 13116, null);

INSERT INTO Child VALUES ('131163', 'Child3082', '3082child', '2006-02-02', null, null, '../../Pictures/default.jpg', null);

INSERT INTO ChildcareTransaction VALUES ('1000003081', 'Regular Childcare', '103081', '2014-02-27', '12:00:00', '14:00:00', 20.50);

INSERT INTO AllowedConnections VALUES ('103082', '131160', '131164', 13116, null);

INSERT INTO Child VALUES ('131164', 'Child3083', '3083child', '2006-02-02', null, null, '../../Pictures/default.jpg', null);

INSERT INTO ChildcareTransaction VALUES ('1000003082', 'Regular Childcare', '103082', '2014-09-26', '12:00:00', '14:00:00', 20.50);

INSERT INTO AllowedConnections VALUES ('103083', '131160', '131165', 13116, null);

INSERT INTO Child VALUES ('131165', 'Child3084', '3084child', '2006-02-02', null, null, '../../Pictures/default.jpg', null);

INSERT INTO ChildcareTransaction VALUES ('1000003083', 'Regular Childcare', '103083', '2014-01-22', '12:00:00', '14:00:00', 20.50);

INSERT INTO Guardian VALUES ('131160', '1234', 'Guardian771', '771guardian', '555-555-5555', 'blah@blah.com', '123 nowhere', null, 'Spokane', 'WA', '99999', '../../Pictures/default.jpg', null);

INSERT INTO Family VALUES ('13116', 42);

INSERT INTO Guardian VALUES ('131161', '1234', 'Guardian2771', '7712guardian', '555-555-5555', 'blah@blah.com', '123 nowhere', null, 'Spokane', 'WA', '99999', '../../Pictures/default.jpg', null);

INSERT INTO AllowedConnections VALUES ('103084', '131170', '131172', 13117, null);

INSERT INTO Child VALUES ('131172', 'Child3085', '3085child', '2006-02-02', null, null, '../../Pictures/default.jpg', null);

INSERT INTO ChildcareTransaction VALUES ('1000003084', 'Regular Childcare', '103084', '2014-01-22', '12:00:00', '14:00:00', 20.50);

INSERT INTO AllowedConnections VALUES ('103085', '131170', '131173', 13117, null);

INSERT INTO Child VALUES ('131173', 'Child3086', '3086child', '2006-02-02', null, null, '../../Pictures/default.jpg', null);

INSERT INTO ChildcareTransaction VALUES ('1000003085', 'Regular Childcare', '103085', '2014-06-13', '12:00:00', '14:00:00', 20.50);

INSERT INTO AllowedConnections VALUES ('103086', '131170', '131174', 13117, null);

INSERT INTO Child VALUES ('131174', 'Child3087', '3087child', '2006-02-02', null, null, '../../Pictures/default.jpg', null);

INSERT INTO ChildcareTransaction VALUES ('1000003086', 'Regular Childcare', '103086', '2014-10-27', '12:00:00', '14:00:00', 20.50);

INSERT INTO AllowedConnections VALUES ('103087', '131170', '131175', 13117, null);

INSERT INTO Child VALUES ('131175', 'Child3088', '3088child', '2006-02-02', null, null, '../../Pictures/default.jpg', null);

INSERT INTO ChildcareTransaction VALUES ('1000003087', 'Regular Childcare', '103087', '2014-12-09', '12:00:00', '14:00:00', 20.50);

INSERT INTO Guardian VALUES ('131170', '1234', 'Guardian772', '772guardian', '555-555-5555', 'blah@blah.com', '123 nowhere', null, 'Spokane', 'WA', '99999', '../../Pictures/default.jpg', null);

INSERT INTO Family VALUES ('13117', 42);

INSERT INTO Guardian VALUES ('131171', '1234', 'Guardian2772', '7722guardian', '555-555-5555', 'blah@blah.com', '123 nowhere', null, 'Spokane', 'WA', '99999', '../../Pictures/default.jpg', null);

INSERT INTO AllowedConnections VALUES ('103088', '131180', '131182', 13118, null);

INSERT INTO Child VALUES ('131182', 'Child3089', '3089child', '2006-02-02', null, null, '../../Pictures/default.jpg', null);

INSERT INTO ChildcareTransaction VALUES ('1000003088', 'Regular Childcare', '103088', '2014-01-19', '12:00:00', '14:00:00', 20.50);

INSERT INTO AllowedConnections VALUES ('103089', '131180', '131183', 13118, null);

INSERT INTO Child VALUES ('131183', 'Child3090', '3090child', '2006-02-02', null, null, '../../Pictures/default.jpg', null);

INSERT INTO ChildcareTransaction VALUES ('1000003089', 'Regular Childcare', '103089', '2014-06-23', '12:00:00', '14:00:00', 20.50);

INSERT INTO AllowedConnections VALUES ('103090', '131180', '131184', 13118, null);

INSERT INTO Child VALUES ('131184', 'Child3091', '3091child', '2006-02-02', null, null, '../../Pictures/default.jpg', null);

INSERT INTO ChildcareTransaction VALUES ('1000003090', 'Regular Childcare', '103090', '2014-11-21', '12:00:00', '14:00:00', 20.50);

INSERT INTO AllowedConnections VALUES ('103091', '131180', '131185', 13118, null);

INSERT INTO Child VALUES ('131185', 'Child3092', '3092child', '2006-02-02', null, null, '../../Pictures/default.jpg', null);

INSERT INTO ChildcareTransaction VALUES ('1000003091', 'Regular Childcare', '103091', '2014-01-20', '12:00:00', '14:00:00', 20.50);

INSERT INTO Guardian VALUES ('131180', '1234', 'Guardian773', '773guardian', '555-555-5555', 'blah@blah.com', '123 nowhere', null, 'Spokane', 'WA', '99999', '../../Pictures/default.jpg', null);

INSERT INTO Family VALUES ('13118', 42);

INSERT INTO Guardian VALUES ('131181', '1234', 'Guardian2773', '7732guardian', '555-555-5555', 'blah@blah.com', '123 nowhere', null, 'Spokane', 'WA', '99999', '../../Pictures/default.jpg', null);

INSERT INTO AllowedConnections VALUES ('103092', '131190', '131192', 13119, null);

INSERT INTO Child VALUES ('131192', 'Child3093', '3093child', '2006-02-02', null, null, '../../Pictures/default.jpg', null);

INSERT INTO ChildcareTransaction VALUES ('1000003092', 'Regular Childcare', '103092', '2014-01-09', '12:00:00', '14:00:00', 20.50);

INSERT INTO AllowedConnections VALUES ('103093', '131190', '131193', 13119, null);

INSERT INTO Child VALUES ('131193', 'Child3094', '3094child', '2006-02-02', null, null, '../../Pictures/default.jpg', null);

INSERT INTO ChildcareTransaction VALUES ('1000003093', 'Regular Childcare', '103093', '2014-02-24', '12:00:00', '14:00:00', 20.50);

INSERT INTO AllowedConnections VALUES ('103094', '131190', '131194', 13119, null);

INSERT INTO Child VALUES ('131194', 'Child3095', '3095child', '2006-02-02', null, null, '../../Pictures/default.jpg', null);

INSERT INTO ChildcareTransaction VALUES ('1000003094', 'Regular Childcare', '103094', '2014-07-02', '12:00:00', '14:00:00', 20.50);

INSERT INTO AllowedConnections VALUES ('103095', '131190', '131195', 13119, null);

INSERT INTO Child VALUES ('131195', 'Child3096', '3096child', '2006-02-02', null, null, '../../Pictures/default.jpg', null);

INSERT INTO ChildcareTransaction VALUES ('1000003095', 'Regular Childcare', '103095', '2014-09-10', '12:00:00', '14:00:00', 20.50);

INSERT INTO Guardian VALUES ('131190', '1234', 'Guardian774', '774guardian', '555-555-5555', 'blah@blah.com', '123 nowhere', null, 'Spokane', 'WA', '99999', '../../Pictures/default.jpg', null);

INSERT INTO Family VALUES ('13119', 42);

INSERT INTO Guardian VALUES ('131191', '1234', 'Guardian2774', '7742guardian', '555-555-5555', 'blah@blah.com', '123 nowhere', null, 'Spokane', 'WA', '99999', '../../Pictures/default.jpg', null);

INSERT INTO AllowedConnections VALUES ('103096', '131200', '131202', 13120, null);

INSERT INTO Child VALUES ('131202', 'Child3097', '3097child', '2006-02-02', null, null, '../../Pictures/default.jpg', null);

INSERT INTO ChildcareTransaction VALUES ('1000003096', 'Regular Childcare', '103096', '2014-10-11', '12:00:00', '14:00:00', 20.50);

INSERT INTO AllowedConnections VALUES ('103097', '131200', '131203', 13120, null);

INSERT INTO Child VALUES ('131203', 'Child3098', '3098child', '2006-02-02', null, null, '../../Pictures/default.jpg', null);

INSERT INTO ChildcareTransaction VALUES ('1000003097', 'Regular Childcare', '103097', '2014-02-26', '12:00:00', '14:00:00', 20.50);

INSERT INTO AllowedConnections VALUES ('103098', '131200', '131204', 13120, null);

INSERT INTO Child VALUES ('131204', 'Child3099', '3099child', '2006-02-02', null, null, '../../Pictures/default.jpg', null);

INSERT INTO ChildcareTransaction VALUES ('1000003098', 'Regular Childcare', '103098', '2014-09-26', '12:00:00', '14:00:00', 20.50);

INSERT INTO AllowedConnections VALUES ('103099', '131200', '131205', 13120, null);

INSERT INTO Child VALUES ('131205', 'Child3100', '3100child', '2006-02-02', null, null, '../../Pictures/default.jpg', null);

INSERT INTO ChildcareTransaction VALUES ('1000003099', 'Regular Childcare', '103099', '2014-02-16', '12:00:00', '14:00:00', 20.50);

INSERT INTO Guardian VALUES ('131200', '1234', 'Guardian775', '775guardian', '555-555-5555', 'blah@blah.com', '123 nowhere', null, 'Spokane', 'WA', '99999', '../../Pictures/default.jpg', null);

INSERT INTO Family VALUES ('13120', 42);

INSERT INTO Guardian VALUES ('131201', '1234', 'Guardian2775', '7752guardian', '555-555-5555', 'blah@blah.com', '123 nowhere', null, 'Spokane', 'WA', '99999', '../../Pictures/default.jpg', null);

INSERT INTO AllowedConnections VALUES ('103100', '131210', '131212', 13121, null);

INSERT INTO Child VALUES ('131212', 'Child3101', '3101child', '2006-02-02', null, null, '../../Pictures/default.jpg', null);

INSERT INTO ChildcareTransaction VALUES ('1000003100', 'Regular Childcare', '103100', '2014-06-28', '12:00:00', '14:00:00', 20.50);

INSERT INTO AllowedConnections VALUES ('103101', '131210', '131213', 13121, null);

INSERT INTO Child VALUES ('131213', 'Child3102', '3102child', '2006-02-02', null, null, '../../Pictures/default.jpg', null);

INSERT INTO ChildcareTransaction VALUES ('1000003101', 'Regular Childcare', '103101', '2014-08-15', '12:00:00', '14:00:00', 20.50);

INSERT INTO AllowedConnections VALUES ('103102', '131210', '131214', 13121, null);

INSERT INTO Child VALUES ('131214', 'Child3103', '3103child', '2006-02-02', null, null, '../../Pictures/default.jpg', null);

INSERT INTO ChildcareTransaction VALUES ('1000003102', 'Regular Childcare', '103102', '2014-06-01', '12:00:00', '14:00:00', 20.50);

INSERT INTO AllowedConnections VALUES ('103103', '131210', '131215', 13121, null);

INSERT INTO Child VALUES ('131215', 'Child3104', '3104child', '2006-02-02', null, null, '../../Pictures/default.jpg', null);

INSERT INTO ChildcareTransaction VALUES ('1000003103', 'Regular Childcare', '103103', '2014-07-03', '12:00:00', '14:00:00', 20.50);

INSERT INTO Guardian VALUES ('131210', '1234', 'Guardian776', '776guardian', '555-555-5555', 'blah@blah.com', '123 nowhere', null, 'Spokane', 'WA', '99999', '../../Pictures/default.jpg', null);

INSERT INTO Family VALUES ('13121', 42);

INSERT INTO Guardian VALUES ('131211', '1234', 'Guardian2776', '7762guardian', '555-555-5555', 'blah@blah.com', '123 nowhere', null, 'Spokane', 'WA', '99999', '../../Pictures/default.jpg', null);

INSERT INTO AllowedConnections VALUES ('103104', '131220', '131222', 13122, null);

INSERT INTO Child VALUES ('131222', 'Child3105', '3105child', '2006-02-02', null, null, '../../Pictures/default.jpg', null);

INSERT INTO ChildcareTransaction VALUES ('1000003104', 'Regular Childcare', '103104', '2014-08-21', '12:00:00', '14:00:00', 20.50);

INSERT INTO AllowedConnections VALUES ('103105', '131220', '131223', 13122, null);

INSERT INTO Child VALUES ('131223', 'Child3106', '3106child', '2006-02-02', null, null, '../../Pictures/default.jpg', null);

INSERT INTO ChildcareTransaction VALUES ('1000003105', 'Regular Childcare', '103105', '2014-11-09', '12:00:00', '14:00:00', 20.50);

INSERT INTO AllowedConnections VALUES ('103106', '131220', '131224', 13122, null);

INSERT INTO Child VALUES ('131224', 'Child3107', '3107child', '2006-02-02', null, null, '../../Pictures/default.jpg', null);

INSERT INTO ChildcareTransaction VALUES ('1000003106', 'Regular Childcare', '103106', '2014-07-25', '12:00:00', '14:00:00', 20.50);

INSERT INTO AllowedConnections VALUES ('103107', '131220', '131225', 13122, null);

INSERT INTO Child VALUES ('131225', 'Child3108', '3108child', '2006-02-02', null, null, '../../Pictures/default.jpg', null);

INSERT INTO ChildcareTransaction VALUES ('1000003107', 'Regular Childcare', '103107', '2014-07-22', '12:00:00', '14:00:00', 20.50);

INSERT INTO Guardian VALUES ('131220', '1234', 'Guardian777', '777guardian', '555-555-5555', 'blah@blah.com', '123 nowhere', null, 'Spokane', 'WA', '99999', '../../Pictures/default.jpg', null);

INSERT INTO Family VALUES ('13122', 42);

INSERT INTO Guardian VALUES ('131221', '1234', 'Guardian2777', '7772guardian', '555-555-5555', 'blah@blah.com', '123 nowhere', null, 'Spokane', 'WA', '99999', '../../Pictures/default.jpg', null);

INSERT INTO AllowedConnections VALUES ('103108', '131230', '131232', 13123, null);

INSERT INTO Child VALUES ('131232', 'Child3109', '3109child', '2006-02-02', null, null, '../../Pictures/default.jpg', null);

INSERT INTO ChildcareTransaction VALUES ('1000003108', 'Regular Childcare', '103108', '2014-09-06', '12:00:00', '14:00:00', 20.50);

INSERT INTO AllowedConnections VALUES ('103109', '131230', '131233', 13123, null);

INSERT INTO Child VALUES ('131233', 'Child3110', '3110child', '2006-02-02', null, null, '../../Pictures/default.jpg', null);

INSERT INTO ChildcareTransaction VALUES ('1000003109', 'Regular Childcare', '103109', '2014-09-10', '12:00:00', '14:00:00', 20.50);

INSERT INTO AllowedConnections VALUES ('103110', '131230', '131234', 13123, null);

INSERT INTO Child VALUES ('131234', 'Child3111', '3111child', '2006-02-02', null, null, '../../Pictures/default.jpg', null);

INSERT INTO ChildcareTransaction VALUES ('1000003110', 'Regular Childcare', '103110', '2014-05-25', '12:00:00', '14:00:00', 20.50);

INSERT INTO AllowedConnections VALUES ('103111', '131230', '131235', 13123, null);

INSERT INTO Child VALUES ('131235', 'Child3112', '3112child', '2006-02-02', null, null, '../../Pictures/default.jpg', null);

INSERT INTO ChildcareTransaction VALUES ('1000003111', 'Regular Childcare', '103111', '2014-10-20', '12:00:00', '14:00:00', 20.50);

INSERT INTO Guardian VALUES ('131230', '1234', 'Guardian778', '778guardian', '555-555-5555', 'blah@blah.com', '123 nowhere', null, 'Spokane', 'WA', '99999', '../../Pictures/default.jpg', null);

INSERT INTO Family VALUES ('13123', 42);

INSERT INTO Guardian VALUES ('131231', '1234', 'Guardian2778', '7782guardian', '555-555-5555', 'blah@blah.com', '123 nowhere', null, 'Spokane', 'WA', '99999', '../../Pictures/default.jpg', null);

INSERT INTO AllowedConnections VALUES ('103112', '131240', '131242', 13124, null);

INSERT INTO Child VALUES ('131242', 'Child3113', '3113child', '2006-02-02', null, null, '../../Pictures/default.jpg', null);

INSERT INTO ChildcareTransaction VALUES ('1000003112', 'Regular Childcare', '103112', '2014-02-10', '12:00:00', '14:00:00', 20.50);

INSERT INTO AllowedConnections VALUES ('103113', '131240', '131243', 13124, null);

INSERT INTO Child VALUES ('131243', 'Child3114', '3114child', '2006-02-02', null, null, '../../Pictures/default.jpg', null);

INSERT INTO ChildcareTransaction VALUES ('1000003113', 'Regular Childcare', '103113', '2014-09-11', '12:00:00', '14:00:00', 20.50);

INSERT INTO AllowedConnections VALUES ('103114', '131240', '131244', 13124, null);

INSERT INTO Child VALUES ('131244', 'Child3115', '3115child', '2006-02-02', null, null, '../../Pictures/default.jpg', null);

INSERT INTO ChildcareTransaction VALUES ('1000003114', 'Regular Childcare', '103114', '2014-05-17', '12:00:00', '14:00:00', 20.50);

INSERT INTO AllowedConnections VALUES ('103115', '131240', '131245', 13124, null);

INSERT INTO Child VALUES ('131245', 'Child3116', '3116child', '2006-02-02', null, null, '../../Pictures/default.jpg', null);

INSERT INTO ChildcareTransaction VALUES ('1000003115', 'Regular Childcare', '103115', '2014-08-20', '12:00:00', '14:00:00', 20.50);

INSERT INTO Guardian VALUES ('131240', '1234', 'Guardian779', '779guardian', '555-555-5555', 'blah@blah.com', '123 nowhere', null, 'Spokane', 'WA', '99999', '../../Pictures/default.jpg', null);

INSERT INTO Family VALUES ('13124', 42);

INSERT INTO Guardian VALUES ('131241', '1234', 'Guardian2779', '7792guardian', '555-555-5555', 'blah@blah.com', '123 nowhere', null, 'Spokane', 'WA', '99999', '../../Pictures/default.jpg', null);

INSERT INTO AllowedConnections VALUES ('103116', '131250', '131252', 13125, null);

INSERT INTO Child VALUES ('131252', 'Child3117', '3117child', '2006-02-02', null, null, '../../Pictures/default.jpg', null);

INSERT INTO ChildcareTransaction VALUES ('1000003116', 'Regular Childcare', '103116', '2014-10-27', '12:00:00', '14:00:00', 20.50);

INSERT INTO AllowedConnections VALUES ('103117', '131250', '131253', 13125, null);

INSERT INTO Child VALUES ('131253', 'Child3118', '3118child', '2006-02-02', null, null, '../../Pictures/default.jpg', null);

INSERT INTO ChildcareTransaction VALUES ('1000003117', 'Regular Childcare', '103117', '2014-04-24', '12:00:00', '14:00:00', 20.50);

INSERT INTO AllowedConnections VALUES ('103118', '131250', '131254', 13125, null);

INSERT INTO Child VALUES ('131254', 'Child3119', '3119child', '2006-02-02', null, null, '../../Pictures/default.jpg', null);

INSERT INTO ChildcareTransaction VALUES ('1000003118', 'Regular Childcare', '103118', '2014-09-23', '12:00:00', '14:00:00', 20.50);

INSERT INTO AllowedConnections VALUES ('103119', '131250', '131255', 13125, null);

INSERT INTO Child VALUES ('131255', 'Child3120', '3120child', '2006-02-02', null, null, '../../Pictures/default.jpg', null);

INSERT INTO ChildcareTransaction VALUES ('1000003119', 'Regular Childcare', '103119', '2014-02-24', '12:00:00', '14:00:00', 20.50);

INSERT INTO Guardian VALUES ('131250', '1234', 'Guardian780', '780guardian', '555-555-5555', 'blah@blah.com', '123 nowhere', null, 'Spokane', 'WA', '99999', '../../Pictures/default.jpg', null);

INSERT INTO Family VALUES ('13125', 42);

INSERT INTO Guardian VALUES ('131251', '1234', 'Guardian2780', '7802guardian', '555-555-5555', 'blah@blah.com', '123 nowhere', null, 'Spokane', 'WA', '99999', '../../Pictures/default.jpg', null);

INSERT INTO AllowedConnections VALUES ('103120', '131260', '131262', 13126, null);

INSERT INTO Child VALUES ('131262', 'Child3121', '3121child', '2006-02-02', null, null, '../../Pictures/default.jpg', null);

INSERT INTO ChildcareTransaction VALUES ('1000003120', 'Regular Childcare', '103120', '2014-12-15', '12:00:00', '14:00:00', 20.50);

INSERT INTO AllowedConnections VALUES ('103121', '131260', '131263', 13126, null);

INSERT INTO Child VALUES ('131263', 'Child3122', '3122child', '2006-02-02', null, null, '../../Pictures/default.jpg', null);

INSERT INTO ChildcareTransaction VALUES ('1000003121', 'Regular Childcare', '103121', '2014-03-14', '12:00:00', '14:00:00', 20.50);

INSERT INTO AllowedConnections VALUES ('103122', '131260', '131264', 13126, null);

INSERT INTO Child VALUES ('131264', 'Child3123', '3123child', '2006-02-02', null, null, '../../Pictures/default.jpg', null);

INSERT INTO ChildcareTransaction VALUES ('1000003122', 'Regular Childcare', '103122', '2014-02-04', '12:00:00', '14:00:00', 20.50);

INSERT INTO AllowedConnections VALUES ('103123', '131260', '131265', 13126, null);

INSERT INTO Child VALUES ('131265', 'Child3124', '3124child', '2006-02-02', null, null, '../../Pictures/default.jpg', null);

INSERT INTO ChildcareTransaction VALUES ('1000003123', 'Regular Childcare', '103123', '2014-07-15', '12:00:00', '14:00:00', 20.50);

INSERT INTO Guardian VALUES ('131260', '1234', 'Guardian781', '781guardian', '555-555-5555', 'blah@blah.com', '123 nowhere', null, 'Spokane', 'WA', '99999', '../../Pictures/default.jpg', null);

INSERT INTO Family VALUES ('13126', 42);

INSERT INTO Guardian VALUES ('131261', '1234', 'Guardian2781', '7812guardian', '555-555-5555', 'blah@blah.com', '123 nowhere', null, 'Spokane', 'WA', '99999', '../../Pictures/default.jpg', null);

INSERT INTO AllowedConnections VALUES ('103124', '131270', '131272', 13127, null);

INSERT INTO Child VALUES ('131272', 'Child3125', '3125child', '2006-02-02', null, null, '../../Pictures/default.jpg', null);

INSERT INTO ChildcareTransaction VALUES ('1000003124', 'Regular Childcare', '103124', '2014-04-19', '12:00:00', '14:00:00', 20.50);

INSERT INTO AllowedConnections VALUES ('103125', '131270', '131273', 13127, null);

INSERT INTO Child VALUES ('131273', 'Child3126', '3126child', '2006-02-02', null, null, '../../Pictures/default.jpg', null);

INSERT INTO ChildcareTransaction VALUES ('1000003125', 'Regular Childcare', '103125', '2014-07-01', '12:00:00', '14:00:00', 20.50);

INSERT INTO AllowedConnections VALUES ('103126', '131270', '131274', 13127, null);

INSERT INTO Child VALUES ('131274', 'Child3127', '3127child', '2006-02-02', null, null, '../../Pictures/default.jpg', null);

INSERT INTO ChildcareTransaction VALUES ('1000003126', 'Regular Childcare', '103126', '2014-06-02', '12:00:00', '14:00:00', 20.50);

INSERT INTO AllowedConnections VALUES ('103127', '131270', '131275', 13127, null);

INSERT INTO Child VALUES ('131275', 'Child3128', '3128child', '2006-02-02', null, null, '../../Pictures/default.jpg', null);

INSERT INTO ChildcareTransaction VALUES ('1000003127', 'Regular Childcare', '103127', '2014-04-05', '12:00:00', '14:00:00', 20.50);

INSERT INTO Guardian VALUES ('131270', '1234', 'Guardian782', '782guardian', '555-555-5555', 'blah@blah.com', '123 nowhere', null, 'Spokane', 'WA', '99999', '../../Pictures/default.jpg', null);

INSERT INTO Family VALUES ('13127', 42);

INSERT INTO Guardian VALUES ('131271', '1234', 'Guardian2782', '7822guardian', '555-555-5555', 'blah@blah.com', '123 nowhere', null, 'Spokane', 'WA', '99999', '../../Pictures/default.jpg', null);

INSERT INTO AllowedConnections VALUES ('103128', '131280', '131282', 13128, null);

INSERT INTO Child VALUES ('131282', 'Child3129', '3129child', '2006-02-02', null, null, '../../Pictures/default.jpg', null);

INSERT INTO ChildcareTransaction VALUES ('1000003128', 'Regular Childcare', '103128', '2014-06-09', '12:00:00', '14:00:00', 20.50);

INSERT INTO AllowedConnections VALUES ('103129', '131280', '131283', 13128, null);

INSERT INTO Child VALUES ('131283', 'Child3130', '3130child', '2006-02-02', null, null, '../../Pictures/default.jpg', null);

INSERT INTO ChildcareTransaction VALUES ('1000003129', 'Regular Childcare', '103129', '2014-09-01', '12:00:00', '14:00:00', 20.50);

INSERT INTO AllowedConnections VALUES ('103130', '131280', '131284', 13128, null);

INSERT INTO Child VALUES ('131284', 'Child3131', '3131child', '2006-02-02', null, null, '../../Pictures/default.jpg', null);

INSERT INTO ChildcareTransaction VALUES ('1000003130', 'Regular Childcare', '103130', '2014-06-20', '12:00:00', '14:00:00', 20.50);

INSERT INTO AllowedConnections VALUES ('103131', '131280', '131285', 13128, null);

INSERT INTO Child VALUES ('131285', 'Child3132', '3132child', '2006-02-02', null, null, '../../Pictures/default.jpg', null);

INSERT INTO ChildcareTransaction VALUES ('1000003131', 'Regular Childcare', '103131', '2014-04-02', '12:00:00', '14:00:00', 20.50);

INSERT INTO Guardian VALUES ('131280', '1234', 'Guardian783', '783guardian', '555-555-5555', 'blah@blah.com', '123 nowhere', null, 'Spokane', 'WA', '99999', '../../Pictures/default.jpg', null);

INSERT INTO Family VALUES ('13128', 42);

INSERT INTO Guardian VALUES ('131281', '1234', 'Guardian2783', '7832guardian', '555-555-5555', 'blah@blah.com', '123 nowhere', null, 'Spokane', 'WA', '99999', '../../Pictures/default.jpg', null);

INSERT INTO AllowedConnections VALUES ('103132', '131290', '131292', 13129, null);

INSERT INTO Child VALUES ('131292', 'Child3133', '3133child', '2006-02-02', null, null, '../../Pictures/default.jpg', null);

INSERT INTO ChildcareTransaction VALUES ('1000003132', 'Regular Childcare', '103132', '2014-10-03', '12:00:00', '14:00:00', 20.50);

INSERT INTO AllowedConnections VALUES ('103133', '131290', '131293', 13129, null);

INSERT INTO Child VALUES ('131293', 'Child3134', '3134child', '2006-02-02', null, null, '../../Pictures/default.jpg', null);

INSERT INTO ChildcareTransaction VALUES ('1000003133', 'Regular Childcare', '103133', '2014-03-11', '12:00:00', '14:00:00', 20.50);

INSERT INTO AllowedConnections VALUES ('103134', '131290', '131294', 13129, null);

INSERT INTO Child VALUES ('131294', 'Child3135', '3135child', '2006-02-02', null, null, '../../Pictures/default.jpg', null);

INSERT INTO ChildcareTransaction VALUES ('1000003134', 'Regular Childcare', '103134', '2014-06-08', '12:00:00', '14:00:00', 20.50);

INSERT INTO AllowedConnections VALUES ('103135', '131290', '131295', 13129, null);

INSERT INTO Child VALUES ('131295', 'Child3136', '3136child', '2006-02-02', null, null, '../../Pictures/default.jpg', null);

INSERT INTO ChildcareTransaction VALUES ('1000003135', 'Regular Childcare', '103135', '2014-03-16', '12:00:00', '14:00:00', 20.50);

INSERT INTO Guardian VALUES ('131290', '1234', 'Guardian784', '784guardian', '555-555-5555', 'blah@blah.com', '123 nowhere', null, 'Spokane', 'WA', '99999', '../../Pictures/default.jpg', null);

INSERT INTO Family VALUES ('13129', 42);

INSERT INTO Guardian VALUES ('131291', '1234', 'Guardian2784', '7842guardian', '555-555-5555', 'blah@blah.com', '123 nowhere', null, 'Spokane', 'WA', '99999', '../../Pictures/default.jpg', null);

INSERT INTO AllowedConnections VALUES ('103136', '131300', '131302', 13130, null);

INSERT INTO Child VALUES ('131302', 'Child3137', '3137child', '2006-02-02', null, null, '../../Pictures/default.jpg', null);

INSERT INTO ChildcareTransaction VALUES ('1000003136', 'Regular Childcare', '103136', '2014-04-13', '12:00:00', '14:00:00', 20.50);

INSERT INTO AllowedConnections VALUES ('103137', '131300', '131303', 13130, null);

INSERT INTO Child VALUES ('131303', 'Child3138', '3138child', '2006-02-02', null, null, '../../Pictures/default.jpg', null);

INSERT INTO ChildcareTransaction VALUES ('1000003137', 'Regular Childcare', '103137', '2014-01-17', '12:00:00', '14:00:00', 20.50);

INSERT INTO AllowedConnections VALUES ('103138', '131300', '131304', 13130, null);

INSERT INTO Child VALUES ('131304', 'Child3139', '3139child', '2006-02-02', null, null, '../../Pictures/default.jpg', null);

INSERT INTO ChildcareTransaction VALUES ('1000003138', 'Regular Childcare', '103138', '2014-03-24', '12:00:00', '14:00:00', 20.50);

INSERT INTO AllowedConnections VALUES ('103139', '131300', '131305', 13130, null);

INSERT INTO Child VALUES ('131305', 'Child3140', '3140child', '2006-02-02', null, null, '../../Pictures/default.jpg', null);

INSERT INTO ChildcareTransaction VALUES ('1000003139', 'Regular Childcare', '103139', '2014-10-04', '12:00:00', '14:00:00', 20.50);

INSERT INTO Guardian VALUES ('131300', '1234', 'Guardian785', '785guardian', '555-555-5555', 'blah@blah.com', '123 nowhere', null, 'Spokane', 'WA', '99999', '../../Pictures/default.jpg', null);

INSERT INTO Family VALUES ('13130', 42);

INSERT INTO Guardian VALUES ('131301', '1234', 'Guardian2785', '7852guardian', '555-555-5555', 'blah@blah.com', '123 nowhere', null, 'Spokane', 'WA', '99999', '../../Pictures/default.jpg', null);

INSERT INTO AllowedConnections VALUES ('103140', '131310', '131312', 13131, null);

INSERT INTO Child VALUES ('131312', 'Child3141', '3141child', '2006-02-02', null, null, '../../Pictures/default.jpg', null);

INSERT INTO ChildcareTransaction VALUES ('1000003140', 'Regular Childcare', '103140', '2014-10-02', '12:00:00', '14:00:00', 20.50);

INSERT INTO AllowedConnections VALUES ('103141', '131310', '131313', 13131, null);

INSERT INTO Child VALUES ('131313', 'Child3142', '3142child', '2006-02-02', null, null, '../../Pictures/default.jpg', null);

INSERT INTO ChildcareTransaction VALUES ('1000003141', 'Regular Childcare', '103141', '2014-10-10', '12:00:00', '14:00:00', 20.50);

INSERT INTO AllowedConnections VALUES ('103142', '131310', '131314', 13131, null);

INSERT INTO Child VALUES ('131314', 'Child3143', '3143child', '2006-02-02', null, null, '../../Pictures/default.jpg', null);

INSERT INTO ChildcareTransaction VALUES ('1000003142', 'Regular Childcare', '103142', '2014-02-05', '12:00:00', '14:00:00', 20.50);

INSERT INTO AllowedConnections VALUES ('103143', '131310', '131315', 13131, null);

INSERT INTO Child VALUES ('131315', 'Child3144', '3144child', '2006-02-02', null, null, '../../Pictures/default.jpg', null);

INSERT INTO ChildcareTransaction VALUES ('1000003143', 'Regular Childcare', '103143', '2014-06-23', '12:00:00', '14:00:00', 20.50);

INSERT INTO Guardian VALUES ('131310', '1234', 'Guardian786', '786guardian', '555-555-5555', 'blah@blah.com', '123 nowhere', null, 'Spokane', 'WA', '99999', '../../Pictures/default.jpg', null);

INSERT INTO Family VALUES ('13131', 42);

INSERT INTO Guardian VALUES ('131311', '1234', 'Guardian2786', '7862guardian', '555-555-5555', 'blah@blah.com', '123 nowhere', null, 'Spokane', 'WA', '99999', '../../Pictures/default.jpg', null);

INSERT INTO AllowedConnections VALUES ('103144', '131320', '131322', 13132, null);

INSERT INTO Child VALUES ('131322', 'Child3145', '3145child', '2006-02-02', null, null, '../../Pictures/default.jpg', null);

INSERT INTO ChildcareTransaction VALUES ('1000003144', 'Regular Childcare', '103144', '2014-07-13', '12:00:00', '14:00:00', 20.50);

INSERT INTO AllowedConnections VALUES ('103145', '131320', '131323', 13132, null);

INSERT INTO Child VALUES ('131323', 'Child3146', '3146child', '2006-02-02', null, null, '../../Pictures/default.jpg', null);

INSERT INTO ChildcareTransaction VALUES ('1000003145', 'Regular Childcare', '103145', '2014-04-24', '12:00:00', '14:00:00', 20.50);

INSERT INTO AllowedConnections VALUES ('103146', '131320', '131324', 13132, null);

INSERT INTO Child VALUES ('131324', 'Child3147', '3147child', '2006-02-02', null, null, '../../Pictures/default.jpg', null);

INSERT INTO ChildcareTransaction VALUES ('1000003146', 'Regular Childcare', '103146', '2014-10-08', '12:00:00', '14:00:00', 20.50);

INSERT INTO AllowedConnections VALUES ('103147', '131320', '131325', 13132, null);

INSERT INTO Child VALUES ('131325', 'Child3148', '3148child', '2006-02-02', null, null, '../../Pictures/default.jpg', null);

INSERT INTO ChildcareTransaction VALUES ('1000003147', 'Regular Childcare', '103147', '2014-10-03', '12:00:00', '14:00:00', 20.50);

INSERT INTO Guardian VALUES ('131320', '1234', 'Guardian787', '787guardian', '555-555-5555', 'blah@blah.com', '123 nowhere', null, 'Spokane', 'WA', '99999', '../../Pictures/default.jpg', null);

INSERT INTO Family VALUES ('13132', 42);

INSERT INTO Guardian VALUES ('131321', '1234', 'Guardian2787', '7872guardian', '555-555-5555', 'blah@blah.com', '123 nowhere', null, 'Spokane', 'WA', '99999', '../../Pictures/default.jpg', null);

INSERT INTO AllowedConnections VALUES ('103148', '131330', '131332', 13133, null);

INSERT INTO Child VALUES ('131332', 'Child3149', '3149child', '2006-02-02', null, null, '../../Pictures/default.jpg', null);

INSERT INTO ChildcareTransaction VALUES ('1000003148', 'Regular Childcare', '103148', '2014-09-18', '12:00:00', '14:00:00', 20.50);

INSERT INTO AllowedConnections VALUES ('103149', '131330', '131333', 13133, null);

INSERT INTO Child VALUES ('131333', 'Child3150', '3150child', '2006-02-02', null, null, '../../Pictures/default.jpg', null);

INSERT INTO ChildcareTransaction VALUES ('1000003149', 'Regular Childcare', '103149', '2014-11-27', '12:00:00', '14:00:00', 20.50);

INSERT INTO AllowedConnections VALUES ('103150', '131330', '131334', 13133, null);

INSERT INTO Child VALUES ('131334', 'Child3151', '3151child', '2006-02-02', null, null, '../../Pictures/default.jpg', null);

INSERT INTO ChildcareTransaction VALUES ('1000003150', 'Regular Childcare', '103150', '2014-07-04', '12:00:00', '14:00:00', 20.50);

INSERT INTO AllowedConnections VALUES ('103151', '131330', '131335', 13133, null);

INSERT INTO Child VALUES ('131335', 'Child3152', '3152child', '2006-02-02', null, null, '../../Pictures/default.jpg', null);

INSERT INTO ChildcareTransaction VALUES ('1000003151', 'Regular Childcare', '103151', '2014-04-17', '12:00:00', '14:00:00', 20.50);

INSERT INTO Guardian VALUES ('131330', '1234', 'Guardian788', '788guardian', '555-555-5555', 'blah@blah.com', '123 nowhere', null, 'Spokane', 'WA', '99999', '../../Pictures/default.jpg', null);

INSERT INTO Family VALUES ('13133', 42);

INSERT INTO Guardian VALUES ('131331', '1234', 'Guardian2788', '7882guardian', '555-555-5555', 'blah@blah.com', '123 nowhere', null, 'Spokane', 'WA', '99999', '../../Pictures/default.jpg', null);

INSERT INTO AllowedConnections VALUES ('103152', '131340', '131342', 13134, null);

INSERT INTO Child VALUES ('131342', 'Child3153', '3153child', '2006-02-02', null, null, '../../Pictures/default.jpg', null);

INSERT INTO ChildcareTransaction VALUES ('1000003152', 'Regular Childcare', '103152', '2014-05-03', '12:00:00', '14:00:00', 20.50);

INSERT INTO AllowedConnections VALUES ('103153', '131340', '131343', 13134, null);

INSERT INTO Child VALUES ('131343', 'Child3154', '3154child', '2006-02-02', null, null, '../../Pictures/default.jpg', null);

INSERT INTO ChildcareTransaction VALUES ('1000003153', 'Regular Childcare', '103153', '2014-12-14', '12:00:00', '14:00:00', 20.50);

INSERT INTO AllowedConnections VALUES ('103154', '131340', '131344', 13134, null);

INSERT INTO Child VALUES ('131344', 'Child3155', '3155child', '2006-02-02', null, null, '../../Pictures/default.jpg', null);

INSERT INTO ChildcareTransaction VALUES ('1000003154', 'Regular Childcare', '103154', '2014-07-12', '12:00:00', '14:00:00', 20.50);

INSERT INTO AllowedConnections VALUES ('103155', '131340', '131345', 13134, null);

INSERT INTO Child VALUES ('131345', 'Child3156', '3156child', '2006-02-02', null, null, '../../Pictures/default.jpg', null);

INSERT INTO ChildcareTransaction VALUES ('1000003155', 'Regular Childcare', '103155', '2014-10-02', '12:00:00', '14:00:00', 20.50);

INSERT INTO Guardian VALUES ('131340', '1234', 'Guardian789', '789guardian', '555-555-5555', 'blah@blah.com', '123 nowhere', null, 'Spokane', 'WA', '99999', '../../Pictures/default.jpg', null);

INSERT INTO Family VALUES ('13134', 42);

INSERT INTO Guardian VALUES ('131341', '1234', 'Guardian2789', '7892guardian', '555-555-5555', 'blah@blah.com', '123 nowhere', null, 'Spokane', 'WA', '99999', '../../Pictures/default.jpg', null);

INSERT INTO AllowedConnections VALUES ('103156', '131350', '131352', 13135, null);

INSERT INTO Child VALUES ('131352', 'Child3157', '3157child', '2006-02-02', null, null, '../../Pictures/default.jpg', null);

INSERT INTO ChildcareTransaction VALUES ('1000003156', 'Regular Childcare', '103156', '2014-06-25', '12:00:00', '14:00:00', 20.50);

INSERT INTO AllowedConnections VALUES ('103157', '131350', '131353', 13135, null);

INSERT INTO Child VALUES ('131353', 'Child3158', '3158child', '2006-02-02', null, null, '../../Pictures/default.jpg', null);

INSERT INTO ChildcareTransaction VALUES ('1000003157', 'Regular Childcare', '103157', '2014-12-07', '12:00:00', '14:00:00', 20.50);

INSERT INTO AllowedConnections VALUES ('103158', '131350', '131354', 13135, null);

INSERT INTO Child VALUES ('131354', 'Child3159', '3159child', '2006-02-02', null, null, '../../Pictures/default.jpg', null);

INSERT INTO ChildcareTransaction VALUES ('1000003158', 'Regular Childcare', '103158', '2014-06-04', '12:00:00', '14:00:00', 20.50);

INSERT INTO AllowedConnections VALUES ('103159', '131350', '131355', 13135, null);

INSERT INTO Child VALUES ('131355', 'Child3160', '3160child', '2006-02-02', null, null, '../../Pictures/default.jpg', null);

INSERT INTO ChildcareTransaction VALUES ('1000003159', 'Regular Childcare', '103159', '2014-11-05', '12:00:00', '14:00:00', 20.50);

INSERT INTO Guardian VALUES ('131350', '1234', 'Guardian790', '790guardian', '555-555-5555', 'blah@blah.com', '123 nowhere', null, 'Spokane', 'WA', '99999', '../../Pictures/default.jpg', null);

INSERT INTO Family VALUES ('13135', 42);

INSERT INTO Guardian VALUES ('131351', '1234', 'Guardian2790', '7902guardian', '555-555-5555', 'blah@blah.com', '123 nowhere', null, 'Spokane', 'WA', '99999', '../../Pictures/default.jpg', null);

INSERT INTO AllowedConnections VALUES ('103160', '131360', '131362', 13136, null);

INSERT INTO Child VALUES ('131362', 'Child3161', '3161child', '2006-02-02', null, null, '../../Pictures/default.jpg', null);

INSERT INTO ChildcareTransaction VALUES ('1000003160', 'Regular Childcare', '103160', '2014-08-27', '12:00:00', '14:00:00', 20.50);

INSERT INTO AllowedConnections VALUES ('103161', '131360', '131363', 13136, null);

INSERT INTO Child VALUES ('131363', 'Child3162', '3162child', '2006-02-02', null, null, '../../Pictures/default.jpg', null);

INSERT INTO ChildcareTransaction VALUES ('1000003161', 'Regular Childcare', '103161', '2014-05-24', '12:00:00', '14:00:00', 20.50);

INSERT INTO AllowedConnections VALUES ('103162', '131360', '131364', 13136, null);

INSERT INTO Child VALUES ('131364', 'Child3163', '3163child', '2006-02-02', null, null, '../../Pictures/default.jpg', null);

INSERT INTO ChildcareTransaction VALUES ('1000003162', 'Regular Childcare', '103162', '2014-09-19', '12:00:00', '14:00:00', 20.50);

INSERT INTO AllowedConnections VALUES ('103163', '131360', '131365', 13136, null);

INSERT INTO Child VALUES ('131365', 'Child3164', '3164child', '2006-02-02', null, null, '../../Pictures/default.jpg', null);

INSERT INTO ChildcareTransaction VALUES ('1000003163', 'Regular Childcare', '103163', '2014-11-24', '12:00:00', '14:00:00', 20.50);

INSERT INTO Guardian VALUES ('131360', '1234', 'Guardian791', '791guardian', '555-555-5555', 'blah@blah.com', '123 nowhere', null, 'Spokane', 'WA', '99999', '../../Pictures/default.jpg', null);

INSERT INTO Family VALUES ('13136', 42);

INSERT INTO Guardian VALUES ('131361', '1234', 'Guardian2791', '7912guardian', '555-555-5555', 'blah@blah.com', '123 nowhere', null, 'Spokane', 'WA', '99999', '../../Pictures/default.jpg', null);

INSERT INTO AllowedConnections VALUES ('103164', '131370', '131372', 13137, null);

INSERT INTO Child VALUES ('131372', 'Child3165', '3165child', '2006-02-02', null, null, '../../Pictures/default.jpg', null);

INSERT INTO ChildcareTransaction VALUES ('1000003164', 'Regular Childcare', '103164', '2014-05-04', '12:00:00', '14:00:00', 20.50);

INSERT INTO AllowedConnections VALUES ('103165', '131370', '131373', 13137, null);

INSERT INTO Child VALUES ('131373', 'Child3166', '3166child', '2006-02-02', null, null, '../../Pictures/default.jpg', null);

INSERT INTO ChildcareTransaction VALUES ('1000003165', 'Regular Childcare', '103165', '2014-01-06', '12:00:00', '14:00:00', 20.50);

INSERT INTO AllowedConnections VALUES ('103166', '131370', '131374', 13137, null);

INSERT INTO Child VALUES ('131374', 'Child3167', '3167child', '2006-02-02', null, null, '../../Pictures/default.jpg', null);

INSERT INTO ChildcareTransaction VALUES ('1000003166', 'Regular Childcare', '103166', '2014-08-20', '12:00:00', '14:00:00', 20.50);

INSERT INTO AllowedConnections VALUES ('103167', '131370', '131375', 13137, null);

INSERT INTO Child VALUES ('131375', 'Child3168', '3168child', '2006-02-02', null, null, '../../Pictures/default.jpg', null);

INSERT INTO ChildcareTransaction VALUES ('1000003167', 'Regular Childcare', '103167', '2014-12-26', '12:00:00', '14:00:00', 20.50);

INSERT INTO Guardian VALUES ('131370', '1234', 'Guardian792', '792guardian', '555-555-5555', 'blah@blah.com', '123 nowhere', null, 'Spokane', 'WA', '99999', '../../Pictures/default.jpg', null);

INSERT INTO Family VALUES ('13137', 42);

INSERT INTO Guardian VALUES ('131371', '1234', 'Guardian2792', '7922guardian', '555-555-5555', 'blah@blah.com', '123 nowhere', null, 'Spokane', 'WA', '99999', '../../Pictures/default.jpg', null);

INSERT INTO AllowedConnections VALUES ('103168', '131380', '131382', 13138, null);

INSERT INTO Child VALUES ('131382', 'Child3169', '3169child', '2006-02-02', null, null, '../../Pictures/default.jpg', null);

INSERT INTO ChildcareTransaction VALUES ('1000003168', 'Regular Childcare', '103168', '2014-05-16', '12:00:00', '14:00:00', 20.50);

INSERT INTO AllowedConnections VALUES ('103169', '131380', '131383', 13138, null);

INSERT INTO Child VALUES ('131383', 'Child3170', '3170child', '2006-02-02', null, null, '../../Pictures/default.jpg', null);

INSERT INTO ChildcareTransaction VALUES ('1000003169', 'Regular Childcare', '103169', '2014-10-03', '12:00:00', '14:00:00', 20.50);

INSERT INTO AllowedConnections VALUES ('103170', '131380', '131384', 13138, null);

INSERT INTO Child VALUES ('131384', 'Child3171', '3171child', '2006-02-02', null, null, '../../Pictures/default.jpg', null);

INSERT INTO ChildcareTransaction VALUES ('1000003170', 'Regular Childcare', '103170', '2014-05-27', '12:00:00', '14:00:00', 20.50);

INSERT INTO AllowedConnections VALUES ('103171', '131380', '131385', 13138, null);

INSERT INTO Child VALUES ('131385', 'Child3172', '3172child', '2006-02-02', null, null, '../../Pictures/default.jpg', null);

INSERT INTO ChildcareTransaction VALUES ('1000003171', 'Regular Childcare', '103171', '2014-10-28', '12:00:00', '14:00:00', 20.50);

INSERT INTO Guardian VALUES ('131380', '1234', 'Guardian793', '793guardian', '555-555-5555', 'blah@blah.com', '123 nowhere', null, 'Spokane', 'WA', '99999', '../../Pictures/default.jpg', null);

INSERT INTO Family VALUES ('13138', 42);

INSERT INTO Guardian VALUES ('131381', '1234', 'Guardian2793', '7932guardian', '555-555-5555', 'blah@blah.com', '123 nowhere', null, 'Spokane', 'WA', '99999', '../../Pictures/default.jpg', null);

INSERT INTO AllowedConnections VALUES ('103172', '131390', '131392', 13139, null);

INSERT INTO Child VALUES ('131392', 'Child3173', '3173child', '2006-02-02', null, null, '../../Pictures/default.jpg', null);

INSERT INTO ChildcareTransaction VALUES ('1000003172', 'Regular Childcare', '103172', '2014-11-22', '12:00:00', '14:00:00', 20.50);

INSERT INTO AllowedConnections VALUES ('103173', '131390', '131393', 13139, null);

INSERT INTO Child VALUES ('131393', 'Child3174', '3174child', '2006-02-02', null, null, '../../Pictures/default.jpg', null);

INSERT INTO ChildcareTransaction VALUES ('1000003173', 'Regular Childcare', '103173', '2014-08-10', '12:00:00', '14:00:00', 20.50);

INSERT INTO AllowedConnections VALUES ('103174', '131390', '131394', 13139, null);

INSERT INTO Child VALUES ('131394', 'Child3175', '3175child', '2006-02-02', null, null, '../../Pictures/default.jpg', null);

INSERT INTO ChildcareTransaction VALUES ('1000003174', 'Regular Childcare', '103174', '2014-11-18', '12:00:00', '14:00:00', 20.50);

INSERT INTO AllowedConnections VALUES ('103175', '131390', '131395', 13139, null);

INSERT INTO Child VALUES ('131395', 'Child3176', '3176child', '2006-02-02', null, null, '../../Pictures/default.jpg', null);

INSERT INTO ChildcareTransaction VALUES ('1000003175', 'Regular Childcare', '103175', '2014-07-06', '12:00:00', '14:00:00', 20.50);

INSERT INTO Guardian VALUES ('131390', '1234', 'Guardian794', '794guardian', '555-555-5555', 'blah@blah.com', '123 nowhere', null, 'Spokane', 'WA', '99999', '../../Pictures/default.jpg', null);

INSERT INTO Family VALUES ('13139', 42);

INSERT INTO Guardian VALUES ('131391', '1234', 'Guardian2794', '7942guardian', '555-555-5555', 'blah@blah.com', '123 nowhere', null, 'Spokane', 'WA', '99999', '../../Pictures/default.jpg', null);

INSERT INTO AllowedConnections VALUES ('103176', '131400', '131402', 13140, null);

INSERT INTO Child VALUES ('131402', 'Child3177', '3177child', '2006-02-02', null, null, '../../Pictures/default.jpg', null);

INSERT INTO ChildcareTransaction VALUES ('1000003176', 'Regular Childcare', '103176', '2014-09-28', '12:00:00', '14:00:00', 20.50);

INSERT INTO AllowedConnections VALUES ('103177', '131400', '131403', 13140, null);

INSERT INTO Child VALUES ('131403', 'Child3178', '3178child', '2006-02-02', null, null, '../../Pictures/default.jpg', null);

INSERT INTO ChildcareTransaction VALUES ('1000003177', 'Regular Childcare', '103177', '2014-04-16', '12:00:00', '14:00:00', 20.50);

INSERT INTO AllowedConnections VALUES ('103178', '131400', '131404', 13140, null);

INSERT INTO Child VALUES ('131404', 'Child3179', '3179child', '2006-02-02', null, null, '../../Pictures/default.jpg', null);

INSERT INTO ChildcareTransaction VALUES ('1000003178', 'Regular Childcare', '103178', '2014-01-15', '12:00:00', '14:00:00', 20.50);

INSERT INTO AllowedConnections VALUES ('103179', '131400', '131405', 13140, null);

INSERT INTO Child VALUES ('131405', 'Child3180', '3180child', '2006-02-02', null, null, '../../Pictures/default.jpg', null);

INSERT INTO ChildcareTransaction VALUES ('1000003179', 'Regular Childcare', '103179', '2014-07-23', '12:00:00', '14:00:00', 20.50);

INSERT INTO Guardian VALUES ('131400', '1234', 'Guardian795', '795guardian', '555-555-5555', 'blah@blah.com', '123 nowhere', null, 'Spokane', 'WA', '99999', '../../Pictures/default.jpg', null);

INSERT INTO Family VALUES ('13140', 42);

INSERT INTO Guardian VALUES ('131401', '1234', 'Guardian2795', '7952guardian', '555-555-5555', 'blah@blah.com', '123 nowhere', null, 'Spokane', 'WA', '99999', '../../Pictures/default.jpg', null);

INSERT INTO AllowedConnections VALUES ('103180', '131410', '131412', 13141, null);

INSERT INTO Child VALUES ('131412', 'Child3181', '3181child', '2006-02-02', null, null, '../../Pictures/default.jpg', null);

INSERT INTO ChildcareTransaction VALUES ('1000003180', 'Regular Childcare', '103180', '2014-12-18', '12:00:00', '14:00:00', 20.50);

INSERT INTO AllowedConnections VALUES ('103181', '131410', '131413', 13141, null);

INSERT INTO Child VALUES ('131413', 'Child3182', '3182child', '2006-02-02', null, null, '../../Pictures/default.jpg', null);

INSERT INTO ChildcareTransaction VALUES ('1000003181', 'Regular Childcare', '103181', '2014-01-14', '12:00:00', '14:00:00', 20.50);

INSERT INTO AllowedConnections VALUES ('103182', '131410', '131414', 13141, null);

INSERT INTO Child VALUES ('131414', 'Child3183', '3183child', '2006-02-02', null, null, '../../Pictures/default.jpg', null);

INSERT INTO ChildcareTransaction VALUES ('1000003182', 'Regular Childcare', '103182', '2014-11-23', '12:00:00', '14:00:00', 20.50);

INSERT INTO AllowedConnections VALUES ('103183', '131410', '131415', 13141, null);

INSERT INTO Child VALUES ('131415', 'Child3184', '3184child', '2006-02-02', null, null, '../../Pictures/default.jpg', null);

INSERT INTO ChildcareTransaction VALUES ('1000003183', 'Regular Childcare', '103183', '2014-11-11', '12:00:00', '14:00:00', 20.50);

INSERT INTO Guardian VALUES ('131410', '1234', 'Guardian796', '796guardian', '555-555-5555', 'blah@blah.com', '123 nowhere', null, 'Spokane', 'WA', '99999', '../../Pictures/default.jpg', null);

INSERT INTO Family VALUES ('13141', 42);

INSERT INTO Guardian VALUES ('131411', '1234', 'Guardian2796', '7962guardian', '555-555-5555', 'blah@blah.com', '123 nowhere', null, 'Spokane', 'WA', '99999', '../../Pictures/default.jpg', null);

INSERT INTO AllowedConnections VALUES ('103184', '131420', '131422', 13142, null);

INSERT INTO Child VALUES ('131422', 'Child3185', '3185child', '2006-02-02', null, null, '../../Pictures/default.jpg', null);

INSERT INTO ChildcareTransaction VALUES ('1000003184', 'Regular Childcare', '103184', '2014-01-14', '12:00:00', '14:00:00', 20.50);

INSERT INTO AllowedConnections VALUES ('103185', '131420', '131423', 13142, null);

INSERT INTO Child VALUES ('131423', 'Child3186', '3186child', '2006-02-02', null, null, '../../Pictures/default.jpg', null);

INSERT INTO ChildcareTransaction VALUES ('1000003185', 'Regular Childcare', '103185', '2014-12-01', '12:00:00', '14:00:00', 20.50);

INSERT INTO AllowedConnections VALUES ('103186', '131420', '131424', 13142, null);

INSERT INTO Child VALUES ('131424', 'Child3187', '3187child', '2006-02-02', null, null, '../../Pictures/default.jpg', null);

INSERT INTO ChildcareTransaction VALUES ('1000003186', 'Regular Childcare', '103186', '2014-08-09', '12:00:00', '14:00:00', 20.50);

INSERT INTO AllowedConnections VALUES ('103187', '131420', '131425', 13142, null);

INSERT INTO Child VALUES ('131425', 'Child3188', '3188child', '2006-02-02', null, null, '../../Pictures/default.jpg', null);

INSERT INTO ChildcareTransaction VALUES ('1000003187', 'Regular Childcare', '103187', '2014-12-26', '12:00:00', '14:00:00', 20.50);

INSERT INTO Guardian VALUES ('131420', '1234', 'Guardian797', '797guardian', '555-555-5555', 'blah@blah.com', '123 nowhere', null, 'Spokane', 'WA', '99999', '../../Pictures/default.jpg', null);

INSERT INTO Family VALUES ('13142', 42);

INSERT INTO Guardian VALUES ('131421', '1234', 'Guardian2797', '7972guardian', '555-555-5555', 'blah@blah.com', '123 nowhere', null, 'Spokane', 'WA', '99999', '../../Pictures/default.jpg', null);

INSERT INTO AllowedConnections VALUES ('103188', '131430', '131432', 13143, null);

INSERT INTO Child VALUES ('131432', 'Child3189', '3189child', '2006-02-02', null, null, '../../Pictures/default.jpg', null);

INSERT INTO ChildcareTransaction VALUES ('1000003188', 'Regular Childcare', '103188', '2014-10-26', '12:00:00', '14:00:00', 20.50);

INSERT INTO AllowedConnections VALUES ('103189', '131430', '131433', 13143, null);

INSERT INTO Child VALUES ('131433', 'Child3190', '3190child', '2006-02-02', null, null, '../../Pictures/default.jpg', null);

INSERT INTO ChildcareTransaction VALUES ('1000003189', 'Regular Childcare', '103189', '2014-02-05', '12:00:00', '14:00:00', 20.50);

INSERT INTO AllowedConnections VALUES ('103190', '131430', '131434', 13143, null);

INSERT INTO Child VALUES ('131434', 'Child3191', '3191child', '2006-02-02', null, null, '../../Pictures/default.jpg', null);

INSERT INTO ChildcareTransaction VALUES ('1000003190', 'Regular Childcare', '103190', '2014-01-22', '12:00:00', '14:00:00', 20.50);

INSERT INTO AllowedConnections VALUES ('103191', '131430', '131435', 13143, null);

INSERT INTO Child VALUES ('131435', 'Child3192', '3192child', '2006-02-02', null, null, '../../Pictures/default.jpg', null);

INSERT INTO ChildcareTransaction VALUES ('1000003191', 'Regular Childcare', '103191', '2014-07-05', '12:00:00', '14:00:00', 20.50);

INSERT INTO Guardian VALUES ('131430', '1234', 'Guardian798', '798guardian', '555-555-5555', 'blah@blah.com', '123 nowhere', null, 'Spokane', 'WA', '99999', '../../Pictures/default.jpg', null);

INSERT INTO Family VALUES ('13143', 42);

INSERT INTO Guardian VALUES ('131431', '1234', 'Guardian2798', '7982guardian', '555-555-5555', 'blah@blah.com', '123 nowhere', null, 'Spokane', 'WA', '99999', '../../Pictures/default.jpg', null);

INSERT INTO AllowedConnections VALUES ('103192', '131440', '131442', 13144, null);

INSERT INTO Child VALUES ('131442', 'Child3193', '3193child', '2006-02-02', null, null, '../../Pictures/default.jpg', null);

INSERT INTO ChildcareTransaction VALUES ('1000003192', 'Regular Childcare', '103192', '2014-02-13', '12:00:00', '14:00:00', 20.50);

INSERT INTO AllowedConnections VALUES ('103193', '131440', '131443', 13144, null);

INSERT INTO Child VALUES ('131443', 'Child3194', '3194child', '2006-02-02', null, null, '../../Pictures/default.jpg', null);

INSERT INTO ChildcareTransaction VALUES ('1000003193', 'Regular Childcare', '103193', '2014-08-26', '12:00:00', '14:00:00', 20.50);

INSERT INTO AllowedConnections VALUES ('103194', '131440', '131444', 13144, null);

INSERT INTO Child VALUES ('131444', 'Child3195', '3195child', '2006-02-02', null, null, '../../Pictures/default.jpg', null);

INSERT INTO ChildcareTransaction VALUES ('1000003194', 'Regular Childcare', '103194', '2014-10-21', '12:00:00', '14:00:00', 20.50);

INSERT INTO AllowedConnections VALUES ('103195', '131440', '131445', 13144, null);

INSERT INTO Child VALUES ('131445', 'Child3196', '3196child', '2006-02-02', null, null, '../../Pictures/default.jpg', null);

INSERT INTO ChildcareTransaction VALUES ('1000003195', 'Regular Childcare', '103195', '2014-06-10', '12:00:00', '14:00:00', 20.50);

INSERT INTO Guardian VALUES ('131440', '1234', 'Guardian799', '799guardian', '555-555-5555', 'blah@blah.com', '123 nowhere', null, 'Spokane', 'WA', '99999', '../../Pictures/default.jpg', null);

INSERT INTO Family VALUES ('13144', 42);

INSERT INTO Guardian VALUES ('131441', '1234', 'Guardian2799', '7992guardian', '555-555-5555', 'blah@blah.com', '123 nowhere', null, 'Spokane', 'WA', '99999', '../../Pictures/default.jpg', null);

INSERT INTO AllowedConnections VALUES ('103196', '131450', '131452', 13145, null);

INSERT INTO Child VALUES ('131452', 'Child3197', '3197child', '2006-02-02', null, null, '../../Pictures/default.jpg', null);

INSERT INTO ChildcareTransaction VALUES ('1000003196', 'Regular Childcare', '103196', '2014-12-10', '12:00:00', '14:00:00', 20.50);

INSERT INTO AllowedConnections VALUES ('103197', '131450', '131453', 13145, null);

INSERT INTO Child VALUES ('131453', 'Child3198', '3198child', '2006-02-02', null, null, '../../Pictures/default.jpg', null);

INSERT INTO ChildcareTransaction VALUES ('1000003197', 'Regular Childcare', '103197', '2014-11-14', '12:00:00', '14:00:00', 20.50);

INSERT INTO AllowedConnections VALUES ('103198', '131450', '131454', 13145, null);

INSERT INTO Child VALUES ('131454', 'Child3199', '3199child', '2006-02-02', null, null, '../../Pictures/default.jpg', null);

INSERT INTO ChildcareTransaction VALUES ('1000003198', 'Regular Childcare', '103198', '2014-08-02', '12:00:00', '14:00:00', 20.50);

INSERT INTO AllowedConnections VALUES ('103199', '131450', '131455', 13145, null);

INSERT INTO Child VALUES ('131455', 'Child3200', '3200child', '2006-02-02', null, null, '../../Pictures/default.jpg', null);

INSERT INTO ChildcareTransaction VALUES ('1000003199', 'Regular Childcare', '103199', '2014-10-10', '12:00:00', '14:00:00', 20.50);

INSERT INTO Guardian VALUES ('131450', '1234', 'Guardian800', '800guardian', '555-555-5555', 'blah@blah.com', '123 nowhere', null, 'Spokane', 'WA', '99999', '../../Pictures/default.jpg', null);

INSERT INTO Family VALUES ('13145', 42);

INSERT INTO Guardian VALUES ('131451', '1234', 'Guardian2800', '8002guardian', '555-555-5555', 'blah@blah.com', '123 nowhere', null, 'Spokane', 'WA', '99999', '../../Pictures/default.jpg', null);

INSERT INTO AllowedConnections VALUES ('103200', '131460', '131462', 13146, null);

INSERT INTO Child VALUES ('131462', 'Child3201', '3201child', '2006-02-02', null, null, '../../Pictures/default.jpg', null);

INSERT INTO ChildcareTransaction VALUES ('1000003200', 'Regular Childcare', '103200', '2014-12-26', '12:00:00', '14:00:00', 20.50);

INSERT INTO AllowedConnections VALUES ('103201', '131460', '131463', 13146, null);

INSERT INTO Child VALUES ('131463', 'Child3202', '3202child', '2006-02-02', null, null, '../../Pictures/default.jpg', null);

INSERT INTO ChildcareTransaction VALUES ('1000003201', 'Regular Childcare', '103201', '2014-08-05', '12:00:00', '14:00:00', 20.50);

INSERT INTO AllowedConnections VALUES ('103202', '131460', '131464', 13146, null);

INSERT INTO Child VALUES ('131464', 'Child3203', '3203child', '2006-02-02', null, null, '../../Pictures/default.jpg', null);

INSERT INTO ChildcareTransaction VALUES ('1000003202', 'Regular Childcare', '103202', '2014-10-11', '12:00:00', '14:00:00', 20.50);

INSERT INTO AllowedConnections VALUES ('103203', '131460', '131465', 13146, null);

INSERT INTO Child VALUES ('131465', 'Child3204', '3204child', '2006-02-02', null, null, '../../Pictures/default.jpg', null);

INSERT INTO ChildcareTransaction VALUES ('1000003203', 'Regular Childcare', '103203', '2014-04-10', '12:00:00', '14:00:00', 20.50);

INSERT INTO Guardian VALUES ('131460', '1234', 'Guardian801', '801guardian', '555-555-5555', 'blah@blah.com', '123 nowhere', null, 'Spokane', 'WA', '99999', '../../Pictures/default.jpg', null);

INSERT INTO Family VALUES ('13146', 42);

INSERT INTO Guardian VALUES ('131461', '1234', 'Guardian2801', '8012guardian', '555-555-5555', 'blah@blah.com', '123 nowhere', null, 'Spokane', 'WA', '99999', '../../Pictures/default.jpg', null);

INSERT INTO AllowedConnections VALUES ('103204', '131470', '131472', 13147, null);

INSERT INTO Child VALUES ('131472', 'Child3205', '3205child', '2006-02-02', null, null, '../../Pictures/default.jpg', null);

INSERT INTO ChildcareTransaction VALUES ('1000003204', 'Regular Childcare', '103204', '2014-03-02', '12:00:00', '14:00:00', 20.50);

INSERT INTO AllowedConnections VALUES ('103205', '131470', '131473', 13147, null);

INSERT INTO Child VALUES ('131473', 'Child3206', '3206child', '2006-02-02', null, null, '../../Pictures/default.jpg', null);

INSERT INTO ChildcareTransaction VALUES ('1000003205', 'Regular Childcare', '103205', '2014-12-13', '12:00:00', '14:00:00', 20.50);

INSERT INTO AllowedConnections VALUES ('103206', '131470', '131474', 13147, null);

INSERT INTO Child VALUES ('131474', 'Child3207', '3207child', '2006-02-02', null, null, '../../Pictures/default.jpg', null);

INSERT INTO ChildcareTransaction VALUES ('1000003206', 'Regular Childcare', '103206', '2014-05-04', '12:00:00', '14:00:00', 20.50);

INSERT INTO AllowedConnections VALUES ('103207', '131470', '131475', 13147, null);

INSERT INTO Child VALUES ('131475', 'Child3208', '3208child', '2006-02-02', null, null, '../../Pictures/default.jpg', null);

INSERT INTO ChildcareTransaction VALUES ('1000003207', 'Regular Childcare', '103207', '2014-05-19', '12:00:00', '14:00:00', 20.50);

INSERT INTO Guardian VALUES ('131470', '1234', 'Guardian802', '802guardian', '555-555-5555', 'blah@blah.com', '123 nowhere', null, 'Spokane', 'WA', '99999', '../../Pictures/default.jpg', null);

INSERT INTO Family VALUES ('13147', 42);

INSERT INTO Guardian VALUES ('131471', '1234', 'Guardian2802', '8022guardian', '555-555-5555', 'blah@blah.com', '123 nowhere', null, 'Spokane', 'WA', '99999', '../../Pictures/default.jpg', null);

INSERT INTO AllowedConnections VALUES ('103208', '131480', '131482', 13148, null);

INSERT INTO Child VALUES ('131482', 'Child3209', '3209child', '2006-02-02', null, null, '../../Pictures/default.jpg', null);

INSERT INTO ChildcareTransaction VALUES ('1000003208', 'Regular Childcare', '103208', '2014-07-06', '12:00:00', '14:00:00', 20.50);

INSERT INTO AllowedConnections VALUES ('103209', '131480', '131483', 13148, null);

INSERT INTO Child VALUES ('131483', 'Child3210', '3210child', '2006-02-02', null, null, '../../Pictures/default.jpg', null);

INSERT INTO ChildcareTransaction VALUES ('1000003209', 'Regular Childcare', '103209', '2014-08-28', '12:00:00', '14:00:00', 20.50);

INSERT INTO AllowedConnections VALUES ('103210', '131480', '131484', 13148, null);

INSERT INTO Child VALUES ('131484', 'Child3211', '3211child', '2006-02-02', null, null, '../../Pictures/default.jpg', null);

INSERT INTO ChildcareTransaction VALUES ('1000003210', 'Regular Childcare', '103210', '2014-07-23', '12:00:00', '14:00:00', 20.50);

INSERT INTO AllowedConnections VALUES ('103211', '131480', '131485', 13148, null);

INSERT INTO Child VALUES ('131485', 'Child3212', '3212child', '2006-02-02', null, null, '../../Pictures/default.jpg', null);

INSERT INTO ChildcareTransaction VALUES ('1000003211', 'Regular Childcare', '103211', '2014-04-18', '12:00:00', '14:00:00', 20.50);

INSERT INTO Guardian VALUES ('131480', '1234', 'Guardian803', '803guardian', '555-555-5555', 'blah@blah.com', '123 nowhere', null, 'Spokane', 'WA', '99999', '../../Pictures/default.jpg', null);

INSERT INTO Family VALUES ('13148', 42);

INSERT INTO Guardian VALUES ('131481', '1234', 'Guardian2803', '8032guardian', '555-555-5555', 'blah@blah.com', '123 nowhere', null, 'Spokane', 'WA', '99999', '../../Pictures/default.jpg', null);

INSERT INTO AllowedConnections VALUES ('103212', '131490', '131492', 13149, null);

INSERT INTO Child VALUES ('131492', 'Child3213', '3213child', '2006-02-02', null, null, '../../Pictures/default.jpg', null);

INSERT INTO ChildcareTransaction VALUES ('1000003212', 'Regular Childcare', '103212', '2014-09-18', '12:00:00', '14:00:00', 20.50);

INSERT INTO AllowedConnections VALUES ('103213', '131490', '131493', 13149, null);

INSERT INTO Child VALUES ('131493', 'Child3214', '3214child', '2006-02-02', null, null, '../../Pictures/default.jpg', null);

INSERT INTO ChildcareTransaction VALUES ('1000003213', 'Regular Childcare', '103213', '2014-09-26', '12:00:00', '14:00:00', 20.50);

INSERT INTO AllowedConnections VALUES ('103214', '131490', '131494', 13149, null);

INSERT INTO Child VALUES ('131494', 'Child3215', '3215child', '2006-02-02', null, null, '../../Pictures/default.jpg', null);

INSERT INTO ChildcareTransaction VALUES ('1000003214', 'Regular Childcare', '103214', '2014-09-11', '12:00:00', '14:00:00', 20.50);

INSERT INTO AllowedConnections VALUES ('103215', '131490', '131495', 13149, null);

INSERT INTO Child VALUES ('131495', 'Child3216', '3216child', '2006-02-02', null, null, '../../Pictures/default.jpg', null);

INSERT INTO ChildcareTransaction VALUES ('1000003215', 'Regular Childcare', '103215', '2014-02-03', '12:00:00', '14:00:00', 20.50);

INSERT INTO Guardian VALUES ('131490', '1234', 'Guardian804', '804guardian', '555-555-5555', 'blah@blah.com', '123 nowhere', null, 'Spokane', 'WA', '99999', '../../Pictures/default.jpg', null);

INSERT INTO Family VALUES ('13149', 42);

INSERT INTO Guardian VALUES ('131491', '1234', 'Guardian2804', '8042guardian', '555-555-5555', 'blah@blah.com', '123 nowhere', null, 'Spokane', 'WA', '99999', '../../Pictures/default.jpg', null);

INSERT INTO AllowedConnections VALUES ('103216', '131500', '131502', 13150, null);

INSERT INTO Child VALUES ('131502', 'Child3217', '3217child', '2006-02-02', null, null, '../../Pictures/default.jpg', null);

INSERT INTO ChildcareTransaction VALUES ('1000003216', 'Regular Childcare', '103216', '2014-05-09', '12:00:00', '14:00:00', 20.50);

INSERT INTO AllowedConnections VALUES ('103217', '131500', '131503', 13150, null);

INSERT INTO Child VALUES ('131503', 'Child3218', '3218child', '2006-02-02', null, null, '../../Pictures/default.jpg', null);

INSERT INTO ChildcareTransaction VALUES ('1000003217', 'Regular Childcare', '103217', '2014-09-17', '12:00:00', '14:00:00', 20.50);

INSERT INTO AllowedConnections VALUES ('103218', '131500', '131504', 13150, null);

INSERT INTO Child VALUES ('131504', 'Child3219', '3219child', '2006-02-02', null, null, '../../Pictures/default.jpg', null);

INSERT INTO ChildcareTransaction VALUES ('1000003218', 'Regular Childcare', '103218', '2014-09-04', '12:00:00', '14:00:00', 20.50);

INSERT INTO AllowedConnections VALUES ('103219', '131500', '131505', 13150, null);

INSERT INTO Child VALUES ('131505', 'Child3220', '3220child', '2006-02-02', null, null, '../../Pictures/default.jpg', null);

INSERT INTO ChildcareTransaction VALUES ('1000003219', 'Regular Childcare', '103219', '2014-06-21', '12:00:00', '14:00:00', 20.50);

INSERT INTO Guardian VALUES ('131500', '1234', 'Guardian805', '805guardian', '555-555-5555', 'blah@blah.com', '123 nowhere', null, 'Spokane', 'WA', '99999', '../../Pictures/default.jpg', null);

INSERT INTO Family VALUES ('13150', 42);

INSERT INTO Guardian VALUES ('131501', '1234', 'Guardian2805', '8052guardian', '555-555-5555', 'blah@blah.com', '123 nowhere', null, 'Spokane', 'WA', '99999', '../../Pictures/default.jpg', null);

INSERT INTO AllowedConnections VALUES ('103220', '131510', '131512', 13151, null);

INSERT INTO Child VALUES ('131512', 'Child3221', '3221child', '2006-02-02', null, null, '../../Pictures/default.jpg', null);

INSERT INTO ChildcareTransaction VALUES ('1000003220', 'Regular Childcare', '103220', '2014-08-26', '12:00:00', '14:00:00', 20.50);

INSERT INTO AllowedConnections VALUES ('103221', '131510', '131513', 13151, null);

INSERT INTO Child VALUES ('131513', 'Child3222', '3222child', '2006-02-02', null, null, '../../Pictures/default.jpg', null);

INSERT INTO ChildcareTransaction VALUES ('1000003221', 'Regular Childcare', '103221', '2014-02-14', '12:00:00', '14:00:00', 20.50);

INSERT INTO AllowedConnections VALUES ('103222', '131510', '131514', 13151, null);

INSERT INTO Child VALUES ('131514', 'Child3223', '3223child', '2006-02-02', null, null, '../../Pictures/default.jpg', null);

INSERT INTO ChildcareTransaction VALUES ('1000003222', 'Regular Childcare', '103222', '2014-09-11', '12:00:00', '14:00:00', 20.50);

INSERT INTO AllowedConnections VALUES ('103223', '131510', '131515', 13151, null);

INSERT INTO Child VALUES ('131515', 'Child3224', '3224child', '2006-02-02', null, null, '../../Pictures/default.jpg', null);

INSERT INTO ChildcareTransaction VALUES ('1000003223', 'Regular Childcare', '103223', '2014-02-15', '12:00:00', '14:00:00', 20.50);

INSERT INTO Guardian VALUES ('131510', '1234', 'Guardian806', '806guardian', '555-555-5555', 'blah@blah.com', '123 nowhere', null, 'Spokane', 'WA', '99999', '../../Pictures/default.jpg', null);

INSERT INTO Family VALUES ('13151', 42);

INSERT INTO Guardian VALUES ('131511', '1234', 'Guardian2806', '8062guardian', '555-555-5555', 'blah@blah.com', '123 nowhere', null, 'Spokane', 'WA', '99999', '../../Pictures/default.jpg', null);

INSERT INTO AllowedConnections VALUES ('103224', '131520', '131522', 13152, null);

INSERT INTO Child VALUES ('131522', 'Child3225', '3225child', '2006-02-02', null, null, '../../Pictures/default.jpg', null);

INSERT INTO ChildcareTransaction VALUES ('1000003224', 'Regular Childcare', '103224', '2014-01-08', '12:00:00', '14:00:00', 20.50);

INSERT INTO AllowedConnections VALUES ('103225', '131520', '131523', 13152, null);

INSERT INTO Child VALUES ('131523', 'Child3226', '3226child', '2006-02-02', null, null, '../../Pictures/default.jpg', null);

INSERT INTO ChildcareTransaction VALUES ('1000003225', 'Regular Childcare', '103225', '2014-11-11', '12:00:00', '14:00:00', 20.50);

INSERT INTO AllowedConnections VALUES ('103226', '131520', '131524', 13152, null);

INSERT INTO Child VALUES ('131524', 'Child3227', '3227child', '2006-02-02', null, null, '../../Pictures/default.jpg', null);

INSERT INTO ChildcareTransaction VALUES ('1000003226', 'Regular Childcare', '103226', '2014-12-21', '12:00:00', '14:00:00', 20.50);

INSERT INTO AllowedConnections VALUES ('103227', '131520', '131525', 13152, null);

INSERT INTO Child VALUES ('131525', 'Child3228', '3228child', '2006-02-02', null, null, '../../Pictures/default.jpg', null);

INSERT INTO ChildcareTransaction VALUES ('1000003227', 'Regular Childcare', '103227', '2014-05-28', '12:00:00', '14:00:00', 20.50);

INSERT INTO Guardian VALUES ('131520', '1234', 'Guardian807', '807guardian', '555-555-5555', 'blah@blah.com', '123 nowhere', null, 'Spokane', 'WA', '99999', '../../Pictures/default.jpg', null);

INSERT INTO Family VALUES ('13152', 42);

INSERT INTO Guardian VALUES ('131521', '1234', 'Guardian2807', '8072guardian', '555-555-5555', 'blah@blah.com', '123 nowhere', null, 'Spokane', 'WA', '99999', '../../Pictures/default.jpg', null);

INSERT INTO AllowedConnections VALUES ('103228', '131530', '131532', 13153, null);

INSERT INTO Child VALUES ('131532', 'Child3229', '3229child', '2006-02-02', null, null, '../../Pictures/default.jpg', null);

INSERT INTO ChildcareTransaction VALUES ('1000003228', 'Regular Childcare', '103228', '2014-11-15', '12:00:00', '14:00:00', 20.50);

INSERT INTO AllowedConnections VALUES ('103229', '131530', '131533', 13153, null);

INSERT INTO Child VALUES ('131533', 'Child3230', '3230child', '2006-02-02', null, null, '../../Pictures/default.jpg', null);

INSERT INTO ChildcareTransaction VALUES ('1000003229', 'Regular Childcare', '103229', '2014-05-22', '12:00:00', '14:00:00', 20.50);

INSERT INTO AllowedConnections VALUES ('103230', '131530', '131534', 13153, null);

INSERT INTO Child VALUES ('131534', 'Child3231', '3231child', '2006-02-02', null, null, '../../Pictures/default.jpg', null);

INSERT INTO ChildcareTransaction VALUES ('1000003230', 'Regular Childcare', '103230', '2014-07-17', '12:00:00', '14:00:00', 20.50);

INSERT INTO AllowedConnections VALUES ('103231', '131530', '131535', 13153, null);

INSERT INTO Child VALUES ('131535', 'Child3232', '3232child', '2006-02-02', null, null, '../../Pictures/default.jpg', null);

INSERT INTO ChildcareTransaction VALUES ('1000003231', 'Regular Childcare', '103231', '2014-09-25', '12:00:00', '14:00:00', 20.50);

INSERT INTO Guardian VALUES ('131530', '1234', 'Guardian808', '808guardian', '555-555-5555', 'blah@blah.com', '123 nowhere', null, 'Spokane', 'WA', '99999', '../../Pictures/default.jpg', null);

INSERT INTO Family VALUES ('13153', 42);

INSERT INTO Guardian VALUES ('131531', '1234', 'Guardian2808', '8082guardian', '555-555-5555', 'blah@blah.com', '123 nowhere', null, 'Spokane', 'WA', '99999', '../../Pictures/default.jpg', null);

INSERT INTO AllowedConnections VALUES ('103232', '131540', '131542', 13154, null);

INSERT INTO Child VALUES ('131542', 'Child3233', '3233child', '2006-02-02', null, null, '../../Pictures/default.jpg', null);

INSERT INTO ChildcareTransaction VALUES ('1000003232', 'Regular Childcare', '103232', '2014-01-02', '12:00:00', '14:00:00', 20.50);

INSERT INTO AllowedConnections VALUES ('103233', '131540', '131543', 13154, null);

INSERT INTO Child VALUES ('131543', 'Child3234', '3234child', '2006-02-02', null, null, '../../Pictures/default.jpg', null);

INSERT INTO ChildcareTransaction VALUES ('1000003233', 'Regular Childcare', '103233', '2014-06-11', '12:00:00', '14:00:00', 20.50);

INSERT INTO AllowedConnections VALUES ('103234', '131540', '131544', 13154, null);

INSERT INTO Child VALUES ('131544', 'Child3235', '3235child', '2006-02-02', null, null, '../../Pictures/default.jpg', null);

INSERT INTO ChildcareTransaction VALUES ('1000003234', 'Regular Childcare', '103234', '2014-11-22', '12:00:00', '14:00:00', 20.50);

INSERT INTO AllowedConnections VALUES ('103235', '131540', '131545', 13154, null);

INSERT INTO Child VALUES ('131545', 'Child3236', '3236child', '2006-02-02', null, null, '../../Pictures/default.jpg', null);

INSERT INTO ChildcareTransaction VALUES ('1000003235', 'Regular Childcare', '103235', '2014-10-15', '12:00:00', '14:00:00', 20.50);

INSERT INTO Guardian VALUES ('131540', '1234', 'Guardian809', '809guardian', '555-555-5555', 'blah@blah.com', '123 nowhere', null, 'Spokane', 'WA', '99999', '../../Pictures/default.jpg', null);

INSERT INTO Family VALUES ('13154', 42);

INSERT INTO Guardian VALUES ('131541', '1234', 'Guardian2809', '8092guardian', '555-555-5555', 'blah@blah.com', '123 nowhere', null, 'Spokane', 'WA', '99999', '../../Pictures/default.jpg', null);

INSERT INTO AllowedConnections VALUES ('103236', '131550', '131552', 13155, null);

INSERT INTO Child VALUES ('131552', 'Child3237', '3237child', '2006-02-02', null, null, '../../Pictures/default.jpg', null);

INSERT INTO ChildcareTransaction VALUES ('1000003236', 'Regular Childcare', '103236', '2014-04-06', '12:00:00', '14:00:00', 20.50);

INSERT INTO AllowedConnections VALUES ('103237', '131550', '131553', 13155, null);

INSERT INTO Child VALUES ('131553', 'Child3238', '3238child', '2006-02-02', null, null, '../../Pictures/default.jpg', null);

INSERT INTO ChildcareTransaction VALUES ('1000003237', 'Regular Childcare', '103237', '2014-04-18', '12:00:00', '14:00:00', 20.50);

INSERT INTO AllowedConnections VALUES ('103238', '131550', '131554', 13155, null);

INSERT INTO Child VALUES ('131554', 'Child3239', '3239child', '2006-02-02', null, null, '../../Pictures/default.jpg', null);

INSERT INTO ChildcareTransaction VALUES ('1000003238', 'Regular Childcare', '103238', '2014-05-28', '12:00:00', '14:00:00', 20.50);

INSERT INTO AllowedConnections VALUES ('103239', '131550', '131555', 13155, null);

INSERT INTO Child VALUES ('131555', 'Child3240', '3240child', '2006-02-02', null, null, '../../Pictures/default.jpg', null);

INSERT INTO ChildcareTransaction VALUES ('1000003239', 'Regular Childcare', '103239', '2014-04-28', '12:00:00', '14:00:00', 20.50);

INSERT INTO Guardian VALUES ('131550', '1234', 'Guardian810', '810guardian', '555-555-5555', 'blah@blah.com', '123 nowhere', null, 'Spokane', 'WA', '99999', '../../Pictures/default.jpg', null);

INSERT INTO Family VALUES ('13155', 42);

INSERT INTO Guardian VALUES ('131551', '1234', 'Guardian2810', '8102guardian', '555-555-5555', 'blah@blah.com', '123 nowhere', null, 'Spokane', 'WA', '99999', '../../Pictures/default.jpg', null);

INSERT INTO AllowedConnections VALUES ('103240', '131560', '131562', 13156, null);

INSERT INTO Child VALUES ('131562', 'Child3241', '3241child', '2006-02-02', null, null, '../../Pictures/default.jpg', null);

INSERT INTO ChildcareTransaction VALUES ('1000003240', 'Regular Childcare', '103240', '2014-05-14', '12:00:00', '14:00:00', 20.50);

INSERT INTO AllowedConnections VALUES ('103241', '131560', '131563', 13156, null);

INSERT INTO Child VALUES ('131563', 'Child3242', '3242child', '2006-02-02', null, null, '../../Pictures/default.jpg', null);

INSERT INTO ChildcareTransaction VALUES ('1000003241', 'Regular Childcare', '103241', '2014-08-22', '12:00:00', '14:00:00', 20.50);

INSERT INTO AllowedConnections VALUES ('103242', '131560', '131564', 13156, null);

INSERT INTO Child VALUES ('131564', 'Child3243', '3243child', '2006-02-02', null, null, '../../Pictures/default.jpg', null);

INSERT INTO ChildcareTransaction VALUES ('1000003242', 'Regular Childcare', '103242', '2014-10-22', '12:00:00', '14:00:00', 20.50);

INSERT INTO AllowedConnections VALUES ('103243', '131560', '131565', 13156, null);

INSERT INTO Child VALUES ('131565', 'Child3244', '3244child', '2006-02-02', null, null, '../../Pictures/default.jpg', null);

INSERT INTO ChildcareTransaction VALUES ('1000003243', 'Regular Childcare', '103243', '2014-05-09', '12:00:00', '14:00:00', 20.50);

INSERT INTO Guardian VALUES ('131560', '1234', 'Guardian811', '811guardian', '555-555-5555', 'blah@blah.com', '123 nowhere', null, 'Spokane', 'WA', '99999', '../../Pictures/default.jpg', null);

INSERT INTO Family VALUES ('13156', 42);

INSERT INTO Guardian VALUES ('131561', '1234', 'Guardian2811', '8112guardian', '555-555-5555', 'blah@blah.com', '123 nowhere', null, 'Spokane', 'WA', '99999', '../../Pictures/default.jpg', null);

INSERT INTO AllowedConnections VALUES ('103244', '131570', '131572', 13157, null);

INSERT INTO Child VALUES ('131572', 'Child3245', '3245child', '2006-02-02', null, null, '../../Pictures/default.jpg', null);

INSERT INTO ChildcareTransaction VALUES ('1000003244', 'Regular Childcare', '103244', '2014-04-16', '12:00:00', '14:00:00', 20.50);

INSERT INTO AllowedConnections VALUES ('103245', '131570', '131573', 13157, null);

INSERT INTO Child VALUES ('131573', 'Child3246', '3246child', '2006-02-02', null, null, '../../Pictures/default.jpg', null);

INSERT INTO ChildcareTransaction VALUES ('1000003245', 'Regular Childcare', '103245', '2014-10-20', '12:00:00', '14:00:00', 20.50);

INSERT INTO AllowedConnections VALUES ('103246', '131570', '131574', 13157, null);

INSERT INTO Child VALUES ('131574', 'Child3247', '3247child', '2006-02-02', null, null, '../../Pictures/default.jpg', null);

INSERT INTO ChildcareTransaction VALUES ('1000003246', 'Regular Childcare', '103246', '2014-01-14', '12:00:00', '14:00:00', 20.50);

INSERT INTO AllowedConnections VALUES ('103247', '131570', '131575', 13157, null);

INSERT INTO Child VALUES ('131575', 'Child3248', '3248child', '2006-02-02', null, null, '../../Pictures/default.jpg', null);

INSERT INTO ChildcareTransaction VALUES ('1000003247', 'Regular Childcare', '103247', '2014-10-07', '12:00:00', '14:00:00', 20.50);

INSERT INTO Guardian VALUES ('131570', '1234', 'Guardian812', '812guardian', '555-555-5555', 'blah@blah.com', '123 nowhere', null, 'Spokane', 'WA', '99999', '../../Pictures/default.jpg', null);

INSERT INTO Family VALUES ('13157', 42);

INSERT INTO Guardian VALUES ('131571', '1234', 'Guardian2812', '8122guardian', '555-555-5555', 'blah@blah.com', '123 nowhere', null, 'Spokane', 'WA', '99999', '../../Pictures/default.jpg', null);

INSERT INTO AllowedConnections VALUES ('103248', '131580', '131582', 13158, null);

INSERT INTO Child VALUES ('131582', 'Child3249', '3249child', '2006-02-02', null, null, '../../Pictures/default.jpg', null);

INSERT INTO ChildcareTransaction VALUES ('1000003248', 'Regular Childcare', '103248', '2014-01-16', '12:00:00', '14:00:00', 20.50);

INSERT INTO AllowedConnections VALUES ('103249', '131580', '131583', 13158, null);

INSERT INTO Child VALUES ('131583', 'Child3250', '3250child', '2006-02-02', null, null, '../../Pictures/default.jpg', null);

INSERT INTO ChildcareTransaction VALUES ('1000003249', 'Regular Childcare', '103249', '2014-11-26', '12:00:00', '14:00:00', 20.50);

INSERT INTO AllowedConnections VALUES ('103250', '131580', '131584', 13158, null);

INSERT INTO Child VALUES ('131584', 'Child3251', '3251child', '2006-02-02', null, null, '../../Pictures/default.jpg', null);

INSERT INTO ChildcareTransaction VALUES ('1000003250', 'Regular Childcare', '103250', '2014-04-09', '12:00:00', '14:00:00', 20.50);

INSERT INTO AllowedConnections VALUES ('103251', '131580', '131585', 13158, null);

INSERT INTO Child VALUES ('131585', 'Child3252', '3252child', '2006-02-02', null, null, '../../Pictures/default.jpg', null);

INSERT INTO ChildcareTransaction VALUES ('1000003251', 'Regular Childcare', '103251', '2014-09-01', '12:00:00', '14:00:00', 20.50);

INSERT INTO Guardian VALUES ('131580', '1234', 'Guardian813', '813guardian', '555-555-5555', 'blah@blah.com', '123 nowhere', null, 'Spokane', 'WA', '99999', '../../Pictures/default.jpg', null);

INSERT INTO Family VALUES ('13158', 42);

INSERT INTO Guardian VALUES ('131581', '1234', 'Guardian2813', '8132guardian', '555-555-5555', 'blah@blah.com', '123 nowhere', null, 'Spokane', 'WA', '99999', '../../Pictures/default.jpg', null);

INSERT INTO AllowedConnections VALUES ('103252', '131590', '131592', 13159, null);

INSERT INTO Child VALUES ('131592', 'Child3253', '3253child', '2006-02-02', null, null, '../../Pictures/default.jpg', null);

INSERT INTO ChildcareTransaction VALUES ('1000003252', 'Regular Childcare', '103252', '2014-01-04', '12:00:00', '14:00:00', 20.50);

INSERT INTO AllowedConnections VALUES ('103253', '131590', '131593', 13159, null);

INSERT INTO Child VALUES ('131593', 'Child3254', '3254child', '2006-02-02', null, null, '../../Pictures/default.jpg', null);

INSERT INTO ChildcareTransaction VALUES ('1000003253', 'Regular Childcare', '103253', '2014-11-14', '12:00:00', '14:00:00', 20.50);

INSERT INTO AllowedConnections VALUES ('103254', '131590', '131594', 13159, null);

INSERT INTO Child VALUES ('131594', 'Child3255', '3255child', '2006-02-02', null, null, '../../Pictures/default.jpg', null);

INSERT INTO ChildcareTransaction VALUES ('1000003254', 'Regular Childcare', '103254', '2014-05-07', '12:00:00', '14:00:00', 20.50);

INSERT INTO AllowedConnections VALUES ('103255', '131590', '131595', 13159, null);

INSERT INTO Child VALUES ('131595', 'Child3256', '3256child', '2006-02-02', null, null, '../../Pictures/default.jpg', null);

INSERT INTO ChildcareTransaction VALUES ('1000003255', 'Regular Childcare', '103255', '2014-08-24', '12:00:00', '14:00:00', 20.50);

INSERT INTO Guardian VALUES ('131590', '1234', 'Guardian814', '814guardian', '555-555-5555', 'blah@blah.com', '123 nowhere', null, 'Spokane', 'WA', '99999', '../../Pictures/default.jpg', null);

INSERT INTO Family VALUES ('13159', 42);

INSERT INTO Guardian VALUES ('131591', '1234', 'Guardian2814', '8142guardian', '555-555-5555', 'blah@blah.com', '123 nowhere', null, 'Spokane', 'WA', '99999', '../../Pictures/default.jpg', null);

INSERT INTO AllowedConnections VALUES ('103256', '131600', '131602', 13160, null);

INSERT INTO Child VALUES ('131602', 'Child3257', '3257child', '2006-02-02', null, null, '../../Pictures/default.jpg', null);

INSERT INTO ChildcareTransaction VALUES ('1000003256', 'Regular Childcare', '103256', '2014-02-26', '12:00:00', '14:00:00', 20.50);

INSERT INTO AllowedConnections VALUES ('103257', '131600', '131603', 13160, null);

INSERT INTO Child VALUES ('131603', 'Child3258', '3258child', '2006-02-02', null, null, '../../Pictures/default.jpg', null);

INSERT INTO ChildcareTransaction VALUES ('1000003257', 'Regular Childcare', '103257', '2014-04-08', '12:00:00', '14:00:00', 20.50);

INSERT INTO AllowedConnections VALUES ('103258', '131600', '131604', 13160, null);

INSERT INTO Child VALUES ('131604', 'Child3259', '3259child', '2006-02-02', null, null, '../../Pictures/default.jpg', null);

INSERT INTO ChildcareTransaction VALUES ('1000003258', 'Regular Childcare', '103258', '2014-03-19', '12:00:00', '14:00:00', 20.50);

INSERT INTO AllowedConnections VALUES ('103259', '131600', '131605', 13160, null);

INSERT INTO Child VALUES ('131605', 'Child3260', '3260child', '2006-02-02', null, null, '../../Pictures/default.jpg', null);

INSERT INTO ChildcareTransaction VALUES ('1000003259', 'Regular Childcare', '103259', '2014-03-10', '12:00:00', '14:00:00', 20.50);

INSERT INTO Guardian VALUES ('131600', '1234', 'Guardian815', '815guardian', '555-555-5555', 'blah@blah.com', '123 nowhere', null, 'Spokane', 'WA', '99999', '../../Pictures/default.jpg', null);

INSERT INTO Family VALUES ('13160', 42);

INSERT INTO Guardian VALUES ('131601', '1234', 'Guardian2815', '8152guardian', '555-555-5555', 'blah@blah.com', '123 nowhere', null, 'Spokane', 'WA', '99999', '../../Pictures/default.jpg', null);

INSERT INTO AllowedConnections VALUES ('103260', '131610', '131612', 13161, null);

INSERT INTO Child VALUES ('131612', 'Child3261', '3261child', '2006-02-02', null, null, '../../Pictures/default.jpg', null);

INSERT INTO ChildcareTransaction VALUES ('1000003260', 'Regular Childcare', '103260', '2014-04-16', '12:00:00', '14:00:00', 20.50);

INSERT INTO AllowedConnections VALUES ('103261', '131610', '131613', 13161, null);

INSERT INTO Child VALUES ('131613', 'Child3262', '3262child', '2006-02-02', null, null, '../../Pictures/default.jpg', null);

INSERT INTO ChildcareTransaction VALUES ('1000003261', 'Regular Childcare', '103261', '2014-07-17', '12:00:00', '14:00:00', 20.50);

INSERT INTO AllowedConnections VALUES ('103262', '131610', '131614', 13161, null);

INSERT INTO Child VALUES ('131614', 'Child3263', '3263child', '2006-02-02', null, null, '../../Pictures/default.jpg', null);

INSERT INTO ChildcareTransaction VALUES ('1000003262', 'Regular Childcare', '103262', '2014-10-14', '12:00:00', '14:00:00', 20.50);

INSERT INTO AllowedConnections VALUES ('103263', '131610', '131615', 13161, null);

INSERT INTO Child VALUES ('131615', 'Child3264', '3264child', '2006-02-02', null, null, '../../Pictures/default.jpg', null);

INSERT INTO ChildcareTransaction VALUES ('1000003263', 'Regular Childcare', '103263', '2014-06-02', '12:00:00', '14:00:00', 20.50);

INSERT INTO Guardian VALUES ('131610', '1234', 'Guardian816', '816guardian', '555-555-5555', 'blah@blah.com', '123 nowhere', null, 'Spokane', 'WA', '99999', '../../Pictures/default.jpg', null);

INSERT INTO Family VALUES ('13161', 42);

INSERT INTO Guardian VALUES ('131611', '1234', 'Guardian2816', '8162guardian', '555-555-5555', 'blah@blah.com', '123 nowhere', null, 'Spokane', 'WA', '99999', '../../Pictures/default.jpg', null);

INSERT INTO AllowedConnections VALUES ('103264', '131620', '131622', 13162, null);

INSERT INTO Child VALUES ('131622', 'Child3265', '3265child', '2006-02-02', null, null, '../../Pictures/default.jpg', null);

INSERT INTO ChildcareTransaction VALUES ('1000003264', 'Regular Childcare', '103264', '2014-05-21', '12:00:00', '14:00:00', 20.50);

INSERT INTO AllowedConnections VALUES ('103265', '131620', '131623', 13162, null);

INSERT INTO Child VALUES ('131623', 'Child3266', '3266child', '2006-02-02', null, null, '../../Pictures/default.jpg', null);

INSERT INTO ChildcareTransaction VALUES ('1000003265', 'Regular Childcare', '103265', '2014-09-10', '12:00:00', '14:00:00', 20.50);

INSERT INTO AllowedConnections VALUES ('103266', '131620', '131624', 13162, null);

INSERT INTO Child VALUES ('131624', 'Child3267', '3267child', '2006-02-02', null, null, '../../Pictures/default.jpg', null);

INSERT INTO ChildcareTransaction VALUES ('1000003266', 'Regular Childcare', '103266', '2014-08-28', '12:00:00', '14:00:00', 20.50);

INSERT INTO AllowedConnections VALUES ('103267', '131620', '131625', 13162, null);

INSERT INTO Child VALUES ('131625', 'Child3268', '3268child', '2006-02-02', null, null, '../../Pictures/default.jpg', null);

INSERT INTO ChildcareTransaction VALUES ('1000003267', 'Regular Childcare', '103267', '2014-08-16', '12:00:00', '14:00:00', 20.50);

INSERT INTO Guardian VALUES ('131620', '1234', 'Guardian817', '817guardian', '555-555-5555', 'blah@blah.com', '123 nowhere', null, 'Spokane', 'WA', '99999', '../../Pictures/default.jpg', null);

INSERT INTO Family VALUES ('13162', 42);

INSERT INTO Guardian VALUES ('131621', '1234', 'Guardian2817', '8172guardian', '555-555-5555', 'blah@blah.com', '123 nowhere', null, 'Spokane', 'WA', '99999', '../../Pictures/default.jpg', null);

INSERT INTO AllowedConnections VALUES ('103268', '131630', '131632', 13163, null);

INSERT INTO Child VALUES ('131632', 'Child3269', '3269child', '2006-02-02', null, null, '../../Pictures/default.jpg', null);

INSERT INTO ChildcareTransaction VALUES ('1000003268', 'Regular Childcare', '103268', '2014-11-17', '12:00:00', '14:00:00', 20.50);

INSERT INTO AllowedConnections VALUES ('103269', '131630', '131633', 13163, null);

INSERT INTO Child VALUES ('131633', 'Child3270', '3270child', '2006-02-02', null, null, '../../Pictures/default.jpg', null);

INSERT INTO ChildcareTransaction VALUES ('1000003269', 'Regular Childcare', '103269', '2014-10-11', '12:00:00', '14:00:00', 20.50);

INSERT INTO AllowedConnections VALUES ('103270', '131630', '131634', 13163, null);

INSERT INTO Child VALUES ('131634', 'Child3271', '3271child', '2006-02-02', null, null, '../../Pictures/default.jpg', null);

INSERT INTO ChildcareTransaction VALUES ('1000003270', 'Regular Childcare', '103270', '2014-09-05', '12:00:00', '14:00:00', 20.50);

INSERT INTO AllowedConnections VALUES ('103271', '131630', '131635', 13163, null);

INSERT INTO Child VALUES ('131635', 'Child3272', '3272child', '2006-02-02', null, null, '../../Pictures/default.jpg', null);

INSERT INTO ChildcareTransaction VALUES ('1000003271', 'Regular Childcare', '103271', '2014-03-05', '12:00:00', '14:00:00', 20.50);

INSERT INTO Guardian VALUES ('131630', '1234', 'Guardian818', '818guardian', '555-555-5555', 'blah@blah.com', '123 nowhere', null, 'Spokane', 'WA', '99999', '../../Pictures/default.jpg', null);

INSERT INTO Family VALUES ('13163', 42);

INSERT INTO Guardian VALUES ('131631', '1234', 'Guardian2818', '8182guardian', '555-555-5555', 'blah@blah.com', '123 nowhere', null, 'Spokane', 'WA', '99999', '../../Pictures/default.jpg', null);

INSERT INTO AllowedConnections VALUES ('103272', '131640', '131642', 13164, null);

INSERT INTO Child VALUES ('131642', 'Child3273', '3273child', '2006-02-02', null, null, '../../Pictures/default.jpg', null);

INSERT INTO ChildcareTransaction VALUES ('1000003272', 'Regular Childcare', '103272', '2014-08-04', '12:00:00', '14:00:00', 20.50);

INSERT INTO AllowedConnections VALUES ('103273', '131640', '131643', 13164, null);

INSERT INTO Child VALUES ('131643', 'Child3274', '3274child', '2006-02-02', null, null, '../../Pictures/default.jpg', null);

INSERT INTO ChildcareTransaction VALUES ('1000003273', 'Regular Childcare', '103273', '2014-02-26', '12:00:00', '14:00:00', 20.50);

INSERT INTO AllowedConnections VALUES ('103274', '131640', '131644', 13164, null);

INSERT INTO Child VALUES ('131644', 'Child3275', '3275child', '2006-02-02', null, null, '../../Pictures/default.jpg', null);

INSERT INTO ChildcareTransaction VALUES ('1000003274', 'Regular Childcare', '103274', '2014-12-24', '12:00:00', '14:00:00', 20.50);

INSERT INTO AllowedConnections VALUES ('103275', '131640', '131645', 13164, null);

INSERT INTO Child VALUES ('131645', 'Child3276', '3276child', '2006-02-02', null, null, '../../Pictures/default.jpg', null);

INSERT INTO ChildcareTransaction VALUES ('1000003275', 'Regular Childcare', '103275', '2014-12-21', '12:00:00', '14:00:00', 20.50);

INSERT INTO Guardian VALUES ('131640', '1234', 'Guardian819', '819guardian', '555-555-5555', 'blah@blah.com', '123 nowhere', null, 'Spokane', 'WA', '99999', '../../Pictures/default.jpg', null);

INSERT INTO Family VALUES ('13164', 42);

INSERT INTO Guardian VALUES ('131641', '1234', 'Guardian2819', '8192guardian', '555-555-5555', 'blah@blah.com', '123 nowhere', null, 'Spokane', 'WA', '99999', '../../Pictures/default.jpg', null);

INSERT INTO AllowedConnections VALUES ('103276', '131650', '131652', 13165, null);

INSERT INTO Child VALUES ('131652', 'Child3277', '3277child', '2006-02-02', null, null, '../../Pictures/default.jpg', null);

INSERT INTO ChildcareTransaction VALUES ('1000003276', 'Regular Childcare', '103276', '2014-07-02', '12:00:00', '14:00:00', 20.50);

INSERT INTO AllowedConnections VALUES ('103277', '131650', '131653', 13165, null);

INSERT INTO Child VALUES ('131653', 'Child3278', '3278child', '2006-02-02', null, null, '../../Pictures/default.jpg', null);

INSERT INTO ChildcareTransaction VALUES ('1000003277', 'Regular Childcare', '103277', '2014-05-19', '12:00:00', '14:00:00', 20.50);

INSERT INTO AllowedConnections VALUES ('103278', '131650', '131654', 13165, null);

INSERT INTO Child VALUES ('131654', 'Child3279', '3279child', '2006-02-02', null, null, '../../Pictures/default.jpg', null);

INSERT INTO ChildcareTransaction VALUES ('1000003278', 'Regular Childcare', '103278', '2014-11-05', '12:00:00', '14:00:00', 20.50);

INSERT INTO AllowedConnections VALUES ('103279', '131650', '131655', 13165, null);

INSERT INTO Child VALUES ('131655', 'Child3280', '3280child', '2006-02-02', null, null, '../../Pictures/default.jpg', null);

INSERT INTO ChildcareTransaction VALUES ('1000003279', 'Regular Childcare', '103279', '2014-02-12', '12:00:00', '14:00:00', 20.50);

INSERT INTO Guardian VALUES ('131650', '1234', 'Guardian820', '820guardian', '555-555-5555', 'blah@blah.com', '123 nowhere', null, 'Spokane', 'WA', '99999', '../../Pictures/default.jpg', null);

INSERT INTO Family VALUES ('13165', 42);

INSERT INTO Guardian VALUES ('131651', '1234', 'Guardian2820', '8202guardian', '555-555-5555', 'blah@blah.com', '123 nowhere', null, 'Spokane', 'WA', '99999', '../../Pictures/default.jpg', null);

INSERT INTO AllowedConnections VALUES ('103280', '131660', '131662', 13166, null);

INSERT INTO Child VALUES ('131662', 'Child3281', '3281child', '2006-02-02', null, null, '../../Pictures/default.jpg', null);

INSERT INTO ChildcareTransaction VALUES ('1000003280', 'Regular Childcare', '103280', '2014-07-07', '12:00:00', '14:00:00', 20.50);

INSERT INTO AllowedConnections VALUES ('103281', '131660', '131663', 13166, null);

INSERT INTO Child VALUES ('131663', 'Child3282', '3282child', '2006-02-02', null, null, '../../Pictures/default.jpg', null);

INSERT INTO ChildcareTransaction VALUES ('1000003281', 'Regular Childcare', '103281', '2014-12-09', '12:00:00', '14:00:00', 20.50);

INSERT INTO AllowedConnections VALUES ('103282', '131660', '131664', 13166, null);

INSERT INTO Child VALUES ('131664', 'Child3283', '3283child', '2006-02-02', null, null, '../../Pictures/default.jpg', null);

INSERT INTO ChildcareTransaction VALUES ('1000003282', 'Regular Childcare', '103282', '2014-12-23', '12:00:00', '14:00:00', 20.50);

INSERT INTO AllowedConnections VALUES ('103283', '131660', '131665', 13166, null);

INSERT INTO Child VALUES ('131665', 'Child3284', '3284child', '2006-02-02', null, null, '../../Pictures/default.jpg', null);

INSERT INTO ChildcareTransaction VALUES ('1000003283', 'Regular Childcare', '103283', '2014-09-23', '12:00:00', '14:00:00', 20.50);

INSERT INTO Guardian VALUES ('131660', '1234', 'Guardian821', '821guardian', '555-555-5555', 'blah@blah.com', '123 nowhere', null, 'Spokane', 'WA', '99999', '../../Pictures/default.jpg', null);

INSERT INTO Family VALUES ('13166', 42);

INSERT INTO Guardian VALUES ('131661', '1234', 'Guardian2821', '8212guardian', '555-555-5555', 'blah@blah.com', '123 nowhere', null, 'Spokane', 'WA', '99999', '../../Pictures/default.jpg', null);

INSERT INTO AllowedConnections VALUES ('103284', '131670', '131672', 13167, null);

INSERT INTO Child VALUES ('131672', 'Child3285', '3285child', '2006-02-02', null, null, '../../Pictures/default.jpg', null);

INSERT INTO ChildcareTransaction VALUES ('1000003284', 'Regular Childcare', '103284', '2014-02-11', '12:00:00', '14:00:00', 20.50);

INSERT INTO AllowedConnections VALUES ('103285', '131670', '131673', 13167, null);

INSERT INTO Child VALUES ('131673', 'Child3286', '3286child', '2006-02-02', null, null, '../../Pictures/default.jpg', null);

INSERT INTO ChildcareTransaction VALUES ('1000003285', 'Regular Childcare', '103285', '2014-06-09', '12:00:00', '14:00:00', 20.50);

INSERT INTO AllowedConnections VALUES ('103286', '131670', '131674', 13167, null);

INSERT INTO Child VALUES ('131674', 'Child3287', '3287child', '2006-02-02', null, null, '../../Pictures/default.jpg', null);

INSERT INTO ChildcareTransaction VALUES ('1000003286', 'Regular Childcare', '103286', '2014-07-02', '12:00:00', '14:00:00', 20.50);

INSERT INTO AllowedConnections VALUES ('103287', '131670', '131675', 13167, null);

INSERT INTO Child VALUES ('131675', 'Child3288', '3288child', '2006-02-02', null, null, '../../Pictures/default.jpg', null);

INSERT INTO ChildcareTransaction VALUES ('1000003287', 'Regular Childcare', '103287', '2014-05-28', '12:00:00', '14:00:00', 20.50);

INSERT INTO Guardian VALUES ('131670', '1234', 'Guardian822', '822guardian', '555-555-5555', 'blah@blah.com', '123 nowhere', null, 'Spokane', 'WA', '99999', '../../Pictures/default.jpg', null);

INSERT INTO Family VALUES ('13167', 42);

INSERT INTO Guardian VALUES ('131671', '1234', 'Guardian2822', '8222guardian', '555-555-5555', 'blah@blah.com', '123 nowhere', null, 'Spokane', 'WA', '99999', '../../Pictures/default.jpg', null);

INSERT INTO AllowedConnections VALUES ('103288', '131680', '131682', 13168, null);

INSERT INTO Child VALUES ('131682', 'Child3289', '3289child', '2006-02-02', null, null, '../../Pictures/default.jpg', null);

INSERT INTO ChildcareTransaction VALUES ('1000003288', 'Regular Childcare', '103288', '2014-12-05', '12:00:00', '14:00:00', 20.50);

INSERT INTO AllowedConnections VALUES ('103289', '131680', '131683', 13168, null);

INSERT INTO Child VALUES ('131683', 'Child3290', '3290child', '2006-02-02', null, null, '../../Pictures/default.jpg', null);

INSERT INTO ChildcareTransaction VALUES ('1000003289', 'Regular Childcare', '103289', '2014-10-11', '12:00:00', '14:00:00', 20.50);

INSERT INTO AllowedConnections VALUES ('103290', '131680', '131684', 13168, null);

INSERT INTO Child VALUES ('131684', 'Child3291', '3291child', '2006-02-02', null, null, '../../Pictures/default.jpg', null);

INSERT INTO ChildcareTransaction VALUES ('1000003290', 'Regular Childcare', '103290', '2014-01-23', '12:00:00', '14:00:00', 20.50);

INSERT INTO AllowedConnections VALUES ('103291', '131680', '131685', 13168, null);

INSERT INTO Child VALUES ('131685', 'Child3292', '3292child', '2006-02-02', null, null, '../../Pictures/default.jpg', null);

INSERT INTO ChildcareTransaction VALUES ('1000003291', 'Regular Childcare', '103291', '2014-12-14', '12:00:00', '14:00:00', 20.50);

INSERT INTO Guardian VALUES ('131680', '1234', 'Guardian823', '823guardian', '555-555-5555', 'blah@blah.com', '123 nowhere', null, 'Spokane', 'WA', '99999', '../../Pictures/default.jpg', null);

INSERT INTO Family VALUES ('13168', 42);

INSERT INTO Guardian VALUES ('131681', '1234', 'Guardian2823', '8232guardian', '555-555-5555', 'blah@blah.com', '123 nowhere', null, 'Spokane', 'WA', '99999', '../../Pictures/default.jpg', null);

INSERT INTO AllowedConnections VALUES ('103292', '131690', '131692', 13169, null);

INSERT INTO Child VALUES ('131692', 'Child3293', '3293child', '2006-02-02', null, null, '../../Pictures/default.jpg', null);

INSERT INTO ChildcareTransaction VALUES ('1000003292', 'Regular Childcare', '103292', '2014-04-21', '12:00:00', '14:00:00', 20.50);

INSERT INTO AllowedConnections VALUES ('103293', '131690', '131693', 13169, null);

INSERT INTO Child VALUES ('131693', 'Child3294', '3294child', '2006-02-02', null, null, '../../Pictures/default.jpg', null);

INSERT INTO ChildcareTransaction VALUES ('1000003293', 'Regular Childcare', '103293', '2014-04-09', '12:00:00', '14:00:00', 20.50);

INSERT INTO AllowedConnections VALUES ('103294', '131690', '131694', 13169, null);

INSERT INTO Child VALUES ('131694', 'Child3295', '3295child', '2006-02-02', null, null, '../../Pictures/default.jpg', null);

INSERT INTO ChildcareTransaction VALUES ('1000003294', 'Regular Childcare', '103294', '2014-09-26', '12:00:00', '14:00:00', 20.50);

INSERT INTO AllowedConnections VALUES ('103295', '131690', '131695', 13169, null);

INSERT INTO Child VALUES ('131695', 'Child3296', '3296child', '2006-02-02', null, null, '../../Pictures/default.jpg', null);

INSERT INTO ChildcareTransaction VALUES ('1000003295', 'Regular Childcare', '103295', '2014-07-07', '12:00:00', '14:00:00', 20.50);

INSERT INTO Guardian VALUES ('131690', '1234', 'Guardian824', '824guardian', '555-555-5555', 'blah@blah.com', '123 nowhere', null, 'Spokane', 'WA', '99999', '../../Pictures/default.jpg', null);

INSERT INTO Family VALUES ('13169', 42);

INSERT INTO Guardian VALUES ('131691', '1234', 'Guardian2824', '8242guardian', '555-555-5555', 'blah@blah.com', '123 nowhere', null, 'Spokane', 'WA', '99999', '../../Pictures/default.jpg', null);

INSERT INTO AllowedConnections VALUES ('103296', '131700', '131702', 13170, null);

INSERT INTO Child VALUES ('131702', 'Child3297', '3297child', '2006-02-02', null, null, '../../Pictures/default.jpg', null);

INSERT INTO ChildcareTransaction VALUES ('1000003296', 'Regular Childcare', '103296', '2014-12-06', '12:00:00', '14:00:00', 20.50);

INSERT INTO AllowedConnections VALUES ('103297', '131700', '131703', 13170, null);

INSERT INTO Child VALUES ('131703', 'Child3298', '3298child', '2006-02-02', null, null, '../../Pictures/default.jpg', null);

INSERT INTO ChildcareTransaction VALUES ('1000003297', 'Regular Childcare', '103297', '2014-02-15', '12:00:00', '14:00:00', 20.50);

INSERT INTO AllowedConnections VALUES ('103298', '131700', '131704', 13170, null);

INSERT INTO Child VALUES ('131704', 'Child3299', '3299child', '2006-02-02', null, null, '../../Pictures/default.jpg', null);

INSERT INTO ChildcareTransaction VALUES ('1000003298', 'Regular Childcare', '103298', '2014-04-20', '12:00:00', '14:00:00', 20.50);

INSERT INTO AllowedConnections VALUES ('103299', '131700', '131705', 13170, null);

INSERT INTO Child VALUES ('131705', 'Child3300', '3300child', '2006-02-02', null, null, '../../Pictures/default.jpg', null);

INSERT INTO ChildcareTransaction VALUES ('1000003299', 'Regular Childcare', '103299', '2014-03-23', '12:00:00', '14:00:00', 20.50);

INSERT INTO Guardian VALUES ('131700', '1234', 'Guardian825', '825guardian', '555-555-5555', 'blah@blah.com', '123 nowhere', null, 'Spokane', 'WA', '99999', '../../Pictures/default.jpg', null);

INSERT INTO Family VALUES ('13170', 42);

INSERT INTO Guardian VALUES ('131701', '1234', 'Guardian2825', '8252guardian', '555-555-5555', 'blah@blah.com', '123 nowhere', null, 'Spokane', 'WA', '99999', '../../Pictures/default.jpg', null);

INSERT INTO AllowedConnections VALUES ('103300', '131710', '131712', 13171, null);

INSERT INTO Child VALUES ('131712', 'Child3301', '3301child', '2006-02-02', null, null, '../../Pictures/default.jpg', null);

INSERT INTO ChildcareTransaction VALUES ('1000003300', 'Regular Childcare', '103300', '2014-10-04', '12:00:00', '14:00:00', 20.50);

INSERT INTO AllowedConnections VALUES ('103301', '131710', '131713', 13171, null);

INSERT INTO Child VALUES ('131713', 'Child3302', '3302child', '2006-02-02', null, null, '../../Pictures/default.jpg', null);

INSERT INTO ChildcareTransaction VALUES ('1000003301', 'Regular Childcare', '103301', '2014-01-20', '12:00:00', '14:00:00', 20.50);

INSERT INTO AllowedConnections VALUES ('103302', '131710', '131714', 13171, null);

INSERT INTO Child VALUES ('131714', 'Child3303', '3303child', '2006-02-02', null, null, '../../Pictures/default.jpg', null);

INSERT INTO ChildcareTransaction VALUES ('1000003302', 'Regular Childcare', '103302', '2014-03-16', '12:00:00', '14:00:00', 20.50);

INSERT INTO AllowedConnections VALUES ('103303', '131710', '131715', 13171, null);

INSERT INTO Child VALUES ('131715', 'Child3304', '3304child', '2006-02-02', null, null, '../../Pictures/default.jpg', null);

INSERT INTO ChildcareTransaction VALUES ('1000003303', 'Regular Childcare', '103303', '2014-12-07', '12:00:00', '14:00:00', 20.50);

INSERT INTO Guardian VALUES ('131710', '1234', 'Guardian826', '826guardian', '555-555-5555', 'blah@blah.com', '123 nowhere', null, 'Spokane', 'WA', '99999', '../../Pictures/default.jpg', null);

INSERT INTO Family VALUES ('13171', 42);

INSERT INTO Guardian VALUES ('131711', '1234', 'Guardian2826', '8262guardian', '555-555-5555', 'blah@blah.com', '123 nowhere', null, 'Spokane', 'WA', '99999', '../../Pictures/default.jpg', null);

INSERT INTO AllowedConnections VALUES ('103304', '131720', '131722', 13172, null);

INSERT INTO Child VALUES ('131722', 'Child3305', '3305child', '2006-02-02', null, null, '../../Pictures/default.jpg', null);

INSERT INTO ChildcareTransaction VALUES ('1000003304', 'Regular Childcare', '103304', '2014-07-20', '12:00:00', '14:00:00', 20.50);

INSERT INTO AllowedConnections VALUES ('103305', '131720', '131723', 13172, null);

INSERT INTO Child VALUES ('131723', 'Child3306', '3306child', '2006-02-02', null, null, '../../Pictures/default.jpg', null);

INSERT INTO ChildcareTransaction VALUES ('1000003305', 'Regular Childcare', '103305', '2014-06-22', '12:00:00', '14:00:00', 20.50);

INSERT INTO AllowedConnections VALUES ('103306', '131720', '131724', 13172, null);

INSERT INTO Child VALUES ('131724', 'Child3307', '3307child', '2006-02-02', null, null, '../../Pictures/default.jpg', null);

INSERT INTO ChildcareTransaction VALUES ('1000003306', 'Regular Childcare', '103306', '2014-04-23', '12:00:00', '14:00:00', 20.50);

INSERT INTO AllowedConnections VALUES ('103307', '131720', '131725', 13172, null);

INSERT INTO Child VALUES ('131725', 'Child3308', '3308child', '2006-02-02', null, null, '../../Pictures/default.jpg', null);

INSERT INTO ChildcareTransaction VALUES ('1000003307', 'Regular Childcare', '103307', '2014-06-24', '12:00:00', '14:00:00', 20.50);

INSERT INTO Guardian VALUES ('131720', '1234', 'Guardian827', '827guardian', '555-555-5555', 'blah@blah.com', '123 nowhere', null, 'Spokane', 'WA', '99999', '../../Pictures/default.jpg', null);

INSERT INTO Family VALUES ('13172', 42);

INSERT INTO Guardian VALUES ('131721', '1234', 'Guardian2827', '8272guardian', '555-555-5555', 'blah@blah.com', '123 nowhere', null, 'Spokane', 'WA', '99999', '../../Pictures/default.jpg', null);

INSERT INTO AllowedConnections VALUES ('103308', '131730', '131732', 13173, null);

INSERT INTO Child VALUES ('131732', 'Child3309', '3309child', '2006-02-02', null, null, '../../Pictures/default.jpg', null);

INSERT INTO ChildcareTransaction VALUES ('1000003308', 'Regular Childcare', '103308', '2014-04-01', '12:00:00', '14:00:00', 20.50);

INSERT INTO AllowedConnections VALUES ('103309', '131730', '131733', 13173, null);

INSERT INTO Child VALUES ('131733', 'Child3310', '3310child', '2006-02-02', null, null, '../../Pictures/default.jpg', null);

INSERT INTO ChildcareTransaction VALUES ('1000003309', 'Regular Childcare', '103309', '2014-07-06', '12:00:00', '14:00:00', 20.50);

INSERT INTO AllowedConnections VALUES ('103310', '131730', '131734', 13173, null);

INSERT INTO Child VALUES ('131734', 'Child3311', '3311child', '2006-02-02', null, null, '../../Pictures/default.jpg', null);

INSERT INTO ChildcareTransaction VALUES ('1000003310', 'Regular Childcare', '103310', '2014-05-09', '12:00:00', '14:00:00', 20.50);

INSERT INTO AllowedConnections VALUES ('103311', '131730', '131735', 13173, null);

INSERT INTO Child VALUES ('131735', 'Child3312', '3312child', '2006-02-02', null, null, '../../Pictures/default.jpg', null);

INSERT INTO ChildcareTransaction VALUES ('1000003311', 'Regular Childcare', '103311', '2014-12-21', '12:00:00', '14:00:00', 20.50);

INSERT INTO Guardian VALUES ('131730', '1234', 'Guardian828', '828guardian', '555-555-5555', 'blah@blah.com', '123 nowhere', null, 'Spokane', 'WA', '99999', '../../Pictures/default.jpg', null);

INSERT INTO Family VALUES ('13173', 42);

INSERT INTO Guardian VALUES ('131731', '1234', 'Guardian2828', '8282guardian', '555-555-5555', 'blah@blah.com', '123 nowhere', null, 'Spokane', 'WA', '99999', '../../Pictures/default.jpg', null);

INSERT INTO AllowedConnections VALUES ('103312', '131740', '131742', 13174, null);

INSERT INTO Child VALUES ('131742', 'Child3313', '3313child', '2006-02-02', null, null, '../../Pictures/default.jpg', null);

INSERT INTO ChildcareTransaction VALUES ('1000003312', 'Regular Childcare', '103312', '2014-08-25', '12:00:00', '14:00:00', 20.50);

INSERT INTO AllowedConnections VALUES ('103313', '131740', '131743', 13174, null);

INSERT INTO Child VALUES ('131743', 'Child3314', '3314child', '2006-02-02', null, null, '../../Pictures/default.jpg', null);

INSERT INTO ChildcareTransaction VALUES ('1000003313', 'Regular Childcare', '103313', '2014-09-01', '12:00:00', '14:00:00', 20.50);

INSERT INTO AllowedConnections VALUES ('103314', '131740', '131744', 13174, null);

INSERT INTO Child VALUES ('131744', 'Child3315', '3315child', '2006-02-02', null, null, '../../Pictures/default.jpg', null);

INSERT INTO ChildcareTransaction VALUES ('1000003314', 'Regular Childcare', '103314', '2014-01-05', '12:00:00', '14:00:00', 20.50);

INSERT INTO AllowedConnections VALUES ('103315', '131740', '131745', 13174, null);

INSERT INTO Child VALUES ('131745', 'Child3316', '3316child', '2006-02-02', null, null, '../../Pictures/default.jpg', null);

INSERT INTO ChildcareTransaction VALUES ('1000003315', 'Regular Childcare', '103315', '2014-04-14', '12:00:00', '14:00:00', 20.50);

INSERT INTO Guardian VALUES ('131740', '1234', 'Guardian829', '829guardian', '555-555-5555', 'blah@blah.com', '123 nowhere', null, 'Spokane', 'WA', '99999', '../../Pictures/default.jpg', null);

INSERT INTO Family VALUES ('13174', 42);

INSERT INTO Guardian VALUES ('131741', '1234', 'Guardian2829', '8292guardian', '555-555-5555', 'blah@blah.com', '123 nowhere', null, 'Spokane', 'WA', '99999', '../../Pictures/default.jpg', null);

INSERT INTO AllowedConnections VALUES ('103316', '131750', '131752', 13175, null);

INSERT INTO Child VALUES ('131752', 'Child3317', '3317child', '2006-02-02', null, null, '../../Pictures/default.jpg', null);

INSERT INTO ChildcareTransaction VALUES ('1000003316', 'Regular Childcare', '103316', '2014-07-28', '12:00:00', '14:00:00', 20.50);

INSERT INTO AllowedConnections VALUES ('103317', '131750', '131753', 13175, null);

INSERT INTO Child VALUES ('131753', 'Child3318', '3318child', '2006-02-02', null, null, '../../Pictures/default.jpg', null);

INSERT INTO ChildcareTransaction VALUES ('1000003317', 'Regular Childcare', '103317', '2014-11-24', '12:00:00', '14:00:00', 20.50);

INSERT INTO AllowedConnections VALUES ('103318', '131750', '131754', 13175, null);

INSERT INTO Child VALUES ('131754', 'Child3319', '3319child', '2006-02-02', null, null, '../../Pictures/default.jpg', null);

INSERT INTO ChildcareTransaction VALUES ('1000003318', 'Regular Childcare', '103318', '2014-09-14', '12:00:00', '14:00:00', 20.50);

INSERT INTO AllowedConnections VALUES ('103319', '131750', '131755', 13175, null);

INSERT INTO Child VALUES ('131755', 'Child3320', '3320child', '2006-02-02', null, null, '../../Pictures/default.jpg', null);

INSERT INTO ChildcareTransaction VALUES ('1000003319', 'Regular Childcare', '103319', '2014-02-28', '12:00:00', '14:00:00', 20.50);

INSERT INTO Guardian VALUES ('131750', '1234', 'Guardian830', '830guardian', '555-555-5555', 'blah@blah.com', '123 nowhere', null, 'Spokane', 'WA', '99999', '../../Pictures/default.jpg', null);

INSERT INTO Family VALUES ('13175', 42);

INSERT INTO Guardian VALUES ('131751', '1234', 'Guardian2830', '8302guardian', '555-555-5555', 'blah@blah.com', '123 nowhere', null, 'Spokane', 'WA', '99999', '../../Pictures/default.jpg', null);

INSERT INTO AllowedConnections VALUES ('103320', '131760', '131762', 13176, null);

INSERT INTO Child VALUES ('131762', 'Child3321', '3321child', '2006-02-02', null, null, '../../Pictures/default.jpg', null);

INSERT INTO ChildcareTransaction VALUES ('1000003320', 'Regular Childcare', '103320', '2014-11-19', '12:00:00', '14:00:00', 20.50);

INSERT INTO AllowedConnections VALUES ('103321', '131760', '131763', 13176, null);

INSERT INTO Child VALUES ('131763', 'Child3322', '3322child', '2006-02-02', null, null, '../../Pictures/default.jpg', null);

INSERT INTO ChildcareTransaction VALUES ('1000003321', 'Regular Childcare', '103321', '2014-05-13', '12:00:00', '14:00:00', 20.50);

INSERT INTO AllowedConnections VALUES ('103322', '131760', '131764', 13176, null);

INSERT INTO Child VALUES ('131764', 'Child3323', '3323child', '2006-02-02', null, null, '../../Pictures/default.jpg', null);

INSERT INTO ChildcareTransaction VALUES ('1000003322', 'Regular Childcare', '103322', '2014-12-05', '12:00:00', '14:00:00', 20.50);

INSERT INTO AllowedConnections VALUES ('103323', '131760', '131765', 13176, null);

INSERT INTO Child VALUES ('131765', 'Child3324', '3324child', '2006-02-02', null, null, '../../Pictures/default.jpg', null);

INSERT INTO ChildcareTransaction VALUES ('1000003323', 'Regular Childcare', '103323', '2014-08-05', '12:00:00', '14:00:00', 20.50);

INSERT INTO Guardian VALUES ('131760', '1234', 'Guardian831', '831guardian', '555-555-5555', 'blah@blah.com', '123 nowhere', null, 'Spokane', 'WA', '99999', '../../Pictures/default.jpg', null);

INSERT INTO Family VALUES ('13176', 42);

INSERT INTO Guardian VALUES ('131761', '1234', 'Guardian2831', '8312guardian', '555-555-5555', 'blah@blah.com', '123 nowhere', null, 'Spokane', 'WA', '99999', '../../Pictures/default.jpg', null);

INSERT INTO AllowedConnections VALUES ('103324', '131770', '131772', 13177, null);

INSERT INTO Child VALUES ('131772', 'Child3325', '3325child', '2006-02-02', null, null, '../../Pictures/default.jpg', null);

INSERT INTO ChildcareTransaction VALUES ('1000003324', 'Regular Childcare', '103324', '2014-05-21', '12:00:00', '14:00:00', 20.50);

INSERT INTO AllowedConnections VALUES ('103325', '131770', '131773', 13177, null);

INSERT INTO Child VALUES ('131773', 'Child3326', '3326child', '2006-02-02', null, null, '../../Pictures/default.jpg', null);

INSERT INTO ChildcareTransaction VALUES ('1000003325', 'Regular Childcare', '103325', '2014-08-09', '12:00:00', '14:00:00', 20.50);

INSERT INTO AllowedConnections VALUES ('103326', '131770', '131774', 13177, null);

INSERT INTO Child VALUES ('131774', 'Child3327', '3327child', '2006-02-02', null, null, '../../Pictures/default.jpg', null);

INSERT INTO ChildcareTransaction VALUES ('1000003326', 'Regular Childcare', '103326', '2014-07-14', '12:00:00', '14:00:00', 20.50);

INSERT INTO AllowedConnections VALUES ('103327', '131770', '131775', 13177, null);

INSERT INTO Child VALUES ('131775', 'Child3328', '3328child', '2006-02-02', null, null, '../../Pictures/default.jpg', null);

INSERT INTO ChildcareTransaction VALUES ('1000003327', 'Regular Childcare', '103327', '2014-04-18', '12:00:00', '14:00:00', 20.50);

INSERT INTO Guardian VALUES ('131770', '1234', 'Guardian832', '832guardian', '555-555-5555', 'blah@blah.com', '123 nowhere', null, 'Spokane', 'WA', '99999', '../../Pictures/default.jpg', null);

INSERT INTO Family VALUES ('13177', 42);

INSERT INTO Guardian VALUES ('131771', '1234', 'Guardian2832', '8322guardian', '555-555-5555', 'blah@blah.com', '123 nowhere', null, 'Spokane', 'WA', '99999', '../../Pictures/default.jpg', null);

INSERT INTO AllowedConnections VALUES ('103328', '131780', '131782', 13178, null);

INSERT INTO Child VALUES ('131782', 'Child3329', '3329child', '2006-02-02', null, null, '../../Pictures/default.jpg', null);

INSERT INTO ChildcareTransaction VALUES ('1000003328', 'Regular Childcare', '103328', '2014-06-17', '12:00:00', '14:00:00', 20.50);

INSERT INTO AllowedConnections VALUES ('103329', '131780', '131783', 13178, null);

INSERT INTO Child VALUES ('131783', 'Child3330', '3330child', '2006-02-02', null, null, '../../Pictures/default.jpg', null);

INSERT INTO ChildcareTransaction VALUES ('1000003329', 'Regular Childcare', '103329', '2014-12-14', '12:00:00', '14:00:00', 20.50);

INSERT INTO AllowedConnections VALUES ('103330', '131780', '131784', 13178, null);

INSERT INTO Child VALUES ('131784', 'Child3331', '3331child', '2006-02-02', null, null, '../../Pictures/default.jpg', null);

INSERT INTO ChildcareTransaction VALUES ('1000003330', 'Regular Childcare', '103330', '2014-05-03', '12:00:00', '14:00:00', 20.50);

INSERT INTO AllowedConnections VALUES ('103331', '131780', '131785', 13178, null);

INSERT INTO Child VALUES ('131785', 'Child3332', '3332child', '2006-02-02', null, null, '../../Pictures/default.jpg', null);

INSERT INTO ChildcareTransaction VALUES ('1000003331', 'Regular Childcare', '103331', '2014-07-14', '12:00:00', '14:00:00', 20.50);

INSERT INTO Guardian VALUES ('131780', '1234', 'Guardian833', '833guardian', '555-555-5555', 'blah@blah.com', '123 nowhere', null, 'Spokane', 'WA', '99999', '../../Pictures/default.jpg', null);

INSERT INTO Family VALUES ('13178', 42);

INSERT INTO Guardian VALUES ('131781', '1234', 'Guardian2833', '8332guardian', '555-555-5555', 'blah@blah.com', '123 nowhere', null, 'Spokane', 'WA', '99999', '../../Pictures/default.jpg', null);

INSERT INTO AllowedConnections VALUES ('103332', '131790', '131792', 13179, null);

INSERT INTO Child VALUES ('131792', 'Child3333', '3333child', '2006-02-02', null, null, '../../Pictures/default.jpg', null);

INSERT INTO ChildcareTransaction VALUES ('1000003332', 'Regular Childcare', '103332', '2014-08-12', '12:00:00', '14:00:00', 20.50);

INSERT INTO AllowedConnections VALUES ('103333', '131790', '131793', 13179, null);

INSERT INTO Child VALUES ('131793', 'Child3334', '3334child', '2006-02-02', null, null, '../../Pictures/default.jpg', null);

INSERT INTO ChildcareTransaction VALUES ('1000003333', 'Regular Childcare', '103333', '2014-12-06', '12:00:00', '14:00:00', 20.50);

INSERT INTO AllowedConnections VALUES ('103334', '131790', '131794', 13179, null);

INSERT INTO Child VALUES ('131794', 'Child3335', '3335child', '2006-02-02', null, null, '../../Pictures/default.jpg', null);

INSERT INTO ChildcareTransaction VALUES ('1000003334', 'Regular Childcare', '103334', '2014-10-23', '12:00:00', '14:00:00', 20.50);

INSERT INTO AllowedConnections VALUES ('103335', '131790', '131795', 13179, null);

INSERT INTO Child VALUES ('131795', 'Child3336', '3336child', '2006-02-02', null, null, '../../Pictures/default.jpg', null);

INSERT INTO ChildcareTransaction VALUES ('1000003335', 'Regular Childcare', '103335', '2014-06-01', '12:00:00', '14:00:00', 20.50);

INSERT INTO Guardian VALUES ('131790', '1234', 'Guardian834', '834guardian', '555-555-5555', 'blah@blah.com', '123 nowhere', null, 'Spokane', 'WA', '99999', '../../Pictures/default.jpg', null);

INSERT INTO Family VALUES ('13179', 42);

INSERT INTO Guardian VALUES ('131791', '1234', 'Guardian2834', '8342guardian', '555-555-5555', 'blah@blah.com', '123 nowhere', null, 'Spokane', 'WA', '99999', '../../Pictures/default.jpg', null);

INSERT INTO AllowedConnections VALUES ('103336', '131800', '131802', 13180, null);

INSERT INTO Child VALUES ('131802', 'Child3337', '3337child', '2006-02-02', null, null, '../../Pictures/default.jpg', null);

INSERT INTO ChildcareTransaction VALUES ('1000003336', 'Regular Childcare', '103336', '2014-07-11', '12:00:00', '14:00:00', 20.50);

INSERT INTO AllowedConnections VALUES ('103337', '131800', '131803', 13180, null);

INSERT INTO Child VALUES ('131803', 'Child3338', '3338child', '2006-02-02', null, null, '../../Pictures/default.jpg', null);

INSERT INTO ChildcareTransaction VALUES ('1000003337', 'Regular Childcare', '103337', '2014-10-06', '12:00:00', '14:00:00', 20.50);

INSERT INTO AllowedConnections VALUES ('103338', '131800', '131804', 13180, null);

INSERT INTO Child VALUES ('131804', 'Child3339', '3339child', '2006-02-02', null, null, '../../Pictures/default.jpg', null);

INSERT INTO ChildcareTransaction VALUES ('1000003338', 'Regular Childcare', '103338', '2014-05-27', '12:00:00', '14:00:00', 20.50);

INSERT INTO AllowedConnections VALUES ('103339', '131800', '131805', 13180, null);

INSERT INTO Child VALUES ('131805', 'Child3340', '3340child', '2006-02-02', null, null, '../../Pictures/default.jpg', null);

INSERT INTO ChildcareTransaction VALUES ('1000003339', 'Regular Childcare', '103339', '2014-05-22', '12:00:00', '14:00:00', 20.50);

INSERT INTO Guardian VALUES ('131800', '1234', 'Guardian835', '835guardian', '555-555-5555', 'blah@blah.com', '123 nowhere', null, 'Spokane', 'WA', '99999', '../../Pictures/default.jpg', null);

INSERT INTO Family VALUES ('13180', 42);

INSERT INTO Guardian VALUES ('131801', '1234', 'Guardian2835', '8352guardian', '555-555-5555', 'blah@blah.com', '123 nowhere', null, 'Spokane', 'WA', '99999', '../../Pictures/default.jpg', null);

INSERT INTO AllowedConnections VALUES ('103340', '131810', '131812', 13181, null);

INSERT INTO Child VALUES ('131812', 'Child3341', '3341child', '2006-02-02', null, null, '../../Pictures/default.jpg', null);

INSERT INTO ChildcareTransaction VALUES ('1000003340', 'Regular Childcare', '103340', '2014-09-20', '12:00:00', '14:00:00', 20.50);

INSERT INTO AllowedConnections VALUES ('103341', '131810', '131813', 13181, null);

INSERT INTO Child VALUES ('131813', 'Child3342', '3342child', '2006-02-02', null, null, '../../Pictures/default.jpg', null);

INSERT INTO ChildcareTransaction VALUES ('1000003341', 'Regular Childcare', '103341', '2014-11-09', '12:00:00', '14:00:00', 20.50);

INSERT INTO AllowedConnections VALUES ('103342', '131810', '131814', 13181, null);

INSERT INTO Child VALUES ('131814', 'Child3343', '3343child', '2006-02-02', null, null, '../../Pictures/default.jpg', null);

INSERT INTO ChildcareTransaction VALUES ('1000003342', 'Regular Childcare', '103342', '2014-04-07', '12:00:00', '14:00:00', 20.50);

INSERT INTO AllowedConnections VALUES ('103343', '131810', '131815', 13181, null);

INSERT INTO Child VALUES ('131815', 'Child3344', '3344child', '2006-02-02', null, null, '../../Pictures/default.jpg', null);

INSERT INTO ChildcareTransaction VALUES ('1000003343', 'Regular Childcare', '103343', '2014-07-20', '12:00:00', '14:00:00', 20.50);

INSERT INTO Guardian VALUES ('131810', '1234', 'Guardian836', '836guardian', '555-555-5555', 'blah@blah.com', '123 nowhere', null, 'Spokane', 'WA', '99999', '../../Pictures/default.jpg', null);

INSERT INTO Family VALUES ('13181', 42);

INSERT INTO Guardian VALUES ('131811', '1234', 'Guardian2836', '8362guardian', '555-555-5555', 'blah@blah.com', '123 nowhere', null, 'Spokane', 'WA', '99999', '../../Pictures/default.jpg', null);

INSERT INTO AllowedConnections VALUES ('103344', '131820', '131822', 13182, null);

INSERT INTO Child VALUES ('131822', 'Child3345', '3345child', '2006-02-02', null, null, '../../Pictures/default.jpg', null);

INSERT INTO ChildcareTransaction VALUES ('1000003344', 'Regular Childcare', '103344', '2014-09-09', '12:00:00', '14:00:00', 20.50);

INSERT INTO AllowedConnections VALUES ('103345', '131820', '131823', 13182, null);

INSERT INTO Child VALUES ('131823', 'Child3346', '3346child', '2006-02-02', null, null, '../../Pictures/default.jpg', null);

INSERT INTO ChildcareTransaction VALUES ('1000003345', 'Regular Childcare', '103345', '2014-09-22', '12:00:00', '14:00:00', 20.50);

INSERT INTO AllowedConnections VALUES ('103346', '131820', '131824', 13182, null);

INSERT INTO Child VALUES ('131824', 'Child3347', '3347child', '2006-02-02', null, null, '../../Pictures/default.jpg', null);

INSERT INTO ChildcareTransaction VALUES ('1000003346', 'Regular Childcare', '103346', '2014-10-18', '12:00:00', '14:00:00', 20.50);

INSERT INTO AllowedConnections VALUES ('103347', '131820', '131825', 13182, null);

INSERT INTO Child VALUES ('131825', 'Child3348', '3348child', '2006-02-02', null, null, '../../Pictures/default.jpg', null);

INSERT INTO ChildcareTransaction VALUES ('1000003347', 'Regular Childcare', '103347', '2014-09-05', '12:00:00', '14:00:00', 20.50);

INSERT INTO Guardian VALUES ('131820', '1234', 'Guardian837', '837guardian', '555-555-5555', 'blah@blah.com', '123 nowhere', null, 'Spokane', 'WA', '99999', '../../Pictures/default.jpg', null);

INSERT INTO Family VALUES ('13182', 42);

INSERT INTO Guardian VALUES ('131821', '1234', 'Guardian2837', '8372guardian', '555-555-5555', 'blah@blah.com', '123 nowhere', null, 'Spokane', 'WA', '99999', '../../Pictures/default.jpg', null);

INSERT INTO AllowedConnections VALUES ('103348', '131830', '131832', 13183, null);

INSERT INTO Child VALUES ('131832', 'Child3349', '3349child', '2006-02-02', null, null, '../../Pictures/default.jpg', null);

INSERT INTO ChildcareTransaction VALUES ('1000003348', 'Regular Childcare', '103348', '2014-05-28', '12:00:00', '14:00:00', 20.50);

INSERT INTO AllowedConnections VALUES ('103349', '131830', '131833', 13183, null);

INSERT INTO Child VALUES ('131833', 'Child3350', '3350child', '2006-02-02', null, null, '../../Pictures/default.jpg', null);

INSERT INTO ChildcareTransaction VALUES ('1000003349', 'Regular Childcare', '103349', '2014-07-21', '12:00:00', '14:00:00', 20.50);

INSERT INTO AllowedConnections VALUES ('103350', '131830', '131834', 13183, null);

INSERT INTO Child VALUES ('131834', 'Child3351', '3351child', '2006-02-02', null, null, '../../Pictures/default.jpg', null);

INSERT INTO ChildcareTransaction VALUES ('1000003350', 'Regular Childcare', '103350', '2014-07-09', '12:00:00', '14:00:00', 20.50);

INSERT INTO AllowedConnections VALUES ('103351', '131830', '131835', 13183, null);

INSERT INTO Child VALUES ('131835', 'Child3352', '3352child', '2006-02-02', null, null, '../../Pictures/default.jpg', null);

INSERT INTO ChildcareTransaction VALUES ('1000003351', 'Regular Childcare', '103351', '2014-08-16', '12:00:00', '14:00:00', 20.50);

INSERT INTO Guardian VALUES ('131830', '1234', 'Guardian838', '838guardian', '555-555-5555', 'blah@blah.com', '123 nowhere', null, 'Spokane', 'WA', '99999', '../../Pictures/default.jpg', null);

INSERT INTO Family VALUES ('13183', 42);

INSERT INTO Guardian VALUES ('131831', '1234', 'Guardian2838', '8382guardian', '555-555-5555', 'blah@blah.com', '123 nowhere', null, 'Spokane', 'WA', '99999', '../../Pictures/default.jpg', null);

INSERT INTO AllowedConnections VALUES ('103352', '131840', '131842', 13184, null);

INSERT INTO Child VALUES ('131842', 'Child3353', '3353child', '2006-02-02', null, null, '../../Pictures/default.jpg', null);

INSERT INTO ChildcareTransaction VALUES ('1000003352', 'Regular Childcare', '103352', '2014-06-02', '12:00:00', '14:00:00', 20.50);

INSERT INTO AllowedConnections VALUES ('103353', '131840', '131843', 13184, null);

INSERT INTO Child VALUES ('131843', 'Child3354', '3354child', '2006-02-02', null, null, '../../Pictures/default.jpg', null);

INSERT INTO ChildcareTransaction VALUES ('1000003353', 'Regular Childcare', '103353', '2014-12-12', '12:00:00', '14:00:00', 20.50);

INSERT INTO AllowedConnections VALUES ('103354', '131840', '131844', 13184, null);

INSERT INTO Child VALUES ('131844', 'Child3355', '3355child', '2006-02-02', null, null, '../../Pictures/default.jpg', null);

INSERT INTO ChildcareTransaction VALUES ('1000003354', 'Regular Childcare', '103354', '2014-12-09', '12:00:00', '14:00:00', 20.50);

INSERT INTO AllowedConnections VALUES ('103355', '131840', '131845', 13184, null);

INSERT INTO Child VALUES ('131845', 'Child3356', '3356child', '2006-02-02', null, null, '../../Pictures/default.jpg', null);

INSERT INTO ChildcareTransaction VALUES ('1000003355', 'Regular Childcare', '103355', '2014-05-22', '12:00:00', '14:00:00', 20.50);

INSERT INTO Guardian VALUES ('131840', '1234', 'Guardian839', '839guardian', '555-555-5555', 'blah@blah.com', '123 nowhere', null, 'Spokane', 'WA', '99999', '../../Pictures/default.jpg', null);

INSERT INTO Family VALUES ('13184', 42);

INSERT INTO Guardian VALUES ('131841', '1234', 'Guardian2839', '8392guardian', '555-555-5555', 'blah@blah.com', '123 nowhere', null, 'Spokane', 'WA', '99999', '../../Pictures/default.jpg', null);

INSERT INTO AllowedConnections VALUES ('103356', '131850', '131852', 13185, null);

INSERT INTO Child VALUES ('131852', 'Child3357', '3357child', '2006-02-02', null, null, '../../Pictures/default.jpg', null);

INSERT INTO ChildcareTransaction VALUES ('1000003356', 'Regular Childcare', '103356', '2014-04-18', '12:00:00', '14:00:00', 20.50);

INSERT INTO AllowedConnections VALUES ('103357', '131850', '131853', 13185, null);

INSERT INTO Child VALUES ('131853', 'Child3358', '3358child', '2006-02-02', null, null, '../../Pictures/default.jpg', null);

INSERT INTO ChildcareTransaction VALUES ('1000003357', 'Regular Childcare', '103357', '2014-10-11', '12:00:00', '14:00:00', 20.50);

INSERT INTO AllowedConnections VALUES ('103358', '131850', '131854', 13185, null);

INSERT INTO Child VALUES ('131854', 'Child3359', '3359child', '2006-02-02', null, null, '../../Pictures/default.jpg', null);

INSERT INTO ChildcareTransaction VALUES ('1000003358', 'Regular Childcare', '103358', '2014-10-10', '12:00:00', '14:00:00', 20.50);

INSERT INTO AllowedConnections VALUES ('103359', '131850', '131855', 13185, null);

INSERT INTO Child VALUES ('131855', 'Child3360', '3360child', '2006-02-02', null, null, '../../Pictures/default.jpg', null);

INSERT INTO ChildcareTransaction VALUES ('1000003359', 'Regular Childcare', '103359', '2014-03-06', '12:00:00', '14:00:00', 20.50);

INSERT INTO Guardian VALUES ('131850', '1234', 'Guardian840', '840guardian', '555-555-5555', 'blah@blah.com', '123 nowhere', null, 'Spokane', 'WA', '99999', '../../Pictures/default.jpg', null);

INSERT INTO Family VALUES ('13185', 42);

INSERT INTO Guardian VALUES ('131851', '1234', 'Guardian2840', '8402guardian', '555-555-5555', 'blah@blah.com', '123 nowhere', null, 'Spokane', 'WA', '99999', '../../Pictures/default.jpg', null);

INSERT INTO AllowedConnections VALUES ('103360', '131860', '131862', 13186, null);

INSERT INTO Child VALUES ('131862', 'Child3361', '3361child', '2006-02-02', null, null, '../../Pictures/default.jpg', null);

INSERT INTO ChildcareTransaction VALUES ('1000003360', 'Regular Childcare', '103360', '2014-08-13', '12:00:00', '14:00:00', 20.50);

INSERT INTO AllowedConnections VALUES ('103361', '131860', '131863', 13186, null);

INSERT INTO Child VALUES ('131863', 'Child3362', '3362child', '2006-02-02', null, null, '../../Pictures/default.jpg', null);

INSERT INTO ChildcareTransaction VALUES ('1000003361', 'Regular Childcare', '103361', '2014-04-23', '12:00:00', '14:00:00', 20.50);

INSERT INTO AllowedConnections VALUES ('103362', '131860', '131864', 13186, null);

INSERT INTO Child VALUES ('131864', 'Child3363', '3363child', '2006-02-02', null, null, '../../Pictures/default.jpg', null);

INSERT INTO ChildcareTransaction VALUES ('1000003362', 'Regular Childcare', '103362', '2014-09-17', '12:00:00', '14:00:00', 20.50);

INSERT INTO AllowedConnections VALUES ('103363', '131860', '131865', 13186, null);

INSERT INTO Child VALUES ('131865', 'Child3364', '3364child', '2006-02-02', null, null, '../../Pictures/default.jpg', null);

INSERT INTO ChildcareTransaction VALUES ('1000003363', 'Regular Childcare', '103363', '2014-06-03', '12:00:00', '14:00:00', 20.50);

INSERT INTO Guardian VALUES ('131860', '1234', 'Guardian841', '841guardian', '555-555-5555', 'blah@blah.com', '123 nowhere', null, 'Spokane', 'WA', '99999', '../../Pictures/default.jpg', null);

INSERT INTO Family VALUES ('13186', 42);

INSERT INTO Guardian VALUES ('131861', '1234', 'Guardian2841', '8412guardian', '555-555-5555', 'blah@blah.com', '123 nowhere', null, 'Spokane', 'WA', '99999', '../../Pictures/default.jpg', null);

INSERT INTO AllowedConnections VALUES ('103364', '131870', '131872', 13187, null);

INSERT INTO Child VALUES ('131872', 'Child3365', '3365child', '2006-02-02', null, null, '../../Pictures/default.jpg', null);

INSERT INTO ChildcareTransaction VALUES ('1000003364', 'Regular Childcare', '103364', '2014-10-08', '12:00:00', '14:00:00', 20.50);

INSERT INTO AllowedConnections VALUES ('103365', '131870', '131873', 13187, null);

INSERT INTO Child VALUES ('131873', 'Child3366', '3366child', '2006-02-02', null, null, '../../Pictures/default.jpg', null);

INSERT INTO ChildcareTransaction VALUES ('1000003365', 'Regular Childcare', '103365', '2014-10-08', '12:00:00', '14:00:00', 20.50);

INSERT INTO AllowedConnections VALUES ('103366', '131870', '131874', 13187, null);

INSERT INTO Child VALUES ('131874', 'Child3367', '3367child', '2006-02-02', null, null, '../../Pictures/default.jpg', null);

INSERT INTO ChildcareTransaction VALUES ('1000003366', 'Regular Childcare', '103366', '2014-07-13', '12:00:00', '14:00:00', 20.50);

INSERT INTO AllowedConnections VALUES ('103367', '131870', '131875', 13187, null);

INSERT INTO Child VALUES ('131875', 'Child3368', '3368child', '2006-02-02', null, null, '../../Pictures/default.jpg', null);

INSERT INTO ChildcareTransaction VALUES ('1000003367', 'Regular Childcare', '103367', '2014-05-05', '12:00:00', '14:00:00', 20.50);

INSERT INTO Guardian VALUES ('131870', '1234', 'Guardian842', '842guardian', '555-555-5555', 'blah@blah.com', '123 nowhere', null, 'Spokane', 'WA', '99999', '../../Pictures/default.jpg', null);

INSERT INTO Family VALUES ('13187', 42);

INSERT INTO Guardian VALUES ('131871', '1234', 'Guardian2842', '8422guardian', '555-555-5555', 'blah@blah.com', '123 nowhere', null, 'Spokane', 'WA', '99999', '../../Pictures/default.jpg', null);

INSERT INTO AllowedConnections VALUES ('103368', '131880', '131882', 13188, null);

INSERT INTO Child VALUES ('131882', 'Child3369', '3369child', '2006-02-02', null, null, '../../Pictures/default.jpg', null);

INSERT INTO ChildcareTransaction VALUES ('1000003368', 'Regular Childcare', '103368', '2014-06-27', '12:00:00', '14:00:00', 20.50);

INSERT INTO AllowedConnections VALUES ('103369', '131880', '131883', 13188, null);

INSERT INTO Child VALUES ('131883', 'Child3370', '3370child', '2006-02-02', null, null, '../../Pictures/default.jpg', null);

INSERT INTO ChildcareTransaction VALUES ('1000003369', 'Regular Childcare', '103369', '2014-03-19', '12:00:00', '14:00:00', 20.50);

INSERT INTO AllowedConnections VALUES ('103370', '131880', '131884', 13188, null);

INSERT INTO Child VALUES ('131884', 'Child3371', '3371child', '2006-02-02', null, null, '../../Pictures/default.jpg', null);

INSERT INTO ChildcareTransaction VALUES ('1000003370', 'Regular Childcare', '103370', '2014-06-15', '12:00:00', '14:00:00', 20.50);

INSERT INTO AllowedConnections VALUES ('103371', '131880', '131885', 13188, null);

INSERT INTO Child VALUES ('131885', 'Child3372', '3372child', '2006-02-02', null, null, '../../Pictures/default.jpg', null);

INSERT INTO ChildcareTransaction VALUES ('1000003371', 'Regular Childcare', '103371', '2014-04-24', '12:00:00', '14:00:00', 20.50);

INSERT INTO Guardian VALUES ('131880', '1234', 'Guardian843', '843guardian', '555-555-5555', 'blah@blah.com', '123 nowhere', null, 'Spokane', 'WA', '99999', '../../Pictures/default.jpg', null);

INSERT INTO Family VALUES ('13188', 42);

INSERT INTO Guardian VALUES ('131881', '1234', 'Guardian2843', '8432guardian', '555-555-5555', 'blah@blah.com', '123 nowhere', null, 'Spokane', 'WA', '99999', '../../Pictures/default.jpg', null);

INSERT INTO AllowedConnections VALUES ('103372', '131890', '131892', 13189, null);

INSERT INTO Child VALUES ('131892', 'Child3373', '3373child', '2006-02-02', null, null, '../../Pictures/default.jpg', null);

INSERT INTO ChildcareTransaction VALUES ('1000003372', 'Regular Childcare', '103372', '2014-12-15', '12:00:00', '14:00:00', 20.50);

INSERT INTO AllowedConnections VALUES ('103373', '131890', '131893', 13189, null);

INSERT INTO Child VALUES ('131893', 'Child3374', '3374child', '2006-02-02', null, null, '../../Pictures/default.jpg', null);

INSERT INTO ChildcareTransaction VALUES ('1000003373', 'Regular Childcare', '103373', '2014-04-19', '12:00:00', '14:00:00', 20.50);

INSERT INTO AllowedConnections VALUES ('103374', '131890', '131894', 13189, null);

INSERT INTO Child VALUES ('131894', 'Child3375', '3375child', '2006-02-02', null, null, '../../Pictures/default.jpg', null);

INSERT INTO ChildcareTransaction VALUES ('1000003374', 'Regular Childcare', '103374', '2014-12-10', '12:00:00', '14:00:00', 20.50);

INSERT INTO AllowedConnections VALUES ('103375', '131890', '131895', 13189, null);

INSERT INTO Child VALUES ('131895', 'Child3376', '3376child', '2006-02-02', null, null, '../../Pictures/default.jpg', null);

INSERT INTO ChildcareTransaction VALUES ('1000003375', 'Regular Childcare', '103375', '2014-07-15', '12:00:00', '14:00:00', 20.50);

INSERT INTO Guardian VALUES ('131890', '1234', 'Guardian844', '844guardian', '555-555-5555', 'blah@blah.com', '123 nowhere', null, 'Spokane', 'WA', '99999', '../../Pictures/default.jpg', null);

INSERT INTO Family VALUES ('13189', 42);

INSERT INTO Guardian VALUES ('131891', '1234', 'Guardian2844', '8442guardian', '555-555-5555', 'blah@blah.com', '123 nowhere', null, 'Spokane', 'WA', '99999', '../../Pictures/default.jpg', null);

INSERT INTO AllowedConnections VALUES ('103376', '131900', '131902', 13190, null);

INSERT INTO Child VALUES ('131902', 'Child3377', '3377child', '2006-02-02', null, null, '../../Pictures/default.jpg', null);

INSERT INTO ChildcareTransaction VALUES ('1000003376', 'Regular Childcare', '103376', '2014-04-04', '12:00:00', '14:00:00', 20.50);

INSERT INTO AllowedConnections VALUES ('103377', '131900', '131903', 13190, null);

INSERT INTO Child VALUES ('131903', 'Child3378', '3378child', '2006-02-02', null, null, '../../Pictures/default.jpg', null);

INSERT INTO ChildcareTransaction VALUES ('1000003377', 'Regular Childcare', '103377', '2014-01-02', '12:00:00', '14:00:00', 20.50);

INSERT INTO AllowedConnections VALUES ('103378', '131900', '131904', 13190, null);

INSERT INTO Child VALUES ('131904', 'Child3379', '3379child', '2006-02-02', null, null, '../../Pictures/default.jpg', null);

INSERT INTO ChildcareTransaction VALUES ('1000003378', 'Regular Childcare', '103378', '2014-04-21', '12:00:00', '14:00:00', 20.50);

INSERT INTO AllowedConnections VALUES ('103379', '131900', '131905', 13190, null);

INSERT INTO Child VALUES ('131905', 'Child3380', '3380child', '2006-02-02', null, null, '../../Pictures/default.jpg', null);

INSERT INTO ChildcareTransaction VALUES ('1000003379', 'Regular Childcare', '103379', '2014-03-24', '12:00:00', '14:00:00', 20.50);

INSERT INTO Guardian VALUES ('131900', '1234', 'Guardian845', '845guardian', '555-555-5555', 'blah@blah.com', '123 nowhere', null, 'Spokane', 'WA', '99999', '../../Pictures/default.jpg', null);

INSERT INTO Family VALUES ('13190', 42);

INSERT INTO Guardian VALUES ('131901', '1234', 'Guardian2845', '8452guardian', '555-555-5555', 'blah@blah.com', '123 nowhere', null, 'Spokane', 'WA', '99999', '../../Pictures/default.jpg', null);

INSERT INTO AllowedConnections VALUES ('103380', '131910', '131912', 13191, null);

INSERT INTO Child VALUES ('131912', 'Child3381', '3381child', '2006-02-02', null, null, '../../Pictures/default.jpg', null);

INSERT INTO ChildcareTransaction VALUES ('1000003380', 'Regular Childcare', '103380', '2014-11-08', '12:00:00', '14:00:00', 20.50);

INSERT INTO AllowedConnections VALUES ('103381', '131910', '131913', 13191, null);

INSERT INTO Child VALUES ('131913', 'Child3382', '3382child', '2006-02-02', null, null, '../../Pictures/default.jpg', null);

INSERT INTO ChildcareTransaction VALUES ('1000003381', 'Regular Childcare', '103381', '2014-04-23', '12:00:00', '14:00:00', 20.50);

INSERT INTO AllowedConnections VALUES ('103382', '131910', '131914', 13191, null);

INSERT INTO Child VALUES ('131914', 'Child3383', '3383child', '2006-02-02', null, null, '../../Pictures/default.jpg', null);

INSERT INTO ChildcareTransaction VALUES ('1000003382', 'Regular Childcare', '103382', '2014-09-02', '12:00:00', '14:00:00', 20.50);

INSERT INTO AllowedConnections VALUES ('103383', '131910', '131915', 13191, null);

INSERT INTO Child VALUES ('131915', 'Child3384', '3384child', '2006-02-02', null, null, '../../Pictures/default.jpg', null);

INSERT INTO ChildcareTransaction VALUES ('1000003383', 'Regular Childcare', '103383', '2014-04-20', '12:00:00', '14:00:00', 20.50);

INSERT INTO Guardian VALUES ('131910', '1234', 'Guardian846', '846guardian', '555-555-5555', 'blah@blah.com', '123 nowhere', null, 'Spokane', 'WA', '99999', '../../Pictures/default.jpg', null);

INSERT INTO Family VALUES ('13191', 42);

INSERT INTO Guardian VALUES ('131911', '1234', 'Guardian2846', '8462guardian', '555-555-5555', 'blah@blah.com', '123 nowhere', null, 'Spokane', 'WA', '99999', '../../Pictures/default.jpg', null);

INSERT INTO AllowedConnections VALUES ('103384', '131920', '131922', 13192, null);

INSERT INTO Child VALUES ('131922', 'Child3385', '3385child', '2006-02-02', null, null, '../../Pictures/default.jpg', null);

INSERT INTO ChildcareTransaction VALUES ('1000003384', 'Regular Childcare', '103384', '2014-12-07', '12:00:00', '14:00:00', 20.50);

INSERT INTO AllowedConnections VALUES ('103385', '131920', '131923', 13192, null);

INSERT INTO Child VALUES ('131923', 'Child3386', '3386child', '2006-02-02', null, null, '../../Pictures/default.jpg', null);

INSERT INTO ChildcareTransaction VALUES ('1000003385', 'Regular Childcare', '103385', '2014-09-05', '12:00:00', '14:00:00', 20.50);

INSERT INTO AllowedConnections VALUES ('103386', '131920', '131924', 13192, null);

INSERT INTO Child VALUES ('131924', 'Child3387', '3387child', '2006-02-02', null, null, '../../Pictures/default.jpg', null);

INSERT INTO ChildcareTransaction VALUES ('1000003386', 'Regular Childcare', '103386', '2014-02-04', '12:00:00', '14:00:00', 20.50);

INSERT INTO AllowedConnections VALUES ('103387', '131920', '131925', 13192, null);

INSERT INTO Child VALUES ('131925', 'Child3388', '3388child', '2006-02-02', null, null, '../../Pictures/default.jpg', null);

INSERT INTO ChildcareTransaction VALUES ('1000003387', 'Regular Childcare', '103387', '2014-12-27', '12:00:00', '14:00:00', 20.50);

INSERT INTO Guardian VALUES ('131920', '1234', 'Guardian847', '847guardian', '555-555-5555', 'blah@blah.com', '123 nowhere', null, 'Spokane', 'WA', '99999', '../../Pictures/default.jpg', null);

INSERT INTO Family VALUES ('13192', 42);

INSERT INTO Guardian VALUES ('131921', '1234', 'Guardian2847', '8472guardian', '555-555-5555', 'blah@blah.com', '123 nowhere', null, 'Spokane', 'WA', '99999', '../../Pictures/default.jpg', null);

INSERT INTO AllowedConnections VALUES ('103388', '131930', '131932', 13193, null);

INSERT INTO Child VALUES ('131932', 'Child3389', '3389child', '2006-02-02', null, null, '../../Pictures/default.jpg', null);

INSERT INTO ChildcareTransaction VALUES ('1000003388', 'Regular Childcare', '103388', '2014-09-18', '12:00:00', '14:00:00', 20.50);

INSERT INTO AllowedConnections VALUES ('103389', '131930', '131933', 13193, null);

INSERT INTO Child VALUES ('131933', 'Child3390', '3390child', '2006-02-02', null, null, '../../Pictures/default.jpg', null);

INSERT INTO ChildcareTransaction VALUES ('1000003389', 'Regular Childcare', '103389', '2014-03-10', '12:00:00', '14:00:00', 20.50);

INSERT INTO AllowedConnections VALUES ('103390', '131930', '131934', 13193, null);

INSERT INTO Child VALUES ('131934', 'Child3391', '3391child', '2006-02-02', null, null, '../../Pictures/default.jpg', null);

INSERT INTO ChildcareTransaction VALUES ('1000003390', 'Regular Childcare', '103390', '2014-06-28', '12:00:00', '14:00:00', 20.50);

INSERT INTO AllowedConnections VALUES ('103391', '131930', '131935', 13193, null);

INSERT INTO Child VALUES ('131935', 'Child3392', '3392child', '2006-02-02', null, null, '../../Pictures/default.jpg', null);

INSERT INTO ChildcareTransaction VALUES ('1000003391', 'Regular Childcare', '103391', '2014-09-07', '12:00:00', '14:00:00', 20.50);

INSERT INTO Guardian VALUES ('131930', '1234', 'Guardian848', '848guardian', '555-555-5555', 'blah@blah.com', '123 nowhere', null, 'Spokane', 'WA', '99999', '../../Pictures/default.jpg', null);

INSERT INTO Family VALUES ('13193', 42);

INSERT INTO Guardian VALUES ('131931', '1234', 'Guardian2848', '8482guardian', '555-555-5555', 'blah@blah.com', '123 nowhere', null, 'Spokane', 'WA', '99999', '../../Pictures/default.jpg', null);

INSERT INTO AllowedConnections VALUES ('103392', '131940', '131942', 13194, null);

INSERT INTO Child VALUES ('131942', 'Child3393', '3393child', '2006-02-02', null, null, '../../Pictures/default.jpg', null);

INSERT INTO ChildcareTransaction VALUES ('1000003392', 'Regular Childcare', '103392', '2014-01-14', '12:00:00', '14:00:00', 20.50);

INSERT INTO AllowedConnections VALUES ('103393', '131940', '131943', 13194, null);

INSERT INTO Child VALUES ('131943', 'Child3394', '3394child', '2006-02-02', null, null, '../../Pictures/default.jpg', null);

INSERT INTO ChildcareTransaction VALUES ('1000003393', 'Regular Childcare', '103393', '2014-07-16', '12:00:00', '14:00:00', 20.50);

INSERT INTO AllowedConnections VALUES ('103394', '131940', '131944', 13194, null);

INSERT INTO Child VALUES ('131944', 'Child3395', '3395child', '2006-02-02', null, null, '../../Pictures/default.jpg', null);

INSERT INTO ChildcareTransaction VALUES ('1000003394', 'Regular Childcare', '103394', '2014-09-03', '12:00:00', '14:00:00', 20.50);

INSERT INTO AllowedConnections VALUES ('103395', '131940', '131945', 13194, null);

INSERT INTO Child VALUES ('131945', 'Child3396', '3396child', '2006-02-02', null, null, '../../Pictures/default.jpg', null);

INSERT INTO ChildcareTransaction VALUES ('1000003395', 'Regular Childcare', '103395', '2014-09-04', '12:00:00', '14:00:00', 20.50);

INSERT INTO Guardian VALUES ('131940', '1234', 'Guardian849', '849guardian', '555-555-5555', 'blah@blah.com', '123 nowhere', null, 'Spokane', 'WA', '99999', '../../Pictures/default.jpg', null);

INSERT INTO Family VALUES ('13194', 42);

INSERT INTO Guardian VALUES ('131941', '1234', 'Guardian2849', '8492guardian', '555-555-5555', 'blah@blah.com', '123 nowhere', null, 'Spokane', 'WA', '99999', '../../Pictures/default.jpg', null);

INSERT INTO AllowedConnections VALUES ('103396', '131950', '131952', 13195, null);

INSERT INTO Child VALUES ('131952', 'Child3397', '3397child', '2006-02-02', null, null, '../../Pictures/default.jpg', null);

INSERT INTO ChildcareTransaction VALUES ('1000003396', 'Regular Childcare', '103396', '2014-11-26', '12:00:00', '14:00:00', 20.50);

INSERT INTO AllowedConnections VALUES ('103397', '131950', '131953', 13195, null);

INSERT INTO Child VALUES ('131953', 'Child3398', '3398child', '2006-02-02', null, null, '../../Pictures/default.jpg', null);

INSERT INTO ChildcareTransaction VALUES ('1000003397', 'Regular Childcare', '103397', '2014-06-17', '12:00:00', '14:00:00', 20.50);

INSERT INTO AllowedConnections VALUES ('103398', '131950', '131954', 13195, null);

INSERT INTO Child VALUES ('131954', 'Child3399', '3399child', '2006-02-02', null, null, '../../Pictures/default.jpg', null);

INSERT INTO ChildcareTransaction VALUES ('1000003398', 'Regular Childcare', '103398', '2014-07-08', '12:00:00', '14:00:00', 20.50);

INSERT INTO AllowedConnections VALUES ('103399', '131950', '131955', 13195, null);

INSERT INTO Child VALUES ('131955', 'Child3400', '3400child', '2006-02-02', null, null, '../../Pictures/default.jpg', null);

INSERT INTO ChildcareTransaction VALUES ('1000003399', 'Regular Childcare', '103399', '2014-12-12', '12:00:00', '14:00:00', 20.50);

INSERT INTO Guardian VALUES ('131950', '1234', 'Guardian850', '850guardian', '555-555-5555', 'blah@blah.com', '123 nowhere', null, 'Spokane', 'WA', '99999', '../../Pictures/default.jpg', null);

INSERT INTO Family VALUES ('13195', 42);

INSERT INTO Guardian VALUES ('131951', '1234', 'Guardian2850', '8502guardian', '555-555-5555', 'blah@blah.com', '123 nowhere', null, 'Spokane', 'WA', '99999', '../../Pictures/default.jpg', null);

INSERT INTO AllowedConnections VALUES ('103400', '131960', '131962', 13196, null);

INSERT INTO Child VALUES ('131962', 'Child3401', '3401child', '2006-02-02', null, null, '../../Pictures/default.jpg', null);

INSERT INTO ChildcareTransaction VALUES ('1000003400', 'Regular Childcare', '103400', '2014-12-26', '12:00:00', '14:00:00', 20.50);

INSERT INTO AllowedConnections VALUES ('103401', '131960', '131963', 13196, null);

INSERT INTO Child VALUES ('131963', 'Child3402', '3402child', '2006-02-02', null, null, '../../Pictures/default.jpg', null);

INSERT INTO ChildcareTransaction VALUES ('1000003401', 'Regular Childcare', '103401', '2014-01-05', '12:00:00', '14:00:00', 20.50);

INSERT INTO AllowedConnections VALUES ('103402', '131960', '131964', 13196, null);

INSERT INTO Child VALUES ('131964', 'Child3403', '3403child', '2006-02-02', null, null, '../../Pictures/default.jpg', null);

INSERT INTO ChildcareTransaction VALUES ('1000003402', 'Regular Childcare', '103402', '2014-06-15', '12:00:00', '14:00:00', 20.50);

INSERT INTO AllowedConnections VALUES ('103403', '131960', '131965', 13196, null);

INSERT INTO Child VALUES ('131965', 'Child3404', '3404child', '2006-02-02', null, null, '../../Pictures/default.jpg', null);

INSERT INTO ChildcareTransaction VALUES ('1000003403', 'Regular Childcare', '103403', '2014-01-18', '12:00:00', '14:00:00', 20.50);

INSERT INTO Guardian VALUES ('131960', '1234', 'Guardian851', '851guardian', '555-555-5555', 'blah@blah.com', '123 nowhere', null, 'Spokane', 'WA', '99999', '../../Pictures/default.jpg', null);

INSERT INTO Family VALUES ('13196', 42);

INSERT INTO Guardian VALUES ('131961', '1234', 'Guardian2851', '8512guardian', '555-555-5555', 'blah@blah.com', '123 nowhere', null, 'Spokane', 'WA', '99999', '../../Pictures/default.jpg', null);

INSERT INTO AllowedConnections VALUES ('103404', '131970', '131972', 13197, null);

INSERT INTO Child VALUES ('131972', 'Child3405', '3405child', '2006-02-02', null, null, '../../Pictures/default.jpg', null);

INSERT INTO ChildcareTransaction VALUES ('1000003404', 'Regular Childcare', '103404', '2014-03-28', '12:00:00', '14:00:00', 20.50);

INSERT INTO AllowedConnections VALUES ('103405', '131970', '131973', 13197, null);

INSERT INTO Child VALUES ('131973', 'Child3406', '3406child', '2006-02-02', null, null, '../../Pictures/default.jpg', null);

INSERT INTO ChildcareTransaction VALUES ('1000003405', 'Regular Childcare', '103405', '2014-12-26', '12:00:00', '14:00:00', 20.50);

INSERT INTO AllowedConnections VALUES ('103406', '131970', '131974', 13197, null);

INSERT INTO Child VALUES ('131974', 'Child3407', '3407child', '2006-02-02', null, null, '../../Pictures/default.jpg', null);

INSERT INTO ChildcareTransaction VALUES ('1000003406', 'Regular Childcare', '103406', '2014-10-24', '12:00:00', '14:00:00', 20.50);

INSERT INTO AllowedConnections VALUES ('103407', '131970', '131975', 13197, null);

INSERT INTO Child VALUES ('131975', 'Child3408', '3408child', '2006-02-02', null, null, '../../Pictures/default.jpg', null);

INSERT INTO ChildcareTransaction VALUES ('1000003407', 'Regular Childcare', '103407', '2014-07-02', '12:00:00', '14:00:00', 20.50);

INSERT INTO Guardian VALUES ('131970', '1234', 'Guardian852', '852guardian', '555-555-5555', 'blah@blah.com', '123 nowhere', null, 'Spokane', 'WA', '99999', '../../Pictures/default.jpg', null);

INSERT INTO Family VALUES ('13197', 42);

INSERT INTO Guardian VALUES ('131971', '1234', 'Guardian2852', '8522guardian', '555-555-5555', 'blah@blah.com', '123 nowhere', null, 'Spokane', 'WA', '99999', '../../Pictures/default.jpg', null);

INSERT INTO AllowedConnections VALUES ('103408', '131980', '131982', 13198, null);

INSERT INTO Child VALUES ('131982', 'Child3409', '3409child', '2006-02-02', null, null, '../../Pictures/default.jpg', null);

INSERT INTO ChildcareTransaction VALUES ('1000003408', 'Regular Childcare', '103408', '2014-04-01', '12:00:00', '14:00:00', 20.50);

INSERT INTO AllowedConnections VALUES ('103409', '131980', '131983', 13198, null);

INSERT INTO Child VALUES ('131983', 'Child3410', '3410child', '2006-02-02', null, null, '../../Pictures/default.jpg', null);

INSERT INTO ChildcareTransaction VALUES ('1000003409', 'Regular Childcare', '103409', '2014-05-09', '12:00:00', '14:00:00', 20.50);

INSERT INTO AllowedConnections VALUES ('103410', '131980', '131984', 13198, null);

INSERT INTO Child VALUES ('131984', 'Child3411', '3411child', '2006-02-02', null, null, '../../Pictures/default.jpg', null);

INSERT INTO ChildcareTransaction VALUES ('1000003410', 'Regular Childcare', '103410', '2014-11-17', '12:00:00', '14:00:00', 20.50);

INSERT INTO AllowedConnections VALUES ('103411', '131980', '131985', 13198, null);

INSERT INTO Child VALUES ('131985', 'Child3412', '3412child', '2006-02-02', null, null, '../../Pictures/default.jpg', null);

INSERT INTO ChildcareTransaction VALUES ('1000003411', 'Regular Childcare', '103411', '2014-06-06', '12:00:00', '14:00:00', 20.50);

INSERT INTO Guardian VALUES ('131980', '1234', 'Guardian853', '853guardian', '555-555-5555', 'blah@blah.com', '123 nowhere', null, 'Spokane', 'WA', '99999', '../../Pictures/default.jpg', null);

INSERT INTO Family VALUES ('13198', 42);

INSERT INTO Guardian VALUES ('131981', '1234', 'Guardian2853', '8532guardian', '555-555-5555', 'blah@blah.com', '123 nowhere', null, 'Spokane', 'WA', '99999', '../../Pictures/default.jpg', null);

INSERT INTO AllowedConnections VALUES ('103412', '131990', '131992', 13199, null);

INSERT INTO Child VALUES ('131992', 'Child3413', '3413child', '2006-02-02', null, null, '../../Pictures/default.jpg', null);

INSERT INTO ChildcareTransaction VALUES ('1000003412', 'Regular Childcare', '103412', '2014-05-08', '12:00:00', '14:00:00', 20.50);

INSERT INTO AllowedConnections VALUES ('103413', '131990', '131993', 13199, null);

INSERT INTO Child VALUES ('131993', 'Child3414', '3414child', '2006-02-02', null, null, '../../Pictures/default.jpg', null);

INSERT INTO ChildcareTransaction VALUES ('1000003413', 'Regular Childcare', '103413', '2014-01-08', '12:00:00', '14:00:00', 20.50);

INSERT INTO AllowedConnections VALUES ('103414', '131990', '131994', 13199, null);

INSERT INTO Child VALUES ('131994', 'Child3415', '3415child', '2006-02-02', null, null, '../../Pictures/default.jpg', null);

INSERT INTO ChildcareTransaction VALUES ('1000003414', 'Regular Childcare', '103414', '2014-10-03', '12:00:00', '14:00:00', 20.50);

INSERT INTO AllowedConnections VALUES ('103415', '131990', '131995', 13199, null);

INSERT INTO Child VALUES ('131995', 'Child3416', '3416child', '2006-02-02', null, null, '../../Pictures/default.jpg', null);

INSERT INTO ChildcareTransaction VALUES ('1000003415', 'Regular Childcare', '103415', '2014-11-05', '12:00:00', '14:00:00', 20.50);

INSERT INTO Guardian VALUES ('131990', '1234', 'Guardian854', '854guardian', '555-555-5555', 'blah@blah.com', '123 nowhere', null, 'Spokane', 'WA', '99999', '../../Pictures/default.jpg', null);

INSERT INTO Family VALUES ('13199', 42);

INSERT INTO Guardian VALUES ('131991', '1234', 'Guardian2854', '8542guardian', '555-555-5555', 'blah@blah.com', '123 nowhere', null, 'Spokane', 'WA', '99999', '../../Pictures/default.jpg', null);

INSERT INTO AllowedConnections VALUES ('103416', '132000', '132002', 13200, null);

INSERT INTO Child VALUES ('132002', 'Child3417', '3417child', '2006-02-02', null, null, '../../Pictures/default.jpg', null);

INSERT INTO ChildcareTransaction VALUES ('1000003416', 'Regular Childcare', '103416', '2014-08-28', '12:00:00', '14:00:00', 20.50);

INSERT INTO AllowedConnections VALUES ('103417', '132000', '132003', 13200, null);

INSERT INTO Child VALUES ('132003', 'Child3418', '3418child', '2006-02-02', null, null, '../../Pictures/default.jpg', null);

INSERT INTO ChildcareTransaction VALUES ('1000003417', 'Regular Childcare', '103417', '2014-12-05', '12:00:00', '14:00:00', 20.50);

INSERT INTO AllowedConnections VALUES ('103418', '132000', '132004', 13200, null);

INSERT INTO Child VALUES ('132004', 'Child3419', '3419child', '2006-02-02', null, null, '../../Pictures/default.jpg', null);

INSERT INTO ChildcareTransaction VALUES ('1000003418', 'Regular Childcare', '103418', '2014-03-01', '12:00:00', '14:00:00', 20.50);

INSERT INTO AllowedConnections VALUES ('103419', '132000', '132005', 13200, null);

INSERT INTO Child VALUES ('132005', 'Child3420', '3420child', '2006-02-02', null, null, '../../Pictures/default.jpg', null);

INSERT INTO ChildcareTransaction VALUES ('1000003419', 'Regular Childcare', '103419', '2014-03-23', '12:00:00', '14:00:00', 20.50);

INSERT INTO Guardian VALUES ('132000', '1234', 'Guardian855', '855guardian', '555-555-5555', 'blah@blah.com', '123 nowhere', null, 'Spokane', 'WA', '99999', '../../Pictures/default.jpg', null);

INSERT INTO Family VALUES ('13200', 42);

INSERT INTO Guardian VALUES ('132001', '1234', 'Guardian2855', '8552guardian', '555-555-5555', 'blah@blah.com', '123 nowhere', null, 'Spokane', 'WA', '99999', '../../Pictures/default.jpg', null);

INSERT INTO AllowedConnections VALUES ('103420', '132010', '132012', 13201, null);

INSERT INTO Child VALUES ('132012', 'Child3421', '3421child', '2006-02-02', null, null, '../../Pictures/default.jpg', null);

INSERT INTO ChildcareTransaction VALUES ('1000003420', 'Regular Childcare', '103420', '2014-08-24', '12:00:00', '14:00:00', 20.50);

INSERT INTO AllowedConnections VALUES ('103421', '132010', '132013', 13201, null);

INSERT INTO Child VALUES ('132013', 'Child3422', '3422child', '2006-02-02', null, null, '../../Pictures/default.jpg', null);

INSERT INTO ChildcareTransaction VALUES ('1000003421', 'Regular Childcare', '103421', '2014-07-18', '12:00:00', '14:00:00', 20.50);

INSERT INTO AllowedConnections VALUES ('103422', '132010', '132014', 13201, null);

INSERT INTO Child VALUES ('132014', 'Child3423', '3423child', '2006-02-02', null, null, '../../Pictures/default.jpg', null);

INSERT INTO ChildcareTransaction VALUES ('1000003422', 'Regular Childcare', '103422', '2014-01-20', '12:00:00', '14:00:00', 20.50);

INSERT INTO AllowedConnections VALUES ('103423', '132010', '132015', 13201, null);

INSERT INTO Child VALUES ('132015', 'Child3424', '3424child', '2006-02-02', null, null, '../../Pictures/default.jpg', null);

INSERT INTO ChildcareTransaction VALUES ('1000003423', 'Regular Childcare', '103423', '2014-06-19', '12:00:00', '14:00:00', 20.50);

INSERT INTO Guardian VALUES ('132010', '1234', 'Guardian856', '856guardian', '555-555-5555', 'blah@blah.com', '123 nowhere', null, 'Spokane', 'WA', '99999', '../../Pictures/default.jpg', null);

INSERT INTO Family VALUES ('13201', 42);

INSERT INTO Guardian VALUES ('132011', '1234', 'Guardian2856', '8562guardian', '555-555-5555', 'blah@blah.com', '123 nowhere', null, 'Spokane', 'WA', '99999', '../../Pictures/default.jpg', null);

INSERT INTO AllowedConnections VALUES ('103424', '132020', '132022', 13202, null);

INSERT INTO Child VALUES ('132022', 'Child3425', '3425child', '2006-02-02', null, null, '../../Pictures/default.jpg', null);

INSERT INTO ChildcareTransaction VALUES ('1000003424', 'Regular Childcare', '103424', '2014-06-08', '12:00:00', '14:00:00', 20.50);

INSERT INTO AllowedConnections VALUES ('103425', '132020', '132023', 13202, null);

INSERT INTO Child VALUES ('132023', 'Child3426', '3426child', '2006-02-02', null, null, '../../Pictures/default.jpg', null);

INSERT INTO ChildcareTransaction VALUES ('1000003425', 'Regular Childcare', '103425', '2014-03-02', '12:00:00', '14:00:00', 20.50);

INSERT INTO AllowedConnections VALUES ('103426', '132020', '132024', 13202, null);

INSERT INTO Child VALUES ('132024', 'Child3427', '3427child', '2006-02-02', null, null, '../../Pictures/default.jpg', null);

INSERT INTO ChildcareTransaction VALUES ('1000003426', 'Regular Childcare', '103426', '2014-10-04', '12:00:00', '14:00:00', 20.50);

INSERT INTO AllowedConnections VALUES ('103427', '132020', '132025', 13202, null);

INSERT INTO Child VALUES ('132025', 'Child3428', '3428child', '2006-02-02', null, null, '../../Pictures/default.jpg', null);

INSERT INTO ChildcareTransaction VALUES ('1000003427', 'Regular Childcare', '103427', '2014-12-03', '12:00:00', '14:00:00', 20.50);

INSERT INTO Guardian VALUES ('132020', '1234', 'Guardian857', '857guardian', '555-555-5555', 'blah@blah.com', '123 nowhere', null, 'Spokane', 'WA', '99999', '../../Pictures/default.jpg', null);

INSERT INTO Family VALUES ('13202', 42);

INSERT INTO Guardian VALUES ('132021', '1234', 'Guardian2857', '8572guardian', '555-555-5555', 'blah@blah.com', '123 nowhere', null, 'Spokane', 'WA', '99999', '../../Pictures/default.jpg', null);

INSERT INTO AllowedConnections VALUES ('103428', '132030', '132032', 13203, null);

INSERT INTO Child VALUES ('132032', 'Child3429', '3429child', '2006-02-02', null, null, '../../Pictures/default.jpg', null);

INSERT INTO ChildcareTransaction VALUES ('1000003428', 'Regular Childcare', '103428', '2014-12-04', '12:00:00', '14:00:00', 20.50);

INSERT INTO AllowedConnections VALUES ('103429', '132030', '132033', 13203, null);

INSERT INTO Child VALUES ('132033', 'Child3430', '3430child', '2006-02-02', null, null, '../../Pictures/default.jpg', null);

INSERT INTO ChildcareTransaction VALUES ('1000003429', 'Regular Childcare', '103429', '2014-11-01', '12:00:00', '14:00:00', 20.50);

INSERT INTO AllowedConnections VALUES ('103430', '132030', '132034', 13203, null);

INSERT INTO Child VALUES ('132034', 'Child3431', '3431child', '2006-02-02', null, null, '../../Pictures/default.jpg', null);

INSERT INTO ChildcareTransaction VALUES ('1000003430', 'Regular Childcare', '103430', '2014-12-04', '12:00:00', '14:00:00', 20.50);

INSERT INTO AllowedConnections VALUES ('103431', '132030', '132035', 13203, null);

INSERT INTO Child VALUES ('132035', 'Child3432', '3432child', '2006-02-02', null, null, '../../Pictures/default.jpg', null);

INSERT INTO ChildcareTransaction VALUES ('1000003431', 'Regular Childcare', '103431', '2014-11-28', '12:00:00', '14:00:00', 20.50);

INSERT INTO Guardian VALUES ('132030', '1234', 'Guardian858', '858guardian', '555-555-5555', 'blah@blah.com', '123 nowhere', null, 'Spokane', 'WA', '99999', '../../Pictures/default.jpg', null);

INSERT INTO Family VALUES ('13203', 42);

INSERT INTO Guardian VALUES ('132031', '1234', 'Guardian2858', '8582guardian', '555-555-5555', 'blah@blah.com', '123 nowhere', null, 'Spokane', 'WA', '99999', '../../Pictures/default.jpg', null);

INSERT INTO AllowedConnections VALUES ('103432', '132040', '132042', 13204, null);

INSERT INTO Child VALUES ('132042', 'Child3433', '3433child', '2006-02-02', null, null, '../../Pictures/default.jpg', null);

INSERT INTO ChildcareTransaction VALUES ('1000003432', 'Regular Childcare', '103432', '2014-06-21', '12:00:00', '14:00:00', 20.50);

INSERT INTO AllowedConnections VALUES ('103433', '132040', '132043', 13204, null);

INSERT INTO Child VALUES ('132043', 'Child3434', '3434child', '2006-02-02', null, null, '../../Pictures/default.jpg', null);

INSERT INTO ChildcareTransaction VALUES ('1000003433', 'Regular Childcare', '103433', '2014-10-27', '12:00:00', '14:00:00', 20.50);

INSERT INTO AllowedConnections VALUES ('103434', '132040', '132044', 13204, null);

INSERT INTO Child VALUES ('132044', 'Child3435', '3435child', '2006-02-02', null, null, '../../Pictures/default.jpg', null);

INSERT INTO ChildcareTransaction VALUES ('1000003434', 'Regular Childcare', '103434', '2014-09-21', '12:00:00', '14:00:00', 20.50);

INSERT INTO AllowedConnections VALUES ('103435', '132040', '132045', 13204, null);

INSERT INTO Child VALUES ('132045', 'Child3436', '3436child', '2006-02-02', null, null, '../../Pictures/default.jpg', null);

INSERT INTO ChildcareTransaction VALUES ('1000003435', 'Regular Childcare', '103435', '2014-05-27', '12:00:00', '14:00:00', 20.50);

INSERT INTO Guardian VALUES ('132040', '1234', 'Guardian859', '859guardian', '555-555-5555', 'blah@blah.com', '123 nowhere', null, 'Spokane', 'WA', '99999', '../../Pictures/default.jpg', null);

INSERT INTO Family VALUES ('13204', 42);

INSERT INTO Guardian VALUES ('132041', '1234', 'Guardian2859', '8592guardian', '555-555-5555', 'blah@blah.com', '123 nowhere', null, 'Spokane', 'WA', '99999', '../../Pictures/default.jpg', null);

INSERT INTO AllowedConnections VALUES ('103436', '132050', '132052', 13205, null);

INSERT INTO Child VALUES ('132052', 'Child3437', '3437child', '2006-02-02', null, null, '../../Pictures/default.jpg', null);

INSERT INTO ChildcareTransaction VALUES ('1000003436', 'Regular Childcare', '103436', '2014-11-15', '12:00:00', '14:00:00', 20.50);

INSERT INTO AllowedConnections VALUES ('103437', '132050', '132053', 13205, null);

INSERT INTO Child VALUES ('132053', 'Child3438', '3438child', '2006-02-02', null, null, '../../Pictures/default.jpg', null);

INSERT INTO ChildcareTransaction VALUES ('1000003437', 'Regular Childcare', '103437', '2014-05-24', '12:00:00', '14:00:00', 20.50);

INSERT INTO AllowedConnections VALUES ('103438', '132050', '132054', 13205, null);

INSERT INTO Child VALUES ('132054', 'Child3439', '3439child', '2006-02-02', null, null, '../../Pictures/default.jpg', null);

INSERT INTO ChildcareTransaction VALUES ('1000003438', 'Regular Childcare', '103438', '2014-05-27', '12:00:00', '14:00:00', 20.50);

INSERT INTO AllowedConnections VALUES ('103439', '132050', '132055', 13205, null);

INSERT INTO Child VALUES ('132055', 'Child3440', '3440child', '2006-02-02', null, null, '../../Pictures/default.jpg', null);

INSERT INTO ChildcareTransaction VALUES ('1000003439', 'Regular Childcare', '103439', '2014-06-21', '12:00:00', '14:00:00', 20.50);

INSERT INTO Guardian VALUES ('132050', '1234', 'Guardian860', '860guardian', '555-555-5555', 'blah@blah.com', '123 nowhere', null, 'Spokane', 'WA', '99999', '../../Pictures/default.jpg', null);

INSERT INTO Family VALUES ('13205', 42);

INSERT INTO Guardian VALUES ('132051', '1234', 'Guardian2860', '8602guardian', '555-555-5555', 'blah@blah.com', '123 nowhere', null, 'Spokane', 'WA', '99999', '../../Pictures/default.jpg', null);

INSERT INTO AllowedConnections VALUES ('103440', '132060', '132062', 13206, null);

INSERT INTO Child VALUES ('132062', 'Child3441', '3441child', '2006-02-02', null, null, '../../Pictures/default.jpg', null);

INSERT INTO ChildcareTransaction VALUES ('1000003440', 'Regular Childcare', '103440', '2014-09-04', '12:00:00', '14:00:00', 20.50);

INSERT INTO AllowedConnections VALUES ('103441', '132060', '132063', 13206, null);

INSERT INTO Child VALUES ('132063', 'Child3442', '3442child', '2006-02-02', null, null, '../../Pictures/default.jpg', null);

INSERT INTO ChildcareTransaction VALUES ('1000003441', 'Regular Childcare', '103441', '2014-12-16', '12:00:00', '14:00:00', 20.50);

INSERT INTO AllowedConnections VALUES ('103442', '132060', '132064', 13206, null);

INSERT INTO Child VALUES ('132064', 'Child3443', '3443child', '2006-02-02', null, null, '../../Pictures/default.jpg', null);

INSERT INTO ChildcareTransaction VALUES ('1000003442', 'Regular Childcare', '103442', '2014-12-10', '12:00:00', '14:00:00', 20.50);

INSERT INTO AllowedConnections VALUES ('103443', '132060', '132065', 13206, null);

INSERT INTO Child VALUES ('132065', 'Child3444', '3444child', '2006-02-02', null, null, '../../Pictures/default.jpg', null);

INSERT INTO ChildcareTransaction VALUES ('1000003443', 'Regular Childcare', '103443', '2014-09-25', '12:00:00', '14:00:00', 20.50);

INSERT INTO Guardian VALUES ('132060', '1234', 'Guardian861', '861guardian', '555-555-5555', 'blah@blah.com', '123 nowhere', null, 'Spokane', 'WA', '99999', '../../Pictures/default.jpg', null);

INSERT INTO Family VALUES ('13206', 42);

INSERT INTO Guardian VALUES ('132061', '1234', 'Guardian2861', '8612guardian', '555-555-5555', 'blah@blah.com', '123 nowhere', null, 'Spokane', 'WA', '99999', '../../Pictures/default.jpg', null);

INSERT INTO AllowedConnections VALUES ('103444', '132070', '132072', 13207, null);

INSERT INTO Child VALUES ('132072', 'Child3445', '3445child', '2006-02-02', null, null, '../../Pictures/default.jpg', null);

INSERT INTO ChildcareTransaction VALUES ('1000003444', 'Regular Childcare', '103444', '2014-12-23', '12:00:00', '14:00:00', 20.50);

INSERT INTO AllowedConnections VALUES ('103445', '132070', '132073', 13207, null);

INSERT INTO Child VALUES ('132073', 'Child3446', '3446child', '2006-02-02', null, null, '../../Pictures/default.jpg', null);

INSERT INTO ChildcareTransaction VALUES ('1000003445', 'Regular Childcare', '103445', '2014-02-27', '12:00:00', '14:00:00', 20.50);

INSERT INTO AllowedConnections VALUES ('103446', '132070', '132074', 13207, null);

INSERT INTO Child VALUES ('132074', 'Child3447', '3447child', '2006-02-02', null, null, '../../Pictures/default.jpg', null);

INSERT INTO ChildcareTransaction VALUES ('1000003446', 'Regular Childcare', '103446', '2014-08-18', '12:00:00', '14:00:00', 20.50);

INSERT INTO AllowedConnections VALUES ('103447', '132070', '132075', 13207, null);

INSERT INTO Child VALUES ('132075', 'Child3448', '3448child', '2006-02-02', null, null, '../../Pictures/default.jpg', null);

INSERT INTO ChildcareTransaction VALUES ('1000003447', 'Regular Childcare', '103447', '2014-10-13', '12:00:00', '14:00:00', 20.50);

INSERT INTO Guardian VALUES ('132070', '1234', 'Guardian862', '862guardian', '555-555-5555', 'blah@blah.com', '123 nowhere', null, 'Spokane', 'WA', '99999', '../../Pictures/default.jpg', null);

INSERT INTO Family VALUES ('13207', 42);

INSERT INTO Guardian VALUES ('132071', '1234', 'Guardian2862', '8622guardian', '555-555-5555', 'blah@blah.com', '123 nowhere', null, 'Spokane', 'WA', '99999', '../../Pictures/default.jpg', null);

INSERT INTO AllowedConnections VALUES ('103448', '132080', '132082', 13208, null);

INSERT INTO Child VALUES ('132082', 'Child3449', '3449child', '2006-02-02', null, null, '../../Pictures/default.jpg', null);

INSERT INTO ChildcareTransaction VALUES ('1000003448', 'Regular Childcare', '103448', '2014-02-28', '12:00:00', '14:00:00', 20.50);

INSERT INTO AllowedConnections VALUES ('103449', '132080', '132083', 13208, null);

INSERT INTO Child VALUES ('132083', 'Child3450', '3450child', '2006-02-02', null, null, '../../Pictures/default.jpg', null);

INSERT INTO ChildcareTransaction VALUES ('1000003449', 'Regular Childcare', '103449', '2014-01-26', '12:00:00', '14:00:00', 20.50);

INSERT INTO AllowedConnections VALUES ('103450', '132080', '132084', 13208, null);

INSERT INTO Child VALUES ('132084', 'Child3451', '3451child', '2006-02-02', null, null, '../../Pictures/default.jpg', null);

INSERT INTO ChildcareTransaction VALUES ('1000003450', 'Regular Childcare', '103450', '2014-12-28', '12:00:00', '14:00:00', 20.50);

INSERT INTO AllowedConnections VALUES ('103451', '132080', '132085', 13208, null);

INSERT INTO Child VALUES ('132085', 'Child3452', '3452child', '2006-02-02', null, null, '../../Pictures/default.jpg', null);

INSERT INTO ChildcareTransaction VALUES ('1000003451', 'Regular Childcare', '103451', '2014-08-28', '12:00:00', '14:00:00', 20.50);

INSERT INTO Guardian VALUES ('132080', '1234', 'Guardian863', '863guardian', '555-555-5555', 'blah@blah.com', '123 nowhere', null, 'Spokane', 'WA', '99999', '../../Pictures/default.jpg', null);

INSERT INTO Family VALUES ('13208', 42);

INSERT INTO Guardian VALUES ('132081', '1234', 'Guardian2863', '8632guardian', '555-555-5555', 'blah@blah.com', '123 nowhere', null, 'Spokane', 'WA', '99999', '../../Pictures/default.jpg', null);

INSERT INTO AllowedConnections VALUES ('103452', '132090', '132092', 13209, null);

INSERT INTO Child VALUES ('132092', 'Child3453', '3453child', '2006-02-02', null, null, '../../Pictures/default.jpg', null);

INSERT INTO ChildcareTransaction VALUES ('1000003452', 'Regular Childcare', '103452', '2014-04-18', '12:00:00', '14:00:00', 20.50);

INSERT INTO AllowedConnections VALUES ('103453', '132090', '132093', 13209, null);

INSERT INTO Child VALUES ('132093', 'Child3454', '3454child', '2006-02-02', null, null, '../../Pictures/default.jpg', null);

INSERT INTO ChildcareTransaction VALUES ('1000003453', 'Regular Childcare', '103453', '2014-06-11', '12:00:00', '14:00:00', 20.50);

INSERT INTO AllowedConnections VALUES ('103454', '132090', '132094', 13209, null);

INSERT INTO Child VALUES ('132094', 'Child3455', '3455child', '2006-02-02', null, null, '../../Pictures/default.jpg', null);

INSERT INTO ChildcareTransaction VALUES ('1000003454', 'Regular Childcare', '103454', '2014-08-12', '12:00:00', '14:00:00', 20.50);

INSERT INTO AllowedConnections VALUES ('103455', '132090', '132095', 13209, null);

INSERT INTO Child VALUES ('132095', 'Child3456', '3456child', '2006-02-02', null, null, '../../Pictures/default.jpg', null);

INSERT INTO ChildcareTransaction VALUES ('1000003455', 'Regular Childcare', '103455', '2014-02-12', '12:00:00', '14:00:00', 20.50);

INSERT INTO Guardian VALUES ('132090', '1234', 'Guardian864', '864guardian', '555-555-5555', 'blah@blah.com', '123 nowhere', null, 'Spokane', 'WA', '99999', '../../Pictures/default.jpg', null);

INSERT INTO Family VALUES ('13209', 42);

INSERT INTO Guardian VALUES ('132091', '1234', 'Guardian2864', '8642guardian', '555-555-5555', 'blah@blah.com', '123 nowhere', null, 'Spokane', 'WA', '99999', '../../Pictures/default.jpg', null);

INSERT INTO AllowedConnections VALUES ('103456', '132100', '132102', 13210, null);

INSERT INTO Child VALUES ('132102', 'Child3457', '3457child', '2006-02-02', null, null, '../../Pictures/default.jpg', null);

INSERT INTO ChildcareTransaction VALUES ('1000003456', 'Regular Childcare', '103456', '2014-09-18', '12:00:00', '14:00:00', 20.50);

INSERT INTO AllowedConnections VALUES ('103457', '132100', '132103', 13210, null);

INSERT INTO Child VALUES ('132103', 'Child3458', '3458child', '2006-02-02', null, null, '../../Pictures/default.jpg', null);

INSERT INTO ChildcareTransaction VALUES ('1000003457', 'Regular Childcare', '103457', '2014-05-03', '12:00:00', '14:00:00', 20.50);

INSERT INTO AllowedConnections VALUES ('103458', '132100', '132104', 13210, null);

INSERT INTO Child VALUES ('132104', 'Child3459', '3459child', '2006-02-02', null, null, '../../Pictures/default.jpg', null);

INSERT INTO ChildcareTransaction VALUES ('1000003458', 'Regular Childcare', '103458', '2014-04-25', '12:00:00', '14:00:00', 20.50);

INSERT INTO AllowedConnections VALUES ('103459', '132100', '132105', 13210, null);

INSERT INTO Child VALUES ('132105', 'Child3460', '3460child', '2006-02-02', null, null, '../../Pictures/default.jpg', null);

INSERT INTO ChildcareTransaction VALUES ('1000003459', 'Regular Childcare', '103459', '2014-12-18', '12:00:00', '14:00:00', 20.50);

INSERT INTO Guardian VALUES ('132100', '1234', 'Guardian865', '865guardian', '555-555-5555', 'blah@blah.com', '123 nowhere', null, 'Spokane', 'WA', '99999', '../../Pictures/default.jpg', null);

INSERT INTO Family VALUES ('13210', 42);

INSERT INTO Guardian VALUES ('132101', '1234', 'Guardian2865', '8652guardian', '555-555-5555', 'blah@blah.com', '123 nowhere', null, 'Spokane', 'WA', '99999', '../../Pictures/default.jpg', null);

INSERT INTO AllowedConnections VALUES ('103460', '132110', '132112', 13211, null);

INSERT INTO Child VALUES ('132112', 'Child3461', '3461child', '2006-02-02', null, null, '../../Pictures/default.jpg', null);

INSERT INTO ChildcareTransaction VALUES ('1000003460', 'Regular Childcare', '103460', '2014-05-17', '12:00:00', '14:00:00', 20.50);

INSERT INTO AllowedConnections VALUES ('103461', '132110', '132113', 13211, null);

INSERT INTO Child VALUES ('132113', 'Child3462', '3462child', '2006-02-02', null, null, '../../Pictures/default.jpg', null);

INSERT INTO ChildcareTransaction VALUES ('1000003461', 'Regular Childcare', '103461', '2014-02-22', '12:00:00', '14:00:00', 20.50);

INSERT INTO AllowedConnections VALUES ('103462', '132110', '132114', 13211, null);

INSERT INTO Child VALUES ('132114', 'Child3463', '3463child', '2006-02-02', null, null, '../../Pictures/default.jpg', null);

INSERT INTO ChildcareTransaction VALUES ('1000003462', 'Regular Childcare', '103462', '2014-12-09', '12:00:00', '14:00:00', 20.50);

INSERT INTO AllowedConnections VALUES ('103463', '132110', '132115', 13211, null);

INSERT INTO Child VALUES ('132115', 'Child3464', '3464child', '2006-02-02', null, null, '../../Pictures/default.jpg', null);

INSERT INTO ChildcareTransaction VALUES ('1000003463', 'Regular Childcare', '103463', '2014-09-04', '12:00:00', '14:00:00', 20.50);

INSERT INTO Guardian VALUES ('132110', '1234', 'Guardian866', '866guardian', '555-555-5555', 'blah@blah.com', '123 nowhere', null, 'Spokane', 'WA', '99999', '../../Pictures/default.jpg', null);

INSERT INTO Family VALUES ('13211', 42);

INSERT INTO Guardian VALUES ('132111', '1234', 'Guardian2866', '8662guardian', '555-555-5555', 'blah@blah.com', '123 nowhere', null, 'Spokane', 'WA', '99999', '../../Pictures/default.jpg', null);

INSERT INTO AllowedConnections VALUES ('103464', '132120', '132122', 13212, null);

INSERT INTO Child VALUES ('132122', 'Child3465', '3465child', '2006-02-02', null, null, '../../Pictures/default.jpg', null);

INSERT INTO ChildcareTransaction VALUES ('1000003464', 'Regular Childcare', '103464', '2014-08-12', '12:00:00', '14:00:00', 20.50);

INSERT INTO AllowedConnections VALUES ('103465', '132120', '132123', 13212, null);

INSERT INTO Child VALUES ('132123', 'Child3466', '3466child', '2006-02-02', null, null, '../../Pictures/default.jpg', null);

INSERT INTO ChildcareTransaction VALUES ('1000003465', 'Regular Childcare', '103465', '2014-11-24', '12:00:00', '14:00:00', 20.50);

INSERT INTO AllowedConnections VALUES ('103466', '132120', '132124', 13212, null);

INSERT INTO Child VALUES ('132124', 'Child3467', '3467child', '2006-02-02', null, null, '../../Pictures/default.jpg', null);

INSERT INTO ChildcareTransaction VALUES ('1000003466', 'Regular Childcare', '103466', '2014-02-22', '12:00:00', '14:00:00', 20.50);

INSERT INTO AllowedConnections VALUES ('103467', '132120', '132125', 13212, null);

INSERT INTO Child VALUES ('132125', 'Child3468', '3468child', '2006-02-02', null, null, '../../Pictures/default.jpg', null);

INSERT INTO ChildcareTransaction VALUES ('1000003467', 'Regular Childcare', '103467', '2014-12-19', '12:00:00', '14:00:00', 20.50);

INSERT INTO Guardian VALUES ('132120', '1234', 'Guardian867', '867guardian', '555-555-5555', 'blah@blah.com', '123 nowhere', null, 'Spokane', 'WA', '99999', '../../Pictures/default.jpg', null);

INSERT INTO Family VALUES ('13212', 42);

INSERT INTO Guardian VALUES ('132121', '1234', 'Guardian2867', '8672guardian', '555-555-5555', 'blah@blah.com', '123 nowhere', null, 'Spokane', 'WA', '99999', '../../Pictures/default.jpg', null);

INSERT INTO AllowedConnections VALUES ('103468', '132130', '132132', 13213, null);

INSERT INTO Child VALUES ('132132', 'Child3469', '3469child', '2006-02-02', null, null, '../../Pictures/default.jpg', null);

INSERT INTO ChildcareTransaction VALUES ('1000003468', 'Regular Childcare', '103468', '2014-02-17', '12:00:00', '14:00:00', 20.50);

INSERT INTO AllowedConnections VALUES ('103469', '132130', '132133', 13213, null);

INSERT INTO Child VALUES ('132133', 'Child3470', '3470child', '2006-02-02', null, null, '../../Pictures/default.jpg', null);

INSERT INTO ChildcareTransaction VALUES ('1000003469', 'Regular Childcare', '103469', '2014-04-22', '12:00:00', '14:00:00', 20.50);

INSERT INTO AllowedConnections VALUES ('103470', '132130', '132134', 13213, null);

INSERT INTO Child VALUES ('132134', 'Child3471', '3471child', '2006-02-02', null, null, '../../Pictures/default.jpg', null);

INSERT INTO ChildcareTransaction VALUES ('1000003470', 'Regular Childcare', '103470', '2014-11-20', '12:00:00', '14:00:00', 20.50);

INSERT INTO AllowedConnections VALUES ('103471', '132130', '132135', 13213, null);

INSERT INTO Child VALUES ('132135', 'Child3472', '3472child', '2006-02-02', null, null, '../../Pictures/default.jpg', null);

INSERT INTO ChildcareTransaction VALUES ('1000003471', 'Regular Childcare', '103471', '2014-10-20', '12:00:00', '14:00:00', 20.50);

INSERT INTO Guardian VALUES ('132130', '1234', 'Guardian868', '868guardian', '555-555-5555', 'blah@blah.com', '123 nowhere', null, 'Spokane', 'WA', '99999', '../../Pictures/default.jpg', null);

INSERT INTO Family VALUES ('13213', 42);

INSERT INTO Guardian VALUES ('132131', '1234', 'Guardian2868', '8682guardian', '555-555-5555', 'blah@blah.com', '123 nowhere', null, 'Spokane', 'WA', '99999', '../../Pictures/default.jpg', null);

INSERT INTO AllowedConnections VALUES ('103472', '132140', '132142', 13214, null);

INSERT INTO Child VALUES ('132142', 'Child3473', '3473child', '2006-02-02', null, null, '../../Pictures/default.jpg', null);

INSERT INTO ChildcareTransaction VALUES ('1000003472', 'Regular Childcare', '103472', '2014-08-04', '12:00:00', '14:00:00', 20.50);

INSERT INTO AllowedConnections VALUES ('103473', '132140', '132143', 13214, null);

INSERT INTO Child VALUES ('132143', 'Child3474', '3474child', '2006-02-02', null, null, '../../Pictures/default.jpg', null);

INSERT INTO ChildcareTransaction VALUES ('1000003473', 'Regular Childcare', '103473', '2014-10-25', '12:00:00', '14:00:00', 20.50);

INSERT INTO AllowedConnections VALUES ('103474', '132140', '132144', 13214, null);

INSERT INTO Child VALUES ('132144', 'Child3475', '3475child', '2006-02-02', null, null, '../../Pictures/default.jpg', null);

INSERT INTO ChildcareTransaction VALUES ('1000003474', 'Regular Childcare', '103474', '2014-01-16', '12:00:00', '14:00:00', 20.50);

INSERT INTO AllowedConnections VALUES ('103475', '132140', '132145', 13214, null);

INSERT INTO Child VALUES ('132145', 'Child3476', '3476child', '2006-02-02', null, null, '../../Pictures/default.jpg', null);

INSERT INTO ChildcareTransaction VALUES ('1000003475', 'Regular Childcare', '103475', '2014-02-17', '12:00:00', '14:00:00', 20.50);

INSERT INTO Guardian VALUES ('132140', '1234', 'Guardian869', '869guardian', '555-555-5555', 'blah@blah.com', '123 nowhere', null, 'Spokane', 'WA', '99999', '../../Pictures/default.jpg', null);

INSERT INTO Family VALUES ('13214', 42);

INSERT INTO Guardian VALUES ('132141', '1234', 'Guardian2869', '8692guardian', '555-555-5555', 'blah@blah.com', '123 nowhere', null, 'Spokane', 'WA', '99999', '../../Pictures/default.jpg', null);

INSERT INTO AllowedConnections VALUES ('103476', '132150', '132152', 13215, null);

INSERT INTO Child VALUES ('132152', 'Child3477', '3477child', '2006-02-02', null, null, '../../Pictures/default.jpg', null);

INSERT INTO ChildcareTransaction VALUES ('1000003476', 'Regular Childcare', '103476', '2014-12-01', '12:00:00', '14:00:00', 20.50);

INSERT INTO AllowedConnections VALUES ('103477', '132150', '132153', 13215, null);

INSERT INTO Child VALUES ('132153', 'Child3478', '3478child', '2006-02-02', null, null, '../../Pictures/default.jpg', null);

INSERT INTO ChildcareTransaction VALUES ('1000003477', 'Regular Childcare', '103477', '2014-06-12', '12:00:00', '14:00:00', 20.50);

INSERT INTO AllowedConnections VALUES ('103478', '132150', '132154', 13215, null);

INSERT INTO Child VALUES ('132154', 'Child3479', '3479child', '2006-02-02', null, null, '../../Pictures/default.jpg', null);

INSERT INTO ChildcareTransaction VALUES ('1000003478', 'Regular Childcare', '103478', '2014-03-22', '12:00:00', '14:00:00', 20.50);

INSERT INTO AllowedConnections VALUES ('103479', '132150', '132155', 13215, null);

INSERT INTO Child VALUES ('132155', 'Child3480', '3480child', '2006-02-02', null, null, '../../Pictures/default.jpg', null);

INSERT INTO ChildcareTransaction VALUES ('1000003479', 'Regular Childcare', '103479', '2014-07-17', '12:00:00', '14:00:00', 20.50);

INSERT INTO Guardian VALUES ('132150', '1234', 'Guardian870', '870guardian', '555-555-5555', 'blah@blah.com', '123 nowhere', null, 'Spokane', 'WA', '99999', '../../Pictures/default.jpg', null);

INSERT INTO Family VALUES ('13215', 42);

INSERT INTO Guardian VALUES ('132151', '1234', 'Guardian2870', '8702guardian', '555-555-5555', 'blah@blah.com', '123 nowhere', null, 'Spokane', 'WA', '99999', '../../Pictures/default.jpg', null);

INSERT INTO AllowedConnections VALUES ('103480', '132160', '132162', 13216, null);

INSERT INTO Child VALUES ('132162', 'Child3481', '3481child', '2006-02-02', null, null, '../../Pictures/default.jpg', null);

INSERT INTO ChildcareTransaction VALUES ('1000003480', 'Regular Childcare', '103480', '2014-10-23', '12:00:00', '14:00:00', 20.50);

INSERT INTO AllowedConnections VALUES ('103481', '132160', '132163', 13216, null);

INSERT INTO Child VALUES ('132163', 'Child3482', '3482child', '2006-02-02', null, null, '../../Pictures/default.jpg', null);

INSERT INTO ChildcareTransaction VALUES ('1000003481', 'Regular Childcare', '103481', '2014-04-24', '12:00:00', '14:00:00', 20.50);

INSERT INTO AllowedConnections VALUES ('103482', '132160', '132164', 13216, null);

INSERT INTO Child VALUES ('132164', 'Child3483', '3483child', '2006-02-02', null, null, '../../Pictures/default.jpg', null);

INSERT INTO ChildcareTransaction VALUES ('1000003482', 'Regular Childcare', '103482', '2014-10-03', '12:00:00', '14:00:00', 20.50);

INSERT INTO AllowedConnections VALUES ('103483', '132160', '132165', 13216, null);

INSERT INTO Child VALUES ('132165', 'Child3484', '3484child', '2006-02-02', null, null, '../../Pictures/default.jpg', null);

INSERT INTO ChildcareTransaction VALUES ('1000003483', 'Regular Childcare', '103483', '2014-09-13', '12:00:00', '14:00:00', 20.50);

INSERT INTO Guardian VALUES ('132160', '1234', 'Guardian871', '871guardian', '555-555-5555', 'blah@blah.com', '123 nowhere', null, 'Spokane', 'WA', '99999', '../../Pictures/default.jpg', null);

INSERT INTO Family VALUES ('13216', 42);

INSERT INTO Guardian VALUES ('132161', '1234', 'Guardian2871', '8712guardian', '555-555-5555', 'blah@blah.com', '123 nowhere', null, 'Spokane', 'WA', '99999', '../../Pictures/default.jpg', null);

INSERT INTO AllowedConnections VALUES ('103484', '132170', '132172', 13217, null);

INSERT INTO Child VALUES ('132172', 'Child3485', '3485child', '2006-02-02', null, null, '../../Pictures/default.jpg', null);

INSERT INTO ChildcareTransaction VALUES ('1000003484', 'Regular Childcare', '103484', '2014-04-15', '12:00:00', '14:00:00', 20.50);

INSERT INTO AllowedConnections VALUES ('103485', '132170', '132173', 13217, null);

INSERT INTO Child VALUES ('132173', 'Child3486', '3486child', '2006-02-02', null, null, '../../Pictures/default.jpg', null);

INSERT INTO ChildcareTransaction VALUES ('1000003485', 'Regular Childcare', '103485', '2014-09-20', '12:00:00', '14:00:00', 20.50);

INSERT INTO AllowedConnections VALUES ('103486', '132170', '132174', 13217, null);

INSERT INTO Child VALUES ('132174', 'Child3487', '3487child', '2006-02-02', null, null, '../../Pictures/default.jpg', null);

INSERT INTO ChildcareTransaction VALUES ('1000003486', 'Regular Childcare', '103486', '2014-09-24', '12:00:00', '14:00:00', 20.50);

INSERT INTO AllowedConnections VALUES ('103487', '132170', '132175', 13217, null);

INSERT INTO Child VALUES ('132175', 'Child3488', '3488child', '2006-02-02', null, null, '../../Pictures/default.jpg', null);

INSERT INTO ChildcareTransaction VALUES ('1000003487', 'Regular Childcare', '103487', '2014-06-20', '12:00:00', '14:00:00', 20.50);

INSERT INTO Guardian VALUES ('132170', '1234', 'Guardian872', '872guardian', '555-555-5555', 'blah@blah.com', '123 nowhere', null, 'Spokane', 'WA', '99999', '../../Pictures/default.jpg', null);

INSERT INTO Family VALUES ('13217', 42);

INSERT INTO Guardian VALUES ('132171', '1234', 'Guardian2872', '8722guardian', '555-555-5555', 'blah@blah.com', '123 nowhere', null, 'Spokane', 'WA', '99999', '../../Pictures/default.jpg', null);

INSERT INTO AllowedConnections VALUES ('103488', '132180', '132182', 13218, null);

INSERT INTO Child VALUES ('132182', 'Child3489', '3489child', '2006-02-02', null, null, '../../Pictures/default.jpg', null);

INSERT INTO ChildcareTransaction VALUES ('1000003488', 'Regular Childcare', '103488', '2014-01-24', '12:00:00', '14:00:00', 20.50);

INSERT INTO AllowedConnections VALUES ('103489', '132180', '132183', 13218, null);

INSERT INTO Child VALUES ('132183', 'Child3490', '3490child', '2006-02-02', null, null, '../../Pictures/default.jpg', null);

INSERT INTO ChildcareTransaction VALUES ('1000003489', 'Regular Childcare', '103489', '2014-05-11', '12:00:00', '14:00:00', 20.50);

INSERT INTO AllowedConnections VALUES ('103490', '132180', '132184', 13218, null);

INSERT INTO Child VALUES ('132184', 'Child3491', '3491child', '2006-02-02', null, null, '../../Pictures/default.jpg', null);

INSERT INTO ChildcareTransaction VALUES ('1000003490', 'Regular Childcare', '103490', '2014-08-14', '12:00:00', '14:00:00', 20.50);

INSERT INTO AllowedConnections VALUES ('103491', '132180', '132185', 13218, null);

INSERT INTO Child VALUES ('132185', 'Child3492', '3492child', '2006-02-02', null, null, '../../Pictures/default.jpg', null);

INSERT INTO ChildcareTransaction VALUES ('1000003491', 'Regular Childcare', '103491', '2014-10-09', '12:00:00', '14:00:00', 20.50);

INSERT INTO Guardian VALUES ('132180', '1234', 'Guardian873', '873guardian', '555-555-5555', 'blah@blah.com', '123 nowhere', null, 'Spokane', 'WA', '99999', '../../Pictures/default.jpg', null);

INSERT INTO Family VALUES ('13218', 42);

INSERT INTO Guardian VALUES ('132181', '1234', 'Guardian2873', '8732guardian', '555-555-5555', 'blah@blah.com', '123 nowhere', null, 'Spokane', 'WA', '99999', '../../Pictures/default.jpg', null);

INSERT INTO AllowedConnections VALUES ('103492', '132190', '132192', 13219, null);

INSERT INTO Child VALUES ('132192', 'Child3493', '3493child', '2006-02-02', null, null, '../../Pictures/default.jpg', null);

INSERT INTO ChildcareTransaction VALUES ('1000003492', 'Regular Childcare', '103492', '2014-07-20', '12:00:00', '14:00:00', 20.50);

INSERT INTO AllowedConnections VALUES ('103493', '132190', '132193', 13219, null);

INSERT INTO Child VALUES ('132193', 'Child3494', '3494child', '2006-02-02', null, null, '../../Pictures/default.jpg', null);

INSERT INTO ChildcareTransaction VALUES ('1000003493', 'Regular Childcare', '103493', '2014-03-12', '12:00:00', '14:00:00', 20.50);

INSERT INTO AllowedConnections VALUES ('103494', '132190', '132194', 13219, null);

INSERT INTO Child VALUES ('132194', 'Child3495', '3495child', '2006-02-02', null, null, '../../Pictures/default.jpg', null);

INSERT INTO ChildcareTransaction VALUES ('1000003494', 'Regular Childcare', '103494', '2014-09-12', '12:00:00', '14:00:00', 20.50);

INSERT INTO AllowedConnections VALUES ('103495', '132190', '132195', 13219, null);

INSERT INTO Child VALUES ('132195', 'Child3496', '3496child', '2006-02-02', null, null, '../../Pictures/default.jpg', null);

INSERT INTO ChildcareTransaction VALUES ('1000003495', 'Regular Childcare', '103495', '2014-04-14', '12:00:00', '14:00:00', 20.50);

INSERT INTO Guardian VALUES ('132190', '1234', 'Guardian874', '874guardian', '555-555-5555', 'blah@blah.com', '123 nowhere', null, 'Spokane', 'WA', '99999', '../../Pictures/default.jpg', null);

INSERT INTO Family VALUES ('13219', 42);

INSERT INTO Guardian VALUES ('132191', '1234', 'Guardian2874', '8742guardian', '555-555-5555', 'blah@blah.com', '123 nowhere', null, 'Spokane', 'WA', '99999', '../../Pictures/default.jpg', null);

INSERT INTO AllowedConnections VALUES ('103496', '132200', '132202', 13220, null);

INSERT INTO Child VALUES ('132202', 'Child3497', '3497child', '2006-02-02', null, null, '../../Pictures/default.jpg', null);

INSERT INTO ChildcareTransaction VALUES ('1000003496', 'Regular Childcare', '103496', '2014-12-06', '12:00:00', '14:00:00', 20.50);

INSERT INTO AllowedConnections VALUES ('103497', '132200', '132203', 13220, null);

INSERT INTO Child VALUES ('132203', 'Child3498', '3498child', '2006-02-02', null, null, '../../Pictures/default.jpg', null);

INSERT INTO ChildcareTransaction VALUES ('1000003497', 'Regular Childcare', '103497', '2014-09-04', '12:00:00', '14:00:00', 20.50);

INSERT INTO AllowedConnections VALUES ('103498', '132200', '132204', 13220, null);

INSERT INTO Child VALUES ('132204', 'Child3499', '3499child', '2006-02-02', null, null, '../../Pictures/default.jpg', null);

INSERT INTO ChildcareTransaction VALUES ('1000003498', 'Regular Childcare', '103498', '2014-04-06', '12:00:00', '14:00:00', 20.50);

INSERT INTO AllowedConnections VALUES ('103499', '132200', '132205', 13220, null);

INSERT INTO Child VALUES ('132205', 'Child3500', '3500child', '2006-02-02', null, null, '../../Pictures/default.jpg', null);

INSERT INTO ChildcareTransaction VALUES ('1000003499', 'Regular Childcare', '103499', '2014-02-18', '12:00:00', '14:00:00', 20.50);

INSERT INTO Guardian VALUES ('132200', '1234', 'Guardian875', '875guardian', '555-555-5555', 'blah@blah.com', '123 nowhere', null, 'Spokane', 'WA', '99999', '../../Pictures/default.jpg', null);

INSERT INTO Family VALUES ('13220', 42);

INSERT INTO Guardian VALUES ('132201', '1234', 'Guardian2875', '8752guardian', '555-555-5555', 'blah@blah.com', '123 nowhere', null, 'Spokane', 'WA', '99999', '../../Pictures/default.jpg', null);

INSERT INTO AllowedConnections VALUES ('103500', '132210', '132212', 13221, null);

INSERT INTO Child VALUES ('132212', 'Child3501', '3501child', '2006-02-02', null, null, '../../Pictures/default.jpg', null);

INSERT INTO ChildcareTransaction VALUES ('1000003500', 'Regular Childcare', '103500', '2014-02-06', '12:00:00', '14:00:00', 20.50);

INSERT INTO AllowedConnections VALUES ('103501', '132210', '132213', 13221, null);

INSERT INTO Child VALUES ('132213', 'Child3502', '3502child', '2006-02-02', null, null, '../../Pictures/default.jpg', null);

INSERT INTO ChildcareTransaction VALUES ('1000003501', 'Regular Childcare', '103501', '2014-09-12', '12:00:00', '14:00:00', 20.50);

INSERT INTO AllowedConnections VALUES ('103502', '132210', '132214', 13221, null);

INSERT INTO Child VALUES ('132214', 'Child3503', '3503child', '2006-02-02', null, null, '../../Pictures/default.jpg', null);

INSERT INTO ChildcareTransaction VALUES ('1000003502', 'Regular Childcare', '103502', '2014-09-11', '12:00:00', '14:00:00', 20.50);

INSERT INTO AllowedConnections VALUES ('103503', '132210', '132215', 13221, null);

INSERT INTO Child VALUES ('132215', 'Child3504', '3504child', '2006-02-02', null, null, '../../Pictures/default.jpg', null);

INSERT INTO ChildcareTransaction VALUES ('1000003503', 'Regular Childcare', '103503', '2014-08-04', '12:00:00', '14:00:00', 20.50);

INSERT INTO Guardian VALUES ('132210', '1234', 'Guardian876', '876guardian', '555-555-5555', 'blah@blah.com', '123 nowhere', null, 'Spokane', 'WA', '99999', '../../Pictures/default.jpg', null);

INSERT INTO Family VALUES ('13221', 42);

INSERT INTO Guardian VALUES ('132211', '1234', 'Guardian2876', '8762guardian', '555-555-5555', 'blah@blah.com', '123 nowhere', null, 'Spokane', 'WA', '99999', '../../Pictures/default.jpg', null);

INSERT INTO AllowedConnections VALUES ('103504', '132220', '132222', 13222, null);

INSERT INTO Child VALUES ('132222', 'Child3505', '3505child', '2006-02-02', null, null, '../../Pictures/default.jpg', null);

INSERT INTO ChildcareTransaction VALUES ('1000003504', 'Regular Childcare', '103504', '2014-10-22', '12:00:00', '14:00:00', 20.50);

INSERT INTO AllowedConnections VALUES ('103505', '132220', '132223', 13222, null);

INSERT INTO Child VALUES ('132223', 'Child3506', '3506child', '2006-02-02', null, null, '../../Pictures/default.jpg', null);

INSERT INTO ChildcareTransaction VALUES ('1000003505', 'Regular Childcare', '103505', '2014-05-22', '12:00:00', '14:00:00', 20.50);

INSERT INTO AllowedConnections VALUES ('103506', '132220', '132224', 13222, null);

INSERT INTO Child VALUES ('132224', 'Child3507', '3507child', '2006-02-02', null, null, '../../Pictures/default.jpg', null);

INSERT INTO ChildcareTransaction VALUES ('1000003506', 'Regular Childcare', '103506', '2014-07-25', '12:00:00', '14:00:00', 20.50);

INSERT INTO AllowedConnections VALUES ('103507', '132220', '132225', 13222, null);

INSERT INTO Child VALUES ('132225', 'Child3508', '3508child', '2006-02-02', null, null, '../../Pictures/default.jpg', null);

INSERT INTO ChildcareTransaction VALUES ('1000003507', 'Regular Childcare', '103507', '2014-01-03', '12:00:00', '14:00:00', 20.50);

INSERT INTO Guardian VALUES ('132220', '1234', 'Guardian877', '877guardian', '555-555-5555', 'blah@blah.com', '123 nowhere', null, 'Spokane', 'WA', '99999', '../../Pictures/default.jpg', null);

INSERT INTO Family VALUES ('13222', 42);

INSERT INTO Guardian VALUES ('132221', '1234', 'Guardian2877', '8772guardian', '555-555-5555', 'blah@blah.com', '123 nowhere', null, 'Spokane', 'WA', '99999', '../../Pictures/default.jpg', null);

INSERT INTO AllowedConnections VALUES ('103508', '132230', '132232', 13223, null);

INSERT INTO Child VALUES ('132232', 'Child3509', '3509child', '2006-02-02', null, null, '../../Pictures/default.jpg', null);

INSERT INTO ChildcareTransaction VALUES ('1000003508', 'Regular Childcare', '103508', '2014-10-26', '12:00:00', '14:00:00', 20.50);

INSERT INTO AllowedConnections VALUES ('103509', '132230', '132233', 13223, null);

INSERT INTO Child VALUES ('132233', 'Child3510', '3510child', '2006-02-02', null, null, '../../Pictures/default.jpg', null);

INSERT INTO ChildcareTransaction VALUES ('1000003509', 'Regular Childcare', '103509', '2014-06-06', '12:00:00', '14:00:00', 20.50);

INSERT INTO AllowedConnections VALUES ('103510', '132230', '132234', 13223, null);

INSERT INTO Child VALUES ('132234', 'Child3511', '3511child', '2006-02-02', null, null, '../../Pictures/default.jpg', null);

INSERT INTO ChildcareTransaction VALUES ('1000003510', 'Regular Childcare', '103510', '2014-09-04', '12:00:00', '14:00:00', 20.50);

INSERT INTO AllowedConnections VALUES ('103511', '132230', '132235', 13223, null);

INSERT INTO Child VALUES ('132235', 'Child3512', '3512child', '2006-02-02', null, null, '../../Pictures/default.jpg', null);

INSERT INTO ChildcareTransaction VALUES ('1000003511', 'Regular Childcare', '103511', '2014-11-04', '12:00:00', '14:00:00', 20.50);

INSERT INTO Guardian VALUES ('132230', '1234', 'Guardian878', '878guardian', '555-555-5555', 'blah@blah.com', '123 nowhere', null, 'Spokane', 'WA', '99999', '../../Pictures/default.jpg', null);

INSERT INTO Family VALUES ('13223', 42);

INSERT INTO Guardian VALUES ('132231', '1234', 'Guardian2878', '8782guardian', '555-555-5555', 'blah@blah.com', '123 nowhere', null, 'Spokane', 'WA', '99999', '../../Pictures/default.jpg', null);

INSERT INTO AllowedConnections VALUES ('103512', '132240', '132242', 13224, null);

INSERT INTO Child VALUES ('132242', 'Child3513', '3513child', '2006-02-02', null, null, '../../Pictures/default.jpg', null);

INSERT INTO ChildcareTransaction VALUES ('1000003512', 'Regular Childcare', '103512', '2014-09-10', '12:00:00', '14:00:00', 20.50);

INSERT INTO AllowedConnections VALUES ('103513', '132240', '132243', 13224, null);

INSERT INTO Child VALUES ('132243', 'Child3514', '3514child', '2006-02-02', null, null, '../../Pictures/default.jpg', null);

INSERT INTO ChildcareTransaction VALUES ('1000003513', 'Regular Childcare', '103513', '2014-02-08', '12:00:00', '14:00:00', 20.50);

INSERT INTO AllowedConnections VALUES ('103514', '132240', '132244', 13224, null);

INSERT INTO Child VALUES ('132244', 'Child3515', '3515child', '2006-02-02', null, null, '../../Pictures/default.jpg', null);

INSERT INTO ChildcareTransaction VALUES ('1000003514', 'Regular Childcare', '103514', '2014-06-16', '12:00:00', '14:00:00', 20.50);

INSERT INTO AllowedConnections VALUES ('103515', '132240', '132245', 13224, null);

INSERT INTO Child VALUES ('132245', 'Child3516', '3516child', '2006-02-02', null, null, '../../Pictures/default.jpg', null);

INSERT INTO ChildcareTransaction VALUES ('1000003515', 'Regular Childcare', '103515', '2014-04-24', '12:00:00', '14:00:00', 20.50);

INSERT INTO Guardian VALUES ('132240', '1234', 'Guardian879', '879guardian', '555-555-5555', 'blah@blah.com', '123 nowhere', null, 'Spokane', 'WA', '99999', '../../Pictures/default.jpg', null);

INSERT INTO Family VALUES ('13224', 42);

INSERT INTO Guardian VALUES ('132241', '1234', 'Guardian2879', '8792guardian', '555-555-5555', 'blah@blah.com', '123 nowhere', null, 'Spokane', 'WA', '99999', '../../Pictures/default.jpg', null);

INSERT INTO AllowedConnections VALUES ('103516', '132250', '132252', 13225, null);

INSERT INTO Child VALUES ('132252', 'Child3517', '3517child', '2006-02-02', null, null, '../../Pictures/default.jpg', null);

INSERT INTO ChildcareTransaction VALUES ('1000003516', 'Regular Childcare', '103516', '2014-02-26', '12:00:00', '14:00:00', 20.50);

INSERT INTO AllowedConnections VALUES ('103517', '132250', '132253', 13225, null);

INSERT INTO Child VALUES ('132253', 'Child3518', '3518child', '2006-02-02', null, null, '../../Pictures/default.jpg', null);

INSERT INTO ChildcareTransaction VALUES ('1000003517', 'Regular Childcare', '103517', '2014-03-27', '12:00:00', '14:00:00', 20.50);

INSERT INTO AllowedConnections VALUES ('103518', '132250', '132254', 13225, null);

INSERT INTO Child VALUES ('132254', 'Child3519', '3519child', '2006-02-02', null, null, '../../Pictures/default.jpg', null);

INSERT INTO ChildcareTransaction VALUES ('1000003518', 'Regular Childcare', '103518', '2014-01-12', '12:00:00', '14:00:00', 20.50);

INSERT INTO AllowedConnections VALUES ('103519', '132250', '132255', 13225, null);

INSERT INTO Child VALUES ('132255', 'Child3520', '3520child', '2006-02-02', null, null, '../../Pictures/default.jpg', null);

INSERT INTO ChildcareTransaction VALUES ('1000003519', 'Regular Childcare', '103519', '2014-08-20', '12:00:00', '14:00:00', 20.50);

INSERT INTO Guardian VALUES ('132250', '1234', 'Guardian880', '880guardian', '555-555-5555', 'blah@blah.com', '123 nowhere', null, 'Spokane', 'WA', '99999', '../../Pictures/default.jpg', null);

INSERT INTO Family VALUES ('13225', 42);

INSERT INTO Guardian VALUES ('132251', '1234', 'Guardian2880', '8802guardian', '555-555-5555', 'blah@blah.com', '123 nowhere', null, 'Spokane', 'WA', '99999', '../../Pictures/default.jpg', null);

INSERT INTO AllowedConnections VALUES ('103520', '132260', '132262', 13226, null);

INSERT INTO Child VALUES ('132262', 'Child3521', '3521child', '2006-02-02', null, null, '../../Pictures/default.jpg', null);

INSERT INTO ChildcareTransaction VALUES ('1000003520', 'Regular Childcare', '103520', '2014-03-08', '12:00:00', '14:00:00', 20.50);

INSERT INTO AllowedConnections VALUES ('103521', '132260', '132263', 13226, null);

INSERT INTO Child VALUES ('132263', 'Child3522', '3522child', '2006-02-02', null, null, '../../Pictures/default.jpg', null);

INSERT INTO ChildcareTransaction VALUES ('1000003521', 'Regular Childcare', '103521', '2014-09-01', '12:00:00', '14:00:00', 20.50);

INSERT INTO AllowedConnections VALUES ('103522', '132260', '132264', 13226, null);

INSERT INTO Child VALUES ('132264', 'Child3523', '3523child', '2006-02-02', null, null, '../../Pictures/default.jpg', null);

INSERT INTO ChildcareTransaction VALUES ('1000003522', 'Regular Childcare', '103522', '2014-11-26', '12:00:00', '14:00:00', 20.50);

INSERT INTO AllowedConnections VALUES ('103523', '132260', '132265', 13226, null);

INSERT INTO Child VALUES ('132265', 'Child3524', '3524child', '2006-02-02', null, null, '../../Pictures/default.jpg', null);

INSERT INTO ChildcareTransaction VALUES ('1000003523', 'Regular Childcare', '103523', '2014-06-26', '12:00:00', '14:00:00', 20.50);

INSERT INTO Guardian VALUES ('132260', '1234', 'Guardian881', '881guardian', '555-555-5555', 'blah@blah.com', '123 nowhere', null, 'Spokane', 'WA', '99999', '../../Pictures/default.jpg', null);

INSERT INTO Family VALUES ('13226', 42);

INSERT INTO Guardian VALUES ('132261', '1234', 'Guardian2881', '8812guardian', '555-555-5555', 'blah@blah.com', '123 nowhere', null, 'Spokane', 'WA', '99999', '../../Pictures/default.jpg', null);

INSERT INTO AllowedConnections VALUES ('103524', '132270', '132272', 13227, null);

INSERT INTO Child VALUES ('132272', 'Child3525', '3525child', '2006-02-02', null, null, '../../Pictures/default.jpg', null);

INSERT INTO ChildcareTransaction VALUES ('1000003524', 'Regular Childcare', '103524', '2014-12-20', '12:00:00', '14:00:00', 20.50);

INSERT INTO AllowedConnections VALUES ('103525', '132270', '132273', 13227, null);

INSERT INTO Child VALUES ('132273', 'Child3526', '3526child', '2006-02-02', null, null, '../../Pictures/default.jpg', null);

INSERT INTO ChildcareTransaction VALUES ('1000003525', 'Regular Childcare', '103525', '2014-05-04', '12:00:00', '14:00:00', 20.50);

INSERT INTO AllowedConnections VALUES ('103526', '132270', '132274', 13227, null);

INSERT INTO Child VALUES ('132274', 'Child3527', '3527child', '2006-02-02', null, null, '../../Pictures/default.jpg', null);

INSERT INTO ChildcareTransaction VALUES ('1000003526', 'Regular Childcare', '103526', '2014-04-03', '12:00:00', '14:00:00', 20.50);

INSERT INTO AllowedConnections VALUES ('103527', '132270', '132275', 13227, null);

INSERT INTO Child VALUES ('132275', 'Child3528', '3528child', '2006-02-02', null, null, '../../Pictures/default.jpg', null);

INSERT INTO ChildcareTransaction VALUES ('1000003527', 'Regular Childcare', '103527', '2014-09-21', '12:00:00', '14:00:00', 20.50);

INSERT INTO Guardian VALUES ('132270', '1234', 'Guardian882', '882guardian', '555-555-5555', 'blah@blah.com', '123 nowhere', null, 'Spokane', 'WA', '99999', '../../Pictures/default.jpg', null);

INSERT INTO Family VALUES ('13227', 42);

INSERT INTO Guardian VALUES ('132271', '1234', 'Guardian2882', '8822guardian', '555-555-5555', 'blah@blah.com', '123 nowhere', null, 'Spokane', 'WA', '99999', '../../Pictures/default.jpg', null);

INSERT INTO AllowedConnections VALUES ('103528', '132280', '132282', 13228, null);

INSERT INTO Child VALUES ('132282', 'Child3529', '3529child', '2006-02-02', null, null, '../../Pictures/default.jpg', null);

INSERT INTO ChildcareTransaction VALUES ('1000003528', 'Regular Childcare', '103528', '2014-06-24', '12:00:00', '14:00:00', 20.50);

INSERT INTO AllowedConnections VALUES ('103529', '132280', '132283', 13228, null);

INSERT INTO Child VALUES ('132283', 'Child3530', '3530child', '2006-02-02', null, null, '../../Pictures/default.jpg', null);

INSERT INTO ChildcareTransaction VALUES ('1000003529', 'Regular Childcare', '103529', '2014-02-06', '12:00:00', '14:00:00', 20.50);

INSERT INTO AllowedConnections VALUES ('103530', '132280', '132284', 13228, null);

INSERT INTO Child VALUES ('132284', 'Child3531', '3531child', '2006-02-02', null, null, '../../Pictures/default.jpg', null);

INSERT INTO ChildcareTransaction VALUES ('1000003530', 'Regular Childcare', '103530', '2014-01-19', '12:00:00', '14:00:00', 20.50);

INSERT INTO AllowedConnections VALUES ('103531', '132280', '132285', 13228, null);

INSERT INTO Child VALUES ('132285', 'Child3532', '3532child', '2006-02-02', null, null, '../../Pictures/default.jpg', null);

INSERT INTO ChildcareTransaction VALUES ('1000003531', 'Regular Childcare', '103531', '2014-02-19', '12:00:00', '14:00:00', 20.50);

INSERT INTO Guardian VALUES ('132280', '1234', 'Guardian883', '883guardian', '555-555-5555', 'blah@blah.com', '123 nowhere', null, 'Spokane', 'WA', '99999', '../../Pictures/default.jpg', null);

INSERT INTO Family VALUES ('13228', 42);

INSERT INTO Guardian VALUES ('132281', '1234', 'Guardian2883', '8832guardian', '555-555-5555', 'blah@blah.com', '123 nowhere', null, 'Spokane', 'WA', '99999', '../../Pictures/default.jpg', null);

INSERT INTO AllowedConnections VALUES ('103532', '132290', '132292', 13229, null);

INSERT INTO Child VALUES ('132292', 'Child3533', '3533child', '2006-02-02', null, null, '../../Pictures/default.jpg', null);

INSERT INTO ChildcareTransaction VALUES ('1000003532', 'Regular Childcare', '103532', '2014-05-11', '12:00:00', '14:00:00', 20.50);

INSERT INTO AllowedConnections VALUES ('103533', '132290', '132293', 13229, null);

INSERT INTO Child VALUES ('132293', 'Child3534', '3534child', '2006-02-02', null, null, '../../Pictures/default.jpg', null);

INSERT INTO ChildcareTransaction VALUES ('1000003533', 'Regular Childcare', '103533', '2014-07-17', '12:00:00', '14:00:00', 20.50);

INSERT INTO AllowedConnections VALUES ('103534', '132290', '132294', 13229, null);

INSERT INTO Child VALUES ('132294', 'Child3535', '3535child', '2006-02-02', null, null, '../../Pictures/default.jpg', null);

INSERT INTO ChildcareTransaction VALUES ('1000003534', 'Regular Childcare', '103534', '2014-07-07', '12:00:00', '14:00:00', 20.50);

INSERT INTO AllowedConnections VALUES ('103535', '132290', '132295', 13229, null);

INSERT INTO Child VALUES ('132295', 'Child3536', '3536child', '2006-02-02', null, null, '../../Pictures/default.jpg', null);

INSERT INTO ChildcareTransaction VALUES ('1000003535', 'Regular Childcare', '103535', '2014-10-12', '12:00:00', '14:00:00', 20.50);

INSERT INTO Guardian VALUES ('132290', '1234', 'Guardian884', '884guardian', '555-555-5555', 'blah@blah.com', '123 nowhere', null, 'Spokane', 'WA', '99999', '../../Pictures/default.jpg', null);

INSERT INTO Family VALUES ('13229', 42);

INSERT INTO Guardian VALUES ('132291', '1234', 'Guardian2884', '8842guardian', '555-555-5555', 'blah@blah.com', '123 nowhere', null, 'Spokane', 'WA', '99999', '../../Pictures/default.jpg', null);

INSERT INTO AllowedConnections VALUES ('103536', '132300', '132302', 13230, null);

INSERT INTO Child VALUES ('132302', 'Child3537', '3537child', '2006-02-02', null, null, '../../Pictures/default.jpg', null);

INSERT INTO ChildcareTransaction VALUES ('1000003536', 'Regular Childcare', '103536', '2014-12-28', '12:00:00', '14:00:00', 20.50);

INSERT INTO AllowedConnections VALUES ('103537', '132300', '132303', 13230, null);

INSERT INTO Child VALUES ('132303', 'Child3538', '3538child', '2006-02-02', null, null, '../../Pictures/default.jpg', null);

INSERT INTO ChildcareTransaction VALUES ('1000003537', 'Regular Childcare', '103537', '2014-12-08', '12:00:00', '14:00:00', 20.50);

INSERT INTO AllowedConnections VALUES ('103538', '132300', '132304', 13230, null);

INSERT INTO Child VALUES ('132304', 'Child3539', '3539child', '2006-02-02', null, null, '../../Pictures/default.jpg', null);

INSERT INTO ChildcareTransaction VALUES ('1000003538', 'Regular Childcare', '103538', '2014-12-18', '12:00:00', '14:00:00', 20.50);

INSERT INTO AllowedConnections VALUES ('103539', '132300', '132305', 13230, null);

INSERT INTO Child VALUES ('132305', 'Child3540', '3540child', '2006-02-02', null, null, '../../Pictures/default.jpg', null);

INSERT INTO ChildcareTransaction VALUES ('1000003539', 'Regular Childcare', '103539', '2014-03-20', '12:00:00', '14:00:00', 20.50);

INSERT INTO Guardian VALUES ('132300', '1234', 'Guardian885', '885guardian', '555-555-5555', 'blah@blah.com', '123 nowhere', null, 'Spokane', 'WA', '99999', '../../Pictures/default.jpg', null);

INSERT INTO Family VALUES ('13230', 42);

INSERT INTO Guardian VALUES ('132301', '1234', 'Guardian2885', '8852guardian', '555-555-5555', 'blah@blah.com', '123 nowhere', null, 'Spokane', 'WA', '99999', '../../Pictures/default.jpg', null);

INSERT INTO AllowedConnections VALUES ('103540', '132310', '132312', 13231, null);

INSERT INTO Child VALUES ('132312', 'Child3541', '3541child', '2006-02-02', null, null, '../../Pictures/default.jpg', null);

INSERT INTO ChildcareTransaction VALUES ('1000003540', 'Regular Childcare', '103540', '2014-02-03', '12:00:00', '14:00:00', 20.50);

INSERT INTO AllowedConnections VALUES ('103541', '132310', '132313', 13231, null);

INSERT INTO Child VALUES ('132313', 'Child3542', '3542child', '2006-02-02', null, null, '../../Pictures/default.jpg', null);

INSERT INTO ChildcareTransaction VALUES ('1000003541', 'Regular Childcare', '103541', '2014-07-14', '12:00:00', '14:00:00', 20.50);

INSERT INTO AllowedConnections VALUES ('103542', '132310', '132314', 13231, null);

INSERT INTO Child VALUES ('132314', 'Child3543', '3543child', '2006-02-02', null, null, '../../Pictures/default.jpg', null);

INSERT INTO ChildcareTransaction VALUES ('1000003542', 'Regular Childcare', '103542', '2014-08-09', '12:00:00', '14:00:00', 20.50);

INSERT INTO AllowedConnections VALUES ('103543', '132310', '132315', 13231, null);

INSERT INTO Child VALUES ('132315', 'Child3544', '3544child', '2006-02-02', null, null, '../../Pictures/default.jpg', null);

INSERT INTO ChildcareTransaction VALUES ('1000003543', 'Regular Childcare', '103543', '2014-12-03', '12:00:00', '14:00:00', 20.50);

INSERT INTO Guardian VALUES ('132310', '1234', 'Guardian886', '886guardian', '555-555-5555', 'blah@blah.com', '123 nowhere', null, 'Spokane', 'WA', '99999', '../../Pictures/default.jpg', null);

INSERT INTO Family VALUES ('13231', 42);

INSERT INTO Guardian VALUES ('132311', '1234', 'Guardian2886', '8862guardian', '555-555-5555', 'blah@blah.com', '123 nowhere', null, 'Spokane', 'WA', '99999', '../../Pictures/default.jpg', null);

INSERT INTO AllowedConnections VALUES ('103544', '132320', '132322', 13232, null);

INSERT INTO Child VALUES ('132322', 'Child3545', '3545child', '2006-02-02', null, null, '../../Pictures/default.jpg', null);

INSERT INTO ChildcareTransaction VALUES ('1000003544', 'Regular Childcare', '103544', '2014-05-04', '12:00:00', '14:00:00', 20.50);

INSERT INTO AllowedConnections VALUES ('103545', '132320', '132323', 13232, null);

INSERT INTO Child VALUES ('132323', 'Child3546', '3546child', '2006-02-02', null, null, '../../Pictures/default.jpg', null);

INSERT INTO ChildcareTransaction VALUES ('1000003545', 'Regular Childcare', '103545', '2014-06-11', '12:00:00', '14:00:00', 20.50);

INSERT INTO AllowedConnections VALUES ('103546', '132320', '132324', 13232, null);

INSERT INTO Child VALUES ('132324', 'Child3547', '3547child', '2006-02-02', null, null, '../../Pictures/default.jpg', null);

INSERT INTO ChildcareTransaction VALUES ('1000003546', 'Regular Childcare', '103546', '2014-10-03', '12:00:00', '14:00:00', 20.50);

INSERT INTO AllowedConnections VALUES ('103547', '132320', '132325', 13232, null);

INSERT INTO Child VALUES ('132325', 'Child3548', '3548child', '2006-02-02', null, null, '../../Pictures/default.jpg', null);

INSERT INTO ChildcareTransaction VALUES ('1000003547', 'Regular Childcare', '103547', '2014-03-21', '12:00:00', '14:00:00', 20.50);

INSERT INTO Guardian VALUES ('132320', '1234', 'Guardian887', '887guardian', '555-555-5555', 'blah@blah.com', '123 nowhere', null, 'Spokane', 'WA', '99999', '../../Pictures/default.jpg', null);

INSERT INTO Family VALUES ('13232', 42);

INSERT INTO Guardian VALUES ('132321', '1234', 'Guardian2887', '8872guardian', '555-555-5555', 'blah@blah.com', '123 nowhere', null, 'Spokane', 'WA', '99999', '../../Pictures/default.jpg', null);

INSERT INTO AllowedConnections VALUES ('103548', '132330', '132332', 13233, null);

INSERT INTO Child VALUES ('132332', 'Child3549', '3549child', '2006-02-02', null, null, '../../Pictures/default.jpg', null);

INSERT INTO ChildcareTransaction VALUES ('1000003548', 'Regular Childcare', '103548', '2014-03-26', '12:00:00', '14:00:00', 20.50);

INSERT INTO AllowedConnections VALUES ('103549', '132330', '132333', 13233, null);

INSERT INTO Child VALUES ('132333', 'Child3550', '3550child', '2006-02-02', null, null, '../../Pictures/default.jpg', null);

INSERT INTO ChildcareTransaction VALUES ('1000003549', 'Regular Childcare', '103549', '2014-11-19', '12:00:00', '14:00:00', 20.50);

INSERT INTO AllowedConnections VALUES ('103550', '132330', '132334', 13233, null);

INSERT INTO Child VALUES ('132334', 'Child3551', '3551child', '2006-02-02', null, null, '../../Pictures/default.jpg', null);

INSERT INTO ChildcareTransaction VALUES ('1000003550', 'Regular Childcare', '103550', '2014-05-01', '12:00:00', '14:00:00', 20.50);

INSERT INTO AllowedConnections VALUES ('103551', '132330', '132335', 13233, null);

INSERT INTO Child VALUES ('132335', 'Child3552', '3552child', '2006-02-02', null, null, '../../Pictures/default.jpg', null);

INSERT INTO ChildcareTransaction VALUES ('1000003551', 'Regular Childcare', '103551', '2014-02-07', '12:00:00', '14:00:00', 20.50);

INSERT INTO Guardian VALUES ('132330', '1234', 'Guardian888', '888guardian', '555-555-5555', 'blah@blah.com', '123 nowhere', null, 'Spokane', 'WA', '99999', '../../Pictures/default.jpg', null);

INSERT INTO Family VALUES ('13233', 42);

INSERT INTO Guardian VALUES ('132331', '1234', 'Guardian2888', '8882guardian', '555-555-5555', 'blah@blah.com', '123 nowhere', null, 'Spokane', 'WA', '99999', '../../Pictures/default.jpg', null);

INSERT INTO AllowedConnections VALUES ('103552', '132340', '132342', 13234, null);

INSERT INTO Child VALUES ('132342', 'Child3553', '3553child', '2006-02-02', null, null, '../../Pictures/default.jpg', null);

INSERT INTO ChildcareTransaction VALUES ('1000003552', 'Regular Childcare', '103552', '2014-08-05', '12:00:00', '14:00:00', 20.50);

INSERT INTO AllowedConnections VALUES ('103553', '132340', '132343', 13234, null);

INSERT INTO Child VALUES ('132343', 'Child3554', '3554child', '2006-02-02', null, null, '../../Pictures/default.jpg', null);

INSERT INTO ChildcareTransaction VALUES ('1000003553', 'Regular Childcare', '103553', '2014-08-13', '12:00:00', '14:00:00', 20.50);

INSERT INTO AllowedConnections VALUES ('103554', '132340', '132344', 13234, null);

INSERT INTO Child VALUES ('132344', 'Child3555', '3555child', '2006-02-02', null, null, '../../Pictures/default.jpg', null);

INSERT INTO ChildcareTransaction VALUES ('1000003554', 'Regular Childcare', '103554', '2014-10-04', '12:00:00', '14:00:00', 20.50);

INSERT INTO AllowedConnections VALUES ('103555', '132340', '132345', 13234, null);

INSERT INTO Child VALUES ('132345', 'Child3556', '3556child', '2006-02-02', null, null, '../../Pictures/default.jpg', null);

INSERT INTO ChildcareTransaction VALUES ('1000003555', 'Regular Childcare', '103555', '2014-04-26', '12:00:00', '14:00:00', 20.50);

INSERT INTO Guardian VALUES ('132340', '1234', 'Guardian889', '889guardian', '555-555-5555', 'blah@blah.com', '123 nowhere', null, 'Spokane', 'WA', '99999', '../../Pictures/default.jpg', null);

INSERT INTO Family VALUES ('13234', 42);

INSERT INTO Guardian VALUES ('132341', '1234', 'Guardian2889', '8892guardian', '555-555-5555', 'blah@blah.com', '123 nowhere', null, 'Spokane', 'WA', '99999', '../../Pictures/default.jpg', null);

INSERT INTO AllowedConnections VALUES ('103556', '132350', '132352', 13235, null);

INSERT INTO Child VALUES ('132352', 'Child3557', '3557child', '2006-02-02', null, null, '../../Pictures/default.jpg', null);

INSERT INTO ChildcareTransaction VALUES ('1000003556', 'Regular Childcare', '103556', '2014-06-04', '12:00:00', '14:00:00', 20.50);

INSERT INTO AllowedConnections VALUES ('103557', '132350', '132353', 13235, null);

INSERT INTO Child VALUES ('132353', 'Child3558', '3558child', '2006-02-02', null, null, '../../Pictures/default.jpg', null);

INSERT INTO ChildcareTransaction VALUES ('1000003557', 'Regular Childcare', '103557', '2014-10-12', '12:00:00', '14:00:00', 20.50);

INSERT INTO AllowedConnections VALUES ('103558', '132350', '132354', 13235, null);

INSERT INTO Child VALUES ('132354', 'Child3559', '3559child', '2006-02-02', null, null, '../../Pictures/default.jpg', null);

INSERT INTO ChildcareTransaction VALUES ('1000003558', 'Regular Childcare', '103558', '2014-12-01', '12:00:00', '14:00:00', 20.50);

INSERT INTO AllowedConnections VALUES ('103559', '132350', '132355', 13235, null);

INSERT INTO Child VALUES ('132355', 'Child3560', '3560child', '2006-02-02', null, null, '../../Pictures/default.jpg', null);

INSERT INTO ChildcareTransaction VALUES ('1000003559', 'Regular Childcare', '103559', '2014-08-01', '12:00:00', '14:00:00', 20.50);

INSERT INTO Guardian VALUES ('132350', '1234', 'Guardian890', '890guardian', '555-555-5555', 'blah@blah.com', '123 nowhere', null, 'Spokane', 'WA', '99999', '../../Pictures/default.jpg', null);

INSERT INTO Family VALUES ('13235', 42);

INSERT INTO Guardian VALUES ('132351', '1234', 'Guardian2890', '8902guardian', '555-555-5555', 'blah@blah.com', '123 nowhere', null, 'Spokane', 'WA', '99999', '../../Pictures/default.jpg', null);

INSERT INTO AllowedConnections VALUES ('103560', '132360', '132362', 13236, null);

INSERT INTO Child VALUES ('132362', 'Child3561', '3561child', '2006-02-02', null, null, '../../Pictures/default.jpg', null);

INSERT INTO ChildcareTransaction VALUES ('1000003560', 'Regular Childcare', '103560', '2014-03-06', '12:00:00', '14:00:00', 20.50);

INSERT INTO AllowedConnections VALUES ('103561', '132360', '132363', 13236, null);

INSERT INTO Child VALUES ('132363', 'Child3562', '3562child', '2006-02-02', null, null, '../../Pictures/default.jpg', null);

INSERT INTO ChildcareTransaction VALUES ('1000003561', 'Regular Childcare', '103561', '2014-10-02', '12:00:00', '14:00:00', 20.50);

INSERT INTO AllowedConnections VALUES ('103562', '132360', '132364', 13236, null);

INSERT INTO Child VALUES ('132364', 'Child3563', '3563child', '2006-02-02', null, null, '../../Pictures/default.jpg', null);

INSERT INTO ChildcareTransaction VALUES ('1000003562', 'Regular Childcare', '103562', '2014-04-10', '12:00:00', '14:00:00', 20.50);

INSERT INTO AllowedConnections VALUES ('103563', '132360', '132365', 13236, null);

INSERT INTO Child VALUES ('132365', 'Child3564', '3564child', '2006-02-02', null, null, '../../Pictures/default.jpg', null);

INSERT INTO ChildcareTransaction VALUES ('1000003563', 'Regular Childcare', '103563', '2014-09-10', '12:00:00', '14:00:00', 20.50);

INSERT INTO Guardian VALUES ('132360', '1234', 'Guardian891', '891guardian', '555-555-5555', 'blah@blah.com', '123 nowhere', null, 'Spokane', 'WA', '99999', '../../Pictures/default.jpg', null);

INSERT INTO Family VALUES ('13236', 42);

INSERT INTO Guardian VALUES ('132361', '1234', 'Guardian2891', '8912guardian', '555-555-5555', 'blah@blah.com', '123 nowhere', null, 'Spokane', 'WA', '99999', '../../Pictures/default.jpg', null);

INSERT INTO AllowedConnections VALUES ('103564', '132370', '132372', 13237, null);

INSERT INTO Child VALUES ('132372', 'Child3565', '3565child', '2006-02-02', null, null, '../../Pictures/default.jpg', null);

INSERT INTO ChildcareTransaction VALUES ('1000003564', 'Regular Childcare', '103564', '2014-11-26', '12:00:00', '14:00:00', 20.50);

INSERT INTO AllowedConnections VALUES ('103565', '132370', '132373', 13237, null);

INSERT INTO Child VALUES ('132373', 'Child3566', '3566child', '2006-02-02', null, null, '../../Pictures/default.jpg', null);

INSERT INTO ChildcareTransaction VALUES ('1000003565', 'Regular Childcare', '103565', '2014-10-12', '12:00:00', '14:00:00', 20.50);

INSERT INTO AllowedConnections VALUES ('103566', '132370', '132374', 13237, null);

INSERT INTO Child VALUES ('132374', 'Child3567', '3567child', '2006-02-02', null, null, '../../Pictures/default.jpg', null);

INSERT INTO ChildcareTransaction VALUES ('1000003566', 'Regular Childcare', '103566', '2014-09-27', '12:00:00', '14:00:00', 20.50);

INSERT INTO AllowedConnections VALUES ('103567', '132370', '132375', 13237, null);

INSERT INTO Child VALUES ('132375', 'Child3568', '3568child', '2006-02-02', null, null, '../../Pictures/default.jpg', null);

INSERT INTO ChildcareTransaction VALUES ('1000003567', 'Regular Childcare', '103567', '2014-05-28', '12:00:00', '14:00:00', 20.50);

INSERT INTO Guardian VALUES ('132370', '1234', 'Guardian892', '892guardian', '555-555-5555', 'blah@blah.com', '123 nowhere', null, 'Spokane', 'WA', '99999', '../../Pictures/default.jpg', null);

INSERT INTO Family VALUES ('13237', 42);

INSERT INTO Guardian VALUES ('132371', '1234', 'Guardian2892', '8922guardian', '555-555-5555', 'blah@blah.com', '123 nowhere', null, 'Spokane', 'WA', '99999', '../../Pictures/default.jpg', null);

INSERT INTO AllowedConnections VALUES ('103568', '132380', '132382', 13238, null);

INSERT INTO Child VALUES ('132382', 'Child3569', '3569child', '2006-02-02', null, null, '../../Pictures/default.jpg', null);

INSERT INTO ChildcareTransaction VALUES ('1000003568', 'Regular Childcare', '103568', '2014-01-17', '12:00:00', '14:00:00', 20.50);

INSERT INTO AllowedConnections VALUES ('103569', '132380', '132383', 13238, null);

INSERT INTO Child VALUES ('132383', 'Child3570', '3570child', '2006-02-02', null, null, '../../Pictures/default.jpg', null);

INSERT INTO ChildcareTransaction VALUES ('1000003569', 'Regular Childcare', '103569', '2014-07-27', '12:00:00', '14:00:00', 20.50);

INSERT INTO AllowedConnections VALUES ('103570', '132380', '132384', 13238, null);

INSERT INTO Child VALUES ('132384', 'Child3571', '3571child', '2006-02-02', null, null, '../../Pictures/default.jpg', null);

INSERT INTO ChildcareTransaction VALUES ('1000003570', 'Regular Childcare', '103570', '2014-06-07', '12:00:00', '14:00:00', 20.50);

INSERT INTO AllowedConnections VALUES ('103571', '132380', '132385', 13238, null);

INSERT INTO Child VALUES ('132385', 'Child3572', '3572child', '2006-02-02', null, null, '../../Pictures/default.jpg', null);

INSERT INTO ChildcareTransaction VALUES ('1000003571', 'Regular Childcare', '103571', '2014-03-27', '12:00:00', '14:00:00', 20.50);

INSERT INTO Guardian VALUES ('132380', '1234', 'Guardian893', '893guardian', '555-555-5555', 'blah@blah.com', '123 nowhere', null, 'Spokane', 'WA', '99999', '../../Pictures/default.jpg', null);

INSERT INTO Family VALUES ('13238', 42);

INSERT INTO Guardian VALUES ('132381', '1234', 'Guardian2893', '8932guardian', '555-555-5555', 'blah@blah.com', '123 nowhere', null, 'Spokane', 'WA', '99999', '../../Pictures/default.jpg', null);

INSERT INTO AllowedConnections VALUES ('103572', '132390', '132392', 13239, null);

INSERT INTO Child VALUES ('132392', 'Child3573', '3573child', '2006-02-02', null, null, '../../Pictures/default.jpg', null);

INSERT INTO ChildcareTransaction VALUES ('1000003572', 'Regular Childcare', '103572', '2014-07-17', '12:00:00', '14:00:00', 20.50);

INSERT INTO AllowedConnections VALUES ('103573', '132390', '132393', 13239, null);

INSERT INTO Child VALUES ('132393', 'Child3574', '3574child', '2006-02-02', null, null, '../../Pictures/default.jpg', null);

INSERT INTO ChildcareTransaction VALUES ('1000003573', 'Regular Childcare', '103573', '2014-08-02', '12:00:00', '14:00:00', 20.50);

INSERT INTO AllowedConnections VALUES ('103574', '132390', '132394', 13239, null);

INSERT INTO Child VALUES ('132394', 'Child3575', '3575child', '2006-02-02', null, null, '../../Pictures/default.jpg', null);

INSERT INTO ChildcareTransaction VALUES ('1000003574', 'Regular Childcare', '103574', '2014-03-23', '12:00:00', '14:00:00', 20.50);

INSERT INTO AllowedConnections VALUES ('103575', '132390', '132395', 13239, null);

INSERT INTO Child VALUES ('132395', 'Child3576', '3576child', '2006-02-02', null, null, '../../Pictures/default.jpg', null);

INSERT INTO ChildcareTransaction VALUES ('1000003575', 'Regular Childcare', '103575', '2014-10-07', '12:00:00', '14:00:00', 20.50);

INSERT INTO Guardian VALUES ('132390', '1234', 'Guardian894', '894guardian', '555-555-5555', 'blah@blah.com', '123 nowhere', null, 'Spokane', 'WA', '99999', '../../Pictures/default.jpg', null);

INSERT INTO Family VALUES ('13239', 42);

INSERT INTO Guardian VALUES ('132391', '1234', 'Guardian2894', '8942guardian', '555-555-5555', 'blah@blah.com', '123 nowhere', null, 'Spokane', 'WA', '99999', '../../Pictures/default.jpg', null);

INSERT INTO AllowedConnections VALUES ('103576', '132400', '132402', 13240, null);

INSERT INTO Child VALUES ('132402', 'Child3577', '3577child', '2006-02-02', null, null, '../../Pictures/default.jpg', null);

INSERT INTO ChildcareTransaction VALUES ('1000003576', 'Regular Childcare', '103576', '2014-04-26', '12:00:00', '14:00:00', 20.50);

INSERT INTO AllowedConnections VALUES ('103577', '132400', '132403', 13240, null);

INSERT INTO Child VALUES ('132403', 'Child3578', '3578child', '2006-02-02', null, null, '../../Pictures/default.jpg', null);

INSERT INTO ChildcareTransaction VALUES ('1000003577', 'Regular Childcare', '103577', '2014-12-13', '12:00:00', '14:00:00', 20.50);

INSERT INTO AllowedConnections VALUES ('103578', '132400', '132404', 13240, null);

INSERT INTO Child VALUES ('132404', 'Child3579', '3579child', '2006-02-02', null, null, '../../Pictures/default.jpg', null);

INSERT INTO ChildcareTransaction VALUES ('1000003578', 'Regular Childcare', '103578', '2014-02-21', '12:00:00', '14:00:00', 20.50);

INSERT INTO AllowedConnections VALUES ('103579', '132400', '132405', 13240, null);

INSERT INTO Child VALUES ('132405', 'Child3580', '3580child', '2006-02-02', null, null, '../../Pictures/default.jpg', null);

INSERT INTO ChildcareTransaction VALUES ('1000003579', 'Regular Childcare', '103579', '2014-08-05', '12:00:00', '14:00:00', 20.50);

INSERT INTO Guardian VALUES ('132400', '1234', 'Guardian895', '895guardian', '555-555-5555', 'blah@blah.com', '123 nowhere', null, 'Spokane', 'WA', '99999', '../../Pictures/default.jpg', null);

INSERT INTO Family VALUES ('13240', 42);

INSERT INTO Guardian VALUES ('132401', '1234', 'Guardian2895', '8952guardian', '555-555-5555', 'blah@blah.com', '123 nowhere', null, 'Spokane', 'WA', '99999', '../../Pictures/default.jpg', null);

INSERT INTO AllowedConnections VALUES ('103580', '132410', '132412', 13241, null);

INSERT INTO Child VALUES ('132412', 'Child3581', '3581child', '2006-02-02', null, null, '../../Pictures/default.jpg', null);

INSERT INTO ChildcareTransaction VALUES ('1000003580', 'Regular Childcare', '103580', '2014-05-12', '12:00:00', '14:00:00', 20.50);

INSERT INTO AllowedConnections VALUES ('103581', '132410', '132413', 13241, null);

INSERT INTO Child VALUES ('132413', 'Child3582', '3582child', '2006-02-02', null, null, '../../Pictures/default.jpg', null);

INSERT INTO ChildcareTransaction VALUES ('1000003581', 'Regular Childcare', '103581', '2014-05-25', '12:00:00', '14:00:00', 20.50);

INSERT INTO AllowedConnections VALUES ('103582', '132410', '132414', 13241, null);

INSERT INTO Child VALUES ('132414', 'Child3583', '3583child', '2006-02-02', null, null, '../../Pictures/default.jpg', null);

INSERT INTO ChildcareTransaction VALUES ('1000003582', 'Regular Childcare', '103582', '2014-11-26', '12:00:00', '14:00:00', 20.50);

INSERT INTO AllowedConnections VALUES ('103583', '132410', '132415', 13241, null);

INSERT INTO Child VALUES ('132415', 'Child3584', '3584child', '2006-02-02', null, null, '../../Pictures/default.jpg', null);

INSERT INTO ChildcareTransaction VALUES ('1000003583', 'Regular Childcare', '103583', '2014-09-25', '12:00:00', '14:00:00', 20.50);

INSERT INTO Guardian VALUES ('132410', '1234', 'Guardian896', '896guardian', '555-555-5555', 'blah@blah.com', '123 nowhere', null, 'Spokane', 'WA', '99999', '../../Pictures/default.jpg', null);

INSERT INTO Family VALUES ('13241', 42);

INSERT INTO Guardian VALUES ('132411', '1234', 'Guardian2896', '8962guardian', '555-555-5555', 'blah@blah.com', '123 nowhere', null, 'Spokane', 'WA', '99999', '../../Pictures/default.jpg', null);

INSERT INTO AllowedConnections VALUES ('103584', '132420', '132422', 13242, null);

INSERT INTO Child VALUES ('132422', 'Child3585', '3585child', '2006-02-02', null, null, '../../Pictures/default.jpg', null);

INSERT INTO ChildcareTransaction VALUES ('1000003584', 'Regular Childcare', '103584', '2014-01-22', '12:00:00', '14:00:00', 20.50);

INSERT INTO AllowedConnections VALUES ('103585', '132420', '132423', 13242, null);

INSERT INTO Child VALUES ('132423', 'Child3586', '3586child', '2006-02-02', null, null, '../../Pictures/default.jpg', null);

INSERT INTO ChildcareTransaction VALUES ('1000003585', 'Regular Childcare', '103585', '2014-02-09', '12:00:00', '14:00:00', 20.50);

INSERT INTO AllowedConnections VALUES ('103586', '132420', '132424', 13242, null);

INSERT INTO Child VALUES ('132424', 'Child3587', '3587child', '2006-02-02', null, null, '../../Pictures/default.jpg', null);

INSERT INTO ChildcareTransaction VALUES ('1000003586', 'Regular Childcare', '103586', '2014-11-24', '12:00:00', '14:00:00', 20.50);

INSERT INTO AllowedConnections VALUES ('103587', '132420', '132425', 13242, null);

INSERT INTO Child VALUES ('132425', 'Child3588', '3588child', '2006-02-02', null, null, '../../Pictures/default.jpg', null);

INSERT INTO ChildcareTransaction VALUES ('1000003587', 'Regular Childcare', '103587', '2014-09-12', '12:00:00', '14:00:00', 20.50);

INSERT INTO Guardian VALUES ('132420', '1234', 'Guardian897', '897guardian', '555-555-5555', 'blah@blah.com', '123 nowhere', null, 'Spokane', 'WA', '99999', '../../Pictures/default.jpg', null);

INSERT INTO Family VALUES ('13242', 42);

INSERT INTO Guardian VALUES ('132421', '1234', 'Guardian2897', '8972guardian', '555-555-5555', 'blah@blah.com', '123 nowhere', null, 'Spokane', 'WA', '99999', '../../Pictures/default.jpg', null);

INSERT INTO AllowedConnections VALUES ('103588', '132430', '132432', 13243, null);

INSERT INTO Child VALUES ('132432', 'Child3589', '3589child', '2006-02-02', null, null, '../../Pictures/default.jpg', null);

INSERT INTO ChildcareTransaction VALUES ('1000003588', 'Regular Childcare', '103588', '2014-09-05', '12:00:00', '14:00:00', 20.50);

INSERT INTO AllowedConnections VALUES ('103589', '132430', '132433', 13243, null);

INSERT INTO Child VALUES ('132433', 'Child3590', '3590child', '2006-02-02', null, null, '../../Pictures/default.jpg', null);

INSERT INTO ChildcareTransaction VALUES ('1000003589', 'Regular Childcare', '103589', '2014-08-11', '12:00:00', '14:00:00', 20.50);

INSERT INTO AllowedConnections VALUES ('103590', '132430', '132434', 13243, null);

INSERT INTO Child VALUES ('132434', 'Child3591', '3591child', '2006-02-02', null, null, '../../Pictures/default.jpg', null);

INSERT INTO ChildcareTransaction VALUES ('1000003590', 'Regular Childcare', '103590', '2014-08-08', '12:00:00', '14:00:00', 20.50);

INSERT INTO AllowedConnections VALUES ('103591', '132430', '132435', 13243, null);

INSERT INTO Child VALUES ('132435', 'Child3592', '3592child', '2006-02-02', null, null, '../../Pictures/default.jpg', null);

INSERT INTO ChildcareTransaction VALUES ('1000003591', 'Regular Childcare', '103591', '2014-02-14', '12:00:00', '14:00:00', 20.50);

INSERT INTO Guardian VALUES ('132430', '1234', 'Guardian898', '898guardian', '555-555-5555', 'blah@blah.com', '123 nowhere', null, 'Spokane', 'WA', '99999', '../../Pictures/default.jpg', null);

INSERT INTO Family VALUES ('13243', 42);

INSERT INTO Guardian VALUES ('132431', '1234', 'Guardian2898', '8982guardian', '555-555-5555', 'blah@blah.com', '123 nowhere', null, 'Spokane', 'WA', '99999', '../../Pictures/default.jpg', null);

INSERT INTO AllowedConnections VALUES ('103592', '132440', '132442', 13244, null);

INSERT INTO Child VALUES ('132442', 'Child3593', '3593child', '2006-02-02', null, null, '../../Pictures/default.jpg', null);

INSERT INTO ChildcareTransaction VALUES ('1000003592', 'Regular Childcare', '103592', '2014-08-01', '12:00:00', '14:00:00', 20.50);

INSERT INTO AllowedConnections VALUES ('103593', '132440', '132443', 13244, null);

INSERT INTO Child VALUES ('132443', 'Child3594', '3594child', '2006-02-02', null, null, '../../Pictures/default.jpg', null);

INSERT INTO ChildcareTransaction VALUES ('1000003593', 'Regular Childcare', '103593', '2014-11-11', '12:00:00', '14:00:00', 20.50);

INSERT INTO AllowedConnections VALUES ('103594', '132440', '132444', 13244, null);

INSERT INTO Child VALUES ('132444', 'Child3595', '3595child', '2006-02-02', null, null, '../../Pictures/default.jpg', null);

INSERT INTO ChildcareTransaction VALUES ('1000003594', 'Regular Childcare', '103594', '2014-11-09', '12:00:00', '14:00:00', 20.50);

INSERT INTO AllowedConnections VALUES ('103595', '132440', '132445', 13244, null);

INSERT INTO Child VALUES ('132445', 'Child3596', '3596child', '2006-02-02', null, null, '../../Pictures/default.jpg', null);

INSERT INTO ChildcareTransaction VALUES ('1000003595', 'Regular Childcare', '103595', '2014-07-04', '12:00:00', '14:00:00', 20.50);

INSERT INTO Guardian VALUES ('132440', '1234', 'Guardian899', '899guardian', '555-555-5555', 'blah@blah.com', '123 nowhere', null, 'Spokane', 'WA', '99999', '../../Pictures/default.jpg', null);

INSERT INTO Family VALUES ('13244', 42);

INSERT INTO Guardian VALUES ('132441', '1234', 'Guardian2899', '8992guardian', '555-555-5555', 'blah@blah.com', '123 nowhere', null, 'Spokane', 'WA', '99999', '../../Pictures/default.jpg', null);

INSERT INTO AllowedConnections VALUES ('103596', '132450', '132452', 13245, null);

INSERT INTO Child VALUES ('132452', 'Child3597', '3597child', '2006-02-02', null, null, '../../Pictures/default.jpg', null);

INSERT INTO ChildcareTransaction VALUES ('1000003596', 'Regular Childcare', '103596', '2014-03-10', '12:00:00', '14:00:00', 20.50);

INSERT INTO AllowedConnections VALUES ('103597', '132450', '132453', 13245, null);

INSERT INTO Child VALUES ('132453', 'Child3598', '3598child', '2006-02-02', null, null, '../../Pictures/default.jpg', null);

INSERT INTO ChildcareTransaction VALUES ('1000003597', 'Regular Childcare', '103597', '2014-09-26', '12:00:00', '14:00:00', 20.50);

INSERT INTO AllowedConnections VALUES ('103598', '132450', '132454', 13245, null);

INSERT INTO Child VALUES ('132454', 'Child3599', '3599child', '2006-02-02', null, null, '../../Pictures/default.jpg', null);

INSERT INTO ChildcareTransaction VALUES ('1000003598', 'Regular Childcare', '103598', '2014-04-01', '12:00:00', '14:00:00', 20.50);

INSERT INTO AllowedConnections VALUES ('103599', '132450', '132455', 13245, null);

INSERT INTO Child VALUES ('132455', 'Child3600', '3600child', '2006-02-02', null, null, '../../Pictures/default.jpg', null);

INSERT INTO ChildcareTransaction VALUES ('1000003599', 'Regular Childcare', '103599', '2014-10-21', '12:00:00', '14:00:00', 20.50);

INSERT INTO Guardian VALUES ('132450', '1234', 'Guardian900', '900guardian', '555-555-5555', 'blah@blah.com', '123 nowhere', null, 'Spokane', 'WA', '99999', '../../Pictures/default.jpg', null);

INSERT INTO Family VALUES ('13245', 42);

INSERT INTO Guardian VALUES ('132451', '1234', 'Guardian2900', '9002guardian', '555-555-5555', 'blah@blah.com', '123 nowhere', null, 'Spokane', 'WA', '99999', '../../Pictures/default.jpg', null);

INSERT INTO AllowedConnections VALUES ('103600', '132460', '132462', 13246, null);

INSERT INTO Child VALUES ('132462', 'Child3601', '3601child', '2006-02-02', null, null, '../../Pictures/default.jpg', null);

INSERT INTO ChildcareTransaction VALUES ('1000003600', 'Regular Childcare', '103600', '2014-08-23', '12:00:00', '14:00:00', 20.50);

INSERT INTO AllowedConnections VALUES ('103601', '132460', '132463', 13246, null);

INSERT INTO Child VALUES ('132463', 'Child3602', '3602child', '2006-02-02', null, null, '../../Pictures/default.jpg', null);

INSERT INTO ChildcareTransaction VALUES ('1000003601', 'Regular Childcare', '103601', '2014-11-15', '12:00:00', '14:00:00', 20.50);

INSERT INTO AllowedConnections VALUES ('103602', '132460', '132464', 13246, null);

INSERT INTO Child VALUES ('132464', 'Child3603', '3603child', '2006-02-02', null, null, '../../Pictures/default.jpg', null);

INSERT INTO ChildcareTransaction VALUES ('1000003602', 'Regular Childcare', '103602', '2014-09-13', '12:00:00', '14:00:00', 20.50);

INSERT INTO AllowedConnections VALUES ('103603', '132460', '132465', 13246, null);

INSERT INTO Child VALUES ('132465', 'Child3604', '3604child', '2006-02-02', null, null, '../../Pictures/default.jpg', null);

INSERT INTO ChildcareTransaction VALUES ('1000003603', 'Regular Childcare', '103603', '2014-06-02', '12:00:00', '14:00:00', 20.50);

INSERT INTO Guardian VALUES ('132460', '1234', 'Guardian901', '901guardian', '555-555-5555', 'blah@blah.com', '123 nowhere', null, 'Spokane', 'WA', '99999', '../../Pictures/default.jpg', null);

INSERT INTO Family VALUES ('13246', 42);

INSERT INTO Guardian VALUES ('132461', '1234', 'Guardian2901', '9012guardian', '555-555-5555', 'blah@blah.com', '123 nowhere', null, 'Spokane', 'WA', '99999', '../../Pictures/default.jpg', null);

INSERT INTO AllowedConnections VALUES ('103604', '132470', '132472', 13247, null);

INSERT INTO Child VALUES ('132472', 'Child3605', '3605child', '2006-02-02', null, null, '../../Pictures/default.jpg', null);

INSERT INTO ChildcareTransaction VALUES ('1000003604', 'Regular Childcare', '103604', '2014-05-09', '12:00:00', '14:00:00', 20.50);

INSERT INTO AllowedConnections VALUES ('103605', '132470', '132473', 13247, null);

INSERT INTO Child VALUES ('132473', 'Child3606', '3606child', '2006-02-02', null, null, '../../Pictures/default.jpg', null);

INSERT INTO ChildcareTransaction VALUES ('1000003605', 'Regular Childcare', '103605', '2014-11-11', '12:00:00', '14:00:00', 20.50);

INSERT INTO AllowedConnections VALUES ('103606', '132470', '132474', 13247, null);

INSERT INTO Child VALUES ('132474', 'Child3607', '3607child', '2006-02-02', null, null, '../../Pictures/default.jpg', null);

INSERT INTO ChildcareTransaction VALUES ('1000003606', 'Regular Childcare', '103606', '2014-06-25', '12:00:00', '14:00:00', 20.50);

INSERT INTO AllowedConnections VALUES ('103607', '132470', '132475', 13247, null);

INSERT INTO Child VALUES ('132475', 'Child3608', '3608child', '2006-02-02', null, null, '../../Pictures/default.jpg', null);

INSERT INTO ChildcareTransaction VALUES ('1000003607', 'Regular Childcare', '103607', '2014-07-26', '12:00:00', '14:00:00', 20.50);

INSERT INTO Guardian VALUES ('132470', '1234', 'Guardian902', '902guardian', '555-555-5555', 'blah@blah.com', '123 nowhere', null, 'Spokane', 'WA', '99999', '../../Pictures/default.jpg', null);

INSERT INTO Family VALUES ('13247', 42);

INSERT INTO Guardian VALUES ('132471', '1234', 'Guardian2902', '9022guardian', '555-555-5555', 'blah@blah.com', '123 nowhere', null, 'Spokane', 'WA', '99999', '../../Pictures/default.jpg', null);

INSERT INTO AllowedConnections VALUES ('103608', '132480', '132482', 13248, null);

INSERT INTO Child VALUES ('132482', 'Child3609', '3609child', '2006-02-02', null, null, '../../Pictures/default.jpg', null);

INSERT INTO ChildcareTransaction VALUES ('1000003608', 'Regular Childcare', '103608', '2014-04-12', '12:00:00', '14:00:00', 20.50);

INSERT INTO AllowedConnections VALUES ('103609', '132480', '132483', 13248, null);

INSERT INTO Child VALUES ('132483', 'Child3610', '3610child', '2006-02-02', null, null, '../../Pictures/default.jpg', null);

INSERT INTO ChildcareTransaction VALUES ('1000003609', 'Regular Childcare', '103609', '2014-06-16', '12:00:00', '14:00:00', 20.50);

INSERT INTO AllowedConnections VALUES ('103610', '132480', '132484', 13248, null);

INSERT INTO Child VALUES ('132484', 'Child3611', '3611child', '2006-02-02', null, null, '../../Pictures/default.jpg', null);

INSERT INTO ChildcareTransaction VALUES ('1000003610', 'Regular Childcare', '103610', '2014-05-28', '12:00:00', '14:00:00', 20.50);

INSERT INTO AllowedConnections VALUES ('103611', '132480', '132485', 13248, null);

INSERT INTO Child VALUES ('132485', 'Child3612', '3612child', '2006-02-02', null, null, '../../Pictures/default.jpg', null);

INSERT INTO ChildcareTransaction VALUES ('1000003611', 'Regular Childcare', '103611', '2014-09-20', '12:00:00', '14:00:00', 20.50);

INSERT INTO Guardian VALUES ('132480', '1234', 'Guardian903', '903guardian', '555-555-5555', 'blah@blah.com', '123 nowhere', null, 'Spokane', 'WA', '99999', '../../Pictures/default.jpg', null);

INSERT INTO Family VALUES ('13248', 42);

INSERT INTO Guardian VALUES ('132481', '1234', 'Guardian2903', '9032guardian', '555-555-5555', 'blah@blah.com', '123 nowhere', null, 'Spokane', 'WA', '99999', '../../Pictures/default.jpg', null);

INSERT INTO AllowedConnections VALUES ('103612', '132490', '132492', 13249, null);

INSERT INTO Child VALUES ('132492', 'Child3613', '3613child', '2006-02-02', null, null, '../../Pictures/default.jpg', null);

INSERT INTO ChildcareTransaction VALUES ('1000003612', 'Regular Childcare', '103612', '2014-08-12', '12:00:00', '14:00:00', 20.50);

INSERT INTO AllowedConnections VALUES ('103613', '132490', '132493', 13249, null);

INSERT INTO Child VALUES ('132493', 'Child3614', '3614child', '2006-02-02', null, null, '../../Pictures/default.jpg', null);

INSERT INTO ChildcareTransaction VALUES ('1000003613', 'Regular Childcare', '103613', '2014-01-16', '12:00:00', '14:00:00', 20.50);

INSERT INTO AllowedConnections VALUES ('103614', '132490', '132494', 13249, null);

INSERT INTO Child VALUES ('132494', 'Child3615', '3615child', '2006-02-02', null, null, '../../Pictures/default.jpg', null);

INSERT INTO ChildcareTransaction VALUES ('1000003614', 'Regular Childcare', '103614', '2014-03-14', '12:00:00', '14:00:00', 20.50);

INSERT INTO AllowedConnections VALUES ('103615', '132490', '132495', 13249, null);

INSERT INTO Child VALUES ('132495', 'Child3616', '3616child', '2006-02-02', null, null, '../../Pictures/default.jpg', null);

INSERT INTO ChildcareTransaction VALUES ('1000003615', 'Regular Childcare', '103615', '2014-08-01', '12:00:00', '14:00:00', 20.50);

INSERT INTO Guardian VALUES ('132490', '1234', 'Guardian904', '904guardian', '555-555-5555', 'blah@blah.com', '123 nowhere', null, 'Spokane', 'WA', '99999', '../../Pictures/default.jpg', null);

INSERT INTO Family VALUES ('13249', 42);

INSERT INTO Guardian VALUES ('132491', '1234', 'Guardian2904', '9042guardian', '555-555-5555', 'blah@blah.com', '123 nowhere', null, 'Spokane', 'WA', '99999', '../../Pictures/default.jpg', null);

INSERT INTO AllowedConnections VALUES ('103616', '132500', '132502', 13250, null);

INSERT INTO Child VALUES ('132502', 'Child3617', '3617child', '2006-02-02', null, null, '../../Pictures/default.jpg', null);

INSERT INTO ChildcareTransaction VALUES ('1000003616', 'Regular Childcare', '103616', '2014-06-08', '12:00:00', '14:00:00', 20.50);

INSERT INTO AllowedConnections VALUES ('103617', '132500', '132503', 13250, null);

INSERT INTO Child VALUES ('132503', 'Child3618', '3618child', '2006-02-02', null, null, '../../Pictures/default.jpg', null);

INSERT INTO ChildcareTransaction VALUES ('1000003617', 'Regular Childcare', '103617', '2014-10-05', '12:00:00', '14:00:00', 20.50);

INSERT INTO AllowedConnections VALUES ('103618', '132500', '132504', 13250, null);

INSERT INTO Child VALUES ('132504', 'Child3619', '3619child', '2006-02-02', null, null, '../../Pictures/default.jpg', null);

INSERT INTO ChildcareTransaction VALUES ('1000003618', 'Regular Childcare', '103618', '2014-11-12', '12:00:00', '14:00:00', 20.50);

INSERT INTO AllowedConnections VALUES ('103619', '132500', '132505', 13250, null);

INSERT INTO Child VALUES ('132505', 'Child3620', '3620child', '2006-02-02', null, null, '../../Pictures/default.jpg', null);

INSERT INTO ChildcareTransaction VALUES ('1000003619', 'Regular Childcare', '103619', '2014-10-02', '12:00:00', '14:00:00', 20.50);

INSERT INTO Guardian VALUES ('132500', '1234', 'Guardian905', '905guardian', '555-555-5555', 'blah@blah.com', '123 nowhere', null, 'Spokane', 'WA', '99999', '../../Pictures/default.jpg', null);

INSERT INTO Family VALUES ('13250', 42);

INSERT INTO Guardian VALUES ('132501', '1234', 'Guardian2905', '9052guardian', '555-555-5555', 'blah@blah.com', '123 nowhere', null, 'Spokane', 'WA', '99999', '../../Pictures/default.jpg', null);

INSERT INTO AllowedConnections VALUES ('103620', '132510', '132512', 13251, null);

INSERT INTO Child VALUES ('132512', 'Child3621', '3621child', '2006-02-02', null, null, '../../Pictures/default.jpg', null);

INSERT INTO ChildcareTransaction VALUES ('1000003620', 'Regular Childcare', '103620', '2014-12-02', '12:00:00', '14:00:00', 20.50);

INSERT INTO AllowedConnections VALUES ('103621', '132510', '132513', 13251, null);

INSERT INTO Child VALUES ('132513', 'Child3622', '3622child', '2006-02-02', null, null, '../../Pictures/default.jpg', null);

INSERT INTO ChildcareTransaction VALUES ('1000003621', 'Regular Childcare', '103621', '2014-04-02', '12:00:00', '14:00:00', 20.50);

INSERT INTO AllowedConnections VALUES ('103622', '132510', '132514', 13251, null);

INSERT INTO Child VALUES ('132514', 'Child3623', '3623child', '2006-02-02', null, null, '../../Pictures/default.jpg', null);

INSERT INTO ChildcareTransaction VALUES ('1000003622', 'Regular Childcare', '103622', '2014-03-08', '12:00:00', '14:00:00', 20.50);

INSERT INTO AllowedConnections VALUES ('103623', '132510', '132515', 13251, null);

INSERT INTO Child VALUES ('132515', 'Child3624', '3624child', '2006-02-02', null, null, '../../Pictures/default.jpg', null);

INSERT INTO ChildcareTransaction VALUES ('1000003623', 'Regular Childcare', '103623', '2014-05-12', '12:00:00', '14:00:00', 20.50);

INSERT INTO Guardian VALUES ('132510', '1234', 'Guardian906', '906guardian', '555-555-5555', 'blah@blah.com', '123 nowhere', null, 'Spokane', 'WA', '99999', '../../Pictures/default.jpg', null);

INSERT INTO Family VALUES ('13251', 42);

INSERT INTO Guardian VALUES ('132511', '1234', 'Guardian2906', '9062guardian', '555-555-5555', 'blah@blah.com', '123 nowhere', null, 'Spokane', 'WA', '99999', '../../Pictures/default.jpg', null);

INSERT INTO AllowedConnections VALUES ('103624', '132520', '132522', 13252, null);

INSERT INTO Child VALUES ('132522', 'Child3625', '3625child', '2006-02-02', null, null, '../../Pictures/default.jpg', null);

INSERT INTO ChildcareTransaction VALUES ('1000003624', 'Regular Childcare', '103624', '2014-04-17', '12:00:00', '14:00:00', 20.50);

INSERT INTO AllowedConnections VALUES ('103625', '132520', '132523', 13252, null);

INSERT INTO Child VALUES ('132523', 'Child3626', '3626child', '2006-02-02', null, null, '../../Pictures/default.jpg', null);

INSERT INTO ChildcareTransaction VALUES ('1000003625', 'Regular Childcare', '103625', '2014-06-17', '12:00:00', '14:00:00', 20.50);

INSERT INTO AllowedConnections VALUES ('103626', '132520', '132524', 13252, null);

INSERT INTO Child VALUES ('132524', 'Child3627', '3627child', '2006-02-02', null, null, '../../Pictures/default.jpg', null);

INSERT INTO ChildcareTransaction VALUES ('1000003626', 'Regular Childcare', '103626', '2014-05-21', '12:00:00', '14:00:00', 20.50);

INSERT INTO AllowedConnections VALUES ('103627', '132520', '132525', 13252, null);

INSERT INTO Child VALUES ('132525', 'Child3628', '3628child', '2006-02-02', null, null, '../../Pictures/default.jpg', null);

INSERT INTO ChildcareTransaction VALUES ('1000003627', 'Regular Childcare', '103627', '2014-10-14', '12:00:00', '14:00:00', 20.50);

INSERT INTO Guardian VALUES ('132520', '1234', 'Guardian907', '907guardian', '555-555-5555', 'blah@blah.com', '123 nowhere', null, 'Spokane', 'WA', '99999', '../../Pictures/default.jpg', null);

INSERT INTO Family VALUES ('13252', 42);

INSERT INTO Guardian VALUES ('132521', '1234', 'Guardian2907', '9072guardian', '555-555-5555', 'blah@blah.com', '123 nowhere', null, 'Spokane', 'WA', '99999', '../../Pictures/default.jpg', null);

INSERT INTO AllowedConnections VALUES ('103628', '132530', '132532', 13253, null);

INSERT INTO Child VALUES ('132532', 'Child3629', '3629child', '2006-02-02', null, null, '../../Pictures/default.jpg', null);

INSERT INTO ChildcareTransaction VALUES ('1000003628', 'Regular Childcare', '103628', '2014-02-01', '12:00:00', '14:00:00', 20.50);

INSERT INTO AllowedConnections VALUES ('103629', '132530', '132533', 13253, null);

INSERT INTO Child VALUES ('132533', 'Child3630', '3630child', '2006-02-02', null, null, '../../Pictures/default.jpg', null);

INSERT INTO ChildcareTransaction VALUES ('1000003629', 'Regular Childcare', '103629', '2014-09-17', '12:00:00', '14:00:00', 20.50);

INSERT INTO AllowedConnections VALUES ('103630', '132530', '132534', 13253, null);

INSERT INTO Child VALUES ('132534', 'Child3631', '3631child', '2006-02-02', null, null, '../../Pictures/default.jpg', null);

INSERT INTO ChildcareTransaction VALUES ('1000003630', 'Regular Childcare', '103630', '2014-01-02', '12:00:00', '14:00:00', 20.50);

INSERT INTO AllowedConnections VALUES ('103631', '132530', '132535', 13253, null);

INSERT INTO Child VALUES ('132535', 'Child3632', '3632child', '2006-02-02', null, null, '../../Pictures/default.jpg', null);

INSERT INTO ChildcareTransaction VALUES ('1000003631', 'Regular Childcare', '103631', '2014-09-20', '12:00:00', '14:00:00', 20.50);

INSERT INTO Guardian VALUES ('132530', '1234', 'Guardian908', '908guardian', '555-555-5555', 'blah@blah.com', '123 nowhere', null, 'Spokane', 'WA', '99999', '../../Pictures/default.jpg', null);

INSERT INTO Family VALUES ('13253', 42);

INSERT INTO Guardian VALUES ('132531', '1234', 'Guardian2908', '9082guardian', '555-555-5555', 'blah@blah.com', '123 nowhere', null, 'Spokane', 'WA', '99999', '../../Pictures/default.jpg', null);

INSERT INTO AllowedConnections VALUES ('103632', '132540', '132542', 13254, null);

INSERT INTO Child VALUES ('132542', 'Child3633', '3633child', '2006-02-02', null, null, '../../Pictures/default.jpg', null);

INSERT INTO ChildcareTransaction VALUES ('1000003632', 'Regular Childcare', '103632', '2014-02-06', '12:00:00', '14:00:00', 20.50);

INSERT INTO AllowedConnections VALUES ('103633', '132540', '132543', 13254, null);

INSERT INTO Child VALUES ('132543', 'Child3634', '3634child', '2006-02-02', null, null, '../../Pictures/default.jpg', null);

INSERT INTO ChildcareTransaction VALUES ('1000003633', 'Regular Childcare', '103633', '2014-07-16', '12:00:00', '14:00:00', 20.50);

INSERT INTO AllowedConnections VALUES ('103634', '132540', '132544', 13254, null);

INSERT INTO Child VALUES ('132544', 'Child3635', '3635child', '2006-02-02', null, null, '../../Pictures/default.jpg', null);

INSERT INTO ChildcareTransaction VALUES ('1000003634', 'Regular Childcare', '103634', '2014-03-15', '12:00:00', '14:00:00', 20.50);

INSERT INTO AllowedConnections VALUES ('103635', '132540', '132545', 13254, null);

INSERT INTO Child VALUES ('132545', 'Child3636', '3636child', '2006-02-02', null, null, '../../Pictures/default.jpg', null);

INSERT INTO ChildcareTransaction VALUES ('1000003635', 'Regular Childcare', '103635', '2014-12-04', '12:00:00', '14:00:00', 20.50);

INSERT INTO Guardian VALUES ('132540', '1234', 'Guardian909', '909guardian', '555-555-5555', 'blah@blah.com', '123 nowhere', null, 'Spokane', 'WA', '99999', '../../Pictures/default.jpg', null);

INSERT INTO Family VALUES ('13254', 42);

INSERT INTO Guardian VALUES ('132541', '1234', 'Guardian2909', '9092guardian', '555-555-5555', 'blah@blah.com', '123 nowhere', null, 'Spokane', 'WA', '99999', '../../Pictures/default.jpg', null);

INSERT INTO AllowedConnections VALUES ('103636', '132550', '132552', 13255, null);

INSERT INTO Child VALUES ('132552', 'Child3637', '3637child', '2006-02-02', null, null, '../../Pictures/default.jpg', null);

INSERT INTO ChildcareTransaction VALUES ('1000003636', 'Regular Childcare', '103636', '2014-03-07', '12:00:00', '14:00:00', 20.50);

INSERT INTO AllowedConnections VALUES ('103637', '132550', '132553', 13255, null);

INSERT INTO Child VALUES ('132553', 'Child3638', '3638child', '2006-02-02', null, null, '../../Pictures/default.jpg', null);

INSERT INTO ChildcareTransaction VALUES ('1000003637', 'Regular Childcare', '103637', '2014-12-24', '12:00:00', '14:00:00', 20.50);

INSERT INTO AllowedConnections VALUES ('103638', '132550', '132554', 13255, null);

INSERT INTO Child VALUES ('132554', 'Child3639', '3639child', '2006-02-02', null, null, '../../Pictures/default.jpg', null);

INSERT INTO ChildcareTransaction VALUES ('1000003638', 'Regular Childcare', '103638', '2014-08-25', '12:00:00', '14:00:00', 20.50);

INSERT INTO AllowedConnections VALUES ('103639', '132550', '132555', 13255, null);

INSERT INTO Child VALUES ('132555', 'Child3640', '3640child', '2006-02-02', null, null, '../../Pictures/default.jpg', null);

INSERT INTO ChildcareTransaction VALUES ('1000003639', 'Regular Childcare', '103639', '2014-12-12', '12:00:00', '14:00:00', 20.50);

INSERT INTO Guardian VALUES ('132550', '1234', 'Guardian910', '910guardian', '555-555-5555', 'blah@blah.com', '123 nowhere', null, 'Spokane', 'WA', '99999', '../../Pictures/default.jpg', null);

INSERT INTO Family VALUES ('13255', 42);

INSERT INTO Guardian VALUES ('132551', '1234', 'Guardian2910', '9102guardian', '555-555-5555', 'blah@blah.com', '123 nowhere', null, 'Spokane', 'WA', '99999', '../../Pictures/default.jpg', null);

INSERT INTO AllowedConnections VALUES ('103640', '132560', '132562', 13256, null);

INSERT INTO Child VALUES ('132562', 'Child3641', '3641child', '2006-02-02', null, null, '../../Pictures/default.jpg', null);

INSERT INTO ChildcareTransaction VALUES ('1000003640', 'Regular Childcare', '103640', '2014-08-09', '12:00:00', '14:00:00', 20.50);

INSERT INTO AllowedConnections VALUES ('103641', '132560', '132563', 13256, null);

INSERT INTO Child VALUES ('132563', 'Child3642', '3642child', '2006-02-02', null, null, '../../Pictures/default.jpg', null);

INSERT INTO ChildcareTransaction VALUES ('1000003641', 'Regular Childcare', '103641', '2014-01-03', '12:00:00', '14:00:00', 20.50);

INSERT INTO AllowedConnections VALUES ('103642', '132560', '132564', 13256, null);

INSERT INTO Child VALUES ('132564', 'Child3643', '3643child', '2006-02-02', null, null, '../../Pictures/default.jpg', null);

INSERT INTO ChildcareTransaction VALUES ('1000003642', 'Regular Childcare', '103642', '2014-06-09', '12:00:00', '14:00:00', 20.50);

INSERT INTO AllowedConnections VALUES ('103643', '132560', '132565', 13256, null);

INSERT INTO Child VALUES ('132565', 'Child3644', '3644child', '2006-02-02', null, null, '../../Pictures/default.jpg', null);

INSERT INTO ChildcareTransaction VALUES ('1000003643', 'Regular Childcare', '103643', '2014-07-13', '12:00:00', '14:00:00', 20.50);

INSERT INTO Guardian VALUES ('132560', '1234', 'Guardian911', '911guardian', '555-555-5555', 'blah@blah.com', '123 nowhere', null, 'Spokane', 'WA', '99999', '../../Pictures/default.jpg', null);

INSERT INTO Family VALUES ('13256', 42);

INSERT INTO Guardian VALUES ('132561', '1234', 'Guardian2911', '9112guardian', '555-555-5555', 'blah@blah.com', '123 nowhere', null, 'Spokane', 'WA', '99999', '../../Pictures/default.jpg', null);

INSERT INTO AllowedConnections VALUES ('103644', '132570', '132572', 13257, null);

INSERT INTO Child VALUES ('132572', 'Child3645', '3645child', '2006-02-02', null, null, '../../Pictures/default.jpg', null);

INSERT INTO ChildcareTransaction VALUES ('1000003644', 'Regular Childcare', '103644', '2014-04-10', '12:00:00', '14:00:00', 20.50);

INSERT INTO AllowedConnections VALUES ('103645', '132570', '132573', 13257, null);

INSERT INTO Child VALUES ('132573', 'Child3646', '3646child', '2006-02-02', null, null, '../../Pictures/default.jpg', null);

INSERT INTO ChildcareTransaction VALUES ('1000003645', 'Regular Childcare', '103645', '2014-04-02', '12:00:00', '14:00:00', 20.50);

INSERT INTO AllowedConnections VALUES ('103646', '132570', '132574', 13257, null);

INSERT INTO Child VALUES ('132574', 'Child3647', '3647child', '2006-02-02', null, null, '../../Pictures/default.jpg', null);

INSERT INTO ChildcareTransaction VALUES ('1000003646', 'Regular Childcare', '103646', '2014-11-16', '12:00:00', '14:00:00', 20.50);

INSERT INTO AllowedConnections VALUES ('103647', '132570', '132575', 13257, null);

INSERT INTO Child VALUES ('132575', 'Child3648', '3648child', '2006-02-02', null, null, '../../Pictures/default.jpg', null);

INSERT INTO ChildcareTransaction VALUES ('1000003647', 'Regular Childcare', '103647', '2014-07-05', '12:00:00', '14:00:00', 20.50);

INSERT INTO Guardian VALUES ('132570', '1234', 'Guardian912', '912guardian', '555-555-5555', 'blah@blah.com', '123 nowhere', null, 'Spokane', 'WA', '99999', '../../Pictures/default.jpg', null);

INSERT INTO Family VALUES ('13257', 42);

INSERT INTO Guardian VALUES ('132571', '1234', 'Guardian2912', '9122guardian', '555-555-5555', 'blah@blah.com', '123 nowhere', null, 'Spokane', 'WA', '99999', '../../Pictures/default.jpg', null);

INSERT INTO AllowedConnections VALUES ('103648', '132580', '132582', 13258, null);

INSERT INTO Child VALUES ('132582', 'Child3649', '3649child', '2006-02-02', null, null, '../../Pictures/default.jpg', null);

INSERT INTO ChildcareTransaction VALUES ('1000003648', 'Regular Childcare', '103648', '2014-06-03', '12:00:00', '14:00:00', 20.50);

INSERT INTO AllowedConnections VALUES ('103649', '132580', '132583', 13258, null);

INSERT INTO Child VALUES ('132583', 'Child3650', '3650child', '2006-02-02', null, null, '../../Pictures/default.jpg', null);

INSERT INTO ChildcareTransaction VALUES ('1000003649', 'Regular Childcare', '103649', '2014-01-08', '12:00:00', '14:00:00', 20.50);

INSERT INTO AllowedConnections VALUES ('103650', '132580', '132584', 13258, null);

INSERT INTO Child VALUES ('132584', 'Child3651', '3651child', '2006-02-02', null, null, '../../Pictures/default.jpg', null);

INSERT INTO ChildcareTransaction VALUES ('1000003650', 'Regular Childcare', '103650', '2014-07-22', '12:00:00', '14:00:00', 20.50);

INSERT INTO AllowedConnections VALUES ('103651', '132580', '132585', 13258, null);

INSERT INTO Child VALUES ('132585', 'Child3652', '3652child', '2006-02-02', null, null, '../../Pictures/default.jpg', null);

INSERT INTO ChildcareTransaction VALUES ('1000003651', 'Regular Childcare', '103651', '2014-08-01', '12:00:00', '14:00:00', 20.50);

INSERT INTO Guardian VALUES ('132580', '1234', 'Guardian913', '913guardian', '555-555-5555', 'blah@blah.com', '123 nowhere', null, 'Spokane', 'WA', '99999', '../../Pictures/default.jpg', null);

INSERT INTO Family VALUES ('13258', 42);

INSERT INTO Guardian VALUES ('132581', '1234', 'Guardian2913', '9132guardian', '555-555-5555', 'blah@blah.com', '123 nowhere', null, 'Spokane', 'WA', '99999', '../../Pictures/default.jpg', null);

INSERT INTO AllowedConnections VALUES ('103652', '132590', '132592', 13259, null);

INSERT INTO Child VALUES ('132592', 'Child3653', '3653child', '2006-02-02', null, null, '../../Pictures/default.jpg', null);

INSERT INTO ChildcareTransaction VALUES ('1000003652', 'Regular Childcare', '103652', '2014-05-18', '12:00:00', '14:00:00', 20.50);

INSERT INTO AllowedConnections VALUES ('103653', '132590', '132593', 13259, null);

INSERT INTO Child VALUES ('132593', 'Child3654', '3654child', '2006-02-02', null, null, '../../Pictures/default.jpg', null);

INSERT INTO ChildcareTransaction VALUES ('1000003653', 'Regular Childcare', '103653', '2014-01-28', '12:00:00', '14:00:00', 20.50);

INSERT INTO AllowedConnections VALUES ('103654', '132590', '132594', 13259, null);

INSERT INTO Child VALUES ('132594', 'Child3655', '3655child', '2006-02-02', null, null, '../../Pictures/default.jpg', null);

INSERT INTO ChildcareTransaction VALUES ('1000003654', 'Regular Childcare', '103654', '2014-05-24', '12:00:00', '14:00:00', 20.50);

INSERT INTO AllowedConnections VALUES ('103655', '132590', '132595', 13259, null);

INSERT INTO Child VALUES ('132595', 'Child3656', '3656child', '2006-02-02', null, null, '../../Pictures/default.jpg', null);

INSERT INTO ChildcareTransaction VALUES ('1000003655', 'Regular Childcare', '103655', '2014-11-05', '12:00:00', '14:00:00', 20.50);

INSERT INTO Guardian VALUES ('132590', '1234', 'Guardian914', '914guardian', '555-555-5555', 'blah@blah.com', '123 nowhere', null, 'Spokane', 'WA', '99999', '../../Pictures/default.jpg', null);

INSERT INTO Family VALUES ('13259', 42);

INSERT INTO Guardian VALUES ('132591', '1234', 'Guardian2914', '9142guardian', '555-555-5555', 'blah@blah.com', '123 nowhere', null, 'Spokane', 'WA', '99999', '../../Pictures/default.jpg', null);

INSERT INTO AllowedConnections VALUES ('103656', '132600', '132602', 13260, null);

INSERT INTO Child VALUES ('132602', 'Child3657', '3657child', '2006-02-02', null, null, '../../Pictures/default.jpg', null);

INSERT INTO ChildcareTransaction VALUES ('1000003656', 'Regular Childcare', '103656', '2014-04-28', '12:00:00', '14:00:00', 20.50);

INSERT INTO AllowedConnections VALUES ('103657', '132600', '132603', 13260, null);

INSERT INTO Child VALUES ('132603', 'Child3658', '3658child', '2006-02-02', null, null, '../../Pictures/default.jpg', null);

INSERT INTO ChildcareTransaction VALUES ('1000003657', 'Regular Childcare', '103657', '2014-08-21', '12:00:00', '14:00:00', 20.50);

INSERT INTO AllowedConnections VALUES ('103658', '132600', '132604', 13260, null);

INSERT INTO Child VALUES ('132604', 'Child3659', '3659child', '2006-02-02', null, null, '../../Pictures/default.jpg', null);

INSERT INTO ChildcareTransaction VALUES ('1000003658', 'Regular Childcare', '103658', '2014-06-18', '12:00:00', '14:00:00', 20.50);

INSERT INTO AllowedConnections VALUES ('103659', '132600', '132605', 13260, null);

INSERT INTO Child VALUES ('132605', 'Child3660', '3660child', '2006-02-02', null, null, '../../Pictures/default.jpg', null);

INSERT INTO ChildcareTransaction VALUES ('1000003659', 'Regular Childcare', '103659', '2014-12-23', '12:00:00', '14:00:00', 20.50);

INSERT INTO Guardian VALUES ('132600', '1234', 'Guardian915', '915guardian', '555-555-5555', 'blah@blah.com', '123 nowhere', null, 'Spokane', 'WA', '99999', '../../Pictures/default.jpg', null);

INSERT INTO Family VALUES ('13260', 42);

INSERT INTO Guardian VALUES ('132601', '1234', 'Guardian2915', '9152guardian', '555-555-5555', 'blah@blah.com', '123 nowhere', null, 'Spokane', 'WA', '99999', '../../Pictures/default.jpg', null);

INSERT INTO AllowedConnections VALUES ('103660', '132610', '132612', 13261, null);

INSERT INTO Child VALUES ('132612', 'Child3661', '3661child', '2006-02-02', null, null, '../../Pictures/default.jpg', null);

INSERT INTO ChildcareTransaction VALUES ('1000003660', 'Regular Childcare', '103660', '2014-01-07', '12:00:00', '14:00:00', 20.50);

INSERT INTO AllowedConnections VALUES ('103661', '132610', '132613', 13261, null);

INSERT INTO Child VALUES ('132613', 'Child3662', '3662child', '2006-02-02', null, null, '../../Pictures/default.jpg', null);

INSERT INTO ChildcareTransaction VALUES ('1000003661', 'Regular Childcare', '103661', '2014-04-18', '12:00:00', '14:00:00', 20.50);

INSERT INTO AllowedConnections VALUES ('103662', '132610', '132614', 13261, null);

INSERT INTO Child VALUES ('132614', 'Child3663', '3663child', '2006-02-02', null, null, '../../Pictures/default.jpg', null);

INSERT INTO ChildcareTransaction VALUES ('1000003662', 'Regular Childcare', '103662', '2014-02-15', '12:00:00', '14:00:00', 20.50);

INSERT INTO AllowedConnections VALUES ('103663', '132610', '132615', 13261, null);

INSERT INTO Child VALUES ('132615', 'Child3664', '3664child', '2006-02-02', null, null, '../../Pictures/default.jpg', null);

INSERT INTO ChildcareTransaction VALUES ('1000003663', 'Regular Childcare', '103663', '2014-09-06', '12:00:00', '14:00:00', 20.50);

INSERT INTO Guardian VALUES ('132610', '1234', 'Guardian916', '916guardian', '555-555-5555', 'blah@blah.com', '123 nowhere', null, 'Spokane', 'WA', '99999', '../../Pictures/default.jpg', null);

INSERT INTO Family VALUES ('13261', 42);

INSERT INTO Guardian VALUES ('132611', '1234', 'Guardian2916', '9162guardian', '555-555-5555', 'blah@blah.com', '123 nowhere', null, 'Spokane', 'WA', '99999', '../../Pictures/default.jpg', null);

INSERT INTO AllowedConnections VALUES ('103664', '132620', '132622', 13262, null);

INSERT INTO Child VALUES ('132622', 'Child3665', '3665child', '2006-02-02', null, null, '../../Pictures/default.jpg', null);

INSERT INTO ChildcareTransaction VALUES ('1000003664', 'Regular Childcare', '103664', '2014-02-26', '12:00:00', '14:00:00', 20.50);

INSERT INTO AllowedConnections VALUES ('103665', '132620', '132623', 13262, null);

INSERT INTO Child VALUES ('132623', 'Child3666', '3666child', '2006-02-02', null, null, '../../Pictures/default.jpg', null);

INSERT INTO ChildcareTransaction VALUES ('1000003665', 'Regular Childcare', '103665', '2014-11-20', '12:00:00', '14:00:00', 20.50);

INSERT INTO AllowedConnections VALUES ('103666', '132620', '132624', 13262, null);

INSERT INTO Child VALUES ('132624', 'Child3667', '3667child', '2006-02-02', null, null, '../../Pictures/default.jpg', null);

INSERT INTO ChildcareTransaction VALUES ('1000003666', 'Regular Childcare', '103666', '2014-06-03', '12:00:00', '14:00:00', 20.50);

INSERT INTO AllowedConnections VALUES ('103667', '132620', '132625', 13262, null);

INSERT INTO Child VALUES ('132625', 'Child3668', '3668child', '2006-02-02', null, null, '../../Pictures/default.jpg', null);

INSERT INTO ChildcareTransaction VALUES ('1000003667', 'Regular Childcare', '103667', '2014-07-15', '12:00:00', '14:00:00', 20.50);

INSERT INTO Guardian VALUES ('132620', '1234', 'Guardian917', '917guardian', '555-555-5555', 'blah@blah.com', '123 nowhere', null, 'Spokane', 'WA', '99999', '../../Pictures/default.jpg', null);

INSERT INTO Family VALUES ('13262', 42);

INSERT INTO Guardian VALUES ('132621', '1234', 'Guardian2917', '9172guardian', '555-555-5555', 'blah@blah.com', '123 nowhere', null, 'Spokane', 'WA', '99999', '../../Pictures/default.jpg', null);

INSERT INTO AllowedConnections VALUES ('103668', '132630', '132632', 13263, null);

INSERT INTO Child VALUES ('132632', 'Child3669', '3669child', '2006-02-02', null, null, '../../Pictures/default.jpg', null);

INSERT INTO ChildcareTransaction VALUES ('1000003668', 'Regular Childcare', '103668', '2014-10-09', '12:00:00', '14:00:00', 20.50);

INSERT INTO AllowedConnections VALUES ('103669', '132630', '132633', 13263, null);

INSERT INTO Child VALUES ('132633', 'Child3670', '3670child', '2006-02-02', null, null, '../../Pictures/default.jpg', null);

INSERT INTO ChildcareTransaction VALUES ('1000003669', 'Regular Childcare', '103669', '2014-10-04', '12:00:00', '14:00:00', 20.50);

INSERT INTO AllowedConnections VALUES ('103670', '132630', '132634', 13263, null);

INSERT INTO Child VALUES ('132634', 'Child3671', '3671child', '2006-02-02', null, null, '../../Pictures/default.jpg', null);

INSERT INTO ChildcareTransaction VALUES ('1000003670', 'Regular Childcare', '103670', '2014-07-11', '12:00:00', '14:00:00', 20.50);

INSERT INTO AllowedConnections VALUES ('103671', '132630', '132635', 13263, null);

INSERT INTO Child VALUES ('132635', 'Child3672', '3672child', '2006-02-02', null, null, '../../Pictures/default.jpg', null);

INSERT INTO ChildcareTransaction VALUES ('1000003671', 'Regular Childcare', '103671', '2014-03-24', '12:00:00', '14:00:00', 20.50);

INSERT INTO Guardian VALUES ('132630', '1234', 'Guardian918', '918guardian', '555-555-5555', 'blah@blah.com', '123 nowhere', null, 'Spokane', 'WA', '99999', '../../Pictures/default.jpg', null);

INSERT INTO Family VALUES ('13263', 42);

INSERT INTO Guardian VALUES ('132631', '1234', 'Guardian2918', '9182guardian', '555-555-5555', 'blah@blah.com', '123 nowhere', null, 'Spokane', 'WA', '99999', '../../Pictures/default.jpg', null);

INSERT INTO AllowedConnections VALUES ('103672', '132640', '132642', 13264, null);

INSERT INTO Child VALUES ('132642', 'Child3673', '3673child', '2006-02-02', null, null, '../../Pictures/default.jpg', null);

INSERT INTO ChildcareTransaction VALUES ('1000003672', 'Regular Childcare', '103672', '2014-05-08', '12:00:00', '14:00:00', 20.50);

INSERT INTO AllowedConnections VALUES ('103673', '132640', '132643', 13264, null);

INSERT INTO Child VALUES ('132643', 'Child3674', '3674child', '2006-02-02', null, null, '../../Pictures/default.jpg', null);

INSERT INTO ChildcareTransaction VALUES ('1000003673', 'Regular Childcare', '103673', '2014-03-01', '12:00:00', '14:00:00', 20.50);

INSERT INTO AllowedConnections VALUES ('103674', '132640', '132644', 13264, null);

INSERT INTO Child VALUES ('132644', 'Child3675', '3675child', '2006-02-02', null, null, '../../Pictures/default.jpg', null);

INSERT INTO ChildcareTransaction VALUES ('1000003674', 'Regular Childcare', '103674', '2014-11-19', '12:00:00', '14:00:00', 20.50);

INSERT INTO AllowedConnections VALUES ('103675', '132640', '132645', 13264, null);

INSERT INTO Child VALUES ('132645', 'Child3676', '3676child', '2006-02-02', null, null, '../../Pictures/default.jpg', null);

INSERT INTO ChildcareTransaction VALUES ('1000003675', 'Regular Childcare', '103675', '2014-08-15', '12:00:00', '14:00:00', 20.50);

INSERT INTO Guardian VALUES ('132640', '1234', 'Guardian919', '919guardian', '555-555-5555', 'blah@blah.com', '123 nowhere', null, 'Spokane', 'WA', '99999', '../../Pictures/default.jpg', null);

INSERT INTO Family VALUES ('13264', 42);

INSERT INTO Guardian VALUES ('132641', '1234', 'Guardian2919', '9192guardian', '555-555-5555', 'blah@blah.com', '123 nowhere', null, 'Spokane', 'WA', '99999', '../../Pictures/default.jpg', null);

INSERT INTO AllowedConnections VALUES ('103676', '132650', '132652', 13265, null);

INSERT INTO Child VALUES ('132652', 'Child3677', '3677child', '2006-02-02', null, null, '../../Pictures/default.jpg', null);

INSERT INTO ChildcareTransaction VALUES ('1000003676', 'Regular Childcare', '103676', '2014-03-07', '12:00:00', '14:00:00', 20.50);

INSERT INTO AllowedConnections VALUES ('103677', '132650', '132653', 13265, null);

INSERT INTO Child VALUES ('132653', 'Child3678', '3678child', '2006-02-02', null, null, '../../Pictures/default.jpg', null);

INSERT INTO ChildcareTransaction VALUES ('1000003677', 'Regular Childcare', '103677', '2014-04-23', '12:00:00', '14:00:00', 20.50);

INSERT INTO AllowedConnections VALUES ('103678', '132650', '132654', 13265, null);

INSERT INTO Child VALUES ('132654', 'Child3679', '3679child', '2006-02-02', null, null, '../../Pictures/default.jpg', null);

INSERT INTO ChildcareTransaction VALUES ('1000003678', 'Regular Childcare', '103678', '2014-10-05', '12:00:00', '14:00:00', 20.50);

INSERT INTO AllowedConnections VALUES ('103679', '132650', '132655', 13265, null);

INSERT INTO Child VALUES ('132655', 'Child3680', '3680child', '2006-02-02', null, null, '../../Pictures/default.jpg', null);

INSERT INTO ChildcareTransaction VALUES ('1000003679', 'Regular Childcare', '103679', '2014-08-24', '12:00:00', '14:00:00', 20.50);

INSERT INTO Guardian VALUES ('132650', '1234', 'Guardian920', '920guardian', '555-555-5555', 'blah@blah.com', '123 nowhere', null, 'Spokane', 'WA', '99999', '../../Pictures/default.jpg', null);

INSERT INTO Family VALUES ('13265', 42);

INSERT INTO Guardian VALUES ('132651', '1234', 'Guardian2920', '9202guardian', '555-555-5555', 'blah@blah.com', '123 nowhere', null, 'Spokane', 'WA', '99999', '../../Pictures/default.jpg', null);

INSERT INTO AllowedConnections VALUES ('103680', '132660', '132662', 13266, null);

INSERT INTO Child VALUES ('132662', 'Child3681', '3681child', '2006-02-02', null, null, '../../Pictures/default.jpg', null);

INSERT INTO ChildcareTransaction VALUES ('1000003680', 'Regular Childcare', '103680', '2014-08-25', '12:00:00', '14:00:00', 20.50);

INSERT INTO AllowedConnections VALUES ('103681', '132660', '132663', 13266, null);

INSERT INTO Child VALUES ('132663', 'Child3682', '3682child', '2006-02-02', null, null, '../../Pictures/default.jpg', null);

INSERT INTO ChildcareTransaction VALUES ('1000003681', 'Regular Childcare', '103681', '2014-08-27', '12:00:00', '14:00:00', 20.50);

INSERT INTO AllowedConnections VALUES ('103682', '132660', '132664', 13266, null);

INSERT INTO Child VALUES ('132664', 'Child3683', '3683child', '2006-02-02', null, null, '../../Pictures/default.jpg', null);

INSERT INTO ChildcareTransaction VALUES ('1000003682', 'Regular Childcare', '103682', '2014-06-19', '12:00:00', '14:00:00', 20.50);

INSERT INTO AllowedConnections VALUES ('103683', '132660', '132665', 13266, null);

INSERT INTO Child VALUES ('132665', 'Child3684', '3684child', '2006-02-02', null, null, '../../Pictures/default.jpg', null);

INSERT INTO ChildcareTransaction VALUES ('1000003683', 'Regular Childcare', '103683', '2014-04-10', '12:00:00', '14:00:00', 20.50);

INSERT INTO Guardian VALUES ('132660', '1234', 'Guardian921', '921guardian', '555-555-5555', 'blah@blah.com', '123 nowhere', null, 'Spokane', 'WA', '99999', '../../Pictures/default.jpg', null);

INSERT INTO Family VALUES ('13266', 42);

INSERT INTO Guardian VALUES ('132661', '1234', 'Guardian2921', '9212guardian', '555-555-5555', 'blah@blah.com', '123 nowhere', null, 'Spokane', 'WA', '99999', '../../Pictures/default.jpg', null);

INSERT INTO AllowedConnections VALUES ('103684', '132670', '132672', 13267, null);

INSERT INTO Child VALUES ('132672', 'Child3685', '3685child', '2006-02-02', null, null, '../../Pictures/default.jpg', null);

INSERT INTO ChildcareTransaction VALUES ('1000003684', 'Regular Childcare', '103684', '2014-12-04', '12:00:00', '14:00:00', 20.50);

INSERT INTO AllowedConnections VALUES ('103685', '132670', '132673', 13267, null);

INSERT INTO Child VALUES ('132673', 'Child3686', '3686child', '2006-02-02', null, null, '../../Pictures/default.jpg', null);

INSERT INTO ChildcareTransaction VALUES ('1000003685', 'Regular Childcare', '103685', '2014-07-16', '12:00:00', '14:00:00', 20.50);

INSERT INTO AllowedConnections VALUES ('103686', '132670', '132674', 13267, null);

INSERT INTO Child VALUES ('132674', 'Child3687', '3687child', '2006-02-02', null, null, '../../Pictures/default.jpg', null);

INSERT INTO ChildcareTransaction VALUES ('1000003686', 'Regular Childcare', '103686', '2014-05-18', '12:00:00', '14:00:00', 20.50);

INSERT INTO AllowedConnections VALUES ('103687', '132670', '132675', 13267, null);

INSERT INTO Child VALUES ('132675', 'Child3688', '3688child', '2006-02-02', null, null, '../../Pictures/default.jpg', null);

INSERT INTO ChildcareTransaction VALUES ('1000003687', 'Regular Childcare', '103687', '2014-01-05', '12:00:00', '14:00:00', 20.50);

INSERT INTO Guardian VALUES ('132670', '1234', 'Guardian922', '922guardian', '555-555-5555', 'blah@blah.com', '123 nowhere', null, 'Spokane', 'WA', '99999', '../../Pictures/default.jpg', null);

INSERT INTO Family VALUES ('13267', 42);

INSERT INTO Guardian VALUES ('132671', '1234', 'Guardian2922', '9222guardian', '555-555-5555', 'blah@blah.com', '123 nowhere', null, 'Spokane', 'WA', '99999', '../../Pictures/default.jpg', null);

INSERT INTO AllowedConnections VALUES ('103688', '132680', '132682', 13268, null);

INSERT INTO Child VALUES ('132682', 'Child3689', '3689child', '2006-02-02', null, null, '../../Pictures/default.jpg', null);

INSERT INTO ChildcareTransaction VALUES ('1000003688', 'Regular Childcare', '103688', '2014-10-18', '12:00:00', '14:00:00', 20.50);

INSERT INTO AllowedConnections VALUES ('103689', '132680', '132683', 13268, null);

INSERT INTO Child VALUES ('132683', 'Child3690', '3690child', '2006-02-02', null, null, '../../Pictures/default.jpg', null);

INSERT INTO ChildcareTransaction VALUES ('1000003689', 'Regular Childcare', '103689', '2014-01-15', '12:00:00', '14:00:00', 20.50);

INSERT INTO AllowedConnections VALUES ('103690', '132680', '132684', 13268, null);

INSERT INTO Child VALUES ('132684', 'Child3691', '3691child', '2006-02-02', null, null, '../../Pictures/default.jpg', null);

INSERT INTO ChildcareTransaction VALUES ('1000003690', 'Regular Childcare', '103690', '2014-12-25', '12:00:00', '14:00:00', 20.50);

INSERT INTO AllowedConnections VALUES ('103691', '132680', '132685', 13268, null);

INSERT INTO Child VALUES ('132685', 'Child3692', '3692child', '2006-02-02', null, null, '../../Pictures/default.jpg', null);

INSERT INTO ChildcareTransaction VALUES ('1000003691', 'Regular Childcare', '103691', '2014-07-19', '12:00:00', '14:00:00', 20.50);

INSERT INTO Guardian VALUES ('132680', '1234', 'Guardian923', '923guardian', '555-555-5555', 'blah@blah.com', '123 nowhere', null, 'Spokane', 'WA', '99999', '../../Pictures/default.jpg', null);

INSERT INTO Family VALUES ('13268', 42);

INSERT INTO Guardian VALUES ('132681', '1234', 'Guardian2923', '9232guardian', '555-555-5555', 'blah@blah.com', '123 nowhere', null, 'Spokane', 'WA', '99999', '../../Pictures/default.jpg', null);

INSERT INTO AllowedConnections VALUES ('103692', '132690', '132692', 13269, null);

INSERT INTO Child VALUES ('132692', 'Child3693', '3693child', '2006-02-02', null, null, '../../Pictures/default.jpg', null);

INSERT INTO ChildcareTransaction VALUES ('1000003692', 'Regular Childcare', '103692', '2014-12-12', '12:00:00', '14:00:00', 20.50);

INSERT INTO AllowedConnections VALUES ('103693', '132690', '132693', 13269, null);

INSERT INTO Child VALUES ('132693', 'Child3694', '3694child', '2006-02-02', null, null, '../../Pictures/default.jpg', null);

INSERT INTO ChildcareTransaction VALUES ('1000003693', 'Regular Childcare', '103693', '2014-10-20', '12:00:00', '14:00:00', 20.50);

INSERT INTO AllowedConnections VALUES ('103694', '132690', '132694', 13269, null);

INSERT INTO Child VALUES ('132694', 'Child3695', '3695child', '2006-02-02', null, null, '../../Pictures/default.jpg', null);

INSERT INTO ChildcareTransaction VALUES ('1000003694', 'Regular Childcare', '103694', '2014-05-28', '12:00:00', '14:00:00', 20.50);

INSERT INTO AllowedConnections VALUES ('103695', '132690', '132695', 13269, null);

INSERT INTO Child VALUES ('132695', 'Child3696', '3696child', '2006-02-02', null, null, '../../Pictures/default.jpg', null);

INSERT INTO ChildcareTransaction VALUES ('1000003695', 'Regular Childcare', '103695', '2014-11-14', '12:00:00', '14:00:00', 20.50);

INSERT INTO Guardian VALUES ('132690', '1234', 'Guardian924', '924guardian', '555-555-5555', 'blah@blah.com', '123 nowhere', null, 'Spokane', 'WA', '99999', '../../Pictures/default.jpg', null);

INSERT INTO Family VALUES ('13269', 42);

INSERT INTO Guardian VALUES ('132691', '1234', 'Guardian2924', '9242guardian', '555-555-5555', 'blah@blah.com', '123 nowhere', null, 'Spokane', 'WA', '99999', '../../Pictures/default.jpg', null);

INSERT INTO AllowedConnections VALUES ('103696', '132700', '132702', 13270, null);

INSERT INTO Child VALUES ('132702', 'Child3697', '3697child', '2006-02-02', null, null, '../../Pictures/default.jpg', null);

INSERT INTO ChildcareTransaction VALUES ('1000003696', 'Regular Childcare', '103696', '2014-06-15', '12:00:00', '14:00:00', 20.50);

INSERT INTO AllowedConnections VALUES ('103697', '132700', '132703', 13270, null);

INSERT INTO Child VALUES ('132703', 'Child3698', '3698child', '2006-02-02', null, null, '../../Pictures/default.jpg', null);

INSERT INTO ChildcareTransaction VALUES ('1000003697', 'Regular Childcare', '103697', '2014-11-03', '12:00:00', '14:00:00', 20.50);

INSERT INTO AllowedConnections VALUES ('103698', '132700', '132704', 13270, null);

INSERT INTO Child VALUES ('132704', 'Child3699', '3699child', '2006-02-02', null, null, '../../Pictures/default.jpg', null);

INSERT INTO ChildcareTransaction VALUES ('1000003698', 'Regular Childcare', '103698', '2014-01-25', '12:00:00', '14:00:00', 20.50);

INSERT INTO AllowedConnections VALUES ('103699', '132700', '132705', 13270, null);

INSERT INTO Child VALUES ('132705', 'Child3700', '3700child', '2006-02-02', null, null, '../../Pictures/default.jpg', null);

INSERT INTO ChildcareTransaction VALUES ('1000003699', 'Regular Childcare', '103699', '2014-08-09', '12:00:00', '14:00:00', 20.50);

INSERT INTO Guardian VALUES ('132700', '1234', 'Guardian925', '925guardian', '555-555-5555', 'blah@blah.com', '123 nowhere', null, 'Spokane', 'WA', '99999', '../../Pictures/default.jpg', null);

INSERT INTO Family VALUES ('13270', 42);

INSERT INTO Guardian VALUES ('132701', '1234', 'Guardian2925', '9252guardian', '555-555-5555', 'blah@blah.com', '123 nowhere', null, 'Spokane', 'WA', '99999', '../../Pictures/default.jpg', null);

INSERT INTO AllowedConnections VALUES ('103700', '132710', '132712', 13271, null);

INSERT INTO Child VALUES ('132712', 'Child3701', '3701child', '2006-02-02', null, null, '../../Pictures/default.jpg', null);

INSERT INTO ChildcareTransaction VALUES ('1000003700', 'Regular Childcare', '103700', '2014-05-09', '12:00:00', '14:00:00', 20.50);

INSERT INTO AllowedConnections VALUES ('103701', '132710', '132713', 13271, null);

INSERT INTO Child VALUES ('132713', 'Child3702', '3702child', '2006-02-02', null, null, '../../Pictures/default.jpg', null);

INSERT INTO ChildcareTransaction VALUES ('1000003701', 'Regular Childcare', '103701', '2014-09-07', '12:00:00', '14:00:00', 20.50);

INSERT INTO AllowedConnections VALUES ('103702', '132710', '132714', 13271, null);

INSERT INTO Child VALUES ('132714', 'Child3703', '3703child', '2006-02-02', null, null, '../../Pictures/default.jpg', null);

INSERT INTO ChildcareTransaction VALUES ('1000003702', 'Regular Childcare', '103702', '2014-07-07', '12:00:00', '14:00:00', 20.50);

INSERT INTO AllowedConnections VALUES ('103703', '132710', '132715', 13271, null);

INSERT INTO Child VALUES ('132715', 'Child3704', '3704child', '2006-02-02', null, null, '../../Pictures/default.jpg', null);

INSERT INTO ChildcareTransaction VALUES ('1000003703', 'Regular Childcare', '103703', '2014-12-07', '12:00:00', '14:00:00', 20.50);

INSERT INTO Guardian VALUES ('132710', '1234', 'Guardian926', '926guardian', '555-555-5555', 'blah@blah.com', '123 nowhere', null, 'Spokane', 'WA', '99999', '../../Pictures/default.jpg', null);

INSERT INTO Family VALUES ('13271', 42);

INSERT INTO Guardian VALUES ('132711', '1234', 'Guardian2926', '9262guardian', '555-555-5555', 'blah@blah.com', '123 nowhere', null, 'Spokane', 'WA', '99999', '../../Pictures/default.jpg', null);

INSERT INTO AllowedConnections VALUES ('103704', '132720', '132722', 13272, null);

INSERT INTO Child VALUES ('132722', 'Child3705', '3705child', '2006-02-02', null, null, '../../Pictures/default.jpg', null);

INSERT INTO ChildcareTransaction VALUES ('1000003704', 'Regular Childcare', '103704', '2014-06-28', '12:00:00', '14:00:00', 20.50);

INSERT INTO AllowedConnections VALUES ('103705', '132720', '132723', 13272, null);

INSERT INTO Child VALUES ('132723', 'Child3706', '3706child', '2006-02-02', null, null, '../../Pictures/default.jpg', null);

INSERT INTO ChildcareTransaction VALUES ('1000003705', 'Regular Childcare', '103705', '2014-04-26', '12:00:00', '14:00:00', 20.50);

INSERT INTO AllowedConnections VALUES ('103706', '132720', '132724', 13272, null);

INSERT INTO Child VALUES ('132724', 'Child3707', '3707child', '2006-02-02', null, null, '../../Pictures/default.jpg', null);

INSERT INTO ChildcareTransaction VALUES ('1000003706', 'Regular Childcare', '103706', '2014-05-04', '12:00:00', '14:00:00', 20.50);

INSERT INTO AllowedConnections VALUES ('103707', '132720', '132725', 13272, null);

INSERT INTO Child VALUES ('132725', 'Child3708', '3708child', '2006-02-02', null, null, '../../Pictures/default.jpg', null);

INSERT INTO ChildcareTransaction VALUES ('1000003707', 'Regular Childcare', '103707', '2014-04-17', '12:00:00', '14:00:00', 20.50);

INSERT INTO Guardian VALUES ('132720', '1234', 'Guardian927', '927guardian', '555-555-5555', 'blah@blah.com', '123 nowhere', null, 'Spokane', 'WA', '99999', '../../Pictures/default.jpg', null);

INSERT INTO Family VALUES ('13272', 42);

INSERT INTO Guardian VALUES ('132721', '1234', 'Guardian2927', '9272guardian', '555-555-5555', 'blah@blah.com', '123 nowhere', null, 'Spokane', 'WA', '99999', '../../Pictures/default.jpg', null);

INSERT INTO AllowedConnections VALUES ('103708', '132730', '132732', 13273, null);

INSERT INTO Child VALUES ('132732', 'Child3709', '3709child', '2006-02-02', null, null, '../../Pictures/default.jpg', null);

INSERT INTO ChildcareTransaction VALUES ('1000003708', 'Regular Childcare', '103708', '2014-03-03', '12:00:00', '14:00:00', 20.50);

INSERT INTO AllowedConnections VALUES ('103709', '132730', '132733', 13273, null);

INSERT INTO Child VALUES ('132733', 'Child3710', '3710child', '2006-02-02', null, null, '../../Pictures/default.jpg', null);

INSERT INTO ChildcareTransaction VALUES ('1000003709', 'Regular Childcare', '103709', '2014-06-23', '12:00:00', '14:00:00', 20.50);

INSERT INTO AllowedConnections VALUES ('103710', '132730', '132734', 13273, null);

INSERT INTO Child VALUES ('132734', 'Child3711', '3711child', '2006-02-02', null, null, '../../Pictures/default.jpg', null);

INSERT INTO ChildcareTransaction VALUES ('1000003710', 'Regular Childcare', '103710', '2014-09-12', '12:00:00', '14:00:00', 20.50);

INSERT INTO AllowedConnections VALUES ('103711', '132730', '132735', 13273, null);

INSERT INTO Child VALUES ('132735', 'Child3712', '3712child', '2006-02-02', null, null, '../../Pictures/default.jpg', null);

INSERT INTO ChildcareTransaction VALUES ('1000003711', 'Regular Childcare', '103711', '2014-05-10', '12:00:00', '14:00:00', 20.50);

INSERT INTO Guardian VALUES ('132730', '1234', 'Guardian928', '928guardian', '555-555-5555', 'blah@blah.com', '123 nowhere', null, 'Spokane', 'WA', '99999', '../../Pictures/default.jpg', null);

INSERT INTO Family VALUES ('13273', 42);

INSERT INTO Guardian VALUES ('132731', '1234', 'Guardian2928', '9282guardian', '555-555-5555', 'blah@blah.com', '123 nowhere', null, 'Spokane', 'WA', '99999', '../../Pictures/default.jpg', null);

INSERT INTO AllowedConnections VALUES ('103712', '132740', '132742', 13274, null);

INSERT INTO Child VALUES ('132742', 'Child3713', '3713child', '2006-02-02', null, null, '../../Pictures/default.jpg', null);

INSERT INTO ChildcareTransaction VALUES ('1000003712', 'Regular Childcare', '103712', '2014-11-16', '12:00:00', '14:00:00', 20.50);

INSERT INTO AllowedConnections VALUES ('103713', '132740', '132743', 13274, null);

INSERT INTO Child VALUES ('132743', 'Child3714', '3714child', '2006-02-02', null, null, '../../Pictures/default.jpg', null);

INSERT INTO ChildcareTransaction VALUES ('1000003713', 'Regular Childcare', '103713', '2014-07-05', '12:00:00', '14:00:00', 20.50);

INSERT INTO AllowedConnections VALUES ('103714', '132740', '132744', 13274, null);

INSERT INTO Child VALUES ('132744', 'Child3715', '3715child', '2006-02-02', null, null, '../../Pictures/default.jpg', null);

INSERT INTO ChildcareTransaction VALUES ('1000003714', 'Regular Childcare', '103714', '2014-08-05', '12:00:00', '14:00:00', 20.50);

INSERT INTO AllowedConnections VALUES ('103715', '132740', '132745', 13274, null);

INSERT INTO Child VALUES ('132745', 'Child3716', '3716child', '2006-02-02', null, null, '../../Pictures/default.jpg', null);

INSERT INTO ChildcareTransaction VALUES ('1000003715', 'Regular Childcare', '103715', '2014-02-17', '12:00:00', '14:00:00', 20.50);

INSERT INTO Guardian VALUES ('132740', '1234', 'Guardian929', '929guardian', '555-555-5555', 'blah@blah.com', '123 nowhere', null, 'Spokane', 'WA', '99999', '../../Pictures/default.jpg', null);

INSERT INTO Family VALUES ('13274', 42);

INSERT INTO Guardian VALUES ('132741', '1234', 'Guardian2929', '9292guardian', '555-555-5555', 'blah@blah.com', '123 nowhere', null, 'Spokane', 'WA', '99999', '../../Pictures/default.jpg', null);

INSERT INTO AllowedConnections VALUES ('103716', '132750', '132752', 13275, null);

INSERT INTO Child VALUES ('132752', 'Child3717', '3717child', '2006-02-02', null, null, '../../Pictures/default.jpg', null);

INSERT INTO ChildcareTransaction VALUES ('1000003716', 'Regular Childcare', '103716', '2014-03-23', '12:00:00', '14:00:00', 20.50);

INSERT INTO AllowedConnections VALUES ('103717', '132750', '132753', 13275, null);

INSERT INTO Child VALUES ('132753', 'Child3718', '3718child', '2006-02-02', null, null, '../../Pictures/default.jpg', null);

INSERT INTO ChildcareTransaction VALUES ('1000003717', 'Regular Childcare', '103717', '2014-05-18', '12:00:00', '14:00:00', 20.50);

INSERT INTO AllowedConnections VALUES ('103718', '132750', '132754', 13275, null);

INSERT INTO Child VALUES ('132754', 'Child3719', '3719child', '2006-02-02', null, null, '../../Pictures/default.jpg', null);

INSERT INTO ChildcareTransaction VALUES ('1000003718', 'Regular Childcare', '103718', '2014-12-14', '12:00:00', '14:00:00', 20.50);

INSERT INTO AllowedConnections VALUES ('103719', '132750', '132755', 13275, null);

INSERT INTO Child VALUES ('132755', 'Child3720', '3720child', '2006-02-02', null, null, '../../Pictures/default.jpg', null);

INSERT INTO ChildcareTransaction VALUES ('1000003719', 'Regular Childcare', '103719', '2014-05-23', '12:00:00', '14:00:00', 20.50);

INSERT INTO Guardian VALUES ('132750', '1234', 'Guardian930', '930guardian', '555-555-5555', 'blah@blah.com', '123 nowhere', null, 'Spokane', 'WA', '99999', '../../Pictures/default.jpg', null);

INSERT INTO Family VALUES ('13275', 42);

INSERT INTO Guardian VALUES ('132751', '1234', 'Guardian2930', '9302guardian', '555-555-5555', 'blah@blah.com', '123 nowhere', null, 'Spokane', 'WA', '99999', '../../Pictures/default.jpg', null);

INSERT INTO AllowedConnections VALUES ('103720', '132760', '132762', 13276, null);

INSERT INTO Child VALUES ('132762', 'Child3721', '3721child', '2006-02-02', null, null, '../../Pictures/default.jpg', null);

INSERT INTO ChildcareTransaction VALUES ('1000003720', 'Regular Childcare', '103720', '2014-03-13', '12:00:00', '14:00:00', 20.50);

INSERT INTO AllowedConnections VALUES ('103721', '132760', '132763', 13276, null);

INSERT INTO Child VALUES ('132763', 'Child3722', '3722child', '2006-02-02', null, null, '../../Pictures/default.jpg', null);

INSERT INTO ChildcareTransaction VALUES ('1000003721', 'Regular Childcare', '103721', '2014-02-20', '12:00:00', '14:00:00', 20.50);

INSERT INTO AllowedConnections VALUES ('103722', '132760', '132764', 13276, null);

INSERT INTO Child VALUES ('132764', 'Child3723', '3723child', '2006-02-02', null, null, '../../Pictures/default.jpg', null);

INSERT INTO ChildcareTransaction VALUES ('1000003722', 'Regular Childcare', '103722', '2014-02-25', '12:00:00', '14:00:00', 20.50);

INSERT INTO AllowedConnections VALUES ('103723', '132760', '132765', 13276, null);

INSERT INTO Child VALUES ('132765', 'Child3724', '3724child', '2006-02-02', null, null, '../../Pictures/default.jpg', null);

INSERT INTO ChildcareTransaction VALUES ('1000003723', 'Regular Childcare', '103723', '2014-10-15', '12:00:00', '14:00:00', 20.50);

INSERT INTO Guardian VALUES ('132760', '1234', 'Guardian931', '931guardian', '555-555-5555', 'blah@blah.com', '123 nowhere', null, 'Spokane', 'WA', '99999', '../../Pictures/default.jpg', null);

INSERT INTO Family VALUES ('13276', 42);

INSERT INTO Guardian VALUES ('132761', '1234', 'Guardian2931', '9312guardian', '555-555-5555', 'blah@blah.com', '123 nowhere', null, 'Spokane', 'WA', '99999', '../../Pictures/default.jpg', null);

INSERT INTO AllowedConnections VALUES ('103724', '132770', '132772', 13277, null);

INSERT INTO Child VALUES ('132772', 'Child3725', '3725child', '2006-02-02', null, null, '../../Pictures/default.jpg', null);

INSERT INTO ChildcareTransaction VALUES ('1000003724', 'Regular Childcare', '103724', '2014-04-07', '12:00:00', '14:00:00', 20.50);

INSERT INTO AllowedConnections VALUES ('103725', '132770', '132773', 13277, null);

INSERT INTO Child VALUES ('132773', 'Child3726', '3726child', '2006-02-02', null, null, '../../Pictures/default.jpg', null);

INSERT INTO ChildcareTransaction VALUES ('1000003725', 'Regular Childcare', '103725', '2014-07-04', '12:00:00', '14:00:00', 20.50);

INSERT INTO AllowedConnections VALUES ('103726', '132770', '132774', 13277, null);

INSERT INTO Child VALUES ('132774', 'Child3727', '3727child', '2006-02-02', null, null, '../../Pictures/default.jpg', null);

INSERT INTO ChildcareTransaction VALUES ('1000003726', 'Regular Childcare', '103726', '2014-11-13', '12:00:00', '14:00:00', 20.50);

INSERT INTO AllowedConnections VALUES ('103727', '132770', '132775', 13277, null);

INSERT INTO Child VALUES ('132775', 'Child3728', '3728child', '2006-02-02', null, null, '../../Pictures/default.jpg', null);

INSERT INTO ChildcareTransaction VALUES ('1000003727', 'Regular Childcare', '103727', '2014-11-04', '12:00:00', '14:00:00', 20.50);

INSERT INTO Guardian VALUES ('132770', '1234', 'Guardian932', '932guardian', '555-555-5555', 'blah@blah.com', '123 nowhere', null, 'Spokane', 'WA', '99999', '../../Pictures/default.jpg', null);

INSERT INTO Family VALUES ('13277', 42);

INSERT INTO Guardian VALUES ('132771', '1234', 'Guardian2932', '9322guardian', '555-555-5555', 'blah@blah.com', '123 nowhere', null, 'Spokane', 'WA', '99999', '../../Pictures/default.jpg', null);

INSERT INTO AllowedConnections VALUES ('103728', '132780', '132782', 13278, null);

INSERT INTO Child VALUES ('132782', 'Child3729', '3729child', '2006-02-02', null, null, '../../Pictures/default.jpg', null);

INSERT INTO ChildcareTransaction VALUES ('1000003728', 'Regular Childcare', '103728', '2014-08-14', '12:00:00', '14:00:00', 20.50);

INSERT INTO AllowedConnections VALUES ('103729', '132780', '132783', 13278, null);

INSERT INTO Child VALUES ('132783', 'Child3730', '3730child', '2006-02-02', null, null, '../../Pictures/default.jpg', null);

INSERT INTO ChildcareTransaction VALUES ('1000003729', 'Regular Childcare', '103729', '2014-10-27', '12:00:00', '14:00:00', 20.50);

INSERT INTO AllowedConnections VALUES ('103730', '132780', '132784', 13278, null);

INSERT INTO Child VALUES ('132784', 'Child3731', '3731child', '2006-02-02', null, null, '../../Pictures/default.jpg', null);

INSERT INTO ChildcareTransaction VALUES ('1000003730', 'Regular Childcare', '103730', '2014-12-04', '12:00:00', '14:00:00', 20.50);

INSERT INTO AllowedConnections VALUES ('103731', '132780', '132785', 13278, null);

INSERT INTO Child VALUES ('132785', 'Child3732', '3732child', '2006-02-02', null, null, '../../Pictures/default.jpg', null);

INSERT INTO ChildcareTransaction VALUES ('1000003731', 'Regular Childcare', '103731', '2014-07-21', '12:00:00', '14:00:00', 20.50);

INSERT INTO Guardian VALUES ('132780', '1234', 'Guardian933', '933guardian', '555-555-5555', 'blah@blah.com', '123 nowhere', null, 'Spokane', 'WA', '99999', '../../Pictures/default.jpg', null);

INSERT INTO Family VALUES ('13278', 42);

INSERT INTO Guardian VALUES ('132781', '1234', 'Guardian2933', '9332guardian', '555-555-5555', 'blah@blah.com', '123 nowhere', null, 'Spokane', 'WA', '99999', '../../Pictures/default.jpg', null);

INSERT INTO AllowedConnections VALUES ('103732', '132790', '132792', 13279, null);

INSERT INTO Child VALUES ('132792', 'Child3733', '3733child', '2006-02-02', null, null, '../../Pictures/default.jpg', null);

INSERT INTO ChildcareTransaction VALUES ('1000003732', 'Regular Childcare', '103732', '2014-07-10', '12:00:00', '14:00:00', 20.50);

INSERT INTO AllowedConnections VALUES ('103733', '132790', '132793', 13279, null);

INSERT INTO Child VALUES ('132793', 'Child3734', '3734child', '2006-02-02', null, null, '../../Pictures/default.jpg', null);

INSERT INTO ChildcareTransaction VALUES ('1000003733', 'Regular Childcare', '103733', '2014-12-26', '12:00:00', '14:00:00', 20.50);

INSERT INTO AllowedConnections VALUES ('103734', '132790', '132794', 13279, null);

INSERT INTO Child VALUES ('132794', 'Child3735', '3735child', '2006-02-02', null, null, '../../Pictures/default.jpg', null);

INSERT INTO ChildcareTransaction VALUES ('1000003734', 'Regular Childcare', '103734', '2014-09-05', '12:00:00', '14:00:00', 20.50);

INSERT INTO AllowedConnections VALUES ('103735', '132790', '132795', 13279, null);

INSERT INTO Child VALUES ('132795', 'Child3736', '3736child', '2006-02-02', null, null, '../../Pictures/default.jpg', null);

INSERT INTO ChildcareTransaction VALUES ('1000003735', 'Regular Childcare', '103735', '2014-01-22', '12:00:00', '14:00:00', 20.50);

INSERT INTO Guardian VALUES ('132790', '1234', 'Guardian934', '934guardian', '555-555-5555', 'blah@blah.com', '123 nowhere', null, 'Spokane', 'WA', '99999', '../../Pictures/default.jpg', null);

INSERT INTO Family VALUES ('13279', 42);

INSERT INTO Guardian VALUES ('132791', '1234', 'Guardian2934', '9342guardian', '555-555-5555', 'blah@blah.com', '123 nowhere', null, 'Spokane', 'WA', '99999', '../../Pictures/default.jpg', null);

INSERT INTO AllowedConnections VALUES ('103736', '132800', '132802', 13280, null);

INSERT INTO Child VALUES ('132802', 'Child3737', '3737child', '2006-02-02', null, null, '../../Pictures/default.jpg', null);

INSERT INTO ChildcareTransaction VALUES ('1000003736', 'Regular Childcare', '103736', '2014-02-28', '12:00:00', '14:00:00', 20.50);

INSERT INTO AllowedConnections VALUES ('103737', '132800', '132803', 13280, null);

INSERT INTO Child VALUES ('132803', 'Child3738', '3738child', '2006-02-02', null, null, '../../Pictures/default.jpg', null);

INSERT INTO ChildcareTransaction VALUES ('1000003737', 'Regular Childcare', '103737', '2014-11-19', '12:00:00', '14:00:00', 20.50);

INSERT INTO AllowedConnections VALUES ('103738', '132800', '132804', 13280, null);

INSERT INTO Child VALUES ('132804', 'Child3739', '3739child', '2006-02-02', null, null, '../../Pictures/default.jpg', null);

INSERT INTO ChildcareTransaction VALUES ('1000003738', 'Regular Childcare', '103738', '2014-03-23', '12:00:00', '14:00:00', 20.50);

INSERT INTO AllowedConnections VALUES ('103739', '132800', '132805', 13280, null);

INSERT INTO Child VALUES ('132805', 'Child3740', '3740child', '2006-02-02', null, null, '../../Pictures/default.jpg', null);

INSERT INTO ChildcareTransaction VALUES ('1000003739', 'Regular Childcare', '103739', '2014-08-26', '12:00:00', '14:00:00', 20.50);

INSERT INTO Guardian VALUES ('132800', '1234', 'Guardian935', '935guardian', '555-555-5555', 'blah@blah.com', '123 nowhere', null, 'Spokane', 'WA', '99999', '../../Pictures/default.jpg', null);

INSERT INTO Family VALUES ('13280', 42);

INSERT INTO Guardian VALUES ('132801', '1234', 'Guardian2935', '9352guardian', '555-555-5555', 'blah@blah.com', '123 nowhere', null, 'Spokane', 'WA', '99999', '../../Pictures/default.jpg', null);

INSERT INTO AllowedConnections VALUES ('103740', '132810', '132812', 13281, null);

INSERT INTO Child VALUES ('132812', 'Child3741', '3741child', '2006-02-02', null, null, '../../Pictures/default.jpg', null);

INSERT INTO ChildcareTransaction VALUES ('1000003740', 'Regular Childcare', '103740', '2014-02-23', '12:00:00', '14:00:00', 20.50);

INSERT INTO AllowedConnections VALUES ('103741', '132810', '132813', 13281, null);

INSERT INTO Child VALUES ('132813', 'Child3742', '3742child', '2006-02-02', null, null, '../../Pictures/default.jpg', null);

INSERT INTO ChildcareTransaction VALUES ('1000003741', 'Regular Childcare', '103741', '2014-01-20', '12:00:00', '14:00:00', 20.50);

INSERT INTO AllowedConnections VALUES ('103742', '132810', '132814', 13281, null);

INSERT INTO Child VALUES ('132814', 'Child3743', '3743child', '2006-02-02', null, null, '../../Pictures/default.jpg', null);

INSERT INTO ChildcareTransaction VALUES ('1000003742', 'Regular Childcare', '103742', '2014-12-17', '12:00:00', '14:00:00', 20.50);

INSERT INTO AllowedConnections VALUES ('103743', '132810', '132815', 13281, null);

INSERT INTO Child VALUES ('132815', 'Child3744', '3744child', '2006-02-02', null, null, '../../Pictures/default.jpg', null);

INSERT INTO ChildcareTransaction VALUES ('1000003743', 'Regular Childcare', '103743', '2014-12-14', '12:00:00', '14:00:00', 20.50);

INSERT INTO Guardian VALUES ('132810', '1234', 'Guardian936', '936guardian', '555-555-5555', 'blah@blah.com', '123 nowhere', null, 'Spokane', 'WA', '99999', '../../Pictures/default.jpg', null);

INSERT INTO Family VALUES ('13281', 42);

INSERT INTO Guardian VALUES ('132811', '1234', 'Guardian2936', '9362guardian', '555-555-5555', 'blah@blah.com', '123 nowhere', null, 'Spokane', 'WA', '99999', '../../Pictures/default.jpg', null);

INSERT INTO AllowedConnections VALUES ('103744', '132820', '132822', 13282, null);

INSERT INTO Child VALUES ('132822', 'Child3745', '3745child', '2006-02-02', null, null, '../../Pictures/default.jpg', null);

INSERT INTO ChildcareTransaction VALUES ('1000003744', 'Regular Childcare', '103744', '2014-10-02', '12:00:00', '14:00:00', 20.50);

INSERT INTO AllowedConnections VALUES ('103745', '132820', '132823', 13282, null);

INSERT INTO Child VALUES ('132823', 'Child3746', '3746child', '2006-02-02', null, null, '../../Pictures/default.jpg', null);

INSERT INTO ChildcareTransaction VALUES ('1000003745', 'Regular Childcare', '103745', '2014-02-14', '12:00:00', '14:00:00', 20.50);

INSERT INTO AllowedConnections VALUES ('103746', '132820', '132824', 13282, null);

INSERT INTO Child VALUES ('132824', 'Child3747', '3747child', '2006-02-02', null, null, '../../Pictures/default.jpg', null);

INSERT INTO ChildcareTransaction VALUES ('1000003746', 'Regular Childcare', '103746', '2014-06-11', '12:00:00', '14:00:00', 20.50);

INSERT INTO AllowedConnections VALUES ('103747', '132820', '132825', 13282, null);

INSERT INTO Child VALUES ('132825', 'Child3748', '3748child', '2006-02-02', null, null, '../../Pictures/default.jpg', null);

INSERT INTO ChildcareTransaction VALUES ('1000003747', 'Regular Childcare', '103747', '2014-04-25', '12:00:00', '14:00:00', 20.50);

INSERT INTO Guardian VALUES ('132820', '1234', 'Guardian937', '937guardian', '555-555-5555', 'blah@blah.com', '123 nowhere', null, 'Spokane', 'WA', '99999', '../../Pictures/default.jpg', null);

INSERT INTO Family VALUES ('13282', 42);

INSERT INTO Guardian VALUES ('132821', '1234', 'Guardian2937', '9372guardian', '555-555-5555', 'blah@blah.com', '123 nowhere', null, 'Spokane', 'WA', '99999', '../../Pictures/default.jpg', null);

INSERT INTO AllowedConnections VALUES ('103748', '132830', '132832', 13283, null);

INSERT INTO Child VALUES ('132832', 'Child3749', '3749child', '2006-02-02', null, null, '../../Pictures/default.jpg', null);

INSERT INTO ChildcareTransaction VALUES ('1000003748', 'Regular Childcare', '103748', '2014-02-18', '12:00:00', '14:00:00', 20.50);

INSERT INTO AllowedConnections VALUES ('103749', '132830', '132833', 13283, null);

INSERT INTO Child VALUES ('132833', 'Child3750', '3750child', '2006-02-02', null, null, '../../Pictures/default.jpg', null);

INSERT INTO ChildcareTransaction VALUES ('1000003749', 'Regular Childcare', '103749', '2014-12-25', '12:00:00', '14:00:00', 20.50);

INSERT INTO AllowedConnections VALUES ('103750', '132830', '132834', 13283, null);

INSERT INTO Child VALUES ('132834', 'Child3751', '3751child', '2006-02-02', null, null, '../../Pictures/default.jpg', null);

INSERT INTO ChildcareTransaction VALUES ('1000003750', 'Regular Childcare', '103750', '2014-10-26', '12:00:00', '14:00:00', 20.50);

INSERT INTO AllowedConnections VALUES ('103751', '132830', '132835', 13283, null);

INSERT INTO Child VALUES ('132835', 'Child3752', '3752child', '2006-02-02', null, null, '../../Pictures/default.jpg', null);

INSERT INTO ChildcareTransaction VALUES ('1000003751', 'Regular Childcare', '103751', '2014-11-23', '12:00:00', '14:00:00', 20.50);

INSERT INTO Guardian VALUES ('132830', '1234', 'Guardian938', '938guardian', '555-555-5555', 'blah@blah.com', '123 nowhere', null, 'Spokane', 'WA', '99999', '../../Pictures/default.jpg', null);

INSERT INTO Family VALUES ('13283', 42);

INSERT INTO Guardian VALUES ('132831', '1234', 'Guardian2938', '9382guardian', '555-555-5555', 'blah@blah.com', '123 nowhere', null, 'Spokane', 'WA', '99999', '../../Pictures/default.jpg', null);

INSERT INTO AllowedConnections VALUES ('103752', '132840', '132842', 13284, null);

INSERT INTO Child VALUES ('132842', 'Child3753', '3753child', '2006-02-02', null, null, '../../Pictures/default.jpg', null);

INSERT INTO ChildcareTransaction VALUES ('1000003752', 'Regular Childcare', '103752', '2014-08-05', '12:00:00', '14:00:00', 20.50);

INSERT INTO AllowedConnections VALUES ('103753', '132840', '132843', 13284, null);

INSERT INTO Child VALUES ('132843', 'Child3754', '3754child', '2006-02-02', null, null, '../../Pictures/default.jpg', null);

INSERT INTO ChildcareTransaction VALUES ('1000003753', 'Regular Childcare', '103753', '2014-10-03', '12:00:00', '14:00:00', 20.50);

INSERT INTO AllowedConnections VALUES ('103754', '132840', '132844', 13284, null);

INSERT INTO Child VALUES ('132844', 'Child3755', '3755child', '2006-02-02', null, null, '../../Pictures/default.jpg', null);

INSERT INTO ChildcareTransaction VALUES ('1000003754', 'Regular Childcare', '103754', '2014-07-07', '12:00:00', '14:00:00', 20.50);

INSERT INTO AllowedConnections VALUES ('103755', '132840', '132845', 13284, null);

INSERT INTO Child VALUES ('132845', 'Child3756', '3756child', '2006-02-02', null, null, '../../Pictures/default.jpg', null);

INSERT INTO ChildcareTransaction VALUES ('1000003755', 'Regular Childcare', '103755', '2014-09-18', '12:00:00', '14:00:00', 20.50);

INSERT INTO Guardian VALUES ('132840', '1234', 'Guardian939', '939guardian', '555-555-5555', 'blah@blah.com', '123 nowhere', null, 'Spokane', 'WA', '99999', '../../Pictures/default.jpg', null);

INSERT INTO Family VALUES ('13284', 42);

INSERT INTO Guardian VALUES ('132841', '1234', 'Guardian2939', '9392guardian', '555-555-5555', 'blah@blah.com', '123 nowhere', null, 'Spokane', 'WA', '99999', '../../Pictures/default.jpg', null);

INSERT INTO AllowedConnections VALUES ('103756', '132850', '132852', 13285, null);

INSERT INTO Child VALUES ('132852', 'Child3757', '3757child', '2006-02-02', null, null, '../../Pictures/default.jpg', null);

INSERT INTO ChildcareTransaction VALUES ('1000003756', 'Regular Childcare', '103756', '2014-09-11', '12:00:00', '14:00:00', 20.50);

INSERT INTO AllowedConnections VALUES ('103757', '132850', '132853', 13285, null);

INSERT INTO Child VALUES ('132853', 'Child3758', '3758child', '2006-02-02', null, null, '../../Pictures/default.jpg', null);

INSERT INTO ChildcareTransaction VALUES ('1000003757', 'Regular Childcare', '103757', '2014-07-13', '12:00:00', '14:00:00', 20.50);

INSERT INTO AllowedConnections VALUES ('103758', '132850', '132854', 13285, null);

INSERT INTO Child VALUES ('132854', 'Child3759', '3759child', '2006-02-02', null, null, '../../Pictures/default.jpg', null);

INSERT INTO ChildcareTransaction VALUES ('1000003758', 'Regular Childcare', '103758', '2014-01-26', '12:00:00', '14:00:00', 20.50);

INSERT INTO AllowedConnections VALUES ('103759', '132850', '132855', 13285, null);

INSERT INTO Child VALUES ('132855', 'Child3760', '3760child', '2006-02-02', null, null, '../../Pictures/default.jpg', null);

INSERT INTO ChildcareTransaction VALUES ('1000003759', 'Regular Childcare', '103759', '2014-09-15', '12:00:00', '14:00:00', 20.50);

INSERT INTO Guardian VALUES ('132850', '1234', 'Guardian940', '940guardian', '555-555-5555', 'blah@blah.com', '123 nowhere', null, 'Spokane', 'WA', '99999', '../../Pictures/default.jpg', null);

INSERT INTO Family VALUES ('13285', 42);

INSERT INTO Guardian VALUES ('132851', '1234', 'Guardian2940', '9402guardian', '555-555-5555', 'blah@blah.com', '123 nowhere', null, 'Spokane', 'WA', '99999', '../../Pictures/default.jpg', null);

INSERT INTO AllowedConnections VALUES ('103760', '132860', '132862', 13286, null);

INSERT INTO Child VALUES ('132862', 'Child3761', '3761child', '2006-02-02', null, null, '../../Pictures/default.jpg', null);

INSERT INTO ChildcareTransaction VALUES ('1000003760', 'Regular Childcare', '103760', '2014-12-19', '12:00:00', '14:00:00', 20.50);

INSERT INTO AllowedConnections VALUES ('103761', '132860', '132863', 13286, null);

INSERT INTO Child VALUES ('132863', 'Child3762', '3762child', '2006-02-02', null, null, '../../Pictures/default.jpg', null);

INSERT INTO ChildcareTransaction VALUES ('1000003761', 'Regular Childcare', '103761', '2014-07-04', '12:00:00', '14:00:00', 20.50);

INSERT INTO AllowedConnections VALUES ('103762', '132860', '132864', 13286, null);

INSERT INTO Child VALUES ('132864', 'Child3763', '3763child', '2006-02-02', null, null, '../../Pictures/default.jpg', null);

INSERT INTO ChildcareTransaction VALUES ('1000003762', 'Regular Childcare', '103762', '2014-02-24', '12:00:00', '14:00:00', 20.50);

INSERT INTO AllowedConnections VALUES ('103763', '132860', '132865', 13286, null);

INSERT INTO Child VALUES ('132865', 'Child3764', '3764child', '2006-02-02', null, null, '../../Pictures/default.jpg', null);

INSERT INTO ChildcareTransaction VALUES ('1000003763', 'Regular Childcare', '103763', '2014-02-09', '12:00:00', '14:00:00', 20.50);

INSERT INTO Guardian VALUES ('132860', '1234', 'Guardian941', '941guardian', '555-555-5555', 'blah@blah.com', '123 nowhere', null, 'Spokane', 'WA', '99999', '../../Pictures/default.jpg', null);

INSERT INTO Family VALUES ('13286', 42);

INSERT INTO Guardian VALUES ('132861', '1234', 'Guardian2941', '9412guardian', '555-555-5555', 'blah@blah.com', '123 nowhere', null, 'Spokane', 'WA', '99999', '../../Pictures/default.jpg', null);

INSERT INTO AllowedConnections VALUES ('103764', '132870', '132872', 13287, null);

INSERT INTO Child VALUES ('132872', 'Child3765', '3765child', '2006-02-02', null, null, '../../Pictures/default.jpg', null);

INSERT INTO ChildcareTransaction VALUES ('1000003764', 'Regular Childcare', '103764', '2014-02-15', '12:00:00', '14:00:00', 20.50);

INSERT INTO AllowedConnections VALUES ('103765', '132870', '132873', 13287, null);

INSERT INTO Child VALUES ('132873', 'Child3766', '3766child', '2006-02-02', null, null, '../../Pictures/default.jpg', null);

INSERT INTO ChildcareTransaction VALUES ('1000003765', 'Regular Childcare', '103765', '2014-06-22', '12:00:00', '14:00:00', 20.50);

INSERT INTO AllowedConnections VALUES ('103766', '132870', '132874', 13287, null);

INSERT INTO Child VALUES ('132874', 'Child3767', '3767child', '2006-02-02', null, null, '../../Pictures/default.jpg', null);

INSERT INTO ChildcareTransaction VALUES ('1000003766', 'Regular Childcare', '103766', '2014-03-12', '12:00:00', '14:00:00', 20.50);

INSERT INTO AllowedConnections VALUES ('103767', '132870', '132875', 13287, null);

INSERT INTO Child VALUES ('132875', 'Child3768', '3768child', '2006-02-02', null, null, '../../Pictures/default.jpg', null);

INSERT INTO ChildcareTransaction VALUES ('1000003767', 'Regular Childcare', '103767', '2014-09-01', '12:00:00', '14:00:00', 20.50);

INSERT INTO Guardian VALUES ('132870', '1234', 'Guardian942', '942guardian', '555-555-5555', 'blah@blah.com', '123 nowhere', null, 'Spokane', 'WA', '99999', '../../Pictures/default.jpg', null);

INSERT INTO Family VALUES ('13287', 42);

INSERT INTO Guardian VALUES ('132871', '1234', 'Guardian2942', '9422guardian', '555-555-5555', 'blah@blah.com', '123 nowhere', null, 'Spokane', 'WA', '99999', '../../Pictures/default.jpg', null);

INSERT INTO AllowedConnections VALUES ('103768', '132880', '132882', 13288, null);

INSERT INTO Child VALUES ('132882', 'Child3769', '3769child', '2006-02-02', null, null, '../../Pictures/default.jpg', null);

INSERT INTO ChildcareTransaction VALUES ('1000003768', 'Regular Childcare', '103768', '2014-05-28', '12:00:00', '14:00:00', 20.50);

INSERT INTO AllowedConnections VALUES ('103769', '132880', '132883', 13288, null);

INSERT INTO Child VALUES ('132883', 'Child3770', '3770child', '2006-02-02', null, null, '../../Pictures/default.jpg', null);

INSERT INTO ChildcareTransaction VALUES ('1000003769', 'Regular Childcare', '103769', '2014-11-25', '12:00:00', '14:00:00', 20.50);

INSERT INTO AllowedConnections VALUES ('103770', '132880', '132884', 13288, null);

INSERT INTO Child VALUES ('132884', 'Child3771', '3771child', '2006-02-02', null, null, '../../Pictures/default.jpg', null);

INSERT INTO ChildcareTransaction VALUES ('1000003770', 'Regular Childcare', '103770', '2014-06-13', '12:00:00', '14:00:00', 20.50);

INSERT INTO AllowedConnections VALUES ('103771', '132880', '132885', 13288, null);

INSERT INTO Child VALUES ('132885', 'Child3772', '3772child', '2006-02-02', null, null, '../../Pictures/default.jpg', null);

INSERT INTO ChildcareTransaction VALUES ('1000003771', 'Regular Childcare', '103771', '2014-09-20', '12:00:00', '14:00:00', 20.50);

INSERT INTO Guardian VALUES ('132880', '1234', 'Guardian943', '943guardian', '555-555-5555', 'blah@blah.com', '123 nowhere', null, 'Spokane', 'WA', '99999', '../../Pictures/default.jpg', null);

INSERT INTO Family VALUES ('13288', 42);

INSERT INTO Guardian VALUES ('132881', '1234', 'Guardian2943', '9432guardian', '555-555-5555', 'blah@blah.com', '123 nowhere', null, 'Spokane', 'WA', '99999', '../../Pictures/default.jpg', null);

INSERT INTO AllowedConnections VALUES ('103772', '132890', '132892', 13289, null);

INSERT INTO Child VALUES ('132892', 'Child3773', '3773child', '2006-02-02', null, null, '../../Pictures/default.jpg', null);

INSERT INTO ChildcareTransaction VALUES ('1000003772', 'Regular Childcare', '103772', '2014-09-16', '12:00:00', '14:00:00', 20.50);

INSERT INTO AllowedConnections VALUES ('103773', '132890', '132893', 13289, null);

INSERT INTO Child VALUES ('132893', 'Child3774', '3774child', '2006-02-02', null, null, '../../Pictures/default.jpg', null);

INSERT INTO ChildcareTransaction VALUES ('1000003773', 'Regular Childcare', '103773', '2014-09-17', '12:00:00', '14:00:00', 20.50);

INSERT INTO AllowedConnections VALUES ('103774', '132890', '132894', 13289, null);

INSERT INTO Child VALUES ('132894', 'Child3775', '3775child', '2006-02-02', null, null, '../../Pictures/default.jpg', null);

INSERT INTO ChildcareTransaction VALUES ('1000003774', 'Regular Childcare', '103774', '2014-01-24', '12:00:00', '14:00:00', 20.50);

INSERT INTO AllowedConnections VALUES ('103775', '132890', '132895', 13289, null);

INSERT INTO Child VALUES ('132895', 'Child3776', '3776child', '2006-02-02', null, null, '../../Pictures/default.jpg', null);

INSERT INTO ChildcareTransaction VALUES ('1000003775', 'Regular Childcare', '103775', '2014-06-27', '12:00:00', '14:00:00', 20.50);

INSERT INTO Guardian VALUES ('132890', '1234', 'Guardian944', '944guardian', '555-555-5555', 'blah@blah.com', '123 nowhere', null, 'Spokane', 'WA', '99999', '../../Pictures/default.jpg', null);

INSERT INTO Family VALUES ('13289', 42);

INSERT INTO Guardian VALUES ('132891', '1234', 'Guardian2944', '9442guardian', '555-555-5555', 'blah@blah.com', '123 nowhere', null, 'Spokane', 'WA', '99999', '../../Pictures/default.jpg', null);

INSERT INTO AllowedConnections VALUES ('103776', '132900', '132902', 13290, null);

INSERT INTO Child VALUES ('132902', 'Child3777', '3777child', '2006-02-02', null, null, '../../Pictures/default.jpg', null);

INSERT INTO ChildcareTransaction VALUES ('1000003776', 'Regular Childcare', '103776', '2014-05-05', '12:00:00', '14:00:00', 20.50);

INSERT INTO AllowedConnections VALUES ('103777', '132900', '132903', 13290, null);

INSERT INTO Child VALUES ('132903', 'Child3778', '3778child', '2006-02-02', null, null, '../../Pictures/default.jpg', null);

INSERT INTO ChildcareTransaction VALUES ('1000003777', 'Regular Childcare', '103777', '2014-07-06', '12:00:00', '14:00:00', 20.50);

INSERT INTO AllowedConnections VALUES ('103778', '132900', '132904', 13290, null);

INSERT INTO Child VALUES ('132904', 'Child3779', '3779child', '2006-02-02', null, null, '../../Pictures/default.jpg', null);

INSERT INTO ChildcareTransaction VALUES ('1000003778', 'Regular Childcare', '103778', '2014-04-05', '12:00:00', '14:00:00', 20.50);

INSERT INTO AllowedConnections VALUES ('103779', '132900', '132905', 13290, null);

INSERT INTO Child VALUES ('132905', 'Child3780', '3780child', '2006-02-02', null, null, '../../Pictures/default.jpg', null);

INSERT INTO ChildcareTransaction VALUES ('1000003779', 'Regular Childcare', '103779', '2014-12-25', '12:00:00', '14:00:00', 20.50);

INSERT INTO Guardian VALUES ('132900', '1234', 'Guardian945', '945guardian', '555-555-5555', 'blah@blah.com', '123 nowhere', null, 'Spokane', 'WA', '99999', '../../Pictures/default.jpg', null);

INSERT INTO Family VALUES ('13290', 42);

INSERT INTO Guardian VALUES ('132901', '1234', 'Guardian2945', '9452guardian', '555-555-5555', 'blah@blah.com', '123 nowhere', null, 'Spokane', 'WA', '99999', '../../Pictures/default.jpg', null);

INSERT INTO AllowedConnections VALUES ('103780', '132910', '132912', 13291, null);

INSERT INTO Child VALUES ('132912', 'Child3781', '3781child', '2006-02-02', null, null, '../../Pictures/default.jpg', null);

INSERT INTO ChildcareTransaction VALUES ('1000003780', 'Regular Childcare', '103780', '2014-06-10', '12:00:00', '14:00:00', 20.50);

INSERT INTO AllowedConnections VALUES ('103781', '132910', '132913', 13291, null);

INSERT INTO Child VALUES ('132913', 'Child3782', '3782child', '2006-02-02', null, null, '../../Pictures/default.jpg', null);

INSERT INTO ChildcareTransaction VALUES ('1000003781', 'Regular Childcare', '103781', '2014-11-22', '12:00:00', '14:00:00', 20.50);

INSERT INTO AllowedConnections VALUES ('103782', '132910', '132914', 13291, null);

INSERT INTO Child VALUES ('132914', 'Child3783', '3783child', '2006-02-02', null, null, '../../Pictures/default.jpg', null);

INSERT INTO ChildcareTransaction VALUES ('1000003782', 'Regular Childcare', '103782', '2014-05-18', '12:00:00', '14:00:00', 20.50);

INSERT INTO AllowedConnections VALUES ('103783', '132910', '132915', 13291, null);

INSERT INTO Child VALUES ('132915', 'Child3784', '3784child', '2006-02-02', null, null, '../../Pictures/default.jpg', null);

INSERT INTO ChildcareTransaction VALUES ('1000003783', 'Regular Childcare', '103783', '2014-12-20', '12:00:00', '14:00:00', 20.50);

INSERT INTO Guardian VALUES ('132910', '1234', 'Guardian946', '946guardian', '555-555-5555', 'blah@blah.com', '123 nowhere', null, 'Spokane', 'WA', '99999', '../../Pictures/default.jpg', null);

INSERT INTO Family VALUES ('13291', 42);

INSERT INTO Guardian VALUES ('132911', '1234', 'Guardian2946', '9462guardian', '555-555-5555', 'blah@blah.com', '123 nowhere', null, 'Spokane', 'WA', '99999', '../../Pictures/default.jpg', null);

INSERT INTO AllowedConnections VALUES ('103784', '132920', '132922', 13292, null);

INSERT INTO Child VALUES ('132922', 'Child3785', '3785child', '2006-02-02', null, null, '../../Pictures/default.jpg', null);

INSERT INTO ChildcareTransaction VALUES ('1000003784', 'Regular Childcare', '103784', '2014-02-28', '12:00:00', '14:00:00', 20.50);

INSERT INTO AllowedConnections VALUES ('103785', '132920', '132923', 13292, null);

INSERT INTO Child VALUES ('132923', 'Child3786', '3786child', '2006-02-02', null, null, '../../Pictures/default.jpg', null);

INSERT INTO ChildcareTransaction VALUES ('1000003785', 'Regular Childcare', '103785', '2014-12-14', '12:00:00', '14:00:00', 20.50);

INSERT INTO AllowedConnections VALUES ('103786', '132920', '132924', 13292, null);

INSERT INTO Child VALUES ('132924', 'Child3787', '3787child', '2006-02-02', null, null, '../../Pictures/default.jpg', null);

INSERT INTO ChildcareTransaction VALUES ('1000003786', 'Regular Childcare', '103786', '2014-11-17', '12:00:00', '14:00:00', 20.50);

INSERT INTO AllowedConnections VALUES ('103787', '132920', '132925', 13292, null);

INSERT INTO Child VALUES ('132925', 'Child3788', '3788child', '2006-02-02', null, null, '../../Pictures/default.jpg', null);

INSERT INTO ChildcareTransaction VALUES ('1000003787', 'Regular Childcare', '103787', '2014-03-02', '12:00:00', '14:00:00', 20.50);

INSERT INTO Guardian VALUES ('132920', '1234', 'Guardian947', '947guardian', '555-555-5555', 'blah@blah.com', '123 nowhere', null, 'Spokane', 'WA', '99999', '../../Pictures/default.jpg', null);

INSERT INTO Family VALUES ('13292', 42);

INSERT INTO Guardian VALUES ('132921', '1234', 'Guardian2947', '9472guardian', '555-555-5555', 'blah@blah.com', '123 nowhere', null, 'Spokane', 'WA', '99999', '../../Pictures/default.jpg', null);

INSERT INTO AllowedConnections VALUES ('103788', '132930', '132932', 13293, null);

INSERT INTO Child VALUES ('132932', 'Child3789', '3789child', '2006-02-02', null, null, '../../Pictures/default.jpg', null);

INSERT INTO ChildcareTransaction VALUES ('1000003788', 'Regular Childcare', '103788', '2014-11-12', '12:00:00', '14:00:00', 20.50);

INSERT INTO AllowedConnections VALUES ('103789', '132930', '132933', 13293, null);

INSERT INTO Child VALUES ('132933', 'Child3790', '3790child', '2006-02-02', null, null, '../../Pictures/default.jpg', null);

INSERT INTO ChildcareTransaction VALUES ('1000003789', 'Regular Childcare', '103789', '2014-06-08', '12:00:00', '14:00:00', 20.50);

INSERT INTO AllowedConnections VALUES ('103790', '132930', '132934', 13293, null);

INSERT INTO Child VALUES ('132934', 'Child3791', '3791child', '2006-02-02', null, null, '../../Pictures/default.jpg', null);

INSERT INTO ChildcareTransaction VALUES ('1000003790', 'Regular Childcare', '103790', '2014-02-20', '12:00:00', '14:00:00', 20.50);

INSERT INTO AllowedConnections VALUES ('103791', '132930', '132935', 13293, null);

INSERT INTO Child VALUES ('132935', 'Child3792', '3792child', '2006-02-02', null, null, '../../Pictures/default.jpg', null);

INSERT INTO ChildcareTransaction VALUES ('1000003791', 'Regular Childcare', '103791', '2014-02-18', '12:00:00', '14:00:00', 20.50);

INSERT INTO Guardian VALUES ('132930', '1234', 'Guardian948', '948guardian', '555-555-5555', 'blah@blah.com', '123 nowhere', null, 'Spokane', 'WA', '99999', '../../Pictures/default.jpg', null);

INSERT INTO Family VALUES ('13293', 42);

INSERT INTO Guardian VALUES ('132931', '1234', 'Guardian2948', '9482guardian', '555-555-5555', 'blah@blah.com', '123 nowhere', null, 'Spokane', 'WA', '99999', '../../Pictures/default.jpg', null);

INSERT INTO AllowedConnections VALUES ('103792', '132940', '132942', 13294, null);

INSERT INTO Child VALUES ('132942', 'Child3793', '3793child', '2006-02-02', null, null, '../../Pictures/default.jpg', null);

INSERT INTO ChildcareTransaction VALUES ('1000003792', 'Regular Childcare', '103792', '2014-11-07', '12:00:00', '14:00:00', 20.50);

INSERT INTO AllowedConnections VALUES ('103793', '132940', '132943', 13294, null);

INSERT INTO Child VALUES ('132943', 'Child3794', '3794child', '2006-02-02', null, null, '../../Pictures/default.jpg', null);

INSERT INTO ChildcareTransaction VALUES ('1000003793', 'Regular Childcare', '103793', '2014-12-22', '12:00:00', '14:00:00', 20.50);

INSERT INTO AllowedConnections VALUES ('103794', '132940', '132944', 13294, null);

INSERT INTO Child VALUES ('132944', 'Child3795', '3795child', '2006-02-02', null, null, '../../Pictures/default.jpg', null);

INSERT INTO ChildcareTransaction VALUES ('1000003794', 'Regular Childcare', '103794', '2014-04-20', '12:00:00', '14:00:00', 20.50);

INSERT INTO AllowedConnections VALUES ('103795', '132940', '132945', 13294, null);

INSERT INTO Child VALUES ('132945', 'Child3796', '3796child', '2006-02-02', null, null, '../../Pictures/default.jpg', null);

INSERT INTO ChildcareTransaction VALUES ('1000003795', 'Regular Childcare', '103795', '2014-10-03', '12:00:00', '14:00:00', 20.50);

INSERT INTO Guardian VALUES ('132940', '1234', 'Guardian949', '949guardian', '555-555-5555', 'blah@blah.com', '123 nowhere', null, 'Spokane', 'WA', '99999', '../../Pictures/default.jpg', null);

INSERT INTO Family VALUES ('13294', 42);

INSERT INTO Guardian VALUES ('132941', '1234', 'Guardian2949', '9492guardian', '555-555-5555', 'blah@blah.com', '123 nowhere', null, 'Spokane', 'WA', '99999', '../../Pictures/default.jpg', null);

INSERT INTO AllowedConnections VALUES ('103796', '132950', '132952', 13295, null);

INSERT INTO Child VALUES ('132952', 'Child3797', '3797child', '2006-02-02', null, null, '../../Pictures/default.jpg', null);

INSERT INTO ChildcareTransaction VALUES ('1000003796', 'Regular Childcare', '103796', '2014-07-02', '12:00:00', '14:00:00', 20.50);

INSERT INTO AllowedConnections VALUES ('103797', '132950', '132953', 13295, null);

INSERT INTO Child VALUES ('132953', 'Child3798', '3798child', '2006-02-02', null, null, '../../Pictures/default.jpg', null);

INSERT INTO ChildcareTransaction VALUES ('1000003797', 'Regular Childcare', '103797', '2014-01-10', '12:00:00', '14:00:00', 20.50);

INSERT INTO AllowedConnections VALUES ('103798', '132950', '132954', 13295, null);

INSERT INTO Child VALUES ('132954', 'Child3799', '3799child', '2006-02-02', null, null, '../../Pictures/default.jpg', null);

INSERT INTO ChildcareTransaction VALUES ('1000003798', 'Regular Childcare', '103798', '2014-09-17', '12:00:00', '14:00:00', 20.50);

INSERT INTO AllowedConnections VALUES ('103799', '132950', '132955', 13295, null);

INSERT INTO Child VALUES ('132955', 'Child3800', '3800child', '2006-02-02', null, null, '../../Pictures/default.jpg', null);

INSERT INTO ChildcareTransaction VALUES ('1000003799', 'Regular Childcare', '103799', '2014-04-25', '12:00:00', '14:00:00', 20.50);

INSERT INTO Guardian VALUES ('132950', '1234', 'Guardian950', '950guardian', '555-555-5555', 'blah@blah.com', '123 nowhere', null, 'Spokane', 'WA', '99999', '../../Pictures/default.jpg', null);

INSERT INTO Family VALUES ('13295', 42);

INSERT INTO Guardian VALUES ('132951', '1234', 'Guardian2950', '9502guardian', '555-555-5555', 'blah@blah.com', '123 nowhere', null, 'Spokane', 'WA', '99999', '../../Pictures/default.jpg', null);

INSERT INTO AllowedConnections VALUES ('103800', '132960', '132962', 13296, null);

INSERT INTO Child VALUES ('132962', 'Child3801', '3801child', '2006-02-02', null, null, '../../Pictures/default.jpg', null);

INSERT INTO ChildcareTransaction VALUES ('1000003800', 'Regular Childcare', '103800', '2014-06-02', '12:00:00', '14:00:00', 20.50);

INSERT INTO AllowedConnections VALUES ('103801', '132960', '132963', 13296, null);

INSERT INTO Child VALUES ('132963', 'Child3802', '3802child', '2006-02-02', null, null, '../../Pictures/default.jpg', null);

INSERT INTO ChildcareTransaction VALUES ('1000003801', 'Regular Childcare', '103801', '2014-01-28', '12:00:00', '14:00:00', 20.50);

INSERT INTO AllowedConnections VALUES ('103802', '132960', '132964', 13296, null);

INSERT INTO Child VALUES ('132964', 'Child3803', '3803child', '2006-02-02', null, null, '../../Pictures/default.jpg', null);

INSERT INTO ChildcareTransaction VALUES ('1000003802', 'Regular Childcare', '103802', '2014-07-12', '12:00:00', '14:00:00', 20.50);

INSERT INTO AllowedConnections VALUES ('103803', '132960', '132965', 13296, null);

INSERT INTO Child VALUES ('132965', 'Child3804', '3804child', '2006-02-02', null, null, '../../Pictures/default.jpg', null);

INSERT INTO ChildcareTransaction VALUES ('1000003803', 'Regular Childcare', '103803', '2014-12-19', '12:00:00', '14:00:00', 20.50);

INSERT INTO Guardian VALUES ('132960', '1234', 'Guardian951', '951guardian', '555-555-5555', 'blah@blah.com', '123 nowhere', null, 'Spokane', 'WA', '99999', '../../Pictures/default.jpg', null);

INSERT INTO Family VALUES ('13296', 42);

INSERT INTO Guardian VALUES ('132961', '1234', 'Guardian2951', '9512guardian', '555-555-5555', 'blah@blah.com', '123 nowhere', null, 'Spokane', 'WA', '99999', '../../Pictures/default.jpg', null);

INSERT INTO AllowedConnections VALUES ('103804', '132970', '132972', 13297, null);

INSERT INTO Child VALUES ('132972', 'Child3805', '3805child', '2006-02-02', null, null, '../../Pictures/default.jpg', null);

INSERT INTO ChildcareTransaction VALUES ('1000003804', 'Regular Childcare', '103804', '2014-11-15', '12:00:00', '14:00:00', 20.50);

INSERT INTO AllowedConnections VALUES ('103805', '132970', '132973', 13297, null);

INSERT INTO Child VALUES ('132973', 'Child3806', '3806child', '2006-02-02', null, null, '../../Pictures/default.jpg', null);

INSERT INTO ChildcareTransaction VALUES ('1000003805', 'Regular Childcare', '103805', '2014-07-01', '12:00:00', '14:00:00', 20.50);

INSERT INTO AllowedConnections VALUES ('103806', '132970', '132974', 13297, null);

INSERT INTO Child VALUES ('132974', 'Child3807', '3807child', '2006-02-02', null, null, '../../Pictures/default.jpg', null);

INSERT INTO ChildcareTransaction VALUES ('1000003806', 'Regular Childcare', '103806', '2014-09-27', '12:00:00', '14:00:00', 20.50);

INSERT INTO AllowedConnections VALUES ('103807', '132970', '132975', 13297, null);

INSERT INTO Child VALUES ('132975', 'Child3808', '3808child', '2006-02-02', null, null, '../../Pictures/default.jpg', null);

INSERT INTO ChildcareTransaction VALUES ('1000003807', 'Regular Childcare', '103807', '2014-07-23', '12:00:00', '14:00:00', 20.50);

INSERT INTO Guardian VALUES ('132970', '1234', 'Guardian952', '952guardian', '555-555-5555', 'blah@blah.com', '123 nowhere', null, 'Spokane', 'WA', '99999', '../../Pictures/default.jpg', null);

INSERT INTO Family VALUES ('13297', 42);

INSERT INTO Guardian VALUES ('132971', '1234', 'Guardian2952', '9522guardian', '555-555-5555', 'blah@blah.com', '123 nowhere', null, 'Spokane', 'WA', '99999', '../../Pictures/default.jpg', null);

INSERT INTO AllowedConnections VALUES ('103808', '132980', '132982', 13298, null);

INSERT INTO Child VALUES ('132982', 'Child3809', '3809child', '2006-02-02', null, null, '../../Pictures/default.jpg', null);

INSERT INTO ChildcareTransaction VALUES ('1000003808', 'Regular Childcare', '103808', '2014-06-08', '12:00:00', '14:00:00', 20.50);

INSERT INTO AllowedConnections VALUES ('103809', '132980', '132983', 13298, null);

INSERT INTO Child VALUES ('132983', 'Child3810', '3810child', '2006-02-02', null, null, '../../Pictures/default.jpg', null);

INSERT INTO ChildcareTransaction VALUES ('1000003809', 'Regular Childcare', '103809', '2014-04-20', '12:00:00', '14:00:00', 20.50);

INSERT INTO AllowedConnections VALUES ('103810', '132980', '132984', 13298, null);

INSERT INTO Child VALUES ('132984', 'Child3811', '3811child', '2006-02-02', null, null, '../../Pictures/default.jpg', null);

INSERT INTO ChildcareTransaction VALUES ('1000003810', 'Regular Childcare', '103810', '2014-04-18', '12:00:00', '14:00:00', 20.50);

INSERT INTO AllowedConnections VALUES ('103811', '132980', '132985', 13298, null);

INSERT INTO Child VALUES ('132985', 'Child3812', '3812child', '2006-02-02', null, null, '../../Pictures/default.jpg', null);

INSERT INTO ChildcareTransaction VALUES ('1000003811', 'Regular Childcare', '103811', '2014-12-25', '12:00:00', '14:00:00', 20.50);

INSERT INTO Guardian VALUES ('132980', '1234', 'Guardian953', '953guardian', '555-555-5555', 'blah@blah.com', '123 nowhere', null, 'Spokane', 'WA', '99999', '../../Pictures/default.jpg', null);

INSERT INTO Family VALUES ('13298', 42);

INSERT INTO Guardian VALUES ('132981', '1234', 'Guardian2953', '9532guardian', '555-555-5555', 'blah@blah.com', '123 nowhere', null, 'Spokane', 'WA', '99999', '../../Pictures/default.jpg', null);

INSERT INTO AllowedConnections VALUES ('103812', '132990', '132992', 13299, null);

INSERT INTO Child VALUES ('132992', 'Child3813', '3813child', '2006-02-02', null, null, '../../Pictures/default.jpg', null);

INSERT INTO ChildcareTransaction VALUES ('1000003812', 'Regular Childcare', '103812', '2014-06-01', '12:00:00', '14:00:00', 20.50);

INSERT INTO AllowedConnections VALUES ('103813', '132990', '132993', 13299, null);

INSERT INTO Child VALUES ('132993', 'Child3814', '3814child', '2006-02-02', null, null, '../../Pictures/default.jpg', null);

INSERT INTO ChildcareTransaction VALUES ('1000003813', 'Regular Childcare', '103813', '2014-06-20', '12:00:00', '14:00:00', 20.50);

INSERT INTO AllowedConnections VALUES ('103814', '132990', '132994', 13299, null);

INSERT INTO Child VALUES ('132994', 'Child3815', '3815child', '2006-02-02', null, null, '../../Pictures/default.jpg', null);

INSERT INTO ChildcareTransaction VALUES ('1000003814', 'Regular Childcare', '103814', '2014-09-14', '12:00:00', '14:00:00', 20.50);

INSERT INTO AllowedConnections VALUES ('103815', '132990', '132995', 13299, null);

INSERT INTO Child VALUES ('132995', 'Child3816', '3816child', '2006-02-02', null, null, '../../Pictures/default.jpg', null);

INSERT INTO ChildcareTransaction VALUES ('1000003815', 'Regular Childcare', '103815', '2014-11-22', '12:00:00', '14:00:00', 20.50);

INSERT INTO Guardian VALUES ('132990', '1234', 'Guardian954', '954guardian', '555-555-5555', 'blah@blah.com', '123 nowhere', null, 'Spokane', 'WA', '99999', '../../Pictures/default.jpg', null);

INSERT INTO Family VALUES ('13299', 42);

INSERT INTO Guardian VALUES ('132991', '1234', 'Guardian2954', '9542guardian', '555-555-5555', 'blah@blah.com', '123 nowhere', null, 'Spokane', 'WA', '99999', '../../Pictures/default.jpg', null);

INSERT INTO AllowedConnections VALUES ('103816', '133000', '133002', 13300, null);

INSERT INTO Child VALUES ('133002', 'Child3817', '3817child', '2006-02-02', null, null, '../../Pictures/default.jpg', null);

INSERT INTO ChildcareTransaction VALUES ('1000003816', 'Regular Childcare', '103816', '2014-01-07', '12:00:00', '14:00:00', 20.50);

INSERT INTO AllowedConnections VALUES ('103817', '133000', '133003', 13300, null);

INSERT INTO Child VALUES ('133003', 'Child3818', '3818child', '2006-02-02', null, null, '../../Pictures/default.jpg', null);

INSERT INTO ChildcareTransaction VALUES ('1000003817', 'Regular Childcare', '103817', '2014-12-05', '12:00:00', '14:00:00', 20.50);

INSERT INTO AllowedConnections VALUES ('103818', '133000', '133004', 13300, null);

INSERT INTO Child VALUES ('133004', 'Child3819', '3819child', '2006-02-02', null, null, '../../Pictures/default.jpg', null);

INSERT INTO ChildcareTransaction VALUES ('1000003818', 'Regular Childcare', '103818', '2014-01-19', '12:00:00', '14:00:00', 20.50);

INSERT INTO AllowedConnections VALUES ('103819', '133000', '133005', 13300, null);

INSERT INTO Child VALUES ('133005', 'Child3820', '3820child', '2006-02-02', null, null, '../../Pictures/default.jpg', null);

INSERT INTO ChildcareTransaction VALUES ('1000003819', 'Regular Childcare', '103819', '2014-01-20', '12:00:00', '14:00:00', 20.50);

INSERT INTO Guardian VALUES ('133000', '1234', 'Guardian955', '955guardian', '555-555-5555', 'blah@blah.com', '123 nowhere', null, 'Spokane', 'WA', '99999', '../../Pictures/default.jpg', null);

INSERT INTO Family VALUES ('13300', 42);

INSERT INTO Guardian VALUES ('133001', '1234', 'Guardian2955', '9552guardian', '555-555-5555', 'blah@blah.com', '123 nowhere', null, 'Spokane', 'WA', '99999', '../../Pictures/default.jpg', null);

INSERT INTO AllowedConnections VALUES ('103820', '133010', '133012', 13301, null);

INSERT INTO Child VALUES ('133012', 'Child3821', '3821child', '2006-02-02', null, null, '../../Pictures/default.jpg', null);

INSERT INTO ChildcareTransaction VALUES ('1000003820', 'Regular Childcare', '103820', '2014-05-17', '12:00:00', '14:00:00', 20.50);

INSERT INTO AllowedConnections VALUES ('103821', '133010', '133013', 13301, null);

INSERT INTO Child VALUES ('133013', 'Child3822', '3822child', '2006-02-02', null, null, '../../Pictures/default.jpg', null);

INSERT INTO ChildcareTransaction VALUES ('1000003821', 'Regular Childcare', '103821', '2014-11-20', '12:00:00', '14:00:00', 20.50);

INSERT INTO AllowedConnections VALUES ('103822', '133010', '133014', 13301, null);

INSERT INTO Child VALUES ('133014', 'Child3823', '3823child', '2006-02-02', null, null, '../../Pictures/default.jpg', null);

INSERT INTO ChildcareTransaction VALUES ('1000003822', 'Regular Childcare', '103822', '2014-10-20', '12:00:00', '14:00:00', 20.50);

INSERT INTO AllowedConnections VALUES ('103823', '133010', '133015', 13301, null);

INSERT INTO Child VALUES ('133015', 'Child3824', '3824child', '2006-02-02', null, null, '../../Pictures/default.jpg', null);

INSERT INTO ChildcareTransaction VALUES ('1000003823', 'Regular Childcare', '103823', '2014-10-14', '12:00:00', '14:00:00', 20.50);

INSERT INTO Guardian VALUES ('133010', '1234', 'Guardian956', '956guardian', '555-555-5555', 'blah@blah.com', '123 nowhere', null, 'Spokane', 'WA', '99999', '../../Pictures/default.jpg', null);

INSERT INTO Family VALUES ('13301', 42);

INSERT INTO Guardian VALUES ('133011', '1234', 'Guardian2956', '9562guardian', '555-555-5555', 'blah@blah.com', '123 nowhere', null, 'Spokane', 'WA', '99999', '../../Pictures/default.jpg', null);

INSERT INTO AllowedConnections VALUES ('103824', '133020', '133022', 13302, null);

INSERT INTO Child VALUES ('133022', 'Child3825', '3825child', '2006-02-02', null, null, '../../Pictures/default.jpg', null);

INSERT INTO ChildcareTransaction VALUES ('1000003824', 'Regular Childcare', '103824', '2014-08-25', '12:00:00', '14:00:00', 20.50);

INSERT INTO AllowedConnections VALUES ('103825', '133020', '133023', 13302, null);

INSERT INTO Child VALUES ('133023', 'Child3826', '3826child', '2006-02-02', null, null, '../../Pictures/default.jpg', null);

INSERT INTO ChildcareTransaction VALUES ('1000003825', 'Regular Childcare', '103825', '2014-01-24', '12:00:00', '14:00:00', 20.50);

INSERT INTO AllowedConnections VALUES ('103826', '133020', '133024', 13302, null);

INSERT INTO Child VALUES ('133024', 'Child3827', '3827child', '2006-02-02', null, null, '../../Pictures/default.jpg', null);

INSERT INTO ChildcareTransaction VALUES ('1000003826', 'Regular Childcare', '103826', '2014-10-01', '12:00:00', '14:00:00', 20.50);

INSERT INTO AllowedConnections VALUES ('103827', '133020', '133025', 13302, null);

INSERT INTO Child VALUES ('133025', 'Child3828', '3828child', '2006-02-02', null, null, '../../Pictures/default.jpg', null);

INSERT INTO ChildcareTransaction VALUES ('1000003827', 'Regular Childcare', '103827', '2014-12-21', '12:00:00', '14:00:00', 20.50);

INSERT INTO Guardian VALUES ('133020', '1234', 'Guardian957', '957guardian', '555-555-5555', 'blah@blah.com', '123 nowhere', null, 'Spokane', 'WA', '99999', '../../Pictures/default.jpg', null);

INSERT INTO Family VALUES ('13302', 42);

INSERT INTO Guardian VALUES ('133021', '1234', 'Guardian2957', '9572guardian', '555-555-5555', 'blah@blah.com', '123 nowhere', null, 'Spokane', 'WA', '99999', '../../Pictures/default.jpg', null);

INSERT INTO AllowedConnections VALUES ('103828', '133030', '133032', 13303, null);

INSERT INTO Child VALUES ('133032', 'Child3829', '3829child', '2006-02-02', null, null, '../../Pictures/default.jpg', null);

INSERT INTO ChildcareTransaction VALUES ('1000003828', 'Regular Childcare', '103828', '2014-06-18', '12:00:00', '14:00:00', 20.50);

INSERT INTO AllowedConnections VALUES ('103829', '133030', '133033', 13303, null);

INSERT INTO Child VALUES ('133033', 'Child3830', '3830child', '2006-02-02', null, null, '../../Pictures/default.jpg', null);

INSERT INTO ChildcareTransaction VALUES ('1000003829', 'Regular Childcare', '103829', '2014-02-07', '12:00:00', '14:00:00', 20.50);

INSERT INTO AllowedConnections VALUES ('103830', '133030', '133034', 13303, null);

INSERT INTO Child VALUES ('133034', 'Child3831', '3831child', '2006-02-02', null, null, '../../Pictures/default.jpg', null);

INSERT INTO ChildcareTransaction VALUES ('1000003830', 'Regular Childcare', '103830', '2014-05-10', '12:00:00', '14:00:00', 20.50);

INSERT INTO AllowedConnections VALUES ('103831', '133030', '133035', 13303, null);

INSERT INTO Child VALUES ('133035', 'Child3832', '3832child', '2006-02-02', null, null, '../../Pictures/default.jpg', null);

INSERT INTO ChildcareTransaction VALUES ('1000003831', 'Regular Childcare', '103831', '2014-07-14', '12:00:00', '14:00:00', 20.50);

INSERT INTO Guardian VALUES ('133030', '1234', 'Guardian958', '958guardian', '555-555-5555', 'blah@blah.com', '123 nowhere', null, 'Spokane', 'WA', '99999', '../../Pictures/default.jpg', null);

INSERT INTO Family VALUES ('13303', 42);

INSERT INTO Guardian VALUES ('133031', '1234', 'Guardian2958', '9582guardian', '555-555-5555', 'blah@blah.com', '123 nowhere', null, 'Spokane', 'WA', '99999', '../../Pictures/default.jpg', null);

INSERT INTO AllowedConnections VALUES ('103832', '133040', '133042', 13304, null);

INSERT INTO Child VALUES ('133042', 'Child3833', '3833child', '2006-02-02', null, null, '../../Pictures/default.jpg', null);

INSERT INTO ChildcareTransaction VALUES ('1000003832', 'Regular Childcare', '103832', '2014-07-11', '12:00:00', '14:00:00', 20.50);

INSERT INTO AllowedConnections VALUES ('103833', '133040', '133043', 13304, null);

INSERT INTO Child VALUES ('133043', 'Child3834', '3834child', '2006-02-02', null, null, '../../Pictures/default.jpg', null);

INSERT INTO ChildcareTransaction VALUES ('1000003833', 'Regular Childcare', '103833', '2014-03-04', '12:00:00', '14:00:00', 20.50);

INSERT INTO AllowedConnections VALUES ('103834', '133040', '133044', 13304, null);

INSERT INTO Child VALUES ('133044', 'Child3835', '3835child', '2006-02-02', null, null, '../../Pictures/default.jpg', null);

INSERT INTO ChildcareTransaction VALUES ('1000003834', 'Regular Childcare', '103834', '2014-11-11', '12:00:00', '14:00:00', 20.50);

INSERT INTO AllowedConnections VALUES ('103835', '133040', '133045', 13304, null);

INSERT INTO Child VALUES ('133045', 'Child3836', '3836child', '2006-02-02', null, null, '../../Pictures/default.jpg', null);

INSERT INTO ChildcareTransaction VALUES ('1000003835', 'Regular Childcare', '103835', '2014-07-20', '12:00:00', '14:00:00', 20.50);

INSERT INTO Guardian VALUES ('133040', '1234', 'Guardian959', '959guardian', '555-555-5555', 'blah@blah.com', '123 nowhere', null, 'Spokane', 'WA', '99999', '../../Pictures/default.jpg', null);

INSERT INTO Family VALUES ('13304', 42);

INSERT INTO Guardian VALUES ('133041', '1234', 'Guardian2959', '9592guardian', '555-555-5555', 'blah@blah.com', '123 nowhere', null, 'Spokane', 'WA', '99999', '../../Pictures/default.jpg', null);

INSERT INTO AllowedConnections VALUES ('103836', '133050', '133052', 13305, null);

INSERT INTO Child VALUES ('133052', 'Child3837', '3837child', '2006-02-02', null, null, '../../Pictures/default.jpg', null);

INSERT INTO ChildcareTransaction VALUES ('1000003836', 'Regular Childcare', '103836', '2014-09-02', '12:00:00', '14:00:00', 20.50);

INSERT INTO AllowedConnections VALUES ('103837', '133050', '133053', 13305, null);

INSERT INTO Child VALUES ('133053', 'Child3838', '3838child', '2006-02-02', null, null, '../../Pictures/default.jpg', null);

INSERT INTO ChildcareTransaction VALUES ('1000003837', 'Regular Childcare', '103837', '2014-04-10', '12:00:00', '14:00:00', 20.50);

INSERT INTO AllowedConnections VALUES ('103838', '133050', '133054', 13305, null);

INSERT INTO Child VALUES ('133054', 'Child3839', '3839child', '2006-02-02', null, null, '../../Pictures/default.jpg', null);

INSERT INTO ChildcareTransaction VALUES ('1000003838', 'Regular Childcare', '103838', '2014-05-28', '12:00:00', '14:00:00', 20.50);

INSERT INTO AllowedConnections VALUES ('103839', '133050', '133055', 13305, null);

INSERT INTO Child VALUES ('133055', 'Child3840', '3840child', '2006-02-02', null, null, '../../Pictures/default.jpg', null);

INSERT INTO ChildcareTransaction VALUES ('1000003839', 'Regular Childcare', '103839', '2014-09-13', '12:00:00', '14:00:00', 20.50);

INSERT INTO Guardian VALUES ('133050', '1234', 'Guardian960', '960guardian', '555-555-5555', 'blah@blah.com', '123 nowhere', null, 'Spokane', 'WA', '99999', '../../Pictures/default.jpg', null);

INSERT INTO Family VALUES ('13305', 42);

INSERT INTO Guardian VALUES ('133051', '1234', 'Guardian2960', '9602guardian', '555-555-5555', 'blah@blah.com', '123 nowhere', null, 'Spokane', 'WA', '99999', '../../Pictures/default.jpg', null);

INSERT INTO AllowedConnections VALUES ('103840', '133060', '133062', 13306, null);

INSERT INTO Child VALUES ('133062', 'Child3841', '3841child', '2006-02-02', null, null, '../../Pictures/default.jpg', null);

INSERT INTO ChildcareTransaction VALUES ('1000003840', 'Regular Childcare', '103840', '2014-02-27', '12:00:00', '14:00:00', 20.50);

INSERT INTO AllowedConnections VALUES ('103841', '133060', '133063', 13306, null);

INSERT INTO Child VALUES ('133063', 'Child3842', '3842child', '2006-02-02', null, null, '../../Pictures/default.jpg', null);

INSERT INTO ChildcareTransaction VALUES ('1000003841', 'Regular Childcare', '103841', '2014-08-17', '12:00:00', '14:00:00', 20.50);

INSERT INTO AllowedConnections VALUES ('103842', '133060', '133064', 13306, null);

INSERT INTO Child VALUES ('133064', 'Child3843', '3843child', '2006-02-02', null, null, '../../Pictures/default.jpg', null);

INSERT INTO ChildcareTransaction VALUES ('1000003842', 'Regular Childcare', '103842', '2014-05-17', '12:00:00', '14:00:00', 20.50);

INSERT INTO AllowedConnections VALUES ('103843', '133060', '133065', 13306, null);

INSERT INTO Child VALUES ('133065', 'Child3844', '3844child', '2006-02-02', null, null, '../../Pictures/default.jpg', null);

INSERT INTO ChildcareTransaction VALUES ('1000003843', 'Regular Childcare', '103843', '2014-05-17', '12:00:00', '14:00:00', 20.50);

INSERT INTO Guardian VALUES ('133060', '1234', 'Guardian961', '961guardian', '555-555-5555', 'blah@blah.com', '123 nowhere', null, 'Spokane', 'WA', '99999', '../../Pictures/default.jpg', null);

INSERT INTO Family VALUES ('13306', 42);

INSERT INTO Guardian VALUES ('133061', '1234', 'Guardian2961', '9612guardian', '555-555-5555', 'blah@blah.com', '123 nowhere', null, 'Spokane', 'WA', '99999', '../../Pictures/default.jpg', null);

INSERT INTO AllowedConnections VALUES ('103844', '133070', '133072', 13307, null);

INSERT INTO Child VALUES ('133072', 'Child3845', '3845child', '2006-02-02', null, null, '../../Pictures/default.jpg', null);

INSERT INTO ChildcareTransaction VALUES ('1000003844', 'Regular Childcare', '103844', '2014-03-08', '12:00:00', '14:00:00', 20.50);

INSERT INTO AllowedConnections VALUES ('103845', '133070', '133073', 13307, null);

INSERT INTO Child VALUES ('133073', 'Child3846', '3846child', '2006-02-02', null, null, '../../Pictures/default.jpg', null);

INSERT INTO ChildcareTransaction VALUES ('1000003845', 'Regular Childcare', '103845', '2014-09-13', '12:00:00', '14:00:00', 20.50);

INSERT INTO AllowedConnections VALUES ('103846', '133070', '133074', 13307, null);

INSERT INTO Child VALUES ('133074', 'Child3847', '3847child', '2006-02-02', null, null, '../../Pictures/default.jpg', null);

INSERT INTO ChildcareTransaction VALUES ('1000003846', 'Regular Childcare', '103846', '2014-02-16', '12:00:00', '14:00:00', 20.50);

INSERT INTO AllowedConnections VALUES ('103847', '133070', '133075', 13307, null);

INSERT INTO Child VALUES ('133075', 'Child3848', '3848child', '2006-02-02', null, null, '../../Pictures/default.jpg', null);

INSERT INTO ChildcareTransaction VALUES ('1000003847', 'Regular Childcare', '103847', '2014-09-25', '12:00:00', '14:00:00', 20.50);

INSERT INTO Guardian VALUES ('133070', '1234', 'Guardian962', '962guardian', '555-555-5555', 'blah@blah.com', '123 nowhere', null, 'Spokane', 'WA', '99999', '../../Pictures/default.jpg', null);

INSERT INTO Family VALUES ('13307', 42);

INSERT INTO Guardian VALUES ('133071', '1234', 'Guardian2962', '9622guardian', '555-555-5555', 'blah@blah.com', '123 nowhere', null, 'Spokane', 'WA', '99999', '../../Pictures/default.jpg', null);

INSERT INTO AllowedConnections VALUES ('103848', '133080', '133082', 13308, null);

INSERT INTO Child VALUES ('133082', 'Child3849', '3849child', '2006-02-02', null, null, '../../Pictures/default.jpg', null);

INSERT INTO ChildcareTransaction VALUES ('1000003848', 'Regular Childcare', '103848', '2014-02-11', '12:00:00', '14:00:00', 20.50);

INSERT INTO AllowedConnections VALUES ('103849', '133080', '133083', 13308, null);

INSERT INTO Child VALUES ('133083', 'Child3850', '3850child', '2006-02-02', null, null, '../../Pictures/default.jpg', null);

INSERT INTO ChildcareTransaction VALUES ('1000003849', 'Regular Childcare', '103849', '2014-01-15', '12:00:00', '14:00:00', 20.50);

INSERT INTO AllowedConnections VALUES ('103850', '133080', '133084', 13308, null);

INSERT INTO Child VALUES ('133084', 'Child3851', '3851child', '2006-02-02', null, null, '../../Pictures/default.jpg', null);

INSERT INTO ChildcareTransaction VALUES ('1000003850', 'Regular Childcare', '103850', '2014-04-19', '12:00:00', '14:00:00', 20.50);

INSERT INTO AllowedConnections VALUES ('103851', '133080', '133085', 13308, null);

INSERT INTO Child VALUES ('133085', 'Child3852', '3852child', '2006-02-02', null, null, '../../Pictures/default.jpg', null);

INSERT INTO ChildcareTransaction VALUES ('1000003851', 'Regular Childcare', '103851', '2014-05-10', '12:00:00', '14:00:00', 20.50);

INSERT INTO Guardian VALUES ('133080', '1234', 'Guardian963', '963guardian', '555-555-5555', 'blah@blah.com', '123 nowhere', null, 'Spokane', 'WA', '99999', '../../Pictures/default.jpg', null);

INSERT INTO Family VALUES ('13308', 42);

INSERT INTO Guardian VALUES ('133081', '1234', 'Guardian2963', '9632guardian', '555-555-5555', 'blah@blah.com', '123 nowhere', null, 'Spokane', 'WA', '99999', '../../Pictures/default.jpg', null);

INSERT INTO AllowedConnections VALUES ('103852', '133090', '133092', 13309, null);

INSERT INTO Child VALUES ('133092', 'Child3853', '3853child', '2006-02-02', null, null, '../../Pictures/default.jpg', null);

INSERT INTO ChildcareTransaction VALUES ('1000003852', 'Regular Childcare', '103852', '2014-06-04', '12:00:00', '14:00:00', 20.50);

INSERT INTO AllowedConnections VALUES ('103853', '133090', '133093', 13309, null);

INSERT INTO Child VALUES ('133093', 'Child3854', '3854child', '2006-02-02', null, null, '../../Pictures/default.jpg', null);

INSERT INTO ChildcareTransaction VALUES ('1000003853', 'Regular Childcare', '103853', '2014-07-21', '12:00:00', '14:00:00', 20.50);

INSERT INTO AllowedConnections VALUES ('103854', '133090', '133094', 13309, null);

INSERT INTO Child VALUES ('133094', 'Child3855', '3855child', '2006-02-02', null, null, '../../Pictures/default.jpg', null);

INSERT INTO ChildcareTransaction VALUES ('1000003854', 'Regular Childcare', '103854', '2014-06-17', '12:00:00', '14:00:00', 20.50);

INSERT INTO AllowedConnections VALUES ('103855', '133090', '133095', 13309, null);

INSERT INTO Child VALUES ('133095', 'Child3856', '3856child', '2006-02-02', null, null, '../../Pictures/default.jpg', null);

INSERT INTO ChildcareTransaction VALUES ('1000003855', 'Regular Childcare', '103855', '2014-04-05', '12:00:00', '14:00:00', 20.50);

INSERT INTO Guardian VALUES ('133090', '1234', 'Guardian964', '964guardian', '555-555-5555', 'blah@blah.com', '123 nowhere', null, 'Spokane', 'WA', '99999', '../../Pictures/default.jpg', null);

INSERT INTO Family VALUES ('13309', 42);

INSERT INTO Guardian VALUES ('133091', '1234', 'Guardian2964', '9642guardian', '555-555-5555', 'blah@blah.com', '123 nowhere', null, 'Spokane', 'WA', '99999', '../../Pictures/default.jpg', null);

INSERT INTO AllowedConnections VALUES ('103856', '133100', '133102', 13310, null);

INSERT INTO Child VALUES ('133102', 'Child3857', '3857child', '2006-02-02', null, null, '../../Pictures/default.jpg', null);

INSERT INTO ChildcareTransaction VALUES ('1000003856', 'Regular Childcare', '103856', '2014-07-25', '12:00:00', '14:00:00', 20.50);

INSERT INTO AllowedConnections VALUES ('103857', '133100', '133103', 13310, null);

INSERT INTO Child VALUES ('133103', 'Child3858', '3858child', '2006-02-02', null, null, '../../Pictures/default.jpg', null);

INSERT INTO ChildcareTransaction VALUES ('1000003857', 'Regular Childcare', '103857', '2014-04-09', '12:00:00', '14:00:00', 20.50);

INSERT INTO AllowedConnections VALUES ('103858', '133100', '133104', 13310, null);

INSERT INTO Child VALUES ('133104', 'Child3859', '3859child', '2006-02-02', null, null, '../../Pictures/default.jpg', null);

INSERT INTO ChildcareTransaction VALUES ('1000003858', 'Regular Childcare', '103858', '2014-11-06', '12:00:00', '14:00:00', 20.50);

INSERT INTO AllowedConnections VALUES ('103859', '133100', '133105', 13310, null);

INSERT INTO Child VALUES ('133105', 'Child3860', '3860child', '2006-02-02', null, null, '../../Pictures/default.jpg', null);

INSERT INTO ChildcareTransaction VALUES ('1000003859', 'Regular Childcare', '103859', '2014-07-14', '12:00:00', '14:00:00', 20.50);

INSERT INTO Guardian VALUES ('133100', '1234', 'Guardian965', '965guardian', '555-555-5555', 'blah@blah.com', '123 nowhere', null, 'Spokane', 'WA', '99999', '../../Pictures/default.jpg', null);

INSERT INTO Family VALUES ('13310', 42);

INSERT INTO Guardian VALUES ('133101', '1234', 'Guardian2965', '9652guardian', '555-555-5555', 'blah@blah.com', '123 nowhere', null, 'Spokane', 'WA', '99999', '../../Pictures/default.jpg', null);

INSERT INTO AllowedConnections VALUES ('103860', '133110', '133112', 13311, null);

INSERT INTO Child VALUES ('133112', 'Child3861', '3861child', '2006-02-02', null, null, '../../Pictures/default.jpg', null);

INSERT INTO ChildcareTransaction VALUES ('1000003860', 'Regular Childcare', '103860', '2014-12-03', '12:00:00', '14:00:00', 20.50);

INSERT INTO AllowedConnections VALUES ('103861', '133110', '133113', 13311, null);

INSERT INTO Child VALUES ('133113', 'Child3862', '3862child', '2006-02-02', null, null, '../../Pictures/default.jpg', null);

INSERT INTO ChildcareTransaction VALUES ('1000003861', 'Regular Childcare', '103861', '2014-08-01', '12:00:00', '14:00:00', 20.50);

INSERT INTO AllowedConnections VALUES ('103862', '133110', '133114', 13311, null);

INSERT INTO Child VALUES ('133114', 'Child3863', '3863child', '2006-02-02', null, null, '../../Pictures/default.jpg', null);

INSERT INTO ChildcareTransaction VALUES ('1000003862', 'Regular Childcare', '103862', '2014-08-10', '12:00:00', '14:00:00', 20.50);

INSERT INTO AllowedConnections VALUES ('103863', '133110', '133115', 13311, null);

INSERT INTO Child VALUES ('133115', 'Child3864', '3864child', '2006-02-02', null, null, '../../Pictures/default.jpg', null);

INSERT INTO ChildcareTransaction VALUES ('1000003863', 'Regular Childcare', '103863', '2014-10-01', '12:00:00', '14:00:00', 20.50);

INSERT INTO Guardian VALUES ('133110', '1234', 'Guardian966', '966guardian', '555-555-5555', 'blah@blah.com', '123 nowhere', null, 'Spokane', 'WA', '99999', '../../Pictures/default.jpg', null);

INSERT INTO Family VALUES ('13311', 42);

INSERT INTO Guardian VALUES ('133111', '1234', 'Guardian2966', '9662guardian', '555-555-5555', 'blah@blah.com', '123 nowhere', null, 'Spokane', 'WA', '99999', '../../Pictures/default.jpg', null);

INSERT INTO AllowedConnections VALUES ('103864', '133120', '133122', 13312, null);

INSERT INTO Child VALUES ('133122', 'Child3865', '3865child', '2006-02-02', null, null, '../../Pictures/default.jpg', null);

INSERT INTO ChildcareTransaction VALUES ('1000003864', 'Regular Childcare', '103864', '2014-06-26', '12:00:00', '14:00:00', 20.50);

INSERT INTO AllowedConnections VALUES ('103865', '133120', '133123', 13312, null);

INSERT INTO Child VALUES ('133123', 'Child3866', '3866child', '2006-02-02', null, null, '../../Pictures/default.jpg', null);

INSERT INTO ChildcareTransaction VALUES ('1000003865', 'Regular Childcare', '103865', '2014-09-07', '12:00:00', '14:00:00', 20.50);

INSERT INTO AllowedConnections VALUES ('103866', '133120', '133124', 13312, null);

INSERT INTO Child VALUES ('133124', 'Child3867', '3867child', '2006-02-02', null, null, '../../Pictures/default.jpg', null);

INSERT INTO ChildcareTransaction VALUES ('1000003866', 'Regular Childcare', '103866', '2014-07-19', '12:00:00', '14:00:00', 20.50);

INSERT INTO AllowedConnections VALUES ('103867', '133120', '133125', 13312, null);

INSERT INTO Child VALUES ('133125', 'Child3868', '3868child', '2006-02-02', null, null, '../../Pictures/default.jpg', null);

INSERT INTO ChildcareTransaction VALUES ('1000003867', 'Regular Childcare', '103867', '2014-04-04', '12:00:00', '14:00:00', 20.50);

INSERT INTO Guardian VALUES ('133120', '1234', 'Guardian967', '967guardian', '555-555-5555', 'blah@blah.com', '123 nowhere', null, 'Spokane', 'WA', '99999', '../../Pictures/default.jpg', null);

INSERT INTO Family VALUES ('13312', 42);

INSERT INTO Guardian VALUES ('133121', '1234', 'Guardian2967', '9672guardian', '555-555-5555', 'blah@blah.com', '123 nowhere', null, 'Spokane', 'WA', '99999', '../../Pictures/default.jpg', null);

INSERT INTO AllowedConnections VALUES ('103868', '133130', '133132', 13313, null);

INSERT INTO Child VALUES ('133132', 'Child3869', '3869child', '2006-02-02', null, null, '../../Pictures/default.jpg', null);

INSERT INTO ChildcareTransaction VALUES ('1000003868', 'Regular Childcare', '103868', '2014-08-08', '12:00:00', '14:00:00', 20.50);

INSERT INTO AllowedConnections VALUES ('103869', '133130', '133133', 13313, null);

INSERT INTO Child VALUES ('133133', 'Child3870', '3870child', '2006-02-02', null, null, '../../Pictures/default.jpg', null);

INSERT INTO ChildcareTransaction VALUES ('1000003869', 'Regular Childcare', '103869', '2014-10-22', '12:00:00', '14:00:00', 20.50);

INSERT INTO AllowedConnections VALUES ('103870', '133130', '133134', 13313, null);

INSERT INTO Child VALUES ('133134', 'Child3871', '3871child', '2006-02-02', null, null, '../../Pictures/default.jpg', null);

INSERT INTO ChildcareTransaction VALUES ('1000003870', 'Regular Childcare', '103870', '2014-11-19', '12:00:00', '14:00:00', 20.50);

INSERT INTO AllowedConnections VALUES ('103871', '133130', '133135', 13313, null);

INSERT INTO Child VALUES ('133135', 'Child3872', '3872child', '2006-02-02', null, null, '../../Pictures/default.jpg', null);

INSERT INTO ChildcareTransaction VALUES ('1000003871', 'Regular Childcare', '103871', '2014-07-18', '12:00:00', '14:00:00', 20.50);

INSERT INTO Guardian VALUES ('133130', '1234', 'Guardian968', '968guardian', '555-555-5555', 'blah@blah.com', '123 nowhere', null, 'Spokane', 'WA', '99999', '../../Pictures/default.jpg', null);

INSERT INTO Family VALUES ('13313', 42);

INSERT INTO Guardian VALUES ('133131', '1234', 'Guardian2968', '9682guardian', '555-555-5555', 'blah@blah.com', '123 nowhere', null, 'Spokane', 'WA', '99999', '../../Pictures/default.jpg', null);

INSERT INTO AllowedConnections VALUES ('103872', '133140', '133142', 13314, null);

INSERT INTO Child VALUES ('133142', 'Child3873', '3873child', '2006-02-02', null, null, '../../Pictures/default.jpg', null);

INSERT INTO ChildcareTransaction VALUES ('1000003872', 'Regular Childcare', '103872', '2014-09-10', '12:00:00', '14:00:00', 20.50);

INSERT INTO AllowedConnections VALUES ('103873', '133140', '133143', 13314, null);

INSERT INTO Child VALUES ('133143', 'Child3874', '3874child', '2006-02-02', null, null, '../../Pictures/default.jpg', null);

INSERT INTO ChildcareTransaction VALUES ('1000003873', 'Regular Childcare', '103873', '2014-02-11', '12:00:00', '14:00:00', 20.50);

INSERT INTO AllowedConnections VALUES ('103874', '133140', '133144', 13314, null);

INSERT INTO Child VALUES ('133144', 'Child3875', '3875child', '2006-02-02', null, null, '../../Pictures/default.jpg', null);

INSERT INTO ChildcareTransaction VALUES ('1000003874', 'Regular Childcare', '103874', '2014-09-17', '12:00:00', '14:00:00', 20.50);

INSERT INTO AllowedConnections VALUES ('103875', '133140', '133145', 13314, null);

INSERT INTO Child VALUES ('133145', 'Child3876', '3876child', '2006-02-02', null, null, '../../Pictures/default.jpg', null);

INSERT INTO ChildcareTransaction VALUES ('1000003875', 'Regular Childcare', '103875', '2014-02-28', '12:00:00', '14:00:00', 20.50);

INSERT INTO Guardian VALUES ('133140', '1234', 'Guardian969', '969guardian', '555-555-5555', 'blah@blah.com', '123 nowhere', null, 'Spokane', 'WA', '99999', '../../Pictures/default.jpg', null);

INSERT INTO Family VALUES ('13314', 42);

INSERT INTO Guardian VALUES ('133141', '1234', 'Guardian2969', '9692guardian', '555-555-5555', 'blah@blah.com', '123 nowhere', null, 'Spokane', 'WA', '99999', '../../Pictures/default.jpg', null);

INSERT INTO AllowedConnections VALUES ('103876', '133150', '133152', 13315, null);

INSERT INTO Child VALUES ('133152', 'Child3877', '3877child', '2006-02-02', null, null, '../../Pictures/default.jpg', null);

INSERT INTO ChildcareTransaction VALUES ('1000003876', 'Regular Childcare', '103876', '2014-07-15', '12:00:00', '14:00:00', 20.50);

INSERT INTO AllowedConnections VALUES ('103877', '133150', '133153', 13315, null);

INSERT INTO Child VALUES ('133153', 'Child3878', '3878child', '2006-02-02', null, null, '../../Pictures/default.jpg', null);

INSERT INTO ChildcareTransaction VALUES ('1000003877', 'Regular Childcare', '103877', '2014-11-13', '12:00:00', '14:00:00', 20.50);

INSERT INTO AllowedConnections VALUES ('103878', '133150', '133154', 13315, null);

INSERT INTO Child VALUES ('133154', 'Child3879', '3879child', '2006-02-02', null, null, '../../Pictures/default.jpg', null);

INSERT INTO ChildcareTransaction VALUES ('1000003878', 'Regular Childcare', '103878', '2014-06-13', '12:00:00', '14:00:00', 20.50);

INSERT INTO AllowedConnections VALUES ('103879', '133150', '133155', 13315, null);

INSERT INTO Child VALUES ('133155', 'Child3880', '3880child', '2006-02-02', null, null, '../../Pictures/default.jpg', null);

INSERT INTO ChildcareTransaction VALUES ('1000003879', 'Regular Childcare', '103879', '2014-03-04', '12:00:00', '14:00:00', 20.50);

INSERT INTO Guardian VALUES ('133150', '1234', 'Guardian970', '970guardian', '555-555-5555', 'blah@blah.com', '123 nowhere', null, 'Spokane', 'WA', '99999', '../../Pictures/default.jpg', null);

INSERT INTO Family VALUES ('13315', 42);

INSERT INTO Guardian VALUES ('133151', '1234', 'Guardian2970', '9702guardian', '555-555-5555', 'blah@blah.com', '123 nowhere', null, 'Spokane', 'WA', '99999', '../../Pictures/default.jpg', null);

INSERT INTO AllowedConnections VALUES ('103880', '133160', '133162', 13316, null);

INSERT INTO Child VALUES ('133162', 'Child3881', '3881child', '2006-02-02', null, null, '../../Pictures/default.jpg', null);

INSERT INTO ChildcareTransaction VALUES ('1000003880', 'Regular Childcare', '103880', '2014-04-19', '12:00:00', '14:00:00', 20.50);

INSERT INTO AllowedConnections VALUES ('103881', '133160', '133163', 13316, null);

INSERT INTO Child VALUES ('133163', 'Child3882', '3882child', '2006-02-02', null, null, '../../Pictures/default.jpg', null);

INSERT INTO ChildcareTransaction VALUES ('1000003881', 'Regular Childcare', '103881', '2014-01-18', '12:00:00', '14:00:00', 20.50);

INSERT INTO AllowedConnections VALUES ('103882', '133160', '133164', 13316, null);

INSERT INTO Child VALUES ('133164', 'Child3883', '3883child', '2006-02-02', null, null, '../../Pictures/default.jpg', null);

INSERT INTO ChildcareTransaction VALUES ('1000003882', 'Regular Childcare', '103882', '2014-08-25', '12:00:00', '14:00:00', 20.50);

INSERT INTO AllowedConnections VALUES ('103883', '133160', '133165', 13316, null);

INSERT INTO Child VALUES ('133165', 'Child3884', '3884child', '2006-02-02', null, null, '../../Pictures/default.jpg', null);

INSERT INTO ChildcareTransaction VALUES ('1000003883', 'Regular Childcare', '103883', '2014-08-09', '12:00:00', '14:00:00', 20.50);

INSERT INTO Guardian VALUES ('133160', '1234', 'Guardian971', '971guardian', '555-555-5555', 'blah@blah.com', '123 nowhere', null, 'Spokane', 'WA', '99999', '../../Pictures/default.jpg', null);

INSERT INTO Family VALUES ('13316', 42);

INSERT INTO Guardian VALUES ('133161', '1234', 'Guardian2971', '9712guardian', '555-555-5555', 'blah@blah.com', '123 nowhere', null, 'Spokane', 'WA', '99999', '../../Pictures/default.jpg', null);

INSERT INTO AllowedConnections VALUES ('103884', '133170', '133172', 13317, null);

INSERT INTO Child VALUES ('133172', 'Child3885', '3885child', '2006-02-02', null, null, '../../Pictures/default.jpg', null);

INSERT INTO ChildcareTransaction VALUES ('1000003884', 'Regular Childcare', '103884', '2014-12-21', '12:00:00', '14:00:00', 20.50);

INSERT INTO AllowedConnections VALUES ('103885', '133170', '133173', 13317, null);

INSERT INTO Child VALUES ('133173', 'Child3886', '3886child', '2006-02-02', null, null, '../../Pictures/default.jpg', null);

INSERT INTO ChildcareTransaction VALUES ('1000003885', 'Regular Childcare', '103885', '2014-10-26', '12:00:00', '14:00:00', 20.50);

INSERT INTO AllowedConnections VALUES ('103886', '133170', '133174', 13317, null);

INSERT INTO Child VALUES ('133174', 'Child3887', '3887child', '2006-02-02', null, null, '../../Pictures/default.jpg', null);

INSERT INTO ChildcareTransaction VALUES ('1000003886', 'Regular Childcare', '103886', '2014-07-04', '12:00:00', '14:00:00', 20.50);

INSERT INTO AllowedConnections VALUES ('103887', '133170', '133175', 13317, null);

INSERT INTO Child VALUES ('133175', 'Child3888', '3888child', '2006-02-02', null, null, '../../Pictures/default.jpg', null);

INSERT INTO ChildcareTransaction VALUES ('1000003887', 'Regular Childcare', '103887', '2014-12-17', '12:00:00', '14:00:00', 20.50);

INSERT INTO Guardian VALUES ('133170', '1234', 'Guardian972', '972guardian', '555-555-5555', 'blah@blah.com', '123 nowhere', null, 'Spokane', 'WA', '99999', '../../Pictures/default.jpg', null);

INSERT INTO Family VALUES ('13317', 42);

INSERT INTO Guardian VALUES ('133171', '1234', 'Guardian2972', '9722guardian', '555-555-5555', 'blah@blah.com', '123 nowhere', null, 'Spokane', 'WA', '99999', '../../Pictures/default.jpg', null);

INSERT INTO AllowedConnections VALUES ('103888', '133180', '133182', 13318, null);

INSERT INTO Child VALUES ('133182', 'Child3889', '3889child', '2006-02-02', null, null, '../../Pictures/default.jpg', null);

INSERT INTO ChildcareTransaction VALUES ('1000003888', 'Regular Childcare', '103888', '2014-01-21', '12:00:00', '14:00:00', 20.50);

INSERT INTO AllowedConnections VALUES ('103889', '133180', '133183', 13318, null);

INSERT INTO Child VALUES ('133183', 'Child3890', '3890child', '2006-02-02', null, null, '../../Pictures/default.jpg', null);

INSERT INTO ChildcareTransaction VALUES ('1000003889', 'Regular Childcare', '103889', '2014-02-08', '12:00:00', '14:00:00', 20.50);

INSERT INTO AllowedConnections VALUES ('103890', '133180', '133184', 13318, null);

INSERT INTO Child VALUES ('133184', 'Child3891', '3891child', '2006-02-02', null, null, '../../Pictures/default.jpg', null);

INSERT INTO ChildcareTransaction VALUES ('1000003890', 'Regular Childcare', '103890', '2014-04-23', '12:00:00', '14:00:00', 20.50);

INSERT INTO AllowedConnections VALUES ('103891', '133180', '133185', 13318, null);

INSERT INTO Child VALUES ('133185', 'Child3892', '3892child', '2006-02-02', null, null, '../../Pictures/default.jpg', null);

INSERT INTO ChildcareTransaction VALUES ('1000003891', 'Regular Childcare', '103891', '2014-06-27', '12:00:00', '14:00:00', 20.50);

INSERT INTO Guardian VALUES ('133180', '1234', 'Guardian973', '973guardian', '555-555-5555', 'blah@blah.com', '123 nowhere', null, 'Spokane', 'WA', '99999', '../../Pictures/default.jpg', null);

INSERT INTO Family VALUES ('13318', 42);

INSERT INTO Guardian VALUES ('133181', '1234', 'Guardian2973', '9732guardian', '555-555-5555', 'blah@blah.com', '123 nowhere', null, 'Spokane', 'WA', '99999', '../../Pictures/default.jpg', null);

INSERT INTO AllowedConnections VALUES ('103892', '133190', '133192', 13319, null);

INSERT INTO Child VALUES ('133192', 'Child3893', '3893child', '2006-02-02', null, null, '../../Pictures/default.jpg', null);

INSERT INTO ChildcareTransaction VALUES ('1000003892', 'Regular Childcare', '103892', '2014-02-16', '12:00:00', '14:00:00', 20.50);

INSERT INTO AllowedConnections VALUES ('103893', '133190', '133193', 13319, null);

INSERT INTO Child VALUES ('133193', 'Child3894', '3894child', '2006-02-02', null, null, '../../Pictures/default.jpg', null);

INSERT INTO ChildcareTransaction VALUES ('1000003893', 'Regular Childcare', '103893', '2014-03-04', '12:00:00', '14:00:00', 20.50);

INSERT INTO AllowedConnections VALUES ('103894', '133190', '133194', 13319, null);

INSERT INTO Child VALUES ('133194', 'Child3895', '3895child', '2006-02-02', null, null, '../../Pictures/default.jpg', null);

INSERT INTO ChildcareTransaction VALUES ('1000003894', 'Regular Childcare', '103894', '2014-09-28', '12:00:00', '14:00:00', 20.50);

INSERT INTO AllowedConnections VALUES ('103895', '133190', '133195', 13319, null);

INSERT INTO Child VALUES ('133195', 'Child3896', '3896child', '2006-02-02', null, null, '../../Pictures/default.jpg', null);

INSERT INTO ChildcareTransaction VALUES ('1000003895', 'Regular Childcare', '103895', '2014-04-23', '12:00:00', '14:00:00', 20.50);

INSERT INTO Guardian VALUES ('133190', '1234', 'Guardian974', '974guardian', '555-555-5555', 'blah@blah.com', '123 nowhere', null, 'Spokane', 'WA', '99999', '../../Pictures/default.jpg', null);

INSERT INTO Family VALUES ('13319', 42);

INSERT INTO Guardian VALUES ('133191', '1234', 'Guardian2974', '9742guardian', '555-555-5555', 'blah@blah.com', '123 nowhere', null, 'Spokane', 'WA', '99999', '../../Pictures/default.jpg', null);

INSERT INTO AllowedConnections VALUES ('103896', '133200', '133202', 13320, null);

INSERT INTO Child VALUES ('133202', 'Child3897', '3897child', '2006-02-02', null, null, '../../Pictures/default.jpg', null);

INSERT INTO ChildcareTransaction VALUES ('1000003896', 'Regular Childcare', '103896', '2014-03-03', '12:00:00', '14:00:00', 20.50);

INSERT INTO AllowedConnections VALUES ('103897', '133200', '133203', 13320, null);

INSERT INTO Child VALUES ('133203', 'Child3898', '3898child', '2006-02-02', null, null, '../../Pictures/default.jpg', null);

INSERT INTO ChildcareTransaction VALUES ('1000003897', 'Regular Childcare', '103897', '2014-06-28', '12:00:00', '14:00:00', 20.50);

INSERT INTO AllowedConnections VALUES ('103898', '133200', '133204', 13320, null);

INSERT INTO Child VALUES ('133204', 'Child3899', '3899child', '2006-02-02', null, null, '../../Pictures/default.jpg', null);

INSERT INTO ChildcareTransaction VALUES ('1000003898', 'Regular Childcare', '103898', '2014-10-25', '12:00:00', '14:00:00', 20.50);

INSERT INTO AllowedConnections VALUES ('103899', '133200', '133205', 13320, null);

INSERT INTO Child VALUES ('133205', 'Child3900', '3900child', '2006-02-02', null, null, '../../Pictures/default.jpg', null);

INSERT INTO ChildcareTransaction VALUES ('1000003899', 'Regular Childcare', '103899', '2014-05-07', '12:00:00', '14:00:00', 20.50);

INSERT INTO Guardian VALUES ('133200', '1234', 'Guardian975', '975guardian', '555-555-5555', 'blah@blah.com', '123 nowhere', null, 'Spokane', 'WA', '99999', '../../Pictures/default.jpg', null);

INSERT INTO Family VALUES ('13320', 42);

INSERT INTO Guardian VALUES ('133201', '1234', 'Guardian2975', '9752guardian', '555-555-5555', 'blah@blah.com', '123 nowhere', null, 'Spokane', 'WA', '99999', '../../Pictures/default.jpg', null);

INSERT INTO AllowedConnections VALUES ('103900', '133210', '133212', 13321, null);

INSERT INTO Child VALUES ('133212', 'Child3901', '3901child', '2006-02-02', null, null, '../../Pictures/default.jpg', null);

INSERT INTO ChildcareTransaction VALUES ('1000003900', 'Regular Childcare', '103900', '2014-04-27', '12:00:00', '14:00:00', 20.50);

INSERT INTO AllowedConnections VALUES ('103901', '133210', '133213', 13321, null);

INSERT INTO Child VALUES ('133213', 'Child3902', '3902child', '2006-02-02', null, null, '../../Pictures/default.jpg', null);

INSERT INTO ChildcareTransaction VALUES ('1000003901', 'Regular Childcare', '103901', '2014-09-18', '12:00:00', '14:00:00', 20.50);

INSERT INTO AllowedConnections VALUES ('103902', '133210', '133214', 13321, null);

INSERT INTO Child VALUES ('133214', 'Child3903', '3903child', '2006-02-02', null, null, '../../Pictures/default.jpg', null);

INSERT INTO ChildcareTransaction VALUES ('1000003902', 'Regular Childcare', '103902', '2014-11-12', '12:00:00', '14:00:00', 20.50);

INSERT INTO AllowedConnections VALUES ('103903', '133210', '133215', 13321, null);

INSERT INTO Child VALUES ('133215', 'Child3904', '3904child', '2006-02-02', null, null, '../../Pictures/default.jpg', null);

INSERT INTO ChildcareTransaction VALUES ('1000003903', 'Regular Childcare', '103903', '2014-09-16', '12:00:00', '14:00:00', 20.50);

INSERT INTO Guardian VALUES ('133210', '1234', 'Guardian976', '976guardian', '555-555-5555', 'blah@blah.com', '123 nowhere', null, 'Spokane', 'WA', '99999', '../../Pictures/default.jpg', null);

INSERT INTO Family VALUES ('13321', 42);

INSERT INTO Guardian VALUES ('133211', '1234', 'Guardian2976', '9762guardian', '555-555-5555', 'blah@blah.com', '123 nowhere', null, 'Spokane', 'WA', '99999', '../../Pictures/default.jpg', null);

INSERT INTO AllowedConnections VALUES ('103904', '133220', '133222', 13322, null);

INSERT INTO Child VALUES ('133222', 'Child3905', '3905child', '2006-02-02', null, null, '../../Pictures/default.jpg', null);

INSERT INTO ChildcareTransaction VALUES ('1000003904', 'Regular Childcare', '103904', '2014-09-13', '12:00:00', '14:00:00', 20.50);

INSERT INTO AllowedConnections VALUES ('103905', '133220', '133223', 13322, null);

INSERT INTO Child VALUES ('133223', 'Child3906', '3906child', '2006-02-02', null, null, '../../Pictures/default.jpg', null);

INSERT INTO ChildcareTransaction VALUES ('1000003905', 'Regular Childcare', '103905', '2014-12-23', '12:00:00', '14:00:00', 20.50);

INSERT INTO AllowedConnections VALUES ('103906', '133220', '133224', 13322, null);

INSERT INTO Child VALUES ('133224', 'Child3907', '3907child', '2006-02-02', null, null, '../../Pictures/default.jpg', null);

INSERT INTO ChildcareTransaction VALUES ('1000003906', 'Regular Childcare', '103906', '2014-07-21', '12:00:00', '14:00:00', 20.50);

INSERT INTO AllowedConnections VALUES ('103907', '133220', '133225', 13322, null);

INSERT INTO Child VALUES ('133225', 'Child3908', '3908child', '2006-02-02', null, null, '../../Pictures/default.jpg', null);

INSERT INTO ChildcareTransaction VALUES ('1000003907', 'Regular Childcare', '103907', '2014-07-03', '12:00:00', '14:00:00', 20.50);

INSERT INTO Guardian VALUES ('133220', '1234', 'Guardian977', '977guardian', '555-555-5555', 'blah@blah.com', '123 nowhere', null, 'Spokane', 'WA', '99999', '../../Pictures/default.jpg', null);

INSERT INTO Family VALUES ('13322', 42);

INSERT INTO Guardian VALUES ('133221', '1234', 'Guardian2977', '9772guardian', '555-555-5555', 'blah@blah.com', '123 nowhere', null, 'Spokane', 'WA', '99999', '../../Pictures/default.jpg', null);

INSERT INTO AllowedConnections VALUES ('103908', '133230', '133232', 13323, null);

INSERT INTO Child VALUES ('133232', 'Child3909', '3909child', '2006-02-02', null, null, '../../Pictures/default.jpg', null);

INSERT INTO ChildcareTransaction VALUES ('1000003908', 'Regular Childcare', '103908', '2014-10-08', '12:00:00', '14:00:00', 20.50);

INSERT INTO AllowedConnections VALUES ('103909', '133230', '133233', 13323, null);

INSERT INTO Child VALUES ('133233', 'Child3910', '3910child', '2006-02-02', null, null, '../../Pictures/default.jpg', null);

INSERT INTO ChildcareTransaction VALUES ('1000003909', 'Regular Childcare', '103909', '2014-07-24', '12:00:00', '14:00:00', 20.50);

INSERT INTO AllowedConnections VALUES ('103910', '133230', '133234', 13323, null);

INSERT INTO Child VALUES ('133234', 'Child3911', '3911child', '2006-02-02', null, null, '../../Pictures/default.jpg', null);

INSERT INTO ChildcareTransaction VALUES ('1000003910', 'Regular Childcare', '103910', '2014-04-15', '12:00:00', '14:00:00', 20.50);

INSERT INTO AllowedConnections VALUES ('103911', '133230', '133235', 13323, null);

INSERT INTO Child VALUES ('133235', 'Child3912', '3912child', '2006-02-02', null, null, '../../Pictures/default.jpg', null);

INSERT INTO ChildcareTransaction VALUES ('1000003911', 'Regular Childcare', '103911', '2014-12-01', '12:00:00', '14:00:00', 20.50);

INSERT INTO Guardian VALUES ('133230', '1234', 'Guardian978', '978guardian', '555-555-5555', 'blah@blah.com', '123 nowhere', null, 'Spokane', 'WA', '99999', '../../Pictures/default.jpg', null);

INSERT INTO Family VALUES ('13323', 42);

INSERT INTO Guardian VALUES ('133231', '1234', 'Guardian2978', '9782guardian', '555-555-5555', 'blah@blah.com', '123 nowhere', null, 'Spokane', 'WA', '99999', '../../Pictures/default.jpg', null);

INSERT INTO AllowedConnections VALUES ('103912', '133240', '133242', 13324, null);

INSERT INTO Child VALUES ('133242', 'Child3913', '3913child', '2006-02-02', null, null, '../../Pictures/default.jpg', null);

INSERT INTO ChildcareTransaction VALUES ('1000003912', 'Regular Childcare', '103912', '2014-07-03', '12:00:00', '14:00:00', 20.50);

INSERT INTO AllowedConnections VALUES ('103913', '133240', '133243', 13324, null);

INSERT INTO Child VALUES ('133243', 'Child3914', '3914child', '2006-02-02', null, null, '../../Pictures/default.jpg', null);

INSERT INTO ChildcareTransaction VALUES ('1000003913', 'Regular Childcare', '103913', '2014-10-17', '12:00:00', '14:00:00', 20.50);

INSERT INTO AllowedConnections VALUES ('103914', '133240', '133244', 13324, null);

INSERT INTO Child VALUES ('133244', 'Child3915', '3915child', '2006-02-02', null, null, '../../Pictures/default.jpg', null);

INSERT INTO ChildcareTransaction VALUES ('1000003914', 'Regular Childcare', '103914', '2014-08-10', '12:00:00', '14:00:00', 20.50);

INSERT INTO AllowedConnections VALUES ('103915', '133240', '133245', 13324, null);

INSERT INTO Child VALUES ('133245', 'Child3916', '3916child', '2006-02-02', null, null, '../../Pictures/default.jpg', null);

INSERT INTO ChildcareTransaction VALUES ('1000003915', 'Regular Childcare', '103915', '2014-04-03', '12:00:00', '14:00:00', 20.50);

INSERT INTO Guardian VALUES ('133240', '1234', 'Guardian979', '979guardian', '555-555-5555', 'blah@blah.com', '123 nowhere', null, 'Spokane', 'WA', '99999', '../../Pictures/default.jpg', null);

INSERT INTO Family VALUES ('13324', 42);

INSERT INTO Guardian VALUES ('133241', '1234', 'Guardian2979', '9792guardian', '555-555-5555', 'blah@blah.com', '123 nowhere', null, 'Spokane', 'WA', '99999', '../../Pictures/default.jpg', null);

INSERT INTO AllowedConnections VALUES ('103916', '133250', '133252', 13325, null);

INSERT INTO Child VALUES ('133252', 'Child3917', '3917child', '2006-02-02', null, null, '../../Pictures/default.jpg', null);

INSERT INTO ChildcareTransaction VALUES ('1000003916', 'Regular Childcare', '103916', '2014-10-10', '12:00:00', '14:00:00', 20.50);

INSERT INTO AllowedConnections VALUES ('103917', '133250', '133253', 13325, null);

INSERT INTO Child VALUES ('133253', 'Child3918', '3918child', '2006-02-02', null, null, '../../Pictures/default.jpg', null);

INSERT INTO ChildcareTransaction VALUES ('1000003917', 'Regular Childcare', '103917', '2014-06-23', '12:00:00', '14:00:00', 20.50);

INSERT INTO AllowedConnections VALUES ('103918', '133250', '133254', 13325, null);

INSERT INTO Child VALUES ('133254', 'Child3919', '3919child', '2006-02-02', null, null, '../../Pictures/default.jpg', null);

INSERT INTO ChildcareTransaction VALUES ('1000003918', 'Regular Childcare', '103918', '2014-05-15', '12:00:00', '14:00:00', 20.50);

INSERT INTO AllowedConnections VALUES ('103919', '133250', '133255', 13325, null);

INSERT INTO Child VALUES ('133255', 'Child3920', '3920child', '2006-02-02', null, null, '../../Pictures/default.jpg', null);

INSERT INTO ChildcareTransaction VALUES ('1000003919', 'Regular Childcare', '103919', '2014-01-26', '12:00:00', '14:00:00', 20.50);

INSERT INTO Guardian VALUES ('133250', '1234', 'Guardian980', '980guardian', '555-555-5555', 'blah@blah.com', '123 nowhere', null, 'Spokane', 'WA', '99999', '../../Pictures/default.jpg', null);

INSERT INTO Family VALUES ('13325', 42);

INSERT INTO Guardian VALUES ('133251', '1234', 'Guardian2980', '9802guardian', '555-555-5555', 'blah@blah.com', '123 nowhere', null, 'Spokane', 'WA', '99999', '../../Pictures/default.jpg', null);

INSERT INTO AllowedConnections VALUES ('103920', '133260', '133262', 13326, null);

INSERT INTO Child VALUES ('133262', 'Child3921', '3921child', '2006-02-02', null, null, '../../Pictures/default.jpg', null);

INSERT INTO ChildcareTransaction VALUES ('1000003920', 'Regular Childcare', '103920', '2014-01-18', '12:00:00', '14:00:00', 20.50);

INSERT INTO AllowedConnections VALUES ('103921', '133260', '133263', 13326, null);

INSERT INTO Child VALUES ('133263', 'Child3922', '3922child', '2006-02-02', null, null, '../../Pictures/default.jpg', null);

INSERT INTO ChildcareTransaction VALUES ('1000003921', 'Regular Childcare', '103921', '2014-09-24', '12:00:00', '14:00:00', 20.50);

INSERT INTO AllowedConnections VALUES ('103922', '133260', '133264', 13326, null);

INSERT INTO Child VALUES ('133264', 'Child3923', '3923child', '2006-02-02', null, null, '../../Pictures/default.jpg', null);

INSERT INTO ChildcareTransaction VALUES ('1000003922', 'Regular Childcare', '103922', '2014-05-07', '12:00:00', '14:00:00', 20.50);

INSERT INTO AllowedConnections VALUES ('103923', '133260', '133265', 13326, null);

INSERT INTO Child VALUES ('133265', 'Child3924', '3924child', '2006-02-02', null, null, '../../Pictures/default.jpg', null);

INSERT INTO ChildcareTransaction VALUES ('1000003923', 'Regular Childcare', '103923', '2014-06-18', '12:00:00', '14:00:00', 20.50);

INSERT INTO Guardian VALUES ('133260', '1234', 'Guardian981', '981guardian', '555-555-5555', 'blah@blah.com', '123 nowhere', null, 'Spokane', 'WA', '99999', '../../Pictures/default.jpg', null);

INSERT INTO Family VALUES ('13326', 42);

INSERT INTO Guardian VALUES ('133261', '1234', 'Guardian2981', '9812guardian', '555-555-5555', 'blah@blah.com', '123 nowhere', null, 'Spokane', 'WA', '99999', '../../Pictures/default.jpg', null);

INSERT INTO AllowedConnections VALUES ('103924', '133270', '133272', 13327, null);

INSERT INTO Child VALUES ('133272', 'Child3925', '3925child', '2006-02-02', null, null, '../../Pictures/default.jpg', null);

INSERT INTO ChildcareTransaction VALUES ('1000003924', 'Regular Childcare', '103924', '2014-09-24', '12:00:00', '14:00:00', 20.50);

INSERT INTO AllowedConnections VALUES ('103925', '133270', '133273', 13327, null);

INSERT INTO Child VALUES ('133273', 'Child3926', '3926child', '2006-02-02', null, null, '../../Pictures/default.jpg', null);

INSERT INTO ChildcareTransaction VALUES ('1000003925', 'Regular Childcare', '103925', '2014-12-08', '12:00:00', '14:00:00', 20.50);

INSERT INTO AllowedConnections VALUES ('103926', '133270', '133274', 13327, null);

INSERT INTO Child VALUES ('133274', 'Child3927', '3927child', '2006-02-02', null, null, '../../Pictures/default.jpg', null);

INSERT INTO ChildcareTransaction VALUES ('1000003926', 'Regular Childcare', '103926', '2014-04-23', '12:00:00', '14:00:00', 20.50);

INSERT INTO AllowedConnections VALUES ('103927', '133270', '133275', 13327, null);

INSERT INTO Child VALUES ('133275', 'Child3928', '3928child', '2006-02-02', null, null, '../../Pictures/default.jpg', null);

INSERT INTO ChildcareTransaction VALUES ('1000003927', 'Regular Childcare', '103927', '2014-07-19', '12:00:00', '14:00:00', 20.50);

INSERT INTO Guardian VALUES ('133270', '1234', 'Guardian982', '982guardian', '555-555-5555', 'blah@blah.com', '123 nowhere', null, 'Spokane', 'WA', '99999', '../../Pictures/default.jpg', null);

INSERT INTO Family VALUES ('13327', 42);

INSERT INTO Guardian VALUES ('133271', '1234', 'Guardian2982', '9822guardian', '555-555-5555', 'blah@blah.com', '123 nowhere', null, 'Spokane', 'WA', '99999', '../../Pictures/default.jpg', null);

INSERT INTO AllowedConnections VALUES ('103928', '133280', '133282', 13328, null);

INSERT INTO Child VALUES ('133282', 'Child3929', '3929child', '2006-02-02', null, null, '../../Pictures/default.jpg', null);

INSERT INTO ChildcareTransaction VALUES ('1000003928', 'Regular Childcare', '103928', '2014-10-15', '12:00:00', '14:00:00', 20.50);

INSERT INTO AllowedConnections VALUES ('103929', '133280', '133283', 13328, null);

INSERT INTO Child VALUES ('133283', 'Child3930', '3930child', '2006-02-02', null, null, '../../Pictures/default.jpg', null);

INSERT INTO ChildcareTransaction VALUES ('1000003929', 'Regular Childcare', '103929', '2014-01-27', '12:00:00', '14:00:00', 20.50);

INSERT INTO AllowedConnections VALUES ('103930', '133280', '133284', 13328, null);

INSERT INTO Child VALUES ('133284', 'Child3931', '3931child', '2006-02-02', null, null, '../../Pictures/default.jpg', null);

INSERT INTO ChildcareTransaction VALUES ('1000003930', 'Regular Childcare', '103930', '2014-01-04', '12:00:00', '14:00:00', 20.50);

INSERT INTO AllowedConnections VALUES ('103931', '133280', '133285', 13328, null);

INSERT INTO Child VALUES ('133285', 'Child3932', '3932child', '2006-02-02', null, null, '../../Pictures/default.jpg', null);

INSERT INTO ChildcareTransaction VALUES ('1000003931', 'Regular Childcare', '103931', '2014-02-07', '12:00:00', '14:00:00', 20.50);

INSERT INTO Guardian VALUES ('133280', '1234', 'Guardian983', '983guardian', '555-555-5555', 'blah@blah.com', '123 nowhere', null, 'Spokane', 'WA', '99999', '../../Pictures/default.jpg', null);

INSERT INTO Family VALUES ('13328', 42);

INSERT INTO Guardian VALUES ('133281', '1234', 'Guardian2983', '9832guardian', '555-555-5555', 'blah@blah.com', '123 nowhere', null, 'Spokane', 'WA', '99999', '../../Pictures/default.jpg', null);

INSERT INTO AllowedConnections VALUES ('103932', '133290', '133292', 13329, null);

INSERT INTO Child VALUES ('133292', 'Child3933', '3933child', '2006-02-02', null, null, '../../Pictures/default.jpg', null);

INSERT INTO ChildcareTransaction VALUES ('1000003932', 'Regular Childcare', '103932', '2014-06-14', '12:00:00', '14:00:00', 20.50);

INSERT INTO AllowedConnections VALUES ('103933', '133290', '133293', 13329, null);

INSERT INTO Child VALUES ('133293', 'Child3934', '3934child', '2006-02-02', null, null, '../../Pictures/default.jpg', null);

INSERT INTO ChildcareTransaction VALUES ('1000003933', 'Regular Childcare', '103933', '2014-09-06', '12:00:00', '14:00:00', 20.50);

INSERT INTO AllowedConnections VALUES ('103934', '133290', '133294', 13329, null);

INSERT INTO Child VALUES ('133294', 'Child3935', '3935child', '2006-02-02', null, null, '../../Pictures/default.jpg', null);

INSERT INTO ChildcareTransaction VALUES ('1000003934', 'Regular Childcare', '103934', '2014-09-13', '12:00:00', '14:00:00', 20.50);

INSERT INTO AllowedConnections VALUES ('103935', '133290', '133295', 13329, null);

INSERT INTO Child VALUES ('133295', 'Child3936', '3936child', '2006-02-02', null, null, '../../Pictures/default.jpg', null);

INSERT INTO ChildcareTransaction VALUES ('1000003935', 'Regular Childcare', '103935', '2014-04-25', '12:00:00', '14:00:00', 20.50);

INSERT INTO Guardian VALUES ('133290', '1234', 'Guardian984', '984guardian', '555-555-5555', 'blah@blah.com', '123 nowhere', null, 'Spokane', 'WA', '99999', '../../Pictures/default.jpg', null);

INSERT INTO Family VALUES ('13329', 42);

INSERT INTO Guardian VALUES ('133291', '1234', 'Guardian2984', '9842guardian', '555-555-5555', 'blah@blah.com', '123 nowhere', null, 'Spokane', 'WA', '99999', '../../Pictures/default.jpg', null);

INSERT INTO AllowedConnections VALUES ('103936', '133300', '133302', 13330, null);

INSERT INTO Child VALUES ('133302', 'Child3937', '3937child', '2006-02-02', null, null, '../../Pictures/default.jpg', null);

INSERT INTO ChildcareTransaction VALUES ('1000003936', 'Regular Childcare', '103936', '2014-12-19', '12:00:00', '14:00:00', 20.50);

INSERT INTO AllowedConnections VALUES ('103937', '133300', '133303', 13330, null);

INSERT INTO Child VALUES ('133303', 'Child3938', '3938child', '2006-02-02', null, null, '../../Pictures/default.jpg', null);

INSERT INTO ChildcareTransaction VALUES ('1000003937', 'Regular Childcare', '103937', '2014-09-03', '12:00:00', '14:00:00', 20.50);

INSERT INTO AllowedConnections VALUES ('103938', '133300', '133304', 13330, null);

INSERT INTO Child VALUES ('133304', 'Child3939', '3939child', '2006-02-02', null, null, '../../Pictures/default.jpg', null);

INSERT INTO ChildcareTransaction VALUES ('1000003938', 'Regular Childcare', '103938', '2014-04-06', '12:00:00', '14:00:00', 20.50);

INSERT INTO AllowedConnections VALUES ('103939', '133300', '133305', 13330, null);

INSERT INTO Child VALUES ('133305', 'Child3940', '3940child', '2006-02-02', null, null, '../../Pictures/default.jpg', null);

INSERT INTO ChildcareTransaction VALUES ('1000003939', 'Regular Childcare', '103939', '2014-04-06', '12:00:00', '14:00:00', 20.50);

INSERT INTO Guardian VALUES ('133300', '1234', 'Guardian985', '985guardian', '555-555-5555', 'blah@blah.com', '123 nowhere', null, 'Spokane', 'WA', '99999', '../../Pictures/default.jpg', null);

INSERT INTO Family VALUES ('13330', 42);

INSERT INTO Guardian VALUES ('133301', '1234', 'Guardian2985', '9852guardian', '555-555-5555', 'blah@blah.com', '123 nowhere', null, 'Spokane', 'WA', '99999', '../../Pictures/default.jpg', null);

INSERT INTO AllowedConnections VALUES ('103940', '133310', '133312', 13331, null);

INSERT INTO Child VALUES ('133312', 'Child3941', '3941child', '2006-02-02', null, null, '../../Pictures/default.jpg', null);

INSERT INTO ChildcareTransaction VALUES ('1000003940', 'Regular Childcare', '103940', '2014-06-21', '12:00:00', '14:00:00', 20.50);

INSERT INTO AllowedConnections VALUES ('103941', '133310', '133313', 13331, null);

INSERT INTO Child VALUES ('133313', 'Child3942', '3942child', '2006-02-02', null, null, '../../Pictures/default.jpg', null);

INSERT INTO ChildcareTransaction VALUES ('1000003941', 'Regular Childcare', '103941', '2014-12-15', '12:00:00', '14:00:00', 20.50);

INSERT INTO AllowedConnections VALUES ('103942', '133310', '133314', 13331, null);

INSERT INTO Child VALUES ('133314', 'Child3943', '3943child', '2006-02-02', null, null, '../../Pictures/default.jpg', null);

INSERT INTO ChildcareTransaction VALUES ('1000003942', 'Regular Childcare', '103942', '2014-04-01', '12:00:00', '14:00:00', 20.50);

INSERT INTO AllowedConnections VALUES ('103943', '133310', '133315', 13331, null);

INSERT INTO Child VALUES ('133315', 'Child3944', '3944child', '2006-02-02', null, null, '../../Pictures/default.jpg', null);

INSERT INTO ChildcareTransaction VALUES ('1000003943', 'Regular Childcare', '103943', '2014-02-11', '12:00:00', '14:00:00', 20.50);

INSERT INTO Guardian VALUES ('133310', '1234', 'Guardian986', '986guardian', '555-555-5555', 'blah@blah.com', '123 nowhere', null, 'Spokane', 'WA', '99999', '../../Pictures/default.jpg', null);

INSERT INTO Family VALUES ('13331', 42);

INSERT INTO Guardian VALUES ('133311', '1234', 'Guardian2986', '9862guardian', '555-555-5555', 'blah@blah.com', '123 nowhere', null, 'Spokane', 'WA', '99999', '../../Pictures/default.jpg', null);

INSERT INTO AllowedConnections VALUES ('103944', '133320', '133322', 13332, null);

INSERT INTO Child VALUES ('133322', 'Child3945', '3945child', '2006-02-02', null, null, '../../Pictures/default.jpg', null);

INSERT INTO ChildcareTransaction VALUES ('1000003944', 'Regular Childcare', '103944', '2014-11-27', '12:00:00', '14:00:00', 20.50);

INSERT INTO AllowedConnections VALUES ('103945', '133320', '133323', 13332, null);

INSERT INTO Child VALUES ('133323', 'Child3946', '3946child', '2006-02-02', null, null, '../../Pictures/default.jpg', null);

INSERT INTO ChildcareTransaction VALUES ('1000003945', 'Regular Childcare', '103945', '2014-02-04', '12:00:00', '14:00:00', 20.50);

INSERT INTO AllowedConnections VALUES ('103946', '133320', '133324', 13332, null);

INSERT INTO Child VALUES ('133324', 'Child3947', '3947child', '2006-02-02', null, null, '../../Pictures/default.jpg', null);

INSERT INTO ChildcareTransaction VALUES ('1000003946', 'Regular Childcare', '103946', '2014-01-16', '12:00:00', '14:00:00', 20.50);

INSERT INTO AllowedConnections VALUES ('103947', '133320', '133325', 13332, null);

INSERT INTO Child VALUES ('133325', 'Child3948', '3948child', '2006-02-02', null, null, '../../Pictures/default.jpg', null);

INSERT INTO ChildcareTransaction VALUES ('1000003947', 'Regular Childcare', '103947', '2014-10-11', '12:00:00', '14:00:00', 20.50);

INSERT INTO Guardian VALUES ('133320', '1234', 'Guardian987', '987guardian', '555-555-5555', 'blah@blah.com', '123 nowhere', null, 'Spokane', 'WA', '99999', '../../Pictures/default.jpg', null);

INSERT INTO Family VALUES ('13332', 42);

INSERT INTO Guardian VALUES ('133321', '1234', 'Guardian2987', '9872guardian', '555-555-5555', 'blah@blah.com', '123 nowhere', null, 'Spokane', 'WA', '99999', '../../Pictures/default.jpg', null);

INSERT INTO AllowedConnections VALUES ('103948', '133330', '133332', 13333, null);

INSERT INTO Child VALUES ('133332', 'Child3949', '3949child', '2006-02-02', null, null, '../../Pictures/default.jpg', null);

INSERT INTO ChildcareTransaction VALUES ('1000003948', 'Regular Childcare', '103948', '2014-10-04', '12:00:00', '14:00:00', 20.50);

INSERT INTO AllowedConnections VALUES ('103949', '133330', '133333', 13333, null);

INSERT INTO Child VALUES ('133333', 'Child3950', '3950child', '2006-02-02', null, null, '../../Pictures/default.jpg', null);

INSERT INTO ChildcareTransaction VALUES ('1000003949', 'Regular Childcare', '103949', '2014-01-12', '12:00:00', '14:00:00', 20.50);

INSERT INTO AllowedConnections VALUES ('103950', '133330', '133334', 13333, null);

INSERT INTO Child VALUES ('133334', 'Child3951', '3951child', '2006-02-02', null, null, '../../Pictures/default.jpg', null);

INSERT INTO ChildcareTransaction VALUES ('1000003950', 'Regular Childcare', '103950', '2014-01-24', '12:00:00', '14:00:00', 20.50);

INSERT INTO AllowedConnections VALUES ('103951', '133330', '133335', 13333, null);

INSERT INTO Child VALUES ('133335', 'Child3952', '3952child', '2006-02-02', null, null, '../../Pictures/default.jpg', null);

INSERT INTO ChildcareTransaction VALUES ('1000003951', 'Regular Childcare', '103951', '2014-04-02', '12:00:00', '14:00:00', 20.50);

INSERT INTO Guardian VALUES ('133330', '1234', 'Guardian988', '988guardian', '555-555-5555', 'blah@blah.com', '123 nowhere', null, 'Spokane', 'WA', '99999', '../../Pictures/default.jpg', null);

INSERT INTO Family VALUES ('13333', 42);

INSERT INTO Guardian VALUES ('133331', '1234', 'Guardian2988', '9882guardian', '555-555-5555', 'blah@blah.com', '123 nowhere', null, 'Spokane', 'WA', '99999', '../../Pictures/default.jpg', null);

INSERT INTO AllowedConnections VALUES ('103952', '133340', '133342', 13334, null);

INSERT INTO Child VALUES ('133342', 'Child3953', '3953child', '2006-02-02', null, null, '../../Pictures/default.jpg', null);

INSERT INTO ChildcareTransaction VALUES ('1000003952', 'Regular Childcare', '103952', '2014-03-14', '12:00:00', '14:00:00', 20.50);

INSERT INTO AllowedConnections VALUES ('103953', '133340', '133343', 13334, null);

INSERT INTO Child VALUES ('133343', 'Child3954', '3954child', '2006-02-02', null, null, '../../Pictures/default.jpg', null);

INSERT INTO ChildcareTransaction VALUES ('1000003953', 'Regular Childcare', '103953', '2014-06-07', '12:00:00', '14:00:00', 20.50);

INSERT INTO AllowedConnections VALUES ('103954', '133340', '133344', 13334, null);

INSERT INTO Child VALUES ('133344', 'Child3955', '3955child', '2006-02-02', null, null, '../../Pictures/default.jpg', null);

INSERT INTO ChildcareTransaction VALUES ('1000003954', 'Regular Childcare', '103954', '2014-04-12', '12:00:00', '14:00:00', 20.50);

INSERT INTO AllowedConnections VALUES ('103955', '133340', '133345', 13334, null);

INSERT INTO Child VALUES ('133345', 'Child3956', '3956child', '2006-02-02', null, null, '../../Pictures/default.jpg', null);

INSERT INTO ChildcareTransaction VALUES ('1000003955', 'Regular Childcare', '103955', '2014-12-26', '12:00:00', '14:00:00', 20.50);

INSERT INTO Guardian VALUES ('133340', '1234', 'Guardian989', '989guardian', '555-555-5555', 'blah@blah.com', '123 nowhere', null, 'Spokane', 'WA', '99999', '../../Pictures/default.jpg', null);

INSERT INTO Family VALUES ('13334', 42);

INSERT INTO Guardian VALUES ('133341', '1234', 'Guardian2989', '9892guardian', '555-555-5555', 'blah@blah.com', '123 nowhere', null, 'Spokane', 'WA', '99999', '../../Pictures/default.jpg', null);

INSERT INTO AllowedConnections VALUES ('103956', '133350', '133352', 13335, null);

INSERT INTO Child VALUES ('133352', 'Child3957', '3957child', '2006-02-02', null, null, '../../Pictures/default.jpg', null);

INSERT INTO ChildcareTransaction VALUES ('1000003956', 'Regular Childcare', '103956', '2014-05-13', '12:00:00', '14:00:00', 20.50);

INSERT INTO AllowedConnections VALUES ('103957', '133350', '133353', 13335, null);

INSERT INTO Child VALUES ('133353', 'Child3958', '3958child', '2006-02-02', null, null, '../../Pictures/default.jpg', null);

INSERT INTO ChildcareTransaction VALUES ('1000003957', 'Regular Childcare', '103957', '2014-09-04', '12:00:00', '14:00:00', 20.50);

INSERT INTO AllowedConnections VALUES ('103958', '133350', '133354', 13335, null);

INSERT INTO Child VALUES ('133354', 'Child3959', '3959child', '2006-02-02', null, null, '../../Pictures/default.jpg', null);

INSERT INTO ChildcareTransaction VALUES ('1000003958', 'Regular Childcare', '103958', '2014-01-25', '12:00:00', '14:00:00', 20.50);

INSERT INTO AllowedConnections VALUES ('103959', '133350', '133355', 13335, null);

INSERT INTO Child VALUES ('133355', 'Child3960', '3960child', '2006-02-02', null, null, '../../Pictures/default.jpg', null);

INSERT INTO ChildcareTransaction VALUES ('1000003959', 'Regular Childcare', '103959', '2014-10-02', '12:00:00', '14:00:00', 20.50);

INSERT INTO Guardian VALUES ('133350', '1234', 'Guardian990', '990guardian', '555-555-5555', 'blah@blah.com', '123 nowhere', null, 'Spokane', 'WA', '99999', '../../Pictures/default.jpg', null);

INSERT INTO Family VALUES ('13335', 42);

INSERT INTO Guardian VALUES ('133351', '1234', 'Guardian2990', '9902guardian', '555-555-5555', 'blah@blah.com', '123 nowhere', null, 'Spokane', 'WA', '99999', '../../Pictures/default.jpg', null);

INSERT INTO AllowedConnections VALUES ('103960', '133360', '133362', 13336, null);

INSERT INTO Child VALUES ('133362', 'Child3961', '3961child', '2006-02-02', null, null, '../../Pictures/default.jpg', null);

INSERT INTO ChildcareTransaction VALUES ('1000003960', 'Regular Childcare', '103960', '2014-06-18', '12:00:00', '14:00:00', 20.50);

INSERT INTO AllowedConnections VALUES ('103961', '133360', '133363', 13336, null);

INSERT INTO Child VALUES ('133363', 'Child3962', '3962child', '2006-02-02', null, null, '../../Pictures/default.jpg', null);

INSERT INTO ChildcareTransaction VALUES ('1000003961', 'Regular Childcare', '103961', '2014-12-08', '12:00:00', '14:00:00', 20.50);

INSERT INTO AllowedConnections VALUES ('103962', '133360', '133364', 13336, null);

INSERT INTO Child VALUES ('133364', 'Child3963', '3963child', '2006-02-02', null, null, '../../Pictures/default.jpg', null);

INSERT INTO ChildcareTransaction VALUES ('1000003962', 'Regular Childcare', '103962', '2014-11-07', '12:00:00', '14:00:00', 20.50);

INSERT INTO AllowedConnections VALUES ('103963', '133360', '133365', 13336, null);

INSERT INTO Child VALUES ('133365', 'Child3964', '3964child', '2006-02-02', null, null, '../../Pictures/default.jpg', null);

INSERT INTO ChildcareTransaction VALUES ('1000003963', 'Regular Childcare', '103963', '2014-06-03', '12:00:00', '14:00:00', 20.50);

INSERT INTO Guardian VALUES ('133360', '1234', 'Guardian991', '991guardian', '555-555-5555', 'blah@blah.com', '123 nowhere', null, 'Spokane', 'WA', '99999', '../../Pictures/default.jpg', null);

INSERT INTO Family VALUES ('13336', 42);

INSERT INTO Guardian VALUES ('133361', '1234', 'Guardian2991', '9912guardian', '555-555-5555', 'blah@blah.com', '123 nowhere', null, 'Spokane', 'WA', '99999', '../../Pictures/default.jpg', null);

INSERT INTO AllowedConnections VALUES ('103964', '133370', '133372', 13337, null);

INSERT INTO Child VALUES ('133372', 'Child3965', '3965child', '2006-02-02', null, null, '../../Pictures/default.jpg', null);

INSERT INTO ChildcareTransaction VALUES ('1000003964', 'Regular Childcare', '103964', '2014-10-15', '12:00:00', '14:00:00', 20.50);

INSERT INTO AllowedConnections VALUES ('103965', '133370', '133373', 13337, null);

INSERT INTO Child VALUES ('133373', 'Child3966', '3966child', '2006-02-02', null, null, '../../Pictures/default.jpg', null);

INSERT INTO ChildcareTransaction VALUES ('1000003965', 'Regular Childcare', '103965', '2014-06-06', '12:00:00', '14:00:00', 20.50);

INSERT INTO AllowedConnections VALUES ('103966', '133370', '133374', 13337, null);

INSERT INTO Child VALUES ('133374', 'Child3967', '3967child', '2006-02-02', null, null, '../../Pictures/default.jpg', null);

INSERT INTO ChildcareTransaction VALUES ('1000003966', 'Regular Childcare', '103966', '2014-03-01', '12:00:00', '14:00:00', 20.50);

INSERT INTO AllowedConnections VALUES ('103967', '133370', '133375', 13337, null);

INSERT INTO Child VALUES ('133375', 'Child3968', '3968child', '2006-02-02', null, null, '../../Pictures/default.jpg', null);

INSERT INTO ChildcareTransaction VALUES ('1000003967', 'Regular Childcare', '103967', '2014-10-07', '12:00:00', '14:00:00', 20.50);

INSERT INTO Guardian VALUES ('133370', '1234', 'Guardian992', '992guardian', '555-555-5555', 'blah@blah.com', '123 nowhere', null, 'Spokane', 'WA', '99999', '../../Pictures/default.jpg', null);

INSERT INTO Family VALUES ('13337', 42);

INSERT INTO Guardian VALUES ('133371', '1234', 'Guardian2992', '9922guardian', '555-555-5555', 'blah@blah.com', '123 nowhere', null, 'Spokane', 'WA', '99999', '../../Pictures/default.jpg', null);

INSERT INTO AllowedConnections VALUES ('103968', '133380', '133382', 13338, null);

INSERT INTO Child VALUES ('133382', 'Child3969', '3969child', '2006-02-02', null, null, '../../Pictures/default.jpg', null);

INSERT INTO ChildcareTransaction VALUES ('1000003968', 'Regular Childcare', '103968', '2014-02-24', '12:00:00', '14:00:00', 20.50);

INSERT INTO AllowedConnections VALUES ('103969', '133380', '133383', 13338, null);

INSERT INTO Child VALUES ('133383', 'Child3970', '3970child', '2006-02-02', null, null, '../../Pictures/default.jpg', null);

INSERT INTO ChildcareTransaction VALUES ('1000003969', 'Regular Childcare', '103969', '2014-04-27', '12:00:00', '14:00:00', 20.50);

INSERT INTO AllowedConnections VALUES ('103970', '133380', '133384', 13338, null);

INSERT INTO Child VALUES ('133384', 'Child3971', '3971child', '2006-02-02', null, null, '../../Pictures/default.jpg', null);

INSERT INTO ChildcareTransaction VALUES ('1000003970', 'Regular Childcare', '103970', '2014-06-27', '12:00:00', '14:00:00', 20.50);

INSERT INTO AllowedConnections VALUES ('103971', '133380', '133385', 13338, null);

INSERT INTO Child VALUES ('133385', 'Child3972', '3972child', '2006-02-02', null, null, '../../Pictures/default.jpg', null);

INSERT INTO ChildcareTransaction VALUES ('1000003971', 'Regular Childcare', '103971', '2014-01-10', '12:00:00', '14:00:00', 20.50);

INSERT INTO Guardian VALUES ('133380', '1234', 'Guardian993', '993guardian', '555-555-5555', 'blah@blah.com', '123 nowhere', null, 'Spokane', 'WA', '99999', '../../Pictures/default.jpg', null);

INSERT INTO Family VALUES ('13338', 42);

INSERT INTO Guardian VALUES ('133381', '1234', 'Guardian2993', '9932guardian', '555-555-5555', 'blah@blah.com', '123 nowhere', null, 'Spokane', 'WA', '99999', '../../Pictures/default.jpg', null);

INSERT INTO AllowedConnections VALUES ('103972', '133390', '133392', 13339, null);

INSERT INTO Child VALUES ('133392', 'Child3973', '3973child', '2006-02-02', null, null, '../../Pictures/default.jpg', null);

INSERT INTO ChildcareTransaction VALUES ('1000003972', 'Regular Childcare', '103972', '2014-08-02', '12:00:00', '14:00:00', 20.50);

INSERT INTO AllowedConnections VALUES ('103973', '133390', '133393', 13339, null);

INSERT INTO Child VALUES ('133393', 'Child3974', '3974child', '2006-02-02', null, null, '../../Pictures/default.jpg', null);

INSERT INTO ChildcareTransaction VALUES ('1000003973', 'Regular Childcare', '103973', '2014-01-27', '12:00:00', '14:00:00', 20.50);

INSERT INTO AllowedConnections VALUES ('103974', '133390', '133394', 13339, null);

INSERT INTO Child VALUES ('133394', 'Child3975', '3975child', '2006-02-02', null, null, '../../Pictures/default.jpg', null);

INSERT INTO ChildcareTransaction VALUES ('1000003974', 'Regular Childcare', '103974', '2014-01-16', '12:00:00', '14:00:00', 20.50);

INSERT INTO AllowedConnections VALUES ('103975', '133390', '133395', 13339, null);

INSERT INTO Child VALUES ('133395', 'Child3976', '3976child', '2006-02-02', null, null, '../../Pictures/default.jpg', null);

INSERT INTO ChildcareTransaction VALUES ('1000003975', 'Regular Childcare', '103975', '2014-10-02', '12:00:00', '14:00:00', 20.50);

INSERT INTO Guardian VALUES ('133390', '1234', 'Guardian994', '994guardian', '555-555-5555', 'blah@blah.com', '123 nowhere', null, 'Spokane', 'WA', '99999', '../../Pictures/default.jpg', null);

INSERT INTO Family VALUES ('13339', 42);

INSERT INTO Guardian VALUES ('133391', '1234', 'Guardian2994', '9942guardian', '555-555-5555', 'blah@blah.com', '123 nowhere', null, 'Spokane', 'WA', '99999', '../../Pictures/default.jpg', null);

INSERT INTO AllowedConnections VALUES ('103976', '133400', '133402', 13340, null);

INSERT INTO Child VALUES ('133402', 'Child3977', '3977child', '2006-02-02', null, null, '../../Pictures/default.jpg', null);

INSERT INTO ChildcareTransaction VALUES ('1000003976', 'Regular Childcare', '103976', '2014-03-09', '12:00:00', '14:00:00', 20.50);

INSERT INTO AllowedConnections VALUES ('103977', '133400', '133403', 13340, null);

INSERT INTO Child VALUES ('133403', 'Child3978', '3978child', '2006-02-02', null, null, '../../Pictures/default.jpg', null);

INSERT INTO ChildcareTransaction VALUES ('1000003977', 'Regular Childcare', '103977', '2014-01-20', '12:00:00', '14:00:00', 20.50);

INSERT INTO AllowedConnections VALUES ('103978', '133400', '133404', 13340, null);

INSERT INTO Child VALUES ('133404', 'Child3979', '3979child', '2006-02-02', null, null, '../../Pictures/default.jpg', null);

INSERT INTO ChildcareTransaction VALUES ('1000003978', 'Regular Childcare', '103978', '2014-10-25', '12:00:00', '14:00:00', 20.50);

INSERT INTO AllowedConnections VALUES ('103979', '133400', '133405', 13340, null);

INSERT INTO Child VALUES ('133405', 'Child3980', '3980child', '2006-02-02', null, null, '../../Pictures/default.jpg', null);

INSERT INTO ChildcareTransaction VALUES ('1000003979', 'Regular Childcare', '103979', '2014-11-20', '12:00:00', '14:00:00', 20.50);

INSERT INTO Guardian VALUES ('133400', '1234', 'Guardian995', '995guardian', '555-555-5555', 'blah@blah.com', '123 nowhere', null, 'Spokane', 'WA', '99999', '../../Pictures/default.jpg', null);

INSERT INTO Family VALUES ('13340', 42);

INSERT INTO Guardian VALUES ('133401', '1234', 'Guardian2995', '9952guardian', '555-555-5555', 'blah@blah.com', '123 nowhere', null, 'Spokane', 'WA', '99999', '../../Pictures/default.jpg', null);

INSERT INTO AllowedConnections VALUES ('103980', '133410', '133412', 13341, null);

INSERT INTO Child VALUES ('133412', 'Child3981', '3981child', '2006-02-02', null, null, '../../Pictures/default.jpg', null);

INSERT INTO ChildcareTransaction VALUES ('1000003980', 'Regular Childcare', '103980', '2014-03-04', '12:00:00', '14:00:00', 20.50);

INSERT INTO AllowedConnections VALUES ('103981', '133410', '133413', 13341, null);

INSERT INTO Child VALUES ('133413', 'Child3982', '3982child', '2006-02-02', null, null, '../../Pictures/default.jpg', null);

INSERT INTO ChildcareTransaction VALUES ('1000003981', 'Regular Childcare', '103981', '2014-09-01', '12:00:00', '14:00:00', 20.50);

INSERT INTO AllowedConnections VALUES ('103982', '133410', '133414', 13341, null);

INSERT INTO Child VALUES ('133414', 'Child3983', '3983child', '2006-02-02', null, null, '../../Pictures/default.jpg', null);

INSERT INTO ChildcareTransaction VALUES ('1000003982', 'Regular Childcare', '103982', '2014-04-05', '12:00:00', '14:00:00', 20.50);

INSERT INTO AllowedConnections VALUES ('103983', '133410', '133415', 13341, null);

INSERT INTO Child VALUES ('133415', 'Child3984', '3984child', '2006-02-02', null, null, '../../Pictures/default.jpg', null);

INSERT INTO ChildcareTransaction VALUES ('1000003983', 'Regular Childcare', '103983', '2014-11-25', '12:00:00', '14:00:00', 20.50);

INSERT INTO Guardian VALUES ('133410', '1234', 'Guardian996', '996guardian', '555-555-5555', 'blah@blah.com', '123 nowhere', null, 'Spokane', 'WA', '99999', '../../Pictures/default.jpg', null);

INSERT INTO Family VALUES ('13341', 42);

INSERT INTO Guardian VALUES ('133411', '1234', 'Guardian2996', '9962guardian', '555-555-5555', 'blah@blah.com', '123 nowhere', null, 'Spokane', 'WA', '99999', '../../Pictures/default.jpg', null);

INSERT INTO AllowedConnections VALUES ('103984', '133420', '133422', 13342, null);

INSERT INTO Child VALUES ('133422', 'Child3985', '3985child', '2006-02-02', null, null, '../../Pictures/default.jpg', null);

INSERT INTO ChildcareTransaction VALUES ('1000003984', 'Regular Childcare', '103984', '2014-11-24', '12:00:00', '14:00:00', 20.50);

INSERT INTO AllowedConnections VALUES ('103985', '133420', '133423', 13342, null);

INSERT INTO Child VALUES ('133423', 'Child3986', '3986child', '2006-02-02', null, null, '../../Pictures/default.jpg', null);

INSERT INTO ChildcareTransaction VALUES ('1000003985', 'Regular Childcare', '103985', '2014-11-21', '12:00:00', '14:00:00', 20.50);

INSERT INTO AllowedConnections VALUES ('103986', '133420', '133424', 13342, null);

INSERT INTO Child VALUES ('133424', 'Child3987', '3987child', '2006-02-02', null, null, '../../Pictures/default.jpg', null);

INSERT INTO ChildcareTransaction VALUES ('1000003986', 'Regular Childcare', '103986', '2014-01-14', '12:00:00', '14:00:00', 20.50);

INSERT INTO AllowedConnections VALUES ('103987', '133420', '133425', 13342, null);

INSERT INTO Child VALUES ('133425', 'Child3988', '3988child', '2006-02-02', null, null, '../../Pictures/default.jpg', null);

INSERT INTO ChildcareTransaction VALUES ('1000003987', 'Regular Childcare', '103987', '2014-02-17', '12:00:00', '14:00:00', 20.50);

INSERT INTO Guardian VALUES ('133420', '1234', 'Guardian997', '997guardian', '555-555-5555', 'blah@blah.com', '123 nowhere', null, 'Spokane', 'WA', '99999', '../../Pictures/default.jpg', null);

INSERT INTO Family VALUES ('13342', 42);

INSERT INTO Guardian VALUES ('133421', '1234', 'Guardian2997', '9972guardian', '555-555-5555', 'blah@blah.com', '123 nowhere', null, 'Spokane', 'WA', '99999', '../../Pictures/default.jpg', null);

INSERT INTO AllowedConnections VALUES ('103988', '133430', '133432', 13343, null);

INSERT INTO Child VALUES ('133432', 'Child3989', '3989child', '2006-02-02', null, null, '../../Pictures/default.jpg', null);

INSERT INTO ChildcareTransaction VALUES ('1000003988', 'Regular Childcare', '103988', '2014-05-08', '12:00:00', '14:00:00', 20.50);

INSERT INTO AllowedConnections VALUES ('103989', '133430', '133433', 13343, null);

INSERT INTO Child VALUES ('133433', 'Child3990', '3990child', '2006-02-02', null, null, '../../Pictures/default.jpg', null);

INSERT INTO ChildcareTransaction VALUES ('1000003989', 'Regular Childcare', '103989', '2014-06-04', '12:00:00', '14:00:00', 20.50);

INSERT INTO AllowedConnections VALUES ('103990', '133430', '133434', 13343, null);

INSERT INTO Child VALUES ('133434', 'Child3991', '3991child', '2006-02-02', null, null, '../../Pictures/default.jpg', null);

INSERT INTO ChildcareTransaction VALUES ('1000003990', 'Regular Childcare', '103990', '2014-04-26', '12:00:00', '14:00:00', 20.50);

INSERT INTO AllowedConnections VALUES ('103991', '133430', '133435', 13343, null);

INSERT INTO Child VALUES ('133435', 'Child3992', '3992child', '2006-02-02', null, null, '../../Pictures/default.jpg', null);

INSERT INTO ChildcareTransaction VALUES ('1000003991', 'Regular Childcare', '103991', '2014-05-21', '12:00:00', '14:00:00', 20.50);

INSERT INTO Guardian VALUES ('133430', '1234', 'Guardian998', '998guardian', '555-555-5555', 'blah@blah.com', '123 nowhere', null, 'Spokane', 'WA', '99999', '../../Pictures/default.jpg', null);

INSERT INTO Family VALUES ('13343', 42);

INSERT INTO Guardian VALUES ('133431', '1234', 'Guardian2998', '9982guardian', '555-555-5555', 'blah@blah.com', '123 nowhere', null, 'Spokane', 'WA', '99999', '../../Pictures/default.jpg', null);

INSERT INTO AllowedConnections VALUES ('103992', '133440', '133442', 13344, null);

INSERT INTO Child VALUES ('133442', 'Child3993', '3993child', '2006-02-02', null, null, '../../Pictures/default.jpg', null);

INSERT INTO ChildcareTransaction VALUES ('1000003992', 'Regular Childcare', '103992', '2014-01-24', '12:00:00', '14:00:00', 20.50);

INSERT INTO AllowedConnections VALUES ('103993', '133440', '133443', 13344, null);

INSERT INTO Child VALUES ('133443', 'Child3994', '3994child', '2006-02-02', null, null, '../../Pictures/default.jpg', null);

INSERT INTO ChildcareTransaction VALUES ('1000003993', 'Regular Childcare', '103993', '2014-02-24', '12:00:00', '14:00:00', 20.50);

INSERT INTO AllowedConnections VALUES ('103994', '133440', '133444', 13344, null);

INSERT INTO Child VALUES ('133444', 'Child3995', '3995child', '2006-02-02', null, null, '../../Pictures/default.jpg', null);

INSERT INTO ChildcareTransaction VALUES ('1000003994', 'Regular Childcare', '103994', '2014-03-24', '12:00:00', '14:00:00', 20.50);

INSERT INTO AllowedConnections VALUES ('103995', '133440', '133445', 13344, null);

INSERT INTO Child VALUES ('133445', 'Child3996', '3996child', '2006-02-02', null, null, '../../Pictures/default.jpg', null);

INSERT INTO ChildcareTransaction VALUES ('1000003995', 'Regular Childcare', '103995', '2014-12-10', '12:00:00', '14:00:00', 20.50);

INSERT INTO Guardian VALUES ('133440', '1234', 'Guardian999', '999guardian', '555-555-5555', 'blah@blah.com', '123 nowhere', null, 'Spokane', 'WA', '99999', '../../Pictures/default.jpg', null);

INSERT INTO Family VALUES ('13344', 42);

INSERT INTO Guardian VALUES ('133441', '1234', 'Guardian2999', '9992guardian', '555-555-5555', 'blah@blah.com', '123 nowhere', null, 'Spokane', 'WA', '99999', '../../Pictures/default.jpg', null);

INSERT INTO AllowedConnections VALUES ('103996', '133450', '133452', 13345, null);

INSERT INTO Child VALUES ('133452', 'Child3997', '3997child', '2006-02-02', null, null, '../../Pictures/default.jpg', null);

INSERT INTO ChildcareTransaction VALUES ('1000003996', 'Regular Childcare', '103996', '2014-08-07', '12:00:00', '14:00:00', 20.50);

INSERT INTO AllowedConnections VALUES ('103997', '133450', '133453', 13345, null);

INSERT INTO Child VALUES ('133453', 'Child3998', '3998child', '2006-02-02', null, null, '../../Pictures/default.jpg', null);

INSERT INTO ChildcareTransaction VALUES ('1000003997', 'Regular Childcare', '103997', '2014-04-22', '12:00:00', '14:00:00', 20.50);

INSERT INTO AllowedConnections VALUES ('103998', '133450', '133454', 13345, null);

INSERT INTO Child VALUES ('133454', 'Child3999', '3999child', '2006-02-02', null, null, '../../Pictures/default.jpg', null);

INSERT INTO ChildcareTransaction VALUES ('1000003998', 'Regular Childcare', '103998', '2014-08-08', '12:00:00', '14:00:00', 20.50);

INSERT INTO AllowedConnections VALUES ('103999', '133450', '133455', 13345, null);

INSERT INTO Child VALUES ('133455', 'Child4000', '4000child', '2006-02-02', null, null, '../../Pictures/default.jpg', null);

INSERT INTO ChildcareTransaction VALUES ('1000003999', 'Regular Childcare', '103999', '2014-05-13', '12:00:00', '14:00:00', 20.50);

INSERT INTO Guardian VALUES ('133450', '1234', 'Guardian1000', '1000guardian', '555-555-5555', 'blah@blah.com', '123 nowhere', null, 'Spokane', 'WA', '99999', '../../Pictures/default.jpg', null);

INSERT INTO Family VALUES ('13345', 42);

INSERT INTO Guardian VALUES ('133451', '1234', 'Guardian21000', '10002guardian', '555-555-5555', 'blah@blah.com', '123 nowhere', null, 'Spokane', 'WA', '99999', '../../Pictures/default.jpg', null);

INSERT INTO AllowedConnections VALUES ('104000', '133460', '133462', 13346, null);

INSERT INTO Child VALUES ('133462', 'Child4001', '4001child', '2006-02-02', null, null, '../../Pictures/default.jpg', null);

INSERT INTO ChildcareTransaction VALUES ('1000004000', 'Regular Childcare', '104000', '2014-12-28', '12:00:00', '14:00:00', 20.50);

INSERT INTO AllowedConnections VALUES ('104001', '133460', '133463', 13346, null);

INSERT INTO Child VALUES ('133463', 'Child4002', '4002child', '2006-02-02', null, null, '../../Pictures/default.jpg', null);

INSERT INTO ChildcareTransaction VALUES ('1000004001', 'Regular Childcare', '104001', '2014-09-05', '12:00:00', '14:00:00', 20.50);

INSERT INTO AllowedConnections VALUES ('104002', '133460', '133464', 13346, null);

INSERT INTO Child VALUES ('133464', 'Child4003', '4003child', '2006-02-02', null, null, '../../Pictures/default.jpg', null);

INSERT INTO ChildcareTransaction VALUES ('1000004002', 'Regular Childcare', '104002', '2014-11-26', '12:00:00', '14:00:00', 20.50);

INSERT INTO AllowedConnections VALUES ('104003', '133460', '133465', 13346, null);

INSERT INTO Child VALUES ('133465', 'Child4004', '4004child', '2006-02-02', null, null, '../../Pictures/default.jpg', null);

INSERT INTO ChildcareTransaction VALUES ('1000004003', 'Regular Childcare', '104003', '2014-02-18', '12:00:00', '14:00:00', 20.50);

INSERT INTO Guardian VALUES ('133460', '1234', 'Guardian1001', '1001guardian', '555-555-5555', 'blah@blah.com', '123 nowhere', null, 'Spokane', 'WA', '99999', '../../Pictures/default.jpg', null);

INSERT INTO Family VALUES ('13346', 42);

INSERT INTO Guardian VALUES ('133461', '1234', 'Guardian21001', '10012guardian', '555-555-5555', 'blah@blah.com', '123 nowhere', null, 'Spokane', 'WA', '99999', '../../Pictures/default.jpg', null);

INSERT INTO AllowedConnections VALUES ('104004', '133470', '133472', 13347, null);

INSERT INTO Child VALUES ('133472', 'Child4005', '4005child', '2006-02-02', null, null, '../../Pictures/default.jpg', null);

INSERT INTO ChildcareTransaction VALUES ('1000004004', 'Regular Childcare', '104004', '2014-12-24', '12:00:00', '14:00:00', 20.50);

INSERT INTO AllowedConnections VALUES ('104005', '133470', '133473', 13347, null);

INSERT INTO Child VALUES ('133473', 'Child4006', '4006child', '2006-02-02', null, null, '../../Pictures/default.jpg', null);

INSERT INTO ChildcareTransaction VALUES ('1000004005', 'Regular Childcare', '104005', '2014-11-05', '12:00:00', '14:00:00', 20.50);

INSERT INTO AllowedConnections VALUES ('104006', '133470', '133474', 13347, null);

INSERT INTO Child VALUES ('133474', 'Child4007', '4007child', '2006-02-02', null, null, '../../Pictures/default.jpg', null);

INSERT INTO ChildcareTransaction VALUES ('1000004006', 'Regular Childcare', '104006', '2014-10-12', '12:00:00', '14:00:00', 20.50);

INSERT INTO AllowedConnections VALUES ('104007', '133470', '133475', 13347, null);

INSERT INTO Child VALUES ('133475', 'Child4008', '4008child', '2006-02-02', null, null, '../../Pictures/default.jpg', null);

INSERT INTO ChildcareTransaction VALUES ('1000004007', 'Regular Childcare', '104007', '2014-12-28', '12:00:00', '14:00:00', 20.50);

INSERT INTO Guardian VALUES ('133470', '1234', 'Guardian1002', '1002guardian', '555-555-5555', 'blah@blah.com', '123 nowhere', null, 'Spokane', 'WA', '99999', '../../Pictures/default.jpg', null);

INSERT INTO Family VALUES ('13347', 42);

INSERT INTO Guardian VALUES ('133471', '1234', 'Guardian21002', '10022guardian', '555-555-5555', 'blah@blah.com', '123 nowhere', null, 'Spokane', 'WA', '99999', '../../Pictures/default.jpg', null);

INSERT INTO AllowedConnections VALUES ('104008', '133480', '133482', 13348, null);

INSERT INTO Child VALUES ('133482', 'Child4009', '4009child', '2006-02-02', null, null, '../../Pictures/default.jpg', null);

INSERT INTO ChildcareTransaction VALUES ('1000004008', 'Regular Childcare', '104008', '2014-08-10', '12:00:00', '14:00:00', 20.50);

INSERT INTO AllowedConnections VALUES ('104009', '133480', '133483', 13348, null);

INSERT INTO Child VALUES ('133483', 'Child4010', '4010child', '2006-02-02', null, null, '../../Pictures/default.jpg', null);

INSERT INTO ChildcareTransaction VALUES ('1000004009', 'Regular Childcare', '104009', '2014-10-14', '12:00:00', '14:00:00', 20.50);

INSERT INTO AllowedConnections VALUES ('104010', '133480', '133484', 13348, null);

INSERT INTO Child VALUES ('133484', 'Child4011', '4011child', '2006-02-02', null, null, '../../Pictures/default.jpg', null);

INSERT INTO ChildcareTransaction VALUES ('1000004010', 'Regular Childcare', '104010', '2014-10-17', '12:00:00', '14:00:00', 20.50);

INSERT INTO AllowedConnections VALUES ('104011', '133480', '133485', 13348, null);

INSERT INTO Child VALUES ('133485', 'Child4012', '4012child', '2006-02-02', null, null, '../../Pictures/default.jpg', null);

INSERT INTO ChildcareTransaction VALUES ('1000004011', 'Regular Childcare', '104011', '2014-04-22', '12:00:00', '14:00:00', 20.50);

INSERT INTO Guardian VALUES ('133480', '1234', 'Guardian1003', '1003guardian', '555-555-5555', 'blah@blah.com', '123 nowhere', null, 'Spokane', 'WA', '99999', '../../Pictures/default.jpg', null);

INSERT INTO Family VALUES ('13348', 42);

INSERT INTO Guardian VALUES ('133481', '1234', 'Guardian21003', '10032guardian', '555-555-5555', 'blah@blah.com', '123 nowhere', null, 'Spokane', 'WA', '99999', '../../Pictures/default.jpg', null);

INSERT INTO AllowedConnections VALUES ('104012', '133490', '133492', 13349, null);

INSERT INTO Child VALUES ('133492', 'Child4013', '4013child', '2006-02-02', null, null, '../../Pictures/default.jpg', null);

INSERT INTO ChildcareTransaction VALUES ('1000004012', 'Regular Childcare', '104012', '2014-06-08', '12:00:00', '14:00:00', 20.50);

INSERT INTO AllowedConnections VALUES ('104013', '133490', '133493', 13349, null);

INSERT INTO Child VALUES ('133493', 'Child4014', '4014child', '2006-02-02', null, null, '../../Pictures/default.jpg', null);

INSERT INTO ChildcareTransaction VALUES ('1000004013', 'Regular Childcare', '104013', '2014-10-23', '12:00:00', '14:00:00', 20.50);

INSERT INTO AllowedConnections VALUES ('104014', '133490', '133494', 13349, null);

INSERT INTO Child VALUES ('133494', 'Child4015', '4015child', '2006-02-02', null, null, '../../Pictures/default.jpg', null);

INSERT INTO ChildcareTransaction VALUES ('1000004014', 'Regular Childcare', '104014', '2014-01-06', '12:00:00', '14:00:00', 20.50);

INSERT INTO AllowedConnections VALUES ('104015', '133490', '133495', 13349, null);

INSERT INTO Child VALUES ('133495', 'Child4016', '4016child', '2006-02-02', null, null, '../../Pictures/default.jpg', null);

INSERT INTO ChildcareTransaction VALUES ('1000004015', 'Regular Childcare', '104015', '2014-06-28', '12:00:00', '14:00:00', 20.50);

INSERT INTO Guardian VALUES ('133490', '1234', 'Guardian1004', '1004guardian', '555-555-5555', 'blah@blah.com', '123 nowhere', null, 'Spokane', 'WA', '99999', '../../Pictures/default.jpg', null);

INSERT INTO Family VALUES ('13349', 42);

INSERT INTO Guardian VALUES ('133491', '1234', 'Guardian21004', '10042guardian', '555-555-5555', 'blah@blah.com', '123 nowhere', null, 'Spokane', 'WA', '99999', '../../Pictures/default.jpg', null);

INSERT INTO AllowedConnections VALUES ('104016', '133500', '133502', 13350, null);

INSERT INTO Child VALUES ('133502', 'Child4017', '4017child', '2006-02-02', null, null, '../../Pictures/default.jpg', null);

INSERT INTO ChildcareTransaction VALUES ('1000004016', 'Regular Childcare', '104016', '2014-02-26', '12:00:00', '14:00:00', 20.50);

INSERT INTO AllowedConnections VALUES ('104017', '133500', '133503', 13350, null);

INSERT INTO Child VALUES ('133503', 'Child4018', '4018child', '2006-02-02', null, null, '../../Pictures/default.jpg', null);

INSERT INTO ChildcareTransaction VALUES ('1000004017', 'Regular Childcare', '104017', '2014-06-13', '12:00:00', '14:00:00', 20.50);

INSERT INTO AllowedConnections VALUES ('104018', '133500', '133504', 13350, null);

INSERT INTO Child VALUES ('133504', 'Child4019', '4019child', '2006-02-02', null, null, '../../Pictures/default.jpg', null);

INSERT INTO ChildcareTransaction VALUES ('1000004018', 'Regular Childcare', '104018', '2014-02-04', '12:00:00', '14:00:00', 20.50);

INSERT INTO AllowedConnections VALUES ('104019', '133500', '133505', 13350, null);

INSERT INTO Child VALUES ('133505', 'Child4020', '4020child', '2006-02-02', null, null, '../../Pictures/default.jpg', null);

INSERT INTO ChildcareTransaction VALUES ('1000004019', 'Regular Childcare', '104019', '2014-07-24', '12:00:00', '14:00:00', 20.50);

INSERT INTO Guardian VALUES ('133500', '1234', 'Guardian1005', '1005guardian', '555-555-5555', 'blah@blah.com', '123 nowhere', null, 'Spokane', 'WA', '99999', '../../Pictures/default.jpg', null);

INSERT INTO Family VALUES ('13350', 42);

INSERT INTO Guardian VALUES ('133501', '1234', 'Guardian21005', '10052guardian', '555-555-5555', 'blah@blah.com', '123 nowhere', null, 'Spokane', 'WA', '99999', '../../Pictures/default.jpg', null);

INSERT INTO AllowedConnections VALUES ('104020', '133510', '133512', 13351, null);

INSERT INTO Child VALUES ('133512', 'Child4021', '4021child', '2006-02-02', null, null, '../../Pictures/default.jpg', null);

INSERT INTO ChildcareTransaction VALUES ('1000004020', 'Regular Childcare', '104020', '2014-09-20', '12:00:00', '14:00:00', 20.50);

INSERT INTO AllowedConnections VALUES ('104021', '133510', '133513', 13351, null);

INSERT INTO Child VALUES ('133513', 'Child4022', '4022child', '2006-02-02', null, null, '../../Pictures/default.jpg', null);

INSERT INTO ChildcareTransaction VALUES ('1000004021', 'Regular Childcare', '104021', '2014-09-01', '12:00:00', '14:00:00', 20.50);

INSERT INTO AllowedConnections VALUES ('104022', '133510', '133514', 13351, null);

INSERT INTO Child VALUES ('133514', 'Child4023', '4023child', '2006-02-02', null, null, '../../Pictures/default.jpg', null);

INSERT INTO ChildcareTransaction VALUES ('1000004022', 'Regular Childcare', '104022', '2014-10-12', '12:00:00', '14:00:00', 20.50);

INSERT INTO AllowedConnections VALUES ('104023', '133510', '133515', 13351, null);

INSERT INTO Child VALUES ('133515', 'Child4024', '4024child', '2006-02-02', null, null, '../../Pictures/default.jpg', null);

INSERT INTO ChildcareTransaction VALUES ('1000004023', 'Regular Childcare', '104023', '2014-06-20', '12:00:00', '14:00:00', 20.50);

INSERT INTO Guardian VALUES ('133510', '1234', 'Guardian1006', '1006guardian', '555-555-5555', 'blah@blah.com', '123 nowhere', null, 'Spokane', 'WA', '99999', '../../Pictures/default.jpg', null);

INSERT INTO Family VALUES ('13351', 42);

INSERT INTO Guardian VALUES ('133511', '1234', 'Guardian21006', '10062guardian', '555-555-5555', 'blah@blah.com', '123 nowhere', null, 'Spokane', 'WA', '99999', '../../Pictures/default.jpg', null);

INSERT INTO AllowedConnections VALUES ('104024', '133520', '133522', 13352, null);

INSERT INTO Child VALUES ('133522', 'Child4025', '4025child', '2006-02-02', null, null, '../../Pictures/default.jpg', null);

INSERT INTO ChildcareTransaction VALUES ('1000004024', 'Regular Childcare', '104024', '2014-08-25', '12:00:00', '14:00:00', 20.50);

INSERT INTO AllowedConnections VALUES ('104025', '133520', '133523', 13352, null);

INSERT INTO Child VALUES ('133523', 'Child4026', '4026child', '2006-02-02', null, null, '../../Pictures/default.jpg', null);

INSERT INTO ChildcareTransaction VALUES ('1000004025', 'Regular Childcare', '104025', '2014-12-22', '12:00:00', '14:00:00', 20.50);

INSERT INTO AllowedConnections VALUES ('104026', '133520', '133524', 13352, null);

INSERT INTO Child VALUES ('133524', 'Child4027', '4027child', '2006-02-02', null, null, '../../Pictures/default.jpg', null);

INSERT INTO ChildcareTransaction VALUES ('1000004026', 'Regular Childcare', '104026', '2014-07-26', '12:00:00', '14:00:00', 20.50);

INSERT INTO AllowedConnections VALUES ('104027', '133520', '133525', 13352, null);

INSERT INTO Child VALUES ('133525', 'Child4028', '4028child', '2006-02-02', null, null, '../../Pictures/default.jpg', null);

INSERT INTO ChildcareTransaction VALUES ('1000004027', 'Regular Childcare', '104027', '2014-04-19', '12:00:00', '14:00:00', 20.50);

INSERT INTO Guardian VALUES ('133520', '1234', 'Guardian1007', '1007guardian', '555-555-5555', 'blah@blah.com', '123 nowhere', null, 'Spokane', 'WA', '99999', '../../Pictures/default.jpg', null);

INSERT INTO Family VALUES ('13352', 42);

INSERT INTO Guardian VALUES ('133521', '1234', 'Guardian21007', '10072guardian', '555-555-5555', 'blah@blah.com', '123 nowhere', null, 'Spokane', 'WA', '99999', '../../Pictures/default.jpg', null);

INSERT INTO AllowedConnections VALUES ('104028', '133530', '133532', 13353, null);

INSERT INTO Child VALUES ('133532', 'Child4029', '4029child', '2006-02-02', null, null, '../../Pictures/default.jpg', null);

INSERT INTO ChildcareTransaction VALUES ('1000004028', 'Regular Childcare', '104028', '2014-01-21', '12:00:00', '14:00:00', 20.50);

INSERT INTO AllowedConnections VALUES ('104029', '133530', '133533', 13353, null);

INSERT INTO Child VALUES ('133533', 'Child4030', '4030child', '2006-02-02', null, null, '../../Pictures/default.jpg', null);

INSERT INTO ChildcareTransaction VALUES ('1000004029', 'Regular Childcare', '104029', '2014-01-26', '12:00:00', '14:00:00', 20.50);

INSERT INTO AllowedConnections VALUES ('104030', '133530', '133534', 13353, null);

INSERT INTO Child VALUES ('133534', 'Child4031', '4031child', '2006-02-02', null, null, '../../Pictures/default.jpg', null);

INSERT INTO ChildcareTransaction VALUES ('1000004030', 'Regular Childcare', '104030', '2014-04-07', '12:00:00', '14:00:00', 20.50);

INSERT INTO AllowedConnections VALUES ('104031', '133530', '133535', 13353, null);

INSERT INTO Child VALUES ('133535', 'Child4032', '4032child', '2006-02-02', null, null, '../../Pictures/default.jpg', null);

INSERT INTO ChildcareTransaction VALUES ('1000004031', 'Regular Childcare', '104031', '2014-01-22', '12:00:00', '14:00:00', 20.50);

INSERT INTO Guardian VALUES ('133530', '1234', 'Guardian1008', '1008guardian', '555-555-5555', 'blah@blah.com', '123 nowhere', null, 'Spokane', 'WA', '99999', '../../Pictures/default.jpg', null);

INSERT INTO Family VALUES ('13353', 42);

INSERT INTO Guardian VALUES ('133531', '1234', 'Guardian21008', '10082guardian', '555-555-5555', 'blah@blah.com', '123 nowhere', null, 'Spokane', 'WA', '99999', '../../Pictures/default.jpg', null);

INSERT INTO AllowedConnections VALUES ('104032', '133540', '133542', 13354, null);

INSERT INTO Child VALUES ('133542', 'Child4033', '4033child', '2006-02-02', null, null, '../../Pictures/default.jpg', null);

INSERT INTO ChildcareTransaction VALUES ('1000004032', 'Regular Childcare', '104032', '2014-06-15', '12:00:00', '14:00:00', 20.50);

INSERT INTO AllowedConnections VALUES ('104033', '133540', '133543', 13354, null);

INSERT INTO Child VALUES ('133543', 'Child4034', '4034child', '2006-02-02', null, null, '../../Pictures/default.jpg', null);

INSERT INTO ChildcareTransaction VALUES ('1000004033', 'Regular Childcare', '104033', '2014-05-08', '12:00:00', '14:00:00', 20.50);

INSERT INTO AllowedConnections VALUES ('104034', '133540', '133544', 13354, null);

INSERT INTO Child VALUES ('133544', 'Child4035', '4035child', '2006-02-02', null, null, '../../Pictures/default.jpg', null);

INSERT INTO ChildcareTransaction VALUES ('1000004034', 'Regular Childcare', '104034', '2014-08-15', '12:00:00', '14:00:00', 20.50);

INSERT INTO AllowedConnections VALUES ('104035', '133540', '133545', 13354, null);

INSERT INTO Child VALUES ('133545', 'Child4036', '4036child', '2006-02-02', null, null, '../../Pictures/default.jpg', null);

INSERT INTO ChildcareTransaction VALUES ('1000004035', 'Regular Childcare', '104035', '2014-03-16', '12:00:00', '14:00:00', 20.50);

INSERT INTO Guardian VALUES ('133540', '1234', 'Guardian1009', '1009guardian', '555-555-5555', 'blah@blah.com', '123 nowhere', null, 'Spokane', 'WA', '99999', '../../Pictures/default.jpg', null);

INSERT INTO Family VALUES ('13354', 42);

INSERT INTO Guardian VALUES ('133541', '1234', 'Guardian21009', '10092guardian', '555-555-5555', 'blah@blah.com', '123 nowhere', null, 'Spokane', 'WA', '99999', '../../Pictures/default.jpg', null);

INSERT INTO AllowedConnections VALUES ('104036', '133550', '133552', 13355, null);

INSERT INTO Child VALUES ('133552', 'Child4037', '4037child', '2006-02-02', null, null, '../../Pictures/default.jpg', null);

INSERT INTO ChildcareTransaction VALUES ('1000004036', 'Regular Childcare', '104036', '2014-12-15', '12:00:00', '14:00:00', 20.50);

INSERT INTO AllowedConnections VALUES ('104037', '133550', '133553', 13355, null);

INSERT INTO Child VALUES ('133553', 'Child4038', '4038child', '2006-02-02', null, null, '../../Pictures/default.jpg', null);

INSERT INTO ChildcareTransaction VALUES ('1000004037', 'Regular Childcare', '104037', '2014-09-23', '12:00:00', '14:00:00', 20.50);

INSERT INTO AllowedConnections VALUES ('104038', '133550', '133554', 13355, null);

INSERT INTO Child VALUES ('133554', 'Child4039', '4039child', '2006-02-02', null, null, '../../Pictures/default.jpg', null);

INSERT INTO ChildcareTransaction VALUES ('1000004038', 'Regular Childcare', '104038', '2014-12-23', '12:00:00', '14:00:00', 20.50);

INSERT INTO AllowedConnections VALUES ('104039', '133550', '133555', 13355, null);

INSERT INTO Child VALUES ('133555', 'Child4040', '4040child', '2006-02-02', null, null, '../../Pictures/default.jpg', null);

INSERT INTO ChildcareTransaction VALUES ('1000004039', 'Regular Childcare', '104039', '2014-09-23', '12:00:00', '14:00:00', 20.50);

INSERT INTO Guardian VALUES ('133550', '1234', 'Guardian1010', '1010guardian', '555-555-5555', 'blah@blah.com', '123 nowhere', null, 'Spokane', 'WA', '99999', '../../Pictures/default.jpg', null);

INSERT INTO Family VALUES ('13355', 42);

INSERT INTO Guardian VALUES ('133551', '1234', 'Guardian21010', '10102guardian', '555-555-5555', 'blah@blah.com', '123 nowhere', null, 'Spokane', 'WA', '99999', '../../Pictures/default.jpg', null);

INSERT INTO AllowedConnections VALUES ('104040', '133560', '133562', 13356, null);

INSERT INTO Child VALUES ('133562', 'Child4041', '4041child', '2006-02-02', null, null, '../../Pictures/default.jpg', null);

INSERT INTO ChildcareTransaction VALUES ('1000004040', 'Regular Childcare', '104040', '2014-09-16', '12:00:00', '14:00:00', 20.50);

INSERT INTO AllowedConnections VALUES ('104041', '133560', '133563', 13356, null);

INSERT INTO Child VALUES ('133563', 'Child4042', '4042child', '2006-02-02', null, null, '../../Pictures/default.jpg', null);

INSERT INTO ChildcareTransaction VALUES ('1000004041', 'Regular Childcare', '104041', '2014-01-24', '12:00:00', '14:00:00', 20.50);

INSERT INTO AllowedConnections VALUES ('104042', '133560', '133564', 13356, null);

INSERT INTO Child VALUES ('133564', 'Child4043', '4043child', '2006-02-02', null, null, '../../Pictures/default.jpg', null);

INSERT INTO ChildcareTransaction VALUES ('1000004042', 'Regular Childcare', '104042', '2014-10-18', '12:00:00', '14:00:00', 20.50);

INSERT INTO AllowedConnections VALUES ('104043', '133560', '133565', 13356, null);

INSERT INTO Child VALUES ('133565', 'Child4044', '4044child', '2006-02-02', null, null, '../../Pictures/default.jpg', null);

INSERT INTO ChildcareTransaction VALUES ('1000004043', 'Regular Childcare', '104043', '2014-05-10', '12:00:00', '14:00:00', 20.50);

INSERT INTO Guardian VALUES ('133560', '1234', 'Guardian1011', '1011guardian', '555-555-5555', 'blah@blah.com', '123 nowhere', null, 'Spokane', 'WA', '99999', '../../Pictures/default.jpg', null);

INSERT INTO Family VALUES ('13356', 42);

INSERT INTO Guardian VALUES ('133561', '1234', 'Guardian21011', '10112guardian', '555-555-5555', 'blah@blah.com', '123 nowhere', null, 'Spokane', 'WA', '99999', '../../Pictures/default.jpg', null);

INSERT INTO AllowedConnections VALUES ('104044', '133570', '133572', 13357, null);

INSERT INTO Child VALUES ('133572', 'Child4045', '4045child', '2006-02-02', null, null, '../../Pictures/default.jpg', null);

INSERT INTO ChildcareTransaction VALUES ('1000004044', 'Regular Childcare', '104044', '2014-09-13', '12:00:00', '14:00:00', 20.50);

INSERT INTO AllowedConnections VALUES ('104045', '133570', '133573', 13357, null);

INSERT INTO Child VALUES ('133573', 'Child4046', '4046child', '2006-02-02', null, null, '../../Pictures/default.jpg', null);

INSERT INTO ChildcareTransaction VALUES ('1000004045', 'Regular Childcare', '104045', '2014-12-14', '12:00:00', '14:00:00', 20.50);

INSERT INTO AllowedConnections VALUES ('104046', '133570', '133574', 13357, null);

INSERT INTO Child VALUES ('133574', 'Child4047', '4047child', '2006-02-02', null, null, '../../Pictures/default.jpg', null);

INSERT INTO ChildcareTransaction VALUES ('1000004046', 'Regular Childcare', '104046', '2014-04-26', '12:00:00', '14:00:00', 20.50);

INSERT INTO AllowedConnections VALUES ('104047', '133570', '133575', 13357, null);

INSERT INTO Child VALUES ('133575', 'Child4048', '4048child', '2006-02-02', null, null, '../../Pictures/default.jpg', null);

INSERT INTO ChildcareTransaction VALUES ('1000004047', 'Regular Childcare', '104047', '2014-04-11', '12:00:00', '14:00:00', 20.50);

INSERT INTO Guardian VALUES ('133570', '1234', 'Guardian1012', '1012guardian', '555-555-5555', 'blah@blah.com', '123 nowhere', null, 'Spokane', 'WA', '99999', '../../Pictures/default.jpg', null);

INSERT INTO Family VALUES ('13357', 42);

INSERT INTO Guardian VALUES ('133571', '1234', 'Guardian21012', '10122guardian', '555-555-5555', 'blah@blah.com', '123 nowhere', null, 'Spokane', 'WA', '99999', '../../Pictures/default.jpg', null);

INSERT INTO AllowedConnections VALUES ('104048', '133580', '133582', 13358, null);

INSERT INTO Child VALUES ('133582', 'Child4049', '4049child', '2006-02-02', null, null, '../../Pictures/default.jpg', null);

INSERT INTO ChildcareTransaction VALUES ('1000004048', 'Regular Childcare', '104048', '2014-02-04', '12:00:00', '14:00:00', 20.50);

INSERT INTO AllowedConnections VALUES ('104049', '133580', '133583', 13358, null);

INSERT INTO Child VALUES ('133583', 'Child4050', '4050child', '2006-02-02', null, null, '../../Pictures/default.jpg', null);

INSERT INTO ChildcareTransaction VALUES ('1000004049', 'Regular Childcare', '104049', '2014-11-08', '12:00:00', '14:00:00', 20.50);

INSERT INTO AllowedConnections VALUES ('104050', '133580', '133584', 13358, null);

INSERT INTO Child VALUES ('133584', 'Child4051', '4051child', '2006-02-02', null, null, '../../Pictures/default.jpg', null);

INSERT INTO ChildcareTransaction VALUES ('1000004050', 'Regular Childcare', '104050', '2014-08-25', '12:00:00', '14:00:00', 20.50);

INSERT INTO AllowedConnections VALUES ('104051', '133580', '133585', 13358, null);

INSERT INTO Child VALUES ('133585', 'Child4052', '4052child', '2006-02-02', null, null, '../../Pictures/default.jpg', null);

INSERT INTO ChildcareTransaction VALUES ('1000004051', 'Regular Childcare', '104051', '2014-09-09', '12:00:00', '14:00:00', 20.50);

INSERT INTO Guardian VALUES ('133580', '1234', 'Guardian1013', '1013guardian', '555-555-5555', 'blah@blah.com', '123 nowhere', null, 'Spokane', 'WA', '99999', '../../Pictures/default.jpg', null);

INSERT INTO Family VALUES ('13358', 42);

INSERT INTO Guardian VALUES ('133581', '1234', 'Guardian21013', '10132guardian', '555-555-5555', 'blah@blah.com', '123 nowhere', null, 'Spokane', 'WA', '99999', '../../Pictures/default.jpg', null);

INSERT INTO AllowedConnections VALUES ('104052', '133590', '133592', 13359, null);

INSERT INTO Child VALUES ('133592', 'Child4053', '4053child', '2006-02-02', null, null, '../../Pictures/default.jpg', null);

INSERT INTO ChildcareTransaction VALUES ('1000004052', 'Regular Childcare', '104052', '2014-05-15', '12:00:00', '14:00:00', 20.50);

INSERT INTO AllowedConnections VALUES ('104053', '133590', '133593', 13359, null);

INSERT INTO Child VALUES ('133593', 'Child4054', '4054child', '2006-02-02', null, null, '../../Pictures/default.jpg', null);

INSERT INTO ChildcareTransaction VALUES ('1000004053', 'Regular Childcare', '104053', '2014-08-08', '12:00:00', '14:00:00', 20.50);

INSERT INTO AllowedConnections VALUES ('104054', '133590', '133594', 13359, null);

INSERT INTO Child VALUES ('133594', 'Child4055', '4055child', '2006-02-02', null, null, '../../Pictures/default.jpg', null);

INSERT INTO ChildcareTransaction VALUES ('1000004054', 'Regular Childcare', '104054', '2014-06-21', '12:00:00', '14:00:00', 20.50);

INSERT INTO AllowedConnections VALUES ('104055', '133590', '133595', 13359, null);

INSERT INTO Child VALUES ('133595', 'Child4056', '4056child', '2006-02-02', null, null, '../../Pictures/default.jpg', null);

INSERT INTO ChildcareTransaction VALUES ('1000004055', 'Regular Childcare', '104055', '2014-08-08', '12:00:00', '14:00:00', 20.50);

INSERT INTO Guardian VALUES ('133590', '1234', 'Guardian1014', '1014guardian', '555-555-5555', 'blah@blah.com', '123 nowhere', null, 'Spokane', 'WA', '99999', '../../Pictures/default.jpg', null);

INSERT INTO Family VALUES ('13359', 42);

INSERT INTO Guardian VALUES ('133591', '1234', 'Guardian21014', '10142guardian', '555-555-5555', 'blah@blah.com', '123 nowhere', null, 'Spokane', 'WA', '99999', '../../Pictures/default.jpg', null);

INSERT INTO AllowedConnections VALUES ('104056', '133600', '133602', 13360, null);

INSERT INTO Child VALUES ('133602', 'Child4057', '4057child', '2006-02-02', null, null, '../../Pictures/default.jpg', null);

INSERT INTO ChildcareTransaction VALUES ('1000004056', 'Regular Childcare', '104056', '2014-07-15', '12:00:00', '14:00:00', 20.50);

INSERT INTO AllowedConnections VALUES ('104057', '133600', '133603', 13360, null);

INSERT INTO Child VALUES ('133603', 'Child4058', '4058child', '2006-02-02', null, null, '../../Pictures/default.jpg', null);

INSERT INTO ChildcareTransaction VALUES ('1000004057', 'Regular Childcare', '104057', '2014-07-03', '12:00:00', '14:00:00', 20.50);

INSERT INTO AllowedConnections VALUES ('104058', '133600', '133604', 13360, null);

INSERT INTO Child VALUES ('133604', 'Child4059', '4059child', '2006-02-02', null, null, '../../Pictures/default.jpg', null);

INSERT INTO ChildcareTransaction VALUES ('1000004058', 'Regular Childcare', '104058', '2014-07-19', '12:00:00', '14:00:00', 20.50);

INSERT INTO AllowedConnections VALUES ('104059', '133600', '133605', 13360, null);

INSERT INTO Child VALUES ('133605', 'Child4060', '4060child', '2006-02-02', null, null, '../../Pictures/default.jpg', null);

INSERT INTO ChildcareTransaction VALUES ('1000004059', 'Regular Childcare', '104059', '2014-04-12', '12:00:00', '14:00:00', 20.50);

INSERT INTO Guardian VALUES ('133600', '1234', 'Guardian1015', '1015guardian', '555-555-5555', 'blah@blah.com', '123 nowhere', null, 'Spokane', 'WA', '99999', '../../Pictures/default.jpg', null);

INSERT INTO Family VALUES ('13360', 42);

INSERT INTO Guardian VALUES ('133601', '1234', 'Guardian21015', '10152guardian', '555-555-5555', 'blah@blah.com', '123 nowhere', null, 'Spokane', 'WA', '99999', '../../Pictures/default.jpg', null);

INSERT INTO AllowedConnections VALUES ('104060', '133610', '133612', 13361, null);

INSERT INTO Child VALUES ('133612', 'Child4061', '4061child', '2006-02-02', null, null, '../../Pictures/default.jpg', null);

INSERT INTO ChildcareTransaction VALUES ('1000004060', 'Regular Childcare', '104060', '2014-02-21', '12:00:00', '14:00:00', 20.50);

INSERT INTO AllowedConnections VALUES ('104061', '133610', '133613', 13361, null);

INSERT INTO Child VALUES ('133613', 'Child4062', '4062child', '2006-02-02', null, null, '../../Pictures/default.jpg', null);

INSERT INTO ChildcareTransaction VALUES ('1000004061', 'Regular Childcare', '104061', '2014-12-10', '12:00:00', '14:00:00', 20.50);

INSERT INTO AllowedConnections VALUES ('104062', '133610', '133614', 13361, null);

INSERT INTO Child VALUES ('133614', 'Child4063', '4063child', '2006-02-02', null, null, '../../Pictures/default.jpg', null);

INSERT INTO ChildcareTransaction VALUES ('1000004062', 'Regular Childcare', '104062', '2014-12-08', '12:00:00', '14:00:00', 20.50);

INSERT INTO AllowedConnections VALUES ('104063', '133610', '133615', 13361, null);

INSERT INTO Child VALUES ('133615', 'Child4064', '4064child', '2006-02-02', null, null, '../../Pictures/default.jpg', null);

INSERT INTO ChildcareTransaction VALUES ('1000004063', 'Regular Childcare', '104063', '2014-11-25', '12:00:00', '14:00:00', 20.50);

INSERT INTO Guardian VALUES ('133610', '1234', 'Guardian1016', '1016guardian', '555-555-5555', 'blah@blah.com', '123 nowhere', null, 'Spokane', 'WA', '99999', '../../Pictures/default.jpg', null);

INSERT INTO Family VALUES ('13361', 42);

INSERT INTO Guardian VALUES ('133611', '1234', 'Guardian21016', '10162guardian', '555-555-5555', 'blah@blah.com', '123 nowhere', null, 'Spokane', 'WA', '99999', '../../Pictures/default.jpg', null);

INSERT INTO AllowedConnections VALUES ('104064', '133620', '133622', 13362, null);

INSERT INTO Child VALUES ('133622', 'Child4065', '4065child', '2006-02-02', null, null, '../../Pictures/default.jpg', null);

INSERT INTO ChildcareTransaction VALUES ('1000004064', 'Regular Childcare', '104064', '2014-06-10', '12:00:00', '14:00:00', 20.50);

INSERT INTO AllowedConnections VALUES ('104065', '133620', '133623', 13362, null);

INSERT INTO Child VALUES ('133623', 'Child4066', '4066child', '2006-02-02', null, null, '../../Pictures/default.jpg', null);

INSERT INTO ChildcareTransaction VALUES ('1000004065', 'Regular Childcare', '104065', '2014-05-03', '12:00:00', '14:00:00', 20.50);

INSERT INTO AllowedConnections VALUES ('104066', '133620', '133624', 13362, null);

INSERT INTO Child VALUES ('133624', 'Child4067', '4067child', '2006-02-02', null, null, '../../Pictures/default.jpg', null);

INSERT INTO ChildcareTransaction VALUES ('1000004066', 'Regular Childcare', '104066', '2014-08-07', '12:00:00', '14:00:00', 20.50);

INSERT INTO AllowedConnections VALUES ('104067', '133620', '133625', 13362, null);

INSERT INTO Child VALUES ('133625', 'Child4068', '4068child', '2006-02-02', null, null, '../../Pictures/default.jpg', null);

INSERT INTO ChildcareTransaction VALUES ('1000004067', 'Regular Childcare', '104067', '2014-06-18', '12:00:00', '14:00:00', 20.50);

INSERT INTO Guardian VALUES ('133620', '1234', 'Guardian1017', '1017guardian', '555-555-5555', 'blah@blah.com', '123 nowhere', null, 'Spokane', 'WA', '99999', '../../Pictures/default.jpg', null);

INSERT INTO Family VALUES ('13362', 42);

INSERT INTO Guardian VALUES ('133621', '1234', 'Guardian21017', '10172guardian', '555-555-5555', 'blah@blah.com', '123 nowhere', null, 'Spokane', 'WA', '99999', '../../Pictures/default.jpg', null);

INSERT INTO AllowedConnections VALUES ('104068', '133630', '133632', 13363, null);

INSERT INTO Child VALUES ('133632', 'Child4069', '4069child', '2006-02-02', null, null, '../../Pictures/default.jpg', null);

INSERT INTO ChildcareTransaction VALUES ('1000004068', 'Regular Childcare', '104068', '2014-01-25', '12:00:00', '14:00:00', 20.50);

INSERT INTO AllowedConnections VALUES ('104069', '133630', '133633', 13363, null);

INSERT INTO Child VALUES ('133633', 'Child4070', '4070child', '2006-02-02', null, null, '../../Pictures/default.jpg', null);

INSERT INTO ChildcareTransaction VALUES ('1000004069', 'Regular Childcare', '104069', '2014-04-13', '12:00:00', '14:00:00', 20.50);

INSERT INTO AllowedConnections VALUES ('104070', '133630', '133634', 13363, null);

INSERT INTO Child VALUES ('133634', 'Child4071', '4071child', '2006-02-02', null, null, '../../Pictures/default.jpg', null);

INSERT INTO ChildcareTransaction VALUES ('1000004070', 'Regular Childcare', '104070', '2014-04-27', '12:00:00', '14:00:00', 20.50);

INSERT INTO AllowedConnections VALUES ('104071', '133630', '133635', 13363, null);

INSERT INTO Child VALUES ('133635', 'Child4072', '4072child', '2006-02-02', null, null, '../../Pictures/default.jpg', null);

INSERT INTO ChildcareTransaction VALUES ('1000004071', 'Regular Childcare', '104071', '2014-04-02', '12:00:00', '14:00:00', 20.50);

INSERT INTO Guardian VALUES ('133630', '1234', 'Guardian1018', '1018guardian', '555-555-5555', 'blah@blah.com', '123 nowhere', null, 'Spokane', 'WA', '99999', '../../Pictures/default.jpg', null);

INSERT INTO Family VALUES ('13363', 42);

INSERT INTO Guardian VALUES ('133631', '1234', 'Guardian21018', '10182guardian', '555-555-5555', 'blah@blah.com', '123 nowhere', null, 'Spokane', 'WA', '99999', '../../Pictures/default.jpg', null);

INSERT INTO AllowedConnections VALUES ('104072', '133640', '133642', 13364, null);

INSERT INTO Child VALUES ('133642', 'Child4073', '4073child', '2006-02-02', null, null, '../../Pictures/default.jpg', null);

INSERT INTO ChildcareTransaction VALUES ('1000004072', 'Regular Childcare', '104072', '2014-08-03', '12:00:00', '14:00:00', 20.50);

INSERT INTO AllowedConnections VALUES ('104073', '133640', '133643', 13364, null);

INSERT INTO Child VALUES ('133643', 'Child4074', '4074child', '2006-02-02', null, null, '../../Pictures/default.jpg', null);

INSERT INTO ChildcareTransaction VALUES ('1000004073', 'Regular Childcare', '104073', '2014-01-09', '12:00:00', '14:00:00', 20.50);

INSERT INTO AllowedConnections VALUES ('104074', '133640', '133644', 13364, null);

INSERT INTO Child VALUES ('133644', 'Child4075', '4075child', '2006-02-02', null, null, '../../Pictures/default.jpg', null);

INSERT INTO ChildcareTransaction VALUES ('1000004074', 'Regular Childcare', '104074', '2014-11-02', '12:00:00', '14:00:00', 20.50);

INSERT INTO AllowedConnections VALUES ('104075', '133640', '133645', 13364, null);

INSERT INTO Child VALUES ('133645', 'Child4076', '4076child', '2006-02-02', null, null, '../../Pictures/default.jpg', null);

INSERT INTO ChildcareTransaction VALUES ('1000004075', 'Regular Childcare', '104075', '2014-09-20', '12:00:00', '14:00:00', 20.50);

INSERT INTO Guardian VALUES ('133640', '1234', 'Guardian1019', '1019guardian', '555-555-5555', 'blah@blah.com', '123 nowhere', null, 'Spokane', 'WA', '99999', '../../Pictures/default.jpg', null);

INSERT INTO Family VALUES ('13364', 42);

INSERT INTO Guardian VALUES ('133641', '1234', 'Guardian21019', '10192guardian', '555-555-5555', 'blah@blah.com', '123 nowhere', null, 'Spokane', 'WA', '99999', '../../Pictures/default.jpg', null);

INSERT INTO AllowedConnections VALUES ('104076', '133650', '133652', 13365, null);

INSERT INTO Child VALUES ('133652', 'Child4077', '4077child', '2006-02-02', null, null, '../../Pictures/default.jpg', null);

INSERT INTO ChildcareTransaction VALUES ('1000004076', 'Regular Childcare', '104076', '2014-08-22', '12:00:00', '14:00:00', 20.50);

INSERT INTO AllowedConnections VALUES ('104077', '133650', '133653', 13365, null);

INSERT INTO Child VALUES ('133653', 'Child4078', '4078child', '2006-02-02', null, null, '../../Pictures/default.jpg', null);

INSERT INTO ChildcareTransaction VALUES ('1000004077', 'Regular Childcare', '104077', '2014-08-02', '12:00:00', '14:00:00', 20.50);

INSERT INTO AllowedConnections VALUES ('104078', '133650', '133654', 13365, null);

INSERT INTO Child VALUES ('133654', 'Child4079', '4079child', '2006-02-02', null, null, '../../Pictures/default.jpg', null);

INSERT INTO ChildcareTransaction VALUES ('1000004078', 'Regular Childcare', '104078', '2014-05-08', '12:00:00', '14:00:00', 20.50);

INSERT INTO AllowedConnections VALUES ('104079', '133650', '133655', 13365, null);

INSERT INTO Child VALUES ('133655', 'Child4080', '4080child', '2006-02-02', null, null, '../../Pictures/default.jpg', null);

INSERT INTO ChildcareTransaction VALUES ('1000004079', 'Regular Childcare', '104079', '2014-01-18', '12:00:00', '14:00:00', 20.50);

INSERT INTO Guardian VALUES ('133650', '1234', 'Guardian1020', '1020guardian', '555-555-5555', 'blah@blah.com', '123 nowhere', null, 'Spokane', 'WA', '99999', '../../Pictures/default.jpg', null);

INSERT INTO Family VALUES ('13365', 42);

INSERT INTO Guardian VALUES ('133651', '1234', 'Guardian21020', '10202guardian', '555-555-5555', 'blah@blah.com', '123 nowhere', null, 'Spokane', 'WA', '99999', '../../Pictures/default.jpg', null);

INSERT INTO AllowedConnections VALUES ('104080', '133660', '133662', 13366, null);

INSERT INTO Child VALUES ('133662', 'Child4081', '4081child', '2006-02-02', null, null, '../../Pictures/default.jpg', null);

INSERT INTO ChildcareTransaction VALUES ('1000004080', 'Regular Childcare', '104080', '2014-02-22', '12:00:00', '14:00:00', 20.50);

INSERT INTO AllowedConnections VALUES ('104081', '133660', '133663', 13366, null);

INSERT INTO Child VALUES ('133663', 'Child4082', '4082child', '2006-02-02', null, null, '../../Pictures/default.jpg', null);

INSERT INTO ChildcareTransaction VALUES ('1000004081', 'Regular Childcare', '104081', '2014-02-13', '12:00:00', '14:00:00', 20.50);

INSERT INTO AllowedConnections VALUES ('104082', '133660', '133664', 13366, null);

INSERT INTO Child VALUES ('133664', 'Child4083', '4083child', '2006-02-02', null, null, '../../Pictures/default.jpg', null);

INSERT INTO ChildcareTransaction VALUES ('1000004082', 'Regular Childcare', '104082', '2014-05-16', '12:00:00', '14:00:00', 20.50);

INSERT INTO AllowedConnections VALUES ('104083', '133660', '133665', 13366, null);

INSERT INTO Child VALUES ('133665', 'Child4084', '4084child', '2006-02-02', null, null, '../../Pictures/default.jpg', null);

INSERT INTO ChildcareTransaction VALUES ('1000004083', 'Regular Childcare', '104083', '2014-10-07', '12:00:00', '14:00:00', 20.50);

INSERT INTO Guardian VALUES ('133660', '1234', 'Guardian1021', '1021guardian', '555-555-5555', 'blah@blah.com', '123 nowhere', null, 'Spokane', 'WA', '99999', '../../Pictures/default.jpg', null);

INSERT INTO Family VALUES ('13366', 42);

INSERT INTO Guardian VALUES ('133661', '1234', 'Guardian21021', '10212guardian', '555-555-5555', 'blah@blah.com', '123 nowhere', null, 'Spokane', 'WA', '99999', '../../Pictures/default.jpg', null);

INSERT INTO AllowedConnections VALUES ('104084', '133670', '133672', 13367, null);

INSERT INTO Child VALUES ('133672', 'Child4085', '4085child', '2006-02-02', null, null, '../../Pictures/default.jpg', null);

INSERT INTO ChildcareTransaction VALUES ('1000004084', 'Regular Childcare', '104084', '2014-12-03', '12:00:00', '14:00:00', 20.50);

INSERT INTO AllowedConnections VALUES ('104085', '133670', '133673', 13367, null);

INSERT INTO Child VALUES ('133673', 'Child4086', '4086child', '2006-02-02', null, null, '../../Pictures/default.jpg', null);

INSERT INTO ChildcareTransaction VALUES ('1000004085', 'Regular Childcare', '104085', '2014-02-03', '12:00:00', '14:00:00', 20.50);

INSERT INTO AllowedConnections VALUES ('104086', '133670', '133674', 13367, null);

INSERT INTO Child VALUES ('133674', 'Child4087', '4087child', '2006-02-02', null, null, '../../Pictures/default.jpg', null);

INSERT INTO ChildcareTransaction VALUES ('1000004086', 'Regular Childcare', '104086', '2014-06-06', '12:00:00', '14:00:00', 20.50);

INSERT INTO AllowedConnections VALUES ('104087', '133670', '133675', 13367, null);

INSERT INTO Child VALUES ('133675', 'Child4088', '4088child', '2006-02-02', null, null, '../../Pictures/default.jpg', null);

INSERT INTO ChildcareTransaction VALUES ('1000004087', 'Regular Childcare', '104087', '2014-02-27', '12:00:00', '14:00:00', 20.50);

INSERT INTO Guardian VALUES ('133670', '1234', 'Guardian1022', '1022guardian', '555-555-5555', 'blah@blah.com', '123 nowhere', null, 'Spokane', 'WA', '99999', '../../Pictures/default.jpg', null);

INSERT INTO Family VALUES ('13367', 42);

INSERT INTO Guardian VALUES ('133671', '1234', 'Guardian21022', '10222guardian', '555-555-5555', 'blah@blah.com', '123 nowhere', null, 'Spokane', 'WA', '99999', '../../Pictures/default.jpg', null);

INSERT INTO AllowedConnections VALUES ('104088', '133680', '133682', 13368, null);

INSERT INTO Child VALUES ('133682', 'Child4089', '4089child', '2006-02-02', null, null, '../../Pictures/default.jpg', null);

INSERT INTO ChildcareTransaction VALUES ('1000004088', 'Regular Childcare', '104088', '2014-02-05', '12:00:00', '14:00:00', 20.50);

INSERT INTO AllowedConnections VALUES ('104089', '133680', '133683', 13368, null);

INSERT INTO Child VALUES ('133683', 'Child4090', '4090child', '2006-02-02', null, null, '../../Pictures/default.jpg', null);

INSERT INTO ChildcareTransaction VALUES ('1000004089', 'Regular Childcare', '104089', '2014-05-24', '12:00:00', '14:00:00', 20.50);

INSERT INTO AllowedConnections VALUES ('104090', '133680', '133684', 13368, null);

INSERT INTO Child VALUES ('133684', 'Child4091', '4091child', '2006-02-02', null, null, '../../Pictures/default.jpg', null);

INSERT INTO ChildcareTransaction VALUES ('1000004090', 'Regular Childcare', '104090', '2014-02-24', '12:00:00', '14:00:00', 20.50);

INSERT INTO AllowedConnections VALUES ('104091', '133680', '133685', 13368, null);

INSERT INTO Child VALUES ('133685', 'Child4092', '4092child', '2006-02-02', null, null, '../../Pictures/default.jpg', null);

INSERT INTO ChildcareTransaction VALUES ('1000004091', 'Regular Childcare', '104091', '2014-12-19', '12:00:00', '14:00:00', 20.50);

INSERT INTO Guardian VALUES ('133680', '1234', 'Guardian1023', '1023guardian', '555-555-5555', 'blah@blah.com', '123 nowhere', null, 'Spokane', 'WA', '99999', '../../Pictures/default.jpg', null);

INSERT INTO Family VALUES ('13368', 42);

INSERT INTO Guardian VALUES ('133681', '1234', 'Guardian21023', '10232guardian', '555-555-5555', 'blah@blah.com', '123 nowhere', null, 'Spokane', 'WA', '99999', '../../Pictures/default.jpg', null);

INSERT INTO AllowedConnections VALUES ('104092', '133690', '133692', 13369, null);

INSERT INTO Child VALUES ('133692', 'Child4093', '4093child', '2006-02-02', null, null, '../../Pictures/default.jpg', null);

INSERT INTO ChildcareTransaction VALUES ('1000004092', 'Regular Childcare', '104092', '2014-05-16', '12:00:00', '14:00:00', 20.50);

INSERT INTO AllowedConnections VALUES ('104093', '133690', '133693', 13369, null);

INSERT INTO Child VALUES ('133693', 'Child4094', '4094child', '2006-02-02', null, null, '../../Pictures/default.jpg', null);

INSERT INTO ChildcareTransaction VALUES ('1000004093', 'Regular Childcare', '104093', '2014-01-18', '12:00:00', '14:00:00', 20.50);

INSERT INTO AllowedConnections VALUES ('104094', '133690', '133694', 13369, null);

INSERT INTO Child VALUES ('133694', 'Child4095', '4095child', '2006-02-02', null, null, '../../Pictures/default.jpg', null);

INSERT INTO ChildcareTransaction VALUES ('1000004094', 'Regular Childcare', '104094', '2014-08-26', '12:00:00', '14:00:00', 20.50);

INSERT INTO AllowedConnections VALUES ('104095', '133690', '133695', 13369, null);

INSERT INTO Child VALUES ('133695', 'Child4096', '4096child', '2006-02-02', null, null, '../../Pictures/default.jpg', null);

INSERT INTO ChildcareTransaction VALUES ('1000004095', 'Regular Childcare', '104095', '2014-05-07', '12:00:00', '14:00:00', 20.50);

INSERT INTO Guardian VALUES ('133690', '1234', 'Guardian1024', '1024guardian', '555-555-5555', 'blah@blah.com', '123 nowhere', null, 'Spokane', 'WA', '99999', '../../Pictures/default.jpg', null);

INSERT INTO Family VALUES ('13369', 42);

INSERT INTO Guardian VALUES ('133691', '1234', 'Guardian21024', '10242guardian', '555-555-5555', 'blah@blah.com', '123 nowhere', null, 'Spokane', 'WA', '99999', '../../Pictures/default.jpg', null);

INSERT INTO AllowedConnections VALUES ('104096', '133700', '133702', 13370, null);

INSERT INTO Child VALUES ('133702', 'Child4097', '4097child', '2006-02-02', null, null, '../../Pictures/default.jpg', null);

INSERT INTO ChildcareTransaction VALUES ('1000004096', 'Regular Childcare', '104096', '2014-04-13', '12:00:00', '14:00:00', 20.50);

INSERT INTO AllowedConnections VALUES ('104097', '133700', '133703', 13370, null);

INSERT INTO Child VALUES ('133703', 'Child4098', '4098child', '2006-02-02', null, null, '../../Pictures/default.jpg', null);

INSERT INTO ChildcareTransaction VALUES ('1000004097', 'Regular Childcare', '104097', '2014-07-22', '12:00:00', '14:00:00', 20.50);

INSERT INTO AllowedConnections VALUES ('104098', '133700', '133704', 13370, null);

INSERT INTO Child VALUES ('133704', 'Child4099', '4099child', '2006-02-02', null, null, '../../Pictures/default.jpg', null);

INSERT INTO ChildcareTransaction VALUES ('1000004098', 'Regular Childcare', '104098', '2014-05-12', '12:00:00', '14:00:00', 20.50);

INSERT INTO AllowedConnections VALUES ('104099', '133700', '133705', 13370, null);

INSERT INTO Child VALUES ('133705', 'Child4100', '4100child', '2006-02-02', null, null, '../../Pictures/default.jpg', null);

INSERT INTO ChildcareTransaction VALUES ('1000004099', 'Regular Childcare', '104099', '2014-01-17', '12:00:00', '14:00:00', 20.50);

INSERT INTO Guardian VALUES ('133700', '1234', 'Guardian1025', '1025guardian', '555-555-5555', 'blah@blah.com', '123 nowhere', null, 'Spokane', 'WA', '99999', '../../Pictures/default.jpg', null);

INSERT INTO Family VALUES ('13370', 42);

INSERT INTO Guardian VALUES ('133701', '1234', 'Guardian21025', '10252guardian', '555-555-5555', 'blah@blah.com', '123 nowhere', null, 'Spokane', 'WA', '99999', '../../Pictures/default.jpg', null);

INSERT INTO AllowedConnections VALUES ('104100', '133710', '133712', 13371, null);

INSERT INTO Child VALUES ('133712', 'Child4101', '4101child', '2006-02-02', null, null, '../../Pictures/default.jpg', null);

INSERT INTO ChildcareTransaction VALUES ('1000004100', 'Regular Childcare', '104100', '2014-02-27', '12:00:00', '14:00:00', 20.50);

INSERT INTO AllowedConnections VALUES ('104101', '133710', '133713', 13371, null);

INSERT INTO Child VALUES ('133713', 'Child4102', '4102child', '2006-02-02', null, null, '../../Pictures/default.jpg', null);

INSERT INTO ChildcareTransaction VALUES ('1000004101', 'Regular Childcare', '104101', '2014-09-27', '12:00:00', '14:00:00', 20.50);

INSERT INTO AllowedConnections VALUES ('104102', '133710', '133714', 13371, null);

INSERT INTO Child VALUES ('133714', 'Child4103', '4103child', '2006-02-02', null, null, '../../Pictures/default.jpg', null);

INSERT INTO ChildcareTransaction VALUES ('1000004102', 'Regular Childcare', '104102', '2014-01-13', '12:00:00', '14:00:00', 20.50);

INSERT INTO AllowedConnections VALUES ('104103', '133710', '133715', 13371, null);

INSERT INTO Child VALUES ('133715', 'Child4104', '4104child', '2006-02-02', null, null, '../../Pictures/default.jpg', null);

INSERT INTO ChildcareTransaction VALUES ('1000004103', 'Regular Childcare', '104103', '2014-06-04', '12:00:00', '14:00:00', 20.50);

INSERT INTO Guardian VALUES ('133710', '1234', 'Guardian1026', '1026guardian', '555-555-5555', 'blah@blah.com', '123 nowhere', null, 'Spokane', 'WA', '99999', '../../Pictures/default.jpg', null);

INSERT INTO Family VALUES ('13371', 42);

INSERT INTO Guardian VALUES ('133711', '1234', 'Guardian21026', '10262guardian', '555-555-5555', 'blah@blah.com', '123 nowhere', null, 'Spokane', 'WA', '99999', '../../Pictures/default.jpg', null);

INSERT INTO AllowedConnections VALUES ('104104', '133720', '133722', 13372, null);

INSERT INTO Child VALUES ('133722', 'Child4105', '4105child', '2006-02-02', null, null, '../../Pictures/default.jpg', null);

INSERT INTO ChildcareTransaction VALUES ('1000004104', 'Regular Childcare', '104104', '2014-02-23', '12:00:00', '14:00:00', 20.50);

INSERT INTO AllowedConnections VALUES ('104105', '133720', '133723', 13372, null);

INSERT INTO Child VALUES ('133723', 'Child4106', '4106child', '2006-02-02', null, null, '../../Pictures/default.jpg', null);

INSERT INTO ChildcareTransaction VALUES ('1000004105', 'Regular Childcare', '104105', '2014-09-21', '12:00:00', '14:00:00', 20.50);

INSERT INTO AllowedConnections VALUES ('104106', '133720', '133724', 13372, null);

INSERT INTO Child VALUES ('133724', 'Child4107', '4107child', '2006-02-02', null, null, '../../Pictures/default.jpg', null);

INSERT INTO ChildcareTransaction VALUES ('1000004106', 'Regular Childcare', '104106', '2014-03-22', '12:00:00', '14:00:00', 20.50);

INSERT INTO AllowedConnections VALUES ('104107', '133720', '133725', 13372, null);

INSERT INTO Child VALUES ('133725', 'Child4108', '4108child', '2006-02-02', null, null, '../../Pictures/default.jpg', null);

INSERT INTO ChildcareTransaction VALUES ('1000004107', 'Regular Childcare', '104107', '2014-09-03', '12:00:00', '14:00:00', 20.50);

INSERT INTO Guardian VALUES ('133720', '1234', 'Guardian1027', '1027guardian', '555-555-5555', 'blah@blah.com', '123 nowhere', null, 'Spokane', 'WA', '99999', '../../Pictures/default.jpg', null);

INSERT INTO Family VALUES ('13372', 42);

INSERT INTO Guardian VALUES ('133721', '1234', 'Guardian21027', '10272guardian', '555-555-5555', 'blah@blah.com', '123 nowhere', null, 'Spokane', 'WA', '99999', '../../Pictures/default.jpg', null);

INSERT INTO AllowedConnections VALUES ('104108', '133730', '133732', 13373, null);

INSERT INTO Child VALUES ('133732', 'Child4109', '4109child', '2006-02-02', null, null, '../../Pictures/default.jpg', null);

INSERT INTO ChildcareTransaction VALUES ('1000004108', 'Regular Childcare', '104108', '2014-03-11', '12:00:00', '14:00:00', 20.50);

INSERT INTO AllowedConnections VALUES ('104109', '133730', '133733', 13373, null);

INSERT INTO Child VALUES ('133733', 'Child4110', '4110child', '2006-02-02', null, null, '../../Pictures/default.jpg', null);

INSERT INTO ChildcareTransaction VALUES ('1000004109', 'Regular Childcare', '104109', '2014-12-02', '12:00:00', '14:00:00', 20.50);

INSERT INTO AllowedConnections VALUES ('104110', '133730', '133734', 13373, null);

INSERT INTO Child VALUES ('133734', 'Child4111', '4111child', '2006-02-02', null, null, '../../Pictures/default.jpg', null);

INSERT INTO ChildcareTransaction VALUES ('1000004110', 'Regular Childcare', '104110', '2014-09-02', '12:00:00', '14:00:00', 20.50);

INSERT INTO AllowedConnections VALUES ('104111', '133730', '133735', 13373, null);

INSERT INTO Child VALUES ('133735', 'Child4112', '4112child', '2006-02-02', null, null, '../../Pictures/default.jpg', null);

INSERT INTO ChildcareTransaction VALUES ('1000004111', 'Regular Childcare', '104111', '2014-02-15', '12:00:00', '14:00:00', 20.50);

INSERT INTO Guardian VALUES ('133730', '1234', 'Guardian1028', '1028guardian', '555-555-5555', 'blah@blah.com', '123 nowhere', null, 'Spokane', 'WA', '99999', '../../Pictures/default.jpg', null);

INSERT INTO Family VALUES ('13373', 42);

INSERT INTO Guardian VALUES ('133731', '1234', 'Guardian21028', '10282guardian', '555-555-5555', 'blah@blah.com', '123 nowhere', null, 'Spokane', 'WA', '99999', '../../Pictures/default.jpg', null);

INSERT INTO AllowedConnections VALUES ('104112', '133740', '133742', 13374, null);

INSERT INTO Child VALUES ('133742', 'Child4113', '4113child', '2006-02-02', null, null, '../../Pictures/default.jpg', null);

INSERT INTO ChildcareTransaction VALUES ('1000004112', 'Regular Childcare', '104112', '2014-05-13', '12:00:00', '14:00:00', 20.50);

INSERT INTO AllowedConnections VALUES ('104113', '133740', '133743', 13374, null);

INSERT INTO Child VALUES ('133743', 'Child4114', '4114child', '2006-02-02', null, null, '../../Pictures/default.jpg', null);

INSERT INTO ChildcareTransaction VALUES ('1000004113', 'Regular Childcare', '104113', '2014-07-08', '12:00:00', '14:00:00', 20.50);

INSERT INTO AllowedConnections VALUES ('104114', '133740', '133744', 13374, null);

INSERT INTO Child VALUES ('133744', 'Child4115', '4115child', '2006-02-02', null, null, '../../Pictures/default.jpg', null);

INSERT INTO ChildcareTransaction VALUES ('1000004114', 'Regular Childcare', '104114', '2014-07-25', '12:00:00', '14:00:00', 20.50);

INSERT INTO AllowedConnections VALUES ('104115', '133740', '133745', 13374, null);

INSERT INTO Child VALUES ('133745', 'Child4116', '4116child', '2006-02-02', null, null, '../../Pictures/default.jpg', null);

INSERT INTO ChildcareTransaction VALUES ('1000004115', 'Regular Childcare', '104115', '2014-05-28', '12:00:00', '14:00:00', 20.50);

INSERT INTO Guardian VALUES ('133740', '1234', 'Guardian1029', '1029guardian', '555-555-5555', 'blah@blah.com', '123 nowhere', null, 'Spokane', 'WA', '99999', '../../Pictures/default.jpg', null);

INSERT INTO Family VALUES ('13374', 42);

INSERT INTO Guardian VALUES ('133741', '1234', 'Guardian21029', '10292guardian', '555-555-5555', 'blah@blah.com', '123 nowhere', null, 'Spokane', 'WA', '99999', '../../Pictures/default.jpg', null);

INSERT INTO AllowedConnections VALUES ('104116', '133750', '133752', 13375, null);

INSERT INTO Child VALUES ('133752', 'Child4117', '4117child', '2006-02-02', null, null, '../../Pictures/default.jpg', null);

INSERT INTO ChildcareTransaction VALUES ('1000004116', 'Regular Childcare', '104116', '2014-11-07', '12:00:00', '14:00:00', 20.50);

INSERT INTO AllowedConnections VALUES ('104117', '133750', '133753', 13375, null);

INSERT INTO Child VALUES ('133753', 'Child4118', '4118child', '2006-02-02', null, null, '../../Pictures/default.jpg', null);

INSERT INTO ChildcareTransaction VALUES ('1000004117', 'Regular Childcare', '104117', '2014-01-25', '12:00:00', '14:00:00', 20.50);

INSERT INTO AllowedConnections VALUES ('104118', '133750', '133754', 13375, null);

INSERT INTO Child VALUES ('133754', 'Child4119', '4119child', '2006-02-02', null, null, '../../Pictures/default.jpg', null);

INSERT INTO ChildcareTransaction VALUES ('1000004118', 'Regular Childcare', '104118', '2014-11-23', '12:00:00', '14:00:00', 20.50);

INSERT INTO AllowedConnections VALUES ('104119', '133750', '133755', 13375, null);

INSERT INTO Child VALUES ('133755', 'Child4120', '4120child', '2006-02-02', null, null, '../../Pictures/default.jpg', null);

INSERT INTO ChildcareTransaction VALUES ('1000004119', 'Regular Childcare', '104119', '2014-09-12', '12:00:00', '14:00:00', 20.50);

INSERT INTO Guardian VALUES ('133750', '1234', 'Guardian1030', '1030guardian', '555-555-5555', 'blah@blah.com', '123 nowhere', null, 'Spokane', 'WA', '99999', '../../Pictures/default.jpg', null);

INSERT INTO Family VALUES ('13375', 42);

INSERT INTO Guardian VALUES ('133751', '1234', 'Guardian21030', '10302guardian', '555-555-5555', 'blah@blah.com', '123 nowhere', null, 'Spokane', 'WA', '99999', '../../Pictures/default.jpg', null);

INSERT INTO AllowedConnections VALUES ('104120', '133760', '133762', 13376, null);

INSERT INTO Child VALUES ('133762', 'Child4121', '4121child', '2006-02-02', null, null, '../../Pictures/default.jpg', null);

INSERT INTO ChildcareTransaction VALUES ('1000004120', 'Regular Childcare', '104120', '2014-01-13', '12:00:00', '14:00:00', 20.50);

INSERT INTO AllowedConnections VALUES ('104121', '133760', '133763', 13376, null);

INSERT INTO Child VALUES ('133763', 'Child4122', '4122child', '2006-02-02', null, null, '../../Pictures/default.jpg', null);

INSERT INTO ChildcareTransaction VALUES ('1000004121', 'Regular Childcare', '104121', '2014-10-21', '12:00:00', '14:00:00', 20.50);

INSERT INTO AllowedConnections VALUES ('104122', '133760', '133764', 13376, null);

INSERT INTO Child VALUES ('133764', 'Child4123', '4123child', '2006-02-02', null, null, '../../Pictures/default.jpg', null);

INSERT INTO ChildcareTransaction VALUES ('1000004122', 'Regular Childcare', '104122', '2014-08-08', '12:00:00', '14:00:00', 20.50);

INSERT INTO AllowedConnections VALUES ('104123', '133760', '133765', 13376, null);

INSERT INTO Child VALUES ('133765', 'Child4124', '4124child', '2006-02-02', null, null, '../../Pictures/default.jpg', null);

INSERT INTO ChildcareTransaction VALUES ('1000004123', 'Regular Childcare', '104123', '2014-02-03', '12:00:00', '14:00:00', 20.50);

INSERT INTO Guardian VALUES ('133760', '1234', 'Guardian1031', '1031guardian', '555-555-5555', 'blah@blah.com', '123 nowhere', null, 'Spokane', 'WA', '99999', '../../Pictures/default.jpg', null);

INSERT INTO Family VALUES ('13376', 42);

INSERT INTO Guardian VALUES ('133761', '1234', 'Guardian21031', '10312guardian', '555-555-5555', 'blah@blah.com', '123 nowhere', null, 'Spokane', 'WA', '99999', '../../Pictures/default.jpg', null);

INSERT INTO AllowedConnections VALUES ('104124', '133770', '133772', 13377, null);

INSERT INTO Child VALUES ('133772', 'Child4125', '4125child', '2006-02-02', null, null, '../../Pictures/default.jpg', null);

INSERT INTO ChildcareTransaction VALUES ('1000004124', 'Regular Childcare', '104124', '2014-09-04', '12:00:00', '14:00:00', 20.50);

INSERT INTO AllowedConnections VALUES ('104125', '133770', '133773', 13377, null);

INSERT INTO Child VALUES ('133773', 'Child4126', '4126child', '2006-02-02', null, null, '../../Pictures/default.jpg', null);

INSERT INTO ChildcareTransaction VALUES ('1000004125', 'Regular Childcare', '104125', '2014-06-24', '12:00:00', '14:00:00', 20.50);

INSERT INTO AllowedConnections VALUES ('104126', '133770', '133774', 13377, null);

INSERT INTO Child VALUES ('133774', 'Child4127', '4127child', '2006-02-02', null, null, '../../Pictures/default.jpg', null);

INSERT INTO ChildcareTransaction VALUES ('1000004126', 'Regular Childcare', '104126', '2014-07-24', '12:00:00', '14:00:00', 20.50);

INSERT INTO AllowedConnections VALUES ('104127', '133770', '133775', 13377, null);

INSERT INTO Child VALUES ('133775', 'Child4128', '4128child', '2006-02-02', null, null, '../../Pictures/default.jpg', null);

INSERT INTO ChildcareTransaction VALUES ('1000004127', 'Regular Childcare', '104127', '2014-10-23', '12:00:00', '14:00:00', 20.50);

INSERT INTO Guardian VALUES ('133770', '1234', 'Guardian1032', '1032guardian', '555-555-5555', 'blah@blah.com', '123 nowhere', null, 'Spokane', 'WA', '99999', '../../Pictures/default.jpg', null);

INSERT INTO Family VALUES ('13377', 42);

INSERT INTO Guardian VALUES ('133771', '1234', 'Guardian21032', '10322guardian', '555-555-5555', 'blah@blah.com', '123 nowhere', null, 'Spokane', 'WA', '99999', '../../Pictures/default.jpg', null);

INSERT INTO AllowedConnections VALUES ('104128', '133780', '133782', 13378, null);

INSERT INTO Child VALUES ('133782', 'Child4129', '4129child', '2006-02-02', null, null, '../../Pictures/default.jpg', null);

INSERT INTO ChildcareTransaction VALUES ('1000004128', 'Regular Childcare', '104128', '2014-06-22', '12:00:00', '14:00:00', 20.50);

INSERT INTO AllowedConnections VALUES ('104129', '133780', '133783', 13378, null);

INSERT INTO Child VALUES ('133783', 'Child4130', '4130child', '2006-02-02', null, null, '../../Pictures/default.jpg', null);

INSERT INTO ChildcareTransaction VALUES ('1000004129', 'Regular Childcare', '104129', '2014-01-12', '12:00:00', '14:00:00', 20.50);

INSERT INTO AllowedConnections VALUES ('104130', '133780', '133784', 13378, null);

INSERT INTO Child VALUES ('133784', 'Child4131', '4131child', '2006-02-02', null, null, '../../Pictures/default.jpg', null);

INSERT INTO ChildcareTransaction VALUES ('1000004130', 'Regular Childcare', '104130', '2014-07-16', '12:00:00', '14:00:00', 20.50);

INSERT INTO AllowedConnections VALUES ('104131', '133780', '133785', 13378, null);

INSERT INTO Child VALUES ('133785', 'Child4132', '4132child', '2006-02-02', null, null, '../../Pictures/default.jpg', null);

INSERT INTO ChildcareTransaction VALUES ('1000004131', 'Regular Childcare', '104131', '2014-05-24', '12:00:00', '14:00:00', 20.50);

INSERT INTO Guardian VALUES ('133780', '1234', 'Guardian1033', '1033guardian', '555-555-5555', 'blah@blah.com', '123 nowhere', null, 'Spokane', 'WA', '99999', '../../Pictures/default.jpg', null);

INSERT INTO Family VALUES ('13378', 42);

INSERT INTO Guardian VALUES ('133781', '1234', 'Guardian21033', '10332guardian', '555-555-5555', 'blah@blah.com', '123 nowhere', null, 'Spokane', 'WA', '99999', '../../Pictures/default.jpg', null);

INSERT INTO AllowedConnections VALUES ('104132', '133790', '133792', 13379, null);

INSERT INTO Child VALUES ('133792', 'Child4133', '4133child', '2006-02-02', null, null, '../../Pictures/default.jpg', null);

INSERT INTO ChildcareTransaction VALUES ('1000004132', 'Regular Childcare', '104132', '2014-02-05', '12:00:00', '14:00:00', 20.50);

INSERT INTO AllowedConnections VALUES ('104133', '133790', '133793', 13379, null);

INSERT INTO Child VALUES ('133793', 'Child4134', '4134child', '2006-02-02', null, null, '../../Pictures/default.jpg', null);

INSERT INTO ChildcareTransaction VALUES ('1000004133', 'Regular Childcare', '104133', '2014-11-19', '12:00:00', '14:00:00', 20.50);

INSERT INTO AllowedConnections VALUES ('104134', '133790', '133794', 13379, null);

INSERT INTO Child VALUES ('133794', 'Child4135', '4135child', '2006-02-02', null, null, '../../Pictures/default.jpg', null);

INSERT INTO ChildcareTransaction VALUES ('1000004134', 'Regular Childcare', '104134', '2014-08-02', '12:00:00', '14:00:00', 20.50);

INSERT INTO AllowedConnections VALUES ('104135', '133790', '133795', 13379, null);

INSERT INTO Child VALUES ('133795', 'Child4136', '4136child', '2006-02-02', null, null, '../../Pictures/default.jpg', null);

INSERT INTO ChildcareTransaction VALUES ('1000004135', 'Regular Childcare', '104135', '2014-05-17', '12:00:00', '14:00:00', 20.50);

INSERT INTO Guardian VALUES ('133790', '1234', 'Guardian1034', '1034guardian', '555-555-5555', 'blah@blah.com', '123 nowhere', null, 'Spokane', 'WA', '99999', '../../Pictures/default.jpg', null);

INSERT INTO Family VALUES ('13379', 42);

INSERT INTO Guardian VALUES ('133791', '1234', 'Guardian21034', '10342guardian', '555-555-5555', 'blah@blah.com', '123 nowhere', null, 'Spokane', 'WA', '99999', '../../Pictures/default.jpg', null);

INSERT INTO AllowedConnections VALUES ('104136', '133800', '133802', 13380, null);

INSERT INTO Child VALUES ('133802', 'Child4137', '4137child', '2006-02-02', null, null, '../../Pictures/default.jpg', null);

INSERT INTO ChildcareTransaction VALUES ('1000004136', 'Regular Childcare', '104136', '2014-09-18', '12:00:00', '14:00:00', 20.50);

INSERT INTO AllowedConnections VALUES ('104137', '133800', '133803', 13380, null);

INSERT INTO Child VALUES ('133803', 'Child4138', '4138child', '2006-02-02', null, null, '../../Pictures/default.jpg', null);

INSERT INTO ChildcareTransaction VALUES ('1000004137', 'Regular Childcare', '104137', '2014-09-01', '12:00:00', '14:00:00', 20.50);

INSERT INTO AllowedConnections VALUES ('104138', '133800', '133804', 13380, null);

INSERT INTO Child VALUES ('133804', 'Child4139', '4139child', '2006-02-02', null, null, '../../Pictures/default.jpg', null);

INSERT INTO ChildcareTransaction VALUES ('1000004138', 'Regular Childcare', '104138', '2014-10-16', '12:00:00', '14:00:00', 20.50);

INSERT INTO AllowedConnections VALUES ('104139', '133800', '133805', 13380, null);

INSERT INTO Child VALUES ('133805', 'Child4140', '4140child', '2006-02-02', null, null, '../../Pictures/default.jpg', null);

INSERT INTO ChildcareTransaction VALUES ('1000004139', 'Regular Childcare', '104139', '2014-09-05', '12:00:00', '14:00:00', 20.50);

INSERT INTO Guardian VALUES ('133800', '1234', 'Guardian1035', '1035guardian', '555-555-5555', 'blah@blah.com', '123 nowhere', null, 'Spokane', 'WA', '99999', '../../Pictures/default.jpg', null);

INSERT INTO Family VALUES ('13380', 42);

INSERT INTO Guardian VALUES ('133801', '1234', 'Guardian21035', '10352guardian', '555-555-5555', 'blah@blah.com', '123 nowhere', null, 'Spokane', 'WA', '99999', '../../Pictures/default.jpg', null);

INSERT INTO AllowedConnections VALUES ('104140', '133810', '133812', 13381, null);

INSERT INTO Child VALUES ('133812', 'Child4141', '4141child', '2006-02-02', null, null, '../../Pictures/default.jpg', null);

INSERT INTO ChildcareTransaction VALUES ('1000004140', 'Regular Childcare', '104140', '2014-08-08', '12:00:00', '14:00:00', 20.50);

INSERT INTO AllowedConnections VALUES ('104141', '133810', '133813', 13381, null);

INSERT INTO Child VALUES ('133813', 'Child4142', '4142child', '2006-02-02', null, null, '../../Pictures/default.jpg', null);

INSERT INTO ChildcareTransaction VALUES ('1000004141', 'Regular Childcare', '104141', '2014-04-04', '12:00:00', '14:00:00', 20.50);

INSERT INTO AllowedConnections VALUES ('104142', '133810', '133814', 13381, null);

INSERT INTO Child VALUES ('133814', 'Child4143', '4143child', '2006-02-02', null, null, '../../Pictures/default.jpg', null);

INSERT INTO ChildcareTransaction VALUES ('1000004142', 'Regular Childcare', '104142', '2014-07-04', '12:00:00', '14:00:00', 20.50);

INSERT INTO AllowedConnections VALUES ('104143', '133810', '133815', 13381, null);

INSERT INTO Child VALUES ('133815', 'Child4144', '4144child', '2006-02-02', null, null, '../../Pictures/default.jpg', null);

INSERT INTO ChildcareTransaction VALUES ('1000004143', 'Regular Childcare', '104143', '2014-11-10', '12:00:00', '14:00:00', 20.50);

INSERT INTO Guardian VALUES ('133810', '1234', 'Guardian1036', '1036guardian', '555-555-5555', 'blah@blah.com', '123 nowhere', null, 'Spokane', 'WA', '99999', '../../Pictures/default.jpg', null);

INSERT INTO Family VALUES ('13381', 42);

INSERT INTO Guardian VALUES ('133811', '1234', 'Guardian21036', '10362guardian', '555-555-5555', 'blah@blah.com', '123 nowhere', null, 'Spokane', 'WA', '99999', '../../Pictures/default.jpg', null);

INSERT INTO AllowedConnections VALUES ('104144', '133820', '133822', 13382, null);

INSERT INTO Child VALUES ('133822', 'Child4145', '4145child', '2006-02-02', null, null, '../../Pictures/default.jpg', null);

INSERT INTO ChildcareTransaction VALUES ('1000004144', 'Regular Childcare', '104144', '2014-09-02', '12:00:00', '14:00:00', 20.50);

INSERT INTO AllowedConnections VALUES ('104145', '133820', '133823', 13382, null);

INSERT INTO Child VALUES ('133823', 'Child4146', '4146child', '2006-02-02', null, null, '../../Pictures/default.jpg', null);

INSERT INTO ChildcareTransaction VALUES ('1000004145', 'Regular Childcare', '104145', '2014-01-15', '12:00:00', '14:00:00', 20.50);

INSERT INTO AllowedConnections VALUES ('104146', '133820', '133824', 13382, null);

INSERT INTO Child VALUES ('133824', 'Child4147', '4147child', '2006-02-02', null, null, '../../Pictures/default.jpg', null);

INSERT INTO ChildcareTransaction VALUES ('1000004146', 'Regular Childcare', '104146', '2014-09-23', '12:00:00', '14:00:00', 20.50);

INSERT INTO AllowedConnections VALUES ('104147', '133820', '133825', 13382, null);

INSERT INTO Child VALUES ('133825', 'Child4148', '4148child', '2006-02-02', null, null, '../../Pictures/default.jpg', null);

INSERT INTO ChildcareTransaction VALUES ('1000004147', 'Regular Childcare', '104147', '2014-10-18', '12:00:00', '14:00:00', 20.50);

INSERT INTO Guardian VALUES ('133820', '1234', 'Guardian1037', '1037guardian', '555-555-5555', 'blah@blah.com', '123 nowhere', null, 'Spokane', 'WA', '99999', '../../Pictures/default.jpg', null);

INSERT INTO Family VALUES ('13382', 42);

INSERT INTO Guardian VALUES ('133821', '1234', 'Guardian21037', '10372guardian', '555-555-5555', 'blah@blah.com', '123 nowhere', null, 'Spokane', 'WA', '99999', '../../Pictures/default.jpg', null);

INSERT INTO AllowedConnections VALUES ('104148', '133830', '133832', 13383, null);

INSERT INTO Child VALUES ('133832', 'Child4149', '4149child', '2006-02-02', null, null, '../../Pictures/default.jpg', null);

INSERT INTO ChildcareTransaction VALUES ('1000004148', 'Regular Childcare', '104148', '2014-10-20', '12:00:00', '14:00:00', 20.50);

INSERT INTO AllowedConnections VALUES ('104149', '133830', '133833', 13383, null);

INSERT INTO Child VALUES ('133833', 'Child4150', '4150child', '2006-02-02', null, null, '../../Pictures/default.jpg', null);

INSERT INTO ChildcareTransaction VALUES ('1000004149', 'Regular Childcare', '104149', '2014-08-01', '12:00:00', '14:00:00', 20.50);

INSERT INTO AllowedConnections VALUES ('104150', '133830', '133834', 13383, null);

INSERT INTO Child VALUES ('133834', 'Child4151', '4151child', '2006-02-02', null, null, '../../Pictures/default.jpg', null);

INSERT INTO ChildcareTransaction VALUES ('1000004150', 'Regular Childcare', '104150', '2014-08-11', '12:00:00', '14:00:00', 20.50);

INSERT INTO AllowedConnections VALUES ('104151', '133830', '133835', 13383, null);

INSERT INTO Child VALUES ('133835', 'Child4152', '4152child', '2006-02-02', null, null, '../../Pictures/default.jpg', null);

INSERT INTO ChildcareTransaction VALUES ('1000004151', 'Regular Childcare', '104151', '2014-07-25', '12:00:00', '14:00:00', 20.50);

INSERT INTO Guardian VALUES ('133830', '1234', 'Guardian1038', '1038guardian', '555-555-5555', 'blah@blah.com', '123 nowhere', null, 'Spokane', 'WA', '99999', '../../Pictures/default.jpg', null);

INSERT INTO Family VALUES ('13383', 42);

INSERT INTO Guardian VALUES ('133831', '1234', 'Guardian21038', '10382guardian', '555-555-5555', 'blah@blah.com', '123 nowhere', null, 'Spokane', 'WA', '99999', '../../Pictures/default.jpg', null);

INSERT INTO AllowedConnections VALUES ('104152', '133840', '133842', 13384, null);

INSERT INTO Child VALUES ('133842', 'Child4153', '4153child', '2006-02-02', null, null, '../../Pictures/default.jpg', null);

INSERT INTO ChildcareTransaction VALUES ('1000004152', 'Regular Childcare', '104152', '2014-01-02', '12:00:00', '14:00:00', 20.50);

INSERT INTO AllowedConnections VALUES ('104153', '133840', '133843', 13384, null);

INSERT INTO Child VALUES ('133843', 'Child4154', '4154child', '2006-02-02', null, null, '../../Pictures/default.jpg', null);

INSERT INTO ChildcareTransaction VALUES ('1000004153', 'Regular Childcare', '104153', '2014-02-14', '12:00:00', '14:00:00', 20.50);

INSERT INTO AllowedConnections VALUES ('104154', '133840', '133844', 13384, null);

INSERT INTO Child VALUES ('133844', 'Child4155', '4155child', '2006-02-02', null, null, '../../Pictures/default.jpg', null);

INSERT INTO ChildcareTransaction VALUES ('1000004154', 'Regular Childcare', '104154', '2014-12-15', '12:00:00', '14:00:00', 20.50);

INSERT INTO AllowedConnections VALUES ('104155', '133840', '133845', 13384, null);

INSERT INTO Child VALUES ('133845', 'Child4156', '4156child', '2006-02-02', null, null, '../../Pictures/default.jpg', null);

INSERT INTO ChildcareTransaction VALUES ('1000004155', 'Regular Childcare', '104155', '2014-03-27', '12:00:00', '14:00:00', 20.50);

INSERT INTO Guardian VALUES ('133840', '1234', 'Guardian1039', '1039guardian', '555-555-5555', 'blah@blah.com', '123 nowhere', null, 'Spokane', 'WA', '99999', '../../Pictures/default.jpg', null);

INSERT INTO Family VALUES ('13384', 42);

INSERT INTO Guardian VALUES ('133841', '1234', 'Guardian21039', '10392guardian', '555-555-5555', 'blah@blah.com', '123 nowhere', null, 'Spokane', 'WA', '99999', '../../Pictures/default.jpg', null);

INSERT INTO AllowedConnections VALUES ('104156', '133850', '133852', 13385, null);

INSERT INTO Child VALUES ('133852', 'Child4157', '4157child', '2006-02-02', null, null, '../../Pictures/default.jpg', null);

INSERT INTO ChildcareTransaction VALUES ('1000004156', 'Regular Childcare', '104156', '2014-05-15', '12:00:00', '14:00:00', 20.50);

INSERT INTO AllowedConnections VALUES ('104157', '133850', '133853', 13385, null);

INSERT INTO Child VALUES ('133853', 'Child4158', '4158child', '2006-02-02', null, null, '../../Pictures/default.jpg', null);

INSERT INTO ChildcareTransaction VALUES ('1000004157', 'Regular Childcare', '104157', '2014-08-24', '12:00:00', '14:00:00', 20.50);

INSERT INTO AllowedConnections VALUES ('104158', '133850', '133854', 13385, null);

INSERT INTO Child VALUES ('133854', 'Child4159', '4159child', '2006-02-02', null, null, '../../Pictures/default.jpg', null);

INSERT INTO ChildcareTransaction VALUES ('1000004158', 'Regular Childcare', '104158', '2014-06-02', '12:00:00', '14:00:00', 20.50);

INSERT INTO AllowedConnections VALUES ('104159', '133850', '133855', 13385, null);

INSERT INTO Child VALUES ('133855', 'Child4160', '4160child', '2006-02-02', null, null, '../../Pictures/default.jpg', null);

INSERT INTO ChildcareTransaction VALUES ('1000004159', 'Regular Childcare', '104159', '2014-05-10', '12:00:00', '14:00:00', 20.50);

INSERT INTO Guardian VALUES ('133850', '1234', 'Guardian1040', '1040guardian', '555-555-5555', 'blah@blah.com', '123 nowhere', null, 'Spokane', 'WA', '99999', '../../Pictures/default.jpg', null);

INSERT INTO Family VALUES ('13385', 42);

INSERT INTO Guardian VALUES ('133851', '1234', 'Guardian21040', '10402guardian', '555-555-5555', 'blah@blah.com', '123 nowhere', null, 'Spokane', 'WA', '99999', '../../Pictures/default.jpg', null);

INSERT INTO AllowedConnections VALUES ('104160', '133860', '133862', 13386, null);

INSERT INTO Child VALUES ('133862', 'Child4161', '4161child', '2006-02-02', null, null, '../../Pictures/default.jpg', null);

INSERT INTO ChildcareTransaction VALUES ('1000004160', 'Regular Childcare', '104160', '2014-10-17', '12:00:00', '14:00:00', 20.50);

INSERT INTO AllowedConnections VALUES ('104161', '133860', '133863', 13386, null);

INSERT INTO Child VALUES ('133863', 'Child4162', '4162child', '2006-02-02', null, null, '../../Pictures/default.jpg', null);

INSERT INTO ChildcareTransaction VALUES ('1000004161', 'Regular Childcare', '104161', '2014-07-28', '12:00:00', '14:00:00', 20.50);

INSERT INTO AllowedConnections VALUES ('104162', '133860', '133864', 13386, null);

INSERT INTO Child VALUES ('133864', 'Child4163', '4163child', '2006-02-02', null, null, '../../Pictures/default.jpg', null);

INSERT INTO ChildcareTransaction VALUES ('1000004162', 'Regular Childcare', '104162', '2014-08-01', '12:00:00', '14:00:00', 20.50);

INSERT INTO AllowedConnections VALUES ('104163', '133860', '133865', 13386, null);

INSERT INTO Child VALUES ('133865', 'Child4164', '4164child', '2006-02-02', null, null, '../../Pictures/default.jpg', null);

INSERT INTO ChildcareTransaction VALUES ('1000004163', 'Regular Childcare', '104163', '2014-04-15', '12:00:00', '14:00:00', 20.50);

INSERT INTO Guardian VALUES ('133860', '1234', 'Guardian1041', '1041guardian', '555-555-5555', 'blah@blah.com', '123 nowhere', null, 'Spokane', 'WA', '99999', '../../Pictures/default.jpg', null);

INSERT INTO Family VALUES ('13386', 42);

INSERT INTO Guardian VALUES ('133861', '1234', 'Guardian21041', '10412guardian', '555-555-5555', 'blah@blah.com', '123 nowhere', null, 'Spokane', 'WA', '99999', '../../Pictures/default.jpg', null);

INSERT INTO AllowedConnections VALUES ('104164', '133870', '133872', 13387, null);

INSERT INTO Child VALUES ('133872', 'Child4165', '4165child', '2006-02-02', null, null, '../../Pictures/default.jpg', null);

INSERT INTO ChildcareTransaction VALUES ('1000004164', 'Regular Childcare', '104164', '2014-02-28', '12:00:00', '14:00:00', 20.50);

INSERT INTO AllowedConnections VALUES ('104165', '133870', '133873', 13387, null);

INSERT INTO Child VALUES ('133873', 'Child4166', '4166child', '2006-02-02', null, null, '../../Pictures/default.jpg', null);

INSERT INTO ChildcareTransaction VALUES ('1000004165', 'Regular Childcare', '104165', '2014-09-22', '12:00:00', '14:00:00', 20.50);

INSERT INTO AllowedConnections VALUES ('104166', '133870', '133874', 13387, null);

INSERT INTO Child VALUES ('133874', 'Child4167', '4167child', '2006-02-02', null, null, '../../Pictures/default.jpg', null);

INSERT INTO ChildcareTransaction VALUES ('1000004166', 'Regular Childcare', '104166', '2014-11-25', '12:00:00', '14:00:00', 20.50);

INSERT INTO AllowedConnections VALUES ('104167', '133870', '133875', 13387, null);

INSERT INTO Child VALUES ('133875', 'Child4168', '4168child', '2006-02-02', null, null, '../../Pictures/default.jpg', null);

INSERT INTO ChildcareTransaction VALUES ('1000004167', 'Regular Childcare', '104167', '2014-10-27', '12:00:00', '14:00:00', 20.50);

INSERT INTO Guardian VALUES ('133870', '1234', 'Guardian1042', '1042guardian', '555-555-5555', 'blah@blah.com', '123 nowhere', null, 'Spokane', 'WA', '99999', '../../Pictures/default.jpg', null);

INSERT INTO Family VALUES ('13387', 42);

INSERT INTO Guardian VALUES ('133871', '1234', 'Guardian21042', '10422guardian', '555-555-5555', 'blah@blah.com', '123 nowhere', null, 'Spokane', 'WA', '99999', '../../Pictures/default.jpg', null);

INSERT INTO AllowedConnections VALUES ('104168', '133880', '133882', 13388, null);

INSERT INTO Child VALUES ('133882', 'Child4169', '4169child', '2006-02-02', null, null, '../../Pictures/default.jpg', null);

INSERT INTO ChildcareTransaction VALUES ('1000004168', 'Regular Childcare', '104168', '2014-11-07', '12:00:00', '14:00:00', 20.50);

INSERT INTO AllowedConnections VALUES ('104169', '133880', '133883', 13388, null);

INSERT INTO Child VALUES ('133883', 'Child4170', '4170child', '2006-02-02', null, null, '../../Pictures/default.jpg', null);

INSERT INTO ChildcareTransaction VALUES ('1000004169', 'Regular Childcare', '104169', '2014-12-28', '12:00:00', '14:00:00', 20.50);

INSERT INTO AllowedConnections VALUES ('104170', '133880', '133884', 13388, null);

INSERT INTO Child VALUES ('133884', 'Child4171', '4171child', '2006-02-02', null, null, '../../Pictures/default.jpg', null);

INSERT INTO ChildcareTransaction VALUES ('1000004170', 'Regular Childcare', '104170', '2014-06-09', '12:00:00', '14:00:00', 20.50);

INSERT INTO AllowedConnections VALUES ('104171', '133880', '133885', 13388, null);

INSERT INTO Child VALUES ('133885', 'Child4172', '4172child', '2006-02-02', null, null, '../../Pictures/default.jpg', null);

INSERT INTO ChildcareTransaction VALUES ('1000004171', 'Regular Childcare', '104171', '2014-08-23', '12:00:00', '14:00:00', 20.50);

INSERT INTO Guardian VALUES ('133880', '1234', 'Guardian1043', '1043guardian', '555-555-5555', 'blah@blah.com', '123 nowhere', null, 'Spokane', 'WA', '99999', '../../Pictures/default.jpg', null);

INSERT INTO Family VALUES ('13388', 42);

INSERT INTO Guardian VALUES ('133881', '1234', 'Guardian21043', '10432guardian', '555-555-5555', 'blah@blah.com', '123 nowhere', null, 'Spokane', 'WA', '99999', '../../Pictures/default.jpg', null);

INSERT INTO AllowedConnections VALUES ('104172', '133890', '133892', 13389, null);

INSERT INTO Child VALUES ('133892', 'Child4173', '4173child', '2006-02-02', null, null, '../../Pictures/default.jpg', null);

INSERT INTO ChildcareTransaction VALUES ('1000004172', 'Regular Childcare', '104172', '2014-12-01', '12:00:00', '14:00:00', 20.50);

INSERT INTO AllowedConnections VALUES ('104173', '133890', '133893', 13389, null);

INSERT INTO Child VALUES ('133893', 'Child4174', '4174child', '2006-02-02', null, null, '../../Pictures/default.jpg', null);

INSERT INTO ChildcareTransaction VALUES ('1000004173', 'Regular Childcare', '104173', '2014-09-21', '12:00:00', '14:00:00', 20.50);

INSERT INTO AllowedConnections VALUES ('104174', '133890', '133894', 13389, null);

INSERT INTO Child VALUES ('133894', 'Child4175', '4175child', '2006-02-02', null, null, '../../Pictures/default.jpg', null);

INSERT INTO ChildcareTransaction VALUES ('1000004174', 'Regular Childcare', '104174', '2014-08-07', '12:00:00', '14:00:00', 20.50);

INSERT INTO AllowedConnections VALUES ('104175', '133890', '133895', 13389, null);

INSERT INTO Child VALUES ('133895', 'Child4176', '4176child', '2006-02-02', null, null, '../../Pictures/default.jpg', null);

INSERT INTO ChildcareTransaction VALUES ('1000004175', 'Regular Childcare', '104175', '2014-03-02', '12:00:00', '14:00:00', 20.50);

INSERT INTO Guardian VALUES ('133890', '1234', 'Guardian1044', '1044guardian', '555-555-5555', 'blah@blah.com', '123 nowhere', null, 'Spokane', 'WA', '99999', '../../Pictures/default.jpg', null);

INSERT INTO Family VALUES ('13389', 42);

INSERT INTO Guardian VALUES ('133891', '1234', 'Guardian21044', '10442guardian', '555-555-5555', 'blah@blah.com', '123 nowhere', null, 'Spokane', 'WA', '99999', '../../Pictures/default.jpg', null);

INSERT INTO AllowedConnections VALUES ('104176', '133900', '133902', 13390, null);

INSERT INTO Child VALUES ('133902', 'Child4177', '4177child', '2006-02-02', null, null, '../../Pictures/default.jpg', null);

INSERT INTO ChildcareTransaction VALUES ('1000004176', 'Regular Childcare', '104176', '2014-10-09', '12:00:00', '14:00:00', 20.50);

INSERT INTO AllowedConnections VALUES ('104177', '133900', '133903', 13390, null);

INSERT INTO Child VALUES ('133903', 'Child4178', '4178child', '2006-02-02', null, null, '../../Pictures/default.jpg', null);

INSERT INTO ChildcareTransaction VALUES ('1000004177', 'Regular Childcare', '104177', '2014-10-25', '12:00:00', '14:00:00', 20.50);

INSERT INTO AllowedConnections VALUES ('104178', '133900', '133904', 13390, null);

INSERT INTO Child VALUES ('133904', 'Child4179', '4179child', '2006-02-02', null, null, '../../Pictures/default.jpg', null);

INSERT INTO ChildcareTransaction VALUES ('1000004178', 'Regular Childcare', '104178', '2014-12-07', '12:00:00', '14:00:00', 20.50);

INSERT INTO AllowedConnections VALUES ('104179', '133900', '133905', 13390, null);

INSERT INTO Child VALUES ('133905', 'Child4180', '4180child', '2006-02-02', null, null, '../../Pictures/default.jpg', null);

INSERT INTO ChildcareTransaction VALUES ('1000004179', 'Regular Childcare', '104179', '2014-02-07', '12:00:00', '14:00:00', 20.50);

INSERT INTO Guardian VALUES ('133900', '1234', 'Guardian1045', '1045guardian', '555-555-5555', 'blah@blah.com', '123 nowhere', null, 'Spokane', 'WA', '99999', '../../Pictures/default.jpg', null);

INSERT INTO Family VALUES ('13390', 42);

INSERT INTO Guardian VALUES ('133901', '1234', 'Guardian21045', '10452guardian', '555-555-5555', 'blah@blah.com', '123 nowhere', null, 'Spokane', 'WA', '99999', '../../Pictures/default.jpg', null);

INSERT INTO AllowedConnections VALUES ('104180', '133910', '133912', 13391, null);

INSERT INTO Child VALUES ('133912', 'Child4181', '4181child', '2006-02-02', null, null, '../../Pictures/default.jpg', null);

INSERT INTO ChildcareTransaction VALUES ('1000004180', 'Regular Childcare', '104180', '2014-09-18', '12:00:00', '14:00:00', 20.50);

INSERT INTO AllowedConnections VALUES ('104181', '133910', '133913', 13391, null);

INSERT INTO Child VALUES ('133913', 'Child4182', '4182child', '2006-02-02', null, null, '../../Pictures/default.jpg', null);

INSERT INTO ChildcareTransaction VALUES ('1000004181', 'Regular Childcare', '104181', '2014-09-10', '12:00:00', '14:00:00', 20.50);

INSERT INTO AllowedConnections VALUES ('104182', '133910', '133914', 13391, null);

INSERT INTO Child VALUES ('133914', 'Child4183', '4183child', '2006-02-02', null, null, '../../Pictures/default.jpg', null);

INSERT INTO ChildcareTransaction VALUES ('1000004182', 'Regular Childcare', '104182', '2014-07-04', '12:00:00', '14:00:00', 20.50);

INSERT INTO AllowedConnections VALUES ('104183', '133910', '133915', 13391, null);

INSERT INTO Child VALUES ('133915', 'Child4184', '4184child', '2006-02-02', null, null, '../../Pictures/default.jpg', null);

INSERT INTO ChildcareTransaction VALUES ('1000004183', 'Regular Childcare', '104183', '2014-07-01', '12:00:00', '14:00:00', 20.50);

INSERT INTO Guardian VALUES ('133910', '1234', 'Guardian1046', '1046guardian', '555-555-5555', 'blah@blah.com', '123 nowhere', null, 'Spokane', 'WA', '99999', '../../Pictures/default.jpg', null);

INSERT INTO Family VALUES ('13391', 42);

INSERT INTO Guardian VALUES ('133911', '1234', 'Guardian21046', '10462guardian', '555-555-5555', 'blah@blah.com', '123 nowhere', null, 'Spokane', 'WA', '99999', '../../Pictures/default.jpg', null);

INSERT INTO AllowedConnections VALUES ('104184', '133920', '133922', 13392, null);

INSERT INTO Child VALUES ('133922', 'Child4185', '4185child', '2006-02-02', null, null, '../../Pictures/default.jpg', null);

INSERT INTO ChildcareTransaction VALUES ('1000004184', 'Regular Childcare', '104184', '2014-08-15', '12:00:00', '14:00:00', 20.50);

INSERT INTO AllowedConnections VALUES ('104185', '133920', '133923', 13392, null);

INSERT INTO Child VALUES ('133923', 'Child4186', '4186child', '2006-02-02', null, null, '../../Pictures/default.jpg', null);

INSERT INTO ChildcareTransaction VALUES ('1000004185', 'Regular Childcare', '104185', '2014-03-07', '12:00:00', '14:00:00', 20.50);

INSERT INTO AllowedConnections VALUES ('104186', '133920', '133924', 13392, null);

INSERT INTO Child VALUES ('133924', 'Child4187', '4187child', '2006-02-02', null, null, '../../Pictures/default.jpg', null);

INSERT INTO ChildcareTransaction VALUES ('1000004186', 'Regular Childcare', '104186', '2014-10-25', '12:00:00', '14:00:00', 20.50);

INSERT INTO AllowedConnections VALUES ('104187', '133920', '133925', 13392, null);

INSERT INTO Child VALUES ('133925', 'Child4188', '4188child', '2006-02-02', null, null, '../../Pictures/default.jpg', null);

INSERT INTO ChildcareTransaction VALUES ('1000004187', 'Regular Childcare', '104187', '2014-11-02', '12:00:00', '14:00:00', 20.50);

INSERT INTO Guardian VALUES ('133920', '1234', 'Guardian1047', '1047guardian', '555-555-5555', 'blah@blah.com', '123 nowhere', null, 'Spokane', 'WA', '99999', '../../Pictures/default.jpg', null);

INSERT INTO Family VALUES ('13392', 42);

INSERT INTO Guardian VALUES ('133921', '1234', 'Guardian21047', '10472guardian', '555-555-5555', 'blah@blah.com', '123 nowhere', null, 'Spokane', 'WA', '99999', '../../Pictures/default.jpg', null);

INSERT INTO AllowedConnections VALUES ('104188', '133930', '133932', 13393, null);

INSERT INTO Child VALUES ('133932', 'Child4189', '4189child', '2006-02-02', null, null, '../../Pictures/default.jpg', null);

INSERT INTO ChildcareTransaction VALUES ('1000004188', 'Regular Childcare', '104188', '2014-10-19', '12:00:00', '14:00:00', 20.50);

INSERT INTO AllowedConnections VALUES ('104189', '133930', '133933', 13393, null);

INSERT INTO Child VALUES ('133933', 'Child4190', '4190child', '2006-02-02', null, null, '../../Pictures/default.jpg', null);

INSERT INTO ChildcareTransaction VALUES ('1000004189', 'Regular Childcare', '104189', '2014-01-09', '12:00:00', '14:00:00', 20.50);

INSERT INTO AllowedConnections VALUES ('104190', '133930', '133934', 13393, null);

INSERT INTO Child VALUES ('133934', 'Child4191', '4191child', '2006-02-02', null, null, '../../Pictures/default.jpg', null);

INSERT INTO ChildcareTransaction VALUES ('1000004190', 'Regular Childcare', '104190', '2014-02-18', '12:00:00', '14:00:00', 20.50);

INSERT INTO AllowedConnections VALUES ('104191', '133930', '133935', 13393, null);

INSERT INTO Child VALUES ('133935', 'Child4192', '4192child', '2006-02-02', null, null, '../../Pictures/default.jpg', null);

INSERT INTO ChildcareTransaction VALUES ('1000004191', 'Regular Childcare', '104191', '2014-09-15', '12:00:00', '14:00:00', 20.50);

INSERT INTO Guardian VALUES ('133930', '1234', 'Guardian1048', '1048guardian', '555-555-5555', 'blah@blah.com', '123 nowhere', null, 'Spokane', 'WA', '99999', '../../Pictures/default.jpg', null);

INSERT INTO Family VALUES ('13393', 42);

INSERT INTO Guardian VALUES ('133931', '1234', 'Guardian21048', '10482guardian', '555-555-5555', 'blah@blah.com', '123 nowhere', null, 'Spokane', 'WA', '99999', '../../Pictures/default.jpg', null);

INSERT INTO AllowedConnections VALUES ('104192', '133940', '133942', 13394, null);

INSERT INTO Child VALUES ('133942', 'Child4193', '4193child', '2006-02-02', null, null, '../../Pictures/default.jpg', null);

INSERT INTO ChildcareTransaction VALUES ('1000004192', 'Regular Childcare', '104192', '2014-09-03', '12:00:00', '14:00:00', 20.50);

INSERT INTO AllowedConnections VALUES ('104193', '133940', '133943', 13394, null);

INSERT INTO Child VALUES ('133943', 'Child4194', '4194child', '2006-02-02', null, null, '../../Pictures/default.jpg', null);

INSERT INTO ChildcareTransaction VALUES ('1000004193', 'Regular Childcare', '104193', '2014-12-18', '12:00:00', '14:00:00', 20.50);

INSERT INTO AllowedConnections VALUES ('104194', '133940', '133944', 13394, null);

INSERT INTO Child VALUES ('133944', 'Child4195', '4195child', '2006-02-02', null, null, '../../Pictures/default.jpg', null);

INSERT INTO ChildcareTransaction VALUES ('1000004194', 'Regular Childcare', '104194', '2014-05-10', '12:00:00', '14:00:00', 20.50);

INSERT INTO AllowedConnections VALUES ('104195', '133940', '133945', 13394, null);

INSERT INTO Child VALUES ('133945', 'Child4196', '4196child', '2006-02-02', null, null, '../../Pictures/default.jpg', null);

INSERT INTO ChildcareTransaction VALUES ('1000004195', 'Regular Childcare', '104195', '2014-03-14', '12:00:00', '14:00:00', 20.50);

INSERT INTO Guardian VALUES ('133940', '1234', 'Guardian1049', '1049guardian', '555-555-5555', 'blah@blah.com', '123 nowhere', null, 'Spokane', 'WA', '99999', '../../Pictures/default.jpg', null);

INSERT INTO Family VALUES ('13394', 42);

INSERT INTO Guardian VALUES ('133941', '1234', 'Guardian21049', '10492guardian', '555-555-5555', 'blah@blah.com', '123 nowhere', null, 'Spokane', 'WA', '99999', '../../Pictures/default.jpg', null);

INSERT INTO AllowedConnections VALUES ('104196', '133950', '133952', 13395, null);

INSERT INTO Child VALUES ('133952', 'Child4197', '4197child', '2006-02-02', null, null, '../../Pictures/default.jpg', null);

INSERT INTO ChildcareTransaction VALUES ('1000004196', 'Regular Childcare', '104196', '2014-11-25', '12:00:00', '14:00:00', 20.50);

INSERT INTO AllowedConnections VALUES ('104197', '133950', '133953', 13395, null);

INSERT INTO Child VALUES ('133953', 'Child4198', '4198child', '2006-02-02', null, null, '../../Pictures/default.jpg', null);

INSERT INTO ChildcareTransaction VALUES ('1000004197', 'Regular Childcare', '104197', '2014-11-25', '12:00:00', '14:00:00', 20.50);

INSERT INTO AllowedConnections VALUES ('104198', '133950', '133954', 13395, null);

INSERT INTO Child VALUES ('133954', 'Child4199', '4199child', '2006-02-02', null, null, '../../Pictures/default.jpg', null);

INSERT INTO ChildcareTransaction VALUES ('1000004198', 'Regular Childcare', '104198', '2014-11-10', '12:00:00', '14:00:00', 20.50);

INSERT INTO AllowedConnections VALUES ('104199', '133950', '133955', 13395, null);

INSERT INTO Child VALUES ('133955', 'Child4200', '4200child', '2006-02-02', null, null, '../../Pictures/default.jpg', null);

INSERT INTO ChildcareTransaction VALUES ('1000004199', 'Regular Childcare', '104199', '2014-02-19', '12:00:00', '14:00:00', 20.50);

INSERT INTO Guardian VALUES ('133950', '1234', 'Guardian1050', '1050guardian', '555-555-5555', 'blah@blah.com', '123 nowhere', null, 'Spokane', 'WA', '99999', '../../Pictures/default.jpg', null);

INSERT INTO Family VALUES ('13395', 42);

INSERT INTO Guardian VALUES ('133951', '1234', 'Guardian21050', '10502guardian', '555-555-5555', 'blah@blah.com', '123 nowhere', null, 'Spokane', 'WA', '99999', '../../Pictures/default.jpg', null);

INSERT INTO AllowedConnections VALUES ('104200', '133960', '133962', 13396, null);

INSERT INTO Child VALUES ('133962', 'Child4201', '4201child', '2006-02-02', null, null, '../../Pictures/default.jpg', null);

INSERT INTO ChildcareTransaction VALUES ('1000004200', 'Regular Childcare', '104200', '2014-05-15', '12:00:00', '14:00:00', 20.50);

INSERT INTO AllowedConnections VALUES ('104201', '133960', '133963', 13396, null);

INSERT INTO Child VALUES ('133963', 'Child4202', '4202child', '2006-02-02', null, null, '../../Pictures/default.jpg', null);

INSERT INTO ChildcareTransaction VALUES ('1000004201', 'Regular Childcare', '104201', '2014-08-19', '12:00:00', '14:00:00', 20.50);

INSERT INTO AllowedConnections VALUES ('104202', '133960', '133964', 13396, null);

INSERT INTO Child VALUES ('133964', 'Child4203', '4203child', '2006-02-02', null, null, '../../Pictures/default.jpg', null);

INSERT INTO ChildcareTransaction VALUES ('1000004202', 'Regular Childcare', '104202', '2014-10-22', '12:00:00', '14:00:00', 20.50);

INSERT INTO AllowedConnections VALUES ('104203', '133960', '133965', 13396, null);

INSERT INTO Child VALUES ('133965', 'Child4204', '4204child', '2006-02-02', null, null, '../../Pictures/default.jpg', null);

INSERT INTO ChildcareTransaction VALUES ('1000004203', 'Regular Childcare', '104203', '2014-09-09', '12:00:00', '14:00:00', 20.50);

INSERT INTO Guardian VALUES ('133960', '1234', 'Guardian1051', '1051guardian', '555-555-5555', 'blah@blah.com', '123 nowhere', null, 'Spokane', 'WA', '99999', '../../Pictures/default.jpg', null);

INSERT INTO Family VALUES ('13396', 42);

INSERT INTO Guardian VALUES ('133961', '1234', 'Guardian21051', '10512guardian', '555-555-5555', 'blah@blah.com', '123 nowhere', null, 'Spokane', 'WA', '99999', '../../Pictures/default.jpg', null);

INSERT INTO AllowedConnections VALUES ('104204', '133970', '133972', 13397, null);

INSERT INTO Child VALUES ('133972', 'Child4205', '4205child', '2006-02-02', null, null, '../../Pictures/default.jpg', null);

INSERT INTO ChildcareTransaction VALUES ('1000004204', 'Regular Childcare', '104204', '2014-08-09', '12:00:00', '14:00:00', 20.50);

INSERT INTO AllowedConnections VALUES ('104205', '133970', '133973', 13397, null);

INSERT INTO Child VALUES ('133973', 'Child4206', '4206child', '2006-02-02', null, null, '../../Pictures/default.jpg', null);

INSERT INTO ChildcareTransaction VALUES ('1000004205', 'Regular Childcare', '104205', '2014-06-21', '12:00:00', '14:00:00', 20.50);

INSERT INTO AllowedConnections VALUES ('104206', '133970', '133974', 13397, null);

INSERT INTO Child VALUES ('133974', 'Child4207', '4207child', '2006-02-02', null, null, '../../Pictures/default.jpg', null);

INSERT INTO ChildcareTransaction VALUES ('1000004206', 'Regular Childcare', '104206', '2014-09-09', '12:00:00', '14:00:00', 20.50);

INSERT INTO AllowedConnections VALUES ('104207', '133970', '133975', 13397, null);

INSERT INTO Child VALUES ('133975', 'Child4208', '4208child', '2006-02-02', null, null, '../../Pictures/default.jpg', null);

INSERT INTO ChildcareTransaction VALUES ('1000004207', 'Regular Childcare', '104207', '2014-02-28', '12:00:00', '14:00:00', 20.50);

INSERT INTO Guardian VALUES ('133970', '1234', 'Guardian1052', '1052guardian', '555-555-5555', 'blah@blah.com', '123 nowhere', null, 'Spokane', 'WA', '99999', '../../Pictures/default.jpg', null);

INSERT INTO Family VALUES ('13397', 42);

INSERT INTO Guardian VALUES ('133971', '1234', 'Guardian21052', '10522guardian', '555-555-5555', 'blah@blah.com', '123 nowhere', null, 'Spokane', 'WA', '99999', '../../Pictures/default.jpg', null);

INSERT INTO AllowedConnections VALUES ('104208', '133980', '133982', 13398, null);

INSERT INTO Child VALUES ('133982', 'Child4209', '4209child', '2006-02-02', null, null, '../../Pictures/default.jpg', null);

INSERT INTO ChildcareTransaction VALUES ('1000004208', 'Regular Childcare', '104208', '2014-06-19', '12:00:00', '14:00:00', 20.50);

INSERT INTO AllowedConnections VALUES ('104209', '133980', '133983', 13398, null);

INSERT INTO Child VALUES ('133983', 'Child4210', '4210child', '2006-02-02', null, null, '../../Pictures/default.jpg', null);

INSERT INTO ChildcareTransaction VALUES ('1000004209', 'Regular Childcare', '104209', '2014-10-02', '12:00:00', '14:00:00', 20.50);

INSERT INTO AllowedConnections VALUES ('104210', '133980', '133984', 13398, null);

INSERT INTO Child VALUES ('133984', 'Child4211', '4211child', '2006-02-02', null, null, '../../Pictures/default.jpg', null);

INSERT INTO ChildcareTransaction VALUES ('1000004210', 'Regular Childcare', '104210', '2014-01-23', '12:00:00', '14:00:00', 20.50);

INSERT INTO AllowedConnections VALUES ('104211', '133980', '133985', 13398, null);

INSERT INTO Child VALUES ('133985', 'Child4212', '4212child', '2006-02-02', null, null, '../../Pictures/default.jpg', null);

INSERT INTO ChildcareTransaction VALUES ('1000004211', 'Regular Childcare', '104211', '2014-04-13', '12:00:00', '14:00:00', 20.50);

INSERT INTO Guardian VALUES ('133980', '1234', 'Guardian1053', '1053guardian', '555-555-5555', 'blah@blah.com', '123 nowhere', null, 'Spokane', 'WA', '99999', '../../Pictures/default.jpg', null);

INSERT INTO Family VALUES ('13398', 42);

INSERT INTO Guardian VALUES ('133981', '1234', 'Guardian21053', '10532guardian', '555-555-5555', 'blah@blah.com', '123 nowhere', null, 'Spokane', 'WA', '99999', '../../Pictures/default.jpg', null);

INSERT INTO AllowedConnections VALUES ('104212', '133990', '133992', 13399, null);

INSERT INTO Child VALUES ('133992', 'Child4213', '4213child', '2006-02-02', null, null, '../../Pictures/default.jpg', null);

INSERT INTO ChildcareTransaction VALUES ('1000004212', 'Regular Childcare', '104212', '2014-02-06', '12:00:00', '14:00:00', 20.50);

INSERT INTO AllowedConnections VALUES ('104213', '133990', '133993', 13399, null);

INSERT INTO Child VALUES ('133993', 'Child4214', '4214child', '2006-02-02', null, null, '../../Pictures/default.jpg', null);

INSERT INTO ChildcareTransaction VALUES ('1000004213', 'Regular Childcare', '104213', '2014-02-17', '12:00:00', '14:00:00', 20.50);

INSERT INTO AllowedConnections VALUES ('104214', '133990', '133994', 13399, null);

INSERT INTO Child VALUES ('133994', 'Child4215', '4215child', '2006-02-02', null, null, '../../Pictures/default.jpg', null);

INSERT INTO ChildcareTransaction VALUES ('1000004214', 'Regular Childcare', '104214', '2014-11-17', '12:00:00', '14:00:00', 20.50);

INSERT INTO AllowedConnections VALUES ('104215', '133990', '133995', 13399, null);

INSERT INTO Child VALUES ('133995', 'Child4216', '4216child', '2006-02-02', null, null, '../../Pictures/default.jpg', null);

INSERT INTO ChildcareTransaction VALUES ('1000004215', 'Regular Childcare', '104215', '2014-06-07', '12:00:00', '14:00:00', 20.50);

INSERT INTO Guardian VALUES ('133990', '1234', 'Guardian1054', '1054guardian', '555-555-5555', 'blah@blah.com', '123 nowhere', null, 'Spokane', 'WA', '99999', '../../Pictures/default.jpg', null);

INSERT INTO Family VALUES ('13399', 42);

INSERT INTO Guardian VALUES ('133991', '1234', 'Guardian21054', '10542guardian', '555-555-5555', 'blah@blah.com', '123 nowhere', null, 'Spokane', 'WA', '99999', '../../Pictures/default.jpg', null);

INSERT INTO AllowedConnections VALUES ('104216', '134000', '134002', 13400, null);

INSERT INTO Child VALUES ('134002', 'Child4217', '4217child', '2006-02-02', null, null, '../../Pictures/default.jpg', null);

INSERT INTO ChildcareTransaction VALUES ('1000004216', 'Regular Childcare', '104216', '2014-05-03', '12:00:00', '14:00:00', 20.50);

INSERT INTO AllowedConnections VALUES ('104217', '134000', '134003', 13400, null);

INSERT INTO Child VALUES ('134003', 'Child4218', '4218child', '2006-02-02', null, null, '../../Pictures/default.jpg', null);

INSERT INTO ChildcareTransaction VALUES ('1000004217', 'Regular Childcare', '104217', '2014-06-06', '12:00:00', '14:00:00', 20.50);

INSERT INTO AllowedConnections VALUES ('104218', '134000', '134004', 13400, null);

INSERT INTO Child VALUES ('134004', 'Child4219', '4219child', '2006-02-02', null, null, '../../Pictures/default.jpg', null);

INSERT INTO ChildcareTransaction VALUES ('1000004218', 'Regular Childcare', '104218', '2014-03-24', '12:00:00', '14:00:00', 20.50);

INSERT INTO AllowedConnections VALUES ('104219', '134000', '134005', 13400, null);

INSERT INTO Child VALUES ('134005', 'Child4220', '4220child', '2006-02-02', null, null, '../../Pictures/default.jpg', null);

INSERT INTO ChildcareTransaction VALUES ('1000004219', 'Regular Childcare', '104219', '2014-01-01', '12:00:00', '14:00:00', 20.50);

INSERT INTO Guardian VALUES ('134000', '1234', 'Guardian1055', '1055guardian', '555-555-5555', 'blah@blah.com', '123 nowhere', null, 'Spokane', 'WA', '99999', '../../Pictures/default.jpg', null);

INSERT INTO Family VALUES ('13400', 42);

INSERT INTO Guardian VALUES ('134001', '1234', 'Guardian21055', '10552guardian', '555-555-5555', 'blah@blah.com', '123 nowhere', null, 'Spokane', 'WA', '99999', '../../Pictures/default.jpg', null);

INSERT INTO AllowedConnections VALUES ('104220', '134010', '134012', 13401, null);

INSERT INTO Child VALUES ('134012', 'Child4221', '4221child', '2006-02-02', null, null, '../../Pictures/default.jpg', null);

INSERT INTO ChildcareTransaction VALUES ('1000004220', 'Regular Childcare', '104220', '2014-04-09', '12:00:00', '14:00:00', 20.50);

INSERT INTO AllowedConnections VALUES ('104221', '134010', '134013', 13401, null);

INSERT INTO Child VALUES ('134013', 'Child4222', '4222child', '2006-02-02', null, null, '../../Pictures/default.jpg', null);

INSERT INTO ChildcareTransaction VALUES ('1000004221', 'Regular Childcare', '104221', '2014-05-09', '12:00:00', '14:00:00', 20.50);

INSERT INTO AllowedConnections VALUES ('104222', '134010', '134014', 13401, null);

INSERT INTO Child VALUES ('134014', 'Child4223', '4223child', '2006-02-02', null, null, '../../Pictures/default.jpg', null);

INSERT INTO ChildcareTransaction VALUES ('1000004222', 'Regular Childcare', '104222', '2014-08-27', '12:00:00', '14:00:00', 20.50);

INSERT INTO AllowedConnections VALUES ('104223', '134010', '134015', 13401, null);

INSERT INTO Child VALUES ('134015', 'Child4224', '4224child', '2006-02-02', null, null, '../../Pictures/default.jpg', null);

INSERT INTO ChildcareTransaction VALUES ('1000004223', 'Regular Childcare', '104223', '2014-02-19', '12:00:00', '14:00:00', 20.50);

INSERT INTO Guardian VALUES ('134010', '1234', 'Guardian1056', '1056guardian', '555-555-5555', 'blah@blah.com', '123 nowhere', null, 'Spokane', 'WA', '99999', '../../Pictures/default.jpg', null);

INSERT INTO Family VALUES ('13401', 42);

INSERT INTO Guardian VALUES ('134011', '1234', 'Guardian21056', '10562guardian', '555-555-5555', 'blah@blah.com', '123 nowhere', null, 'Spokane', 'WA', '99999', '../../Pictures/default.jpg', null);

INSERT INTO AllowedConnections VALUES ('104224', '134020', '134022', 13402, null);

INSERT INTO Child VALUES ('134022', 'Child4225', '4225child', '2006-02-02', null, null, '../../Pictures/default.jpg', null);

INSERT INTO ChildcareTransaction VALUES ('1000004224', 'Regular Childcare', '104224', '2014-10-24', '12:00:00', '14:00:00', 20.50);

INSERT INTO AllowedConnections VALUES ('104225', '134020', '134023', 13402, null);

INSERT INTO Child VALUES ('134023', 'Child4226', '4226child', '2006-02-02', null, null, '../../Pictures/default.jpg', null);

INSERT INTO ChildcareTransaction VALUES ('1000004225', 'Regular Childcare', '104225', '2014-08-14', '12:00:00', '14:00:00', 20.50);

INSERT INTO AllowedConnections VALUES ('104226', '134020', '134024', 13402, null);

INSERT INTO Child VALUES ('134024', 'Child4227', '4227child', '2006-02-02', null, null, '../../Pictures/default.jpg', null);

INSERT INTO ChildcareTransaction VALUES ('1000004226', 'Regular Childcare', '104226', '2014-03-04', '12:00:00', '14:00:00', 20.50);

INSERT INTO AllowedConnections VALUES ('104227', '134020', '134025', 13402, null);

INSERT INTO Child VALUES ('134025', 'Child4228', '4228child', '2006-02-02', null, null, '../../Pictures/default.jpg', null);

INSERT INTO ChildcareTransaction VALUES ('1000004227', 'Regular Childcare', '104227', '2014-02-23', '12:00:00', '14:00:00', 20.50);

INSERT INTO Guardian VALUES ('134020', '1234', 'Guardian1057', '1057guardian', '555-555-5555', 'blah@blah.com', '123 nowhere', null, 'Spokane', 'WA', '99999', '../../Pictures/default.jpg', null);

INSERT INTO Family VALUES ('13402', 42);

INSERT INTO Guardian VALUES ('134021', '1234', 'Guardian21057', '10572guardian', '555-555-5555', 'blah@blah.com', '123 nowhere', null, 'Spokane', 'WA', '99999', '../../Pictures/default.jpg', null);

INSERT INTO AllowedConnections VALUES ('104228', '134030', '134032', 13403, null);

INSERT INTO Child VALUES ('134032', 'Child4229', '4229child', '2006-02-02', null, null, '../../Pictures/default.jpg', null);

INSERT INTO ChildcareTransaction VALUES ('1000004228', 'Regular Childcare', '104228', '2014-07-15', '12:00:00', '14:00:00', 20.50);

INSERT INTO AllowedConnections VALUES ('104229', '134030', '134033', 13403, null);

INSERT INTO Child VALUES ('134033', 'Child4230', '4230child', '2006-02-02', null, null, '../../Pictures/default.jpg', null);

INSERT INTO ChildcareTransaction VALUES ('1000004229', 'Regular Childcare', '104229', '2014-10-13', '12:00:00', '14:00:00', 20.50);

INSERT INTO AllowedConnections VALUES ('104230', '134030', '134034', 13403, null);

INSERT INTO Child VALUES ('134034', 'Child4231', '4231child', '2006-02-02', null, null, '../../Pictures/default.jpg', null);

INSERT INTO ChildcareTransaction VALUES ('1000004230', 'Regular Childcare', '104230', '2014-05-18', '12:00:00', '14:00:00', 20.50);

INSERT INTO AllowedConnections VALUES ('104231', '134030', '134035', 13403, null);

INSERT INTO Child VALUES ('134035', 'Child4232', '4232child', '2006-02-02', null, null, '../../Pictures/default.jpg', null);

INSERT INTO ChildcareTransaction VALUES ('1000004231', 'Regular Childcare', '104231', '2014-05-07', '12:00:00', '14:00:00', 20.50);

INSERT INTO Guardian VALUES ('134030', '1234', 'Guardian1058', '1058guardian', '555-555-5555', 'blah@blah.com', '123 nowhere', null, 'Spokane', 'WA', '99999', '../../Pictures/default.jpg', null);

INSERT INTO Family VALUES ('13403', 42);

INSERT INTO Guardian VALUES ('134031', '1234', 'Guardian21058', '10582guardian', '555-555-5555', 'blah@blah.com', '123 nowhere', null, 'Spokane', 'WA', '99999', '../../Pictures/default.jpg', null);

INSERT INTO AllowedConnections VALUES ('104232', '134040', '134042', 13404, null);

INSERT INTO Child VALUES ('134042', 'Child4233', '4233child', '2006-02-02', null, null, '../../Pictures/default.jpg', null);

INSERT INTO ChildcareTransaction VALUES ('1000004232', 'Regular Childcare', '104232', '2014-02-18', '12:00:00', '14:00:00', 20.50);

INSERT INTO AllowedConnections VALUES ('104233', '134040', '134043', 13404, null);

INSERT INTO Child VALUES ('134043', 'Child4234', '4234child', '2006-02-02', null, null, '../../Pictures/default.jpg', null);

INSERT INTO ChildcareTransaction VALUES ('1000004233', 'Regular Childcare', '104233', '2014-12-03', '12:00:00', '14:00:00', 20.50);

INSERT INTO AllowedConnections VALUES ('104234', '134040', '134044', 13404, null);

INSERT INTO Child VALUES ('134044', 'Child4235', '4235child', '2006-02-02', null, null, '../../Pictures/default.jpg', null);

INSERT INTO ChildcareTransaction VALUES ('1000004234', 'Regular Childcare', '104234', '2014-07-05', '12:00:00', '14:00:00', 20.50);

INSERT INTO AllowedConnections VALUES ('104235', '134040', '134045', 13404, null);

INSERT INTO Child VALUES ('134045', 'Child4236', '4236child', '2006-02-02', null, null, '../../Pictures/default.jpg', null);

INSERT INTO ChildcareTransaction VALUES ('1000004235', 'Regular Childcare', '104235', '2014-07-03', '12:00:00', '14:00:00', 20.50);

INSERT INTO Guardian VALUES ('134040', '1234', 'Guardian1059', '1059guardian', '555-555-5555', 'blah@blah.com', '123 nowhere', null, 'Spokane', 'WA', '99999', '../../Pictures/default.jpg', null);

INSERT INTO Family VALUES ('13404', 42);

INSERT INTO Guardian VALUES ('134041', '1234', 'Guardian21059', '10592guardian', '555-555-5555', 'blah@blah.com', '123 nowhere', null, 'Spokane', 'WA', '99999', '../../Pictures/default.jpg', null);

INSERT INTO AllowedConnections VALUES ('104236', '134050', '134052', 13405, null);

INSERT INTO Child VALUES ('134052', 'Child4237', '4237child', '2006-02-02', null, null, '../../Pictures/default.jpg', null);

INSERT INTO ChildcareTransaction VALUES ('1000004236', 'Regular Childcare', '104236', '2014-12-26', '12:00:00', '14:00:00', 20.50);

INSERT INTO AllowedConnections VALUES ('104237', '134050', '134053', 13405, null);

INSERT INTO Child VALUES ('134053', 'Child4238', '4238child', '2006-02-02', null, null, '../../Pictures/default.jpg', null);

INSERT INTO ChildcareTransaction VALUES ('1000004237', 'Regular Childcare', '104237', '2014-10-08', '12:00:00', '14:00:00', 20.50);

INSERT INTO AllowedConnections VALUES ('104238', '134050', '134054', 13405, null);

INSERT INTO Child VALUES ('134054', 'Child4239', '4239child', '2006-02-02', null, null, '../../Pictures/default.jpg', null);

INSERT INTO ChildcareTransaction VALUES ('1000004238', 'Regular Childcare', '104238', '2014-11-08', '12:00:00', '14:00:00', 20.50);

INSERT INTO AllowedConnections VALUES ('104239', '134050', '134055', 13405, null);

INSERT INTO Child VALUES ('134055', 'Child4240', '4240child', '2006-02-02', null, null, '../../Pictures/default.jpg', null);

INSERT INTO ChildcareTransaction VALUES ('1000004239', 'Regular Childcare', '104239', '2014-10-12', '12:00:00', '14:00:00', 20.50);

INSERT INTO Guardian VALUES ('134050', '1234', 'Guardian1060', '1060guardian', '555-555-5555', 'blah@blah.com', '123 nowhere', null, 'Spokane', 'WA', '99999', '../../Pictures/default.jpg', null);

INSERT INTO Family VALUES ('13405', 42);

INSERT INTO Guardian VALUES ('134051', '1234', 'Guardian21060', '10602guardian', '555-555-5555', 'blah@blah.com', '123 nowhere', null, 'Spokane', 'WA', '99999', '../../Pictures/default.jpg', null);

INSERT INTO AllowedConnections VALUES ('104240', '134060', '134062', 13406, null);

INSERT INTO Child VALUES ('134062', 'Child4241', '4241child', '2006-02-02', null, null, '../../Pictures/default.jpg', null);

INSERT INTO ChildcareTransaction VALUES ('1000004240', 'Regular Childcare', '104240', '2014-08-01', '12:00:00', '14:00:00', 20.50);

INSERT INTO AllowedConnections VALUES ('104241', '134060', '134063', 13406, null);

INSERT INTO Child VALUES ('134063', 'Child4242', '4242child', '2006-02-02', null, null, '../../Pictures/default.jpg', null);

INSERT INTO ChildcareTransaction VALUES ('1000004241', 'Regular Childcare', '104241', '2014-08-17', '12:00:00', '14:00:00', 20.50);

INSERT INTO AllowedConnections VALUES ('104242', '134060', '134064', 13406, null);

INSERT INTO Child VALUES ('134064', 'Child4243', '4243child', '2006-02-02', null, null, '../../Pictures/default.jpg', null);

INSERT INTO ChildcareTransaction VALUES ('1000004242', 'Regular Childcare', '104242', '2014-02-11', '12:00:00', '14:00:00', 20.50);

INSERT INTO AllowedConnections VALUES ('104243', '134060', '134065', 13406, null);

INSERT INTO Child VALUES ('134065', 'Child4244', '4244child', '2006-02-02', null, null, '../../Pictures/default.jpg', null);

INSERT INTO ChildcareTransaction VALUES ('1000004243', 'Regular Childcare', '104243', '2014-08-07', '12:00:00', '14:00:00', 20.50);

INSERT INTO Guardian VALUES ('134060', '1234', 'Guardian1061', '1061guardian', '555-555-5555', 'blah@blah.com', '123 nowhere', null, 'Spokane', 'WA', '99999', '../../Pictures/default.jpg', null);

INSERT INTO Family VALUES ('13406', 42);

INSERT INTO Guardian VALUES ('134061', '1234', 'Guardian21061', '10612guardian', '555-555-5555', 'blah@blah.com', '123 nowhere', null, 'Spokane', 'WA', '99999', '../../Pictures/default.jpg', null);

INSERT INTO AllowedConnections VALUES ('104244', '134070', '134072', 13407, null);

INSERT INTO Child VALUES ('134072', 'Child4245', '4245child', '2006-02-02', null, null, '../../Pictures/default.jpg', null);

INSERT INTO ChildcareTransaction VALUES ('1000004244', 'Regular Childcare', '104244', '2014-09-16', '12:00:00', '14:00:00', 20.50);

INSERT INTO AllowedConnections VALUES ('104245', '134070', '134073', 13407, null);

INSERT INTO Child VALUES ('134073', 'Child4246', '4246child', '2006-02-02', null, null, '../../Pictures/default.jpg', null);

INSERT INTO ChildcareTransaction VALUES ('1000004245', 'Regular Childcare', '104245', '2014-07-08', '12:00:00', '14:00:00', 20.50);

INSERT INTO AllowedConnections VALUES ('104246', '134070', '134074', 13407, null);

INSERT INTO Child VALUES ('134074', 'Child4247', '4247child', '2006-02-02', null, null, '../../Pictures/default.jpg', null);

INSERT INTO ChildcareTransaction VALUES ('1000004246', 'Regular Childcare', '104246', '2014-10-25', '12:00:00', '14:00:00', 20.50);

INSERT INTO AllowedConnections VALUES ('104247', '134070', '134075', 13407, null);

INSERT INTO Child VALUES ('134075', 'Child4248', '4248child', '2006-02-02', null, null, '../../Pictures/default.jpg', null);

INSERT INTO ChildcareTransaction VALUES ('1000004247', 'Regular Childcare', '104247', '2014-02-10', '12:00:00', '14:00:00', 20.50);

INSERT INTO Guardian VALUES ('134070', '1234', 'Guardian1062', '1062guardian', '555-555-5555', 'blah@blah.com', '123 nowhere', null, 'Spokane', 'WA', '99999', '../../Pictures/default.jpg', null);

INSERT INTO Family VALUES ('13407', 42);

INSERT INTO Guardian VALUES ('134071', '1234', 'Guardian21062', '10622guardian', '555-555-5555', 'blah@blah.com', '123 nowhere', null, 'Spokane', 'WA', '99999', '../../Pictures/default.jpg', null);

INSERT INTO AllowedConnections VALUES ('104248', '134080', '134082', 13408, null);

INSERT INTO Child VALUES ('134082', 'Child4249', '4249child', '2006-02-02', null, null, '../../Pictures/default.jpg', null);

INSERT INTO ChildcareTransaction VALUES ('1000004248', 'Regular Childcare', '104248', '2014-11-22', '12:00:00', '14:00:00', 20.50);

INSERT INTO AllowedConnections VALUES ('104249', '134080', '134083', 13408, null);

INSERT INTO Child VALUES ('134083', 'Child4250', '4250child', '2006-02-02', null, null, '../../Pictures/default.jpg', null);

INSERT INTO ChildcareTransaction VALUES ('1000004249', 'Regular Childcare', '104249', '2014-11-09', '12:00:00', '14:00:00', 20.50);

INSERT INTO AllowedConnections VALUES ('104250', '134080', '134084', 13408, null);

INSERT INTO Child VALUES ('134084', 'Child4251', '4251child', '2006-02-02', null, null, '../../Pictures/default.jpg', null);

INSERT INTO ChildcareTransaction VALUES ('1000004250', 'Regular Childcare', '104250', '2014-03-13', '12:00:00', '14:00:00', 20.50);

INSERT INTO AllowedConnections VALUES ('104251', '134080', '134085', 13408, null);

INSERT INTO Child VALUES ('134085', 'Child4252', '4252child', '2006-02-02', null, null, '../../Pictures/default.jpg', null);

INSERT INTO ChildcareTransaction VALUES ('1000004251', 'Regular Childcare', '104251', '2014-09-06', '12:00:00', '14:00:00', 20.50);

INSERT INTO Guardian VALUES ('134080', '1234', 'Guardian1063', '1063guardian', '555-555-5555', 'blah@blah.com', '123 nowhere', null, 'Spokane', 'WA', '99999', '../../Pictures/default.jpg', null);

INSERT INTO Family VALUES ('13408', 42);

INSERT INTO Guardian VALUES ('134081', '1234', 'Guardian21063', '10632guardian', '555-555-5555', 'blah@blah.com', '123 nowhere', null, 'Spokane', 'WA', '99999', '../../Pictures/default.jpg', null);

INSERT INTO AllowedConnections VALUES ('104252', '134090', '134092', 13409, null);

INSERT INTO Child VALUES ('134092', 'Child4253', '4253child', '2006-02-02', null, null, '../../Pictures/default.jpg', null);

INSERT INTO ChildcareTransaction VALUES ('1000004252', 'Regular Childcare', '104252', '2014-01-18', '12:00:00', '14:00:00', 20.50);

INSERT INTO AllowedConnections VALUES ('104253', '134090', '134093', 13409, null);

INSERT INTO Child VALUES ('134093', 'Child4254', '4254child', '2006-02-02', null, null, '../../Pictures/default.jpg', null);

INSERT INTO ChildcareTransaction VALUES ('1000004253', 'Regular Childcare', '104253', '2014-10-24', '12:00:00', '14:00:00', 20.50);

INSERT INTO AllowedConnections VALUES ('104254', '134090', '134094', 13409, null);

INSERT INTO Child VALUES ('134094', 'Child4255', '4255child', '2006-02-02', null, null, '../../Pictures/default.jpg', null);

INSERT INTO ChildcareTransaction VALUES ('1000004254', 'Regular Childcare', '104254', '2014-04-25', '12:00:00', '14:00:00', 20.50);

INSERT INTO AllowedConnections VALUES ('104255', '134090', '134095', 13409, null);

INSERT INTO Child VALUES ('134095', 'Child4256', '4256child', '2006-02-02', null, null, '../../Pictures/default.jpg', null);

INSERT INTO ChildcareTransaction VALUES ('1000004255', 'Regular Childcare', '104255', '2014-02-03', '12:00:00', '14:00:00', 20.50);

INSERT INTO Guardian VALUES ('134090', '1234', 'Guardian1064', '1064guardian', '555-555-5555', 'blah@blah.com', '123 nowhere', null, 'Spokane', 'WA', '99999', '../../Pictures/default.jpg', null);

INSERT INTO Family VALUES ('13409', 42);

INSERT INTO Guardian VALUES ('134091', '1234', 'Guardian21064', '10642guardian', '555-555-5555', 'blah@blah.com', '123 nowhere', null, 'Spokane', 'WA', '99999', '../../Pictures/default.jpg', null);

INSERT INTO AllowedConnections VALUES ('104256', '134100', '134102', 13410, null);

INSERT INTO Child VALUES ('134102', 'Child4257', '4257child', '2006-02-02', null, null, '../../Pictures/default.jpg', null);

INSERT INTO ChildcareTransaction VALUES ('1000004256', 'Regular Childcare', '104256', '2014-06-26', '12:00:00', '14:00:00', 20.50);

INSERT INTO AllowedConnections VALUES ('104257', '134100', '134103', 13410, null);

INSERT INTO Child VALUES ('134103', 'Child4258', '4258child', '2006-02-02', null, null, '../../Pictures/default.jpg', null);

INSERT INTO ChildcareTransaction VALUES ('1000004257', 'Regular Childcare', '104257', '2014-05-05', '12:00:00', '14:00:00', 20.50);

INSERT INTO AllowedConnections VALUES ('104258', '134100', '134104', 13410, null);

INSERT INTO Child VALUES ('134104', 'Child4259', '4259child', '2006-02-02', null, null, '../../Pictures/default.jpg', null);

INSERT INTO ChildcareTransaction VALUES ('1000004258', 'Regular Childcare', '104258', '2014-10-15', '12:00:00', '14:00:00', 20.50);

INSERT INTO AllowedConnections VALUES ('104259', '134100', '134105', 13410, null);

INSERT INTO Child VALUES ('134105', 'Child4260', '4260child', '2006-02-02', null, null, '../../Pictures/default.jpg', null);

INSERT INTO ChildcareTransaction VALUES ('1000004259', 'Regular Childcare', '104259', '2014-10-19', '12:00:00', '14:00:00', 20.50);

INSERT INTO Guardian VALUES ('134100', '1234', 'Guardian1065', '1065guardian', '555-555-5555', 'blah@blah.com', '123 nowhere', null, 'Spokane', 'WA', '99999', '../../Pictures/default.jpg', null);

INSERT INTO Family VALUES ('13410', 42);

INSERT INTO Guardian VALUES ('134101', '1234', 'Guardian21065', '10652guardian', '555-555-5555', 'blah@blah.com', '123 nowhere', null, 'Spokane', 'WA', '99999', '../../Pictures/default.jpg', null);

INSERT INTO AllowedConnections VALUES ('104260', '134110', '134112', 13411, null);

INSERT INTO Child VALUES ('134112', 'Child4261', '4261child', '2006-02-02', null, null, '../../Pictures/default.jpg', null);

INSERT INTO ChildcareTransaction VALUES ('1000004260', 'Regular Childcare', '104260', '2014-01-22', '12:00:00', '14:00:00', 20.50);

INSERT INTO AllowedConnections VALUES ('104261', '134110', '134113', 13411, null);

INSERT INTO Child VALUES ('134113', 'Child4262', '4262child', '2006-02-02', null, null, '../../Pictures/default.jpg', null);

INSERT INTO ChildcareTransaction VALUES ('1000004261', 'Regular Childcare', '104261', '2014-03-17', '12:00:00', '14:00:00', 20.50);

INSERT INTO AllowedConnections VALUES ('104262', '134110', '134114', 13411, null);

INSERT INTO Child VALUES ('134114', 'Child4263', '4263child', '2006-02-02', null, null, '../../Pictures/default.jpg', null);

INSERT INTO ChildcareTransaction VALUES ('1000004262', 'Regular Childcare', '104262', '2014-08-04', '12:00:00', '14:00:00', 20.50);

INSERT INTO AllowedConnections VALUES ('104263', '134110', '134115', 13411, null);

INSERT INTO Child VALUES ('134115', 'Child4264', '4264child', '2006-02-02', null, null, '../../Pictures/default.jpg', null);

INSERT INTO ChildcareTransaction VALUES ('1000004263', 'Regular Childcare', '104263', '2014-02-11', '12:00:00', '14:00:00', 20.50);

INSERT INTO Guardian VALUES ('134110', '1234', 'Guardian1066', '1066guardian', '555-555-5555', 'blah@blah.com', '123 nowhere', null, 'Spokane', 'WA', '99999', '../../Pictures/default.jpg', null);

INSERT INTO Family VALUES ('13411', 42);

INSERT INTO Guardian VALUES ('134111', '1234', 'Guardian21066', '10662guardian', '555-555-5555', 'blah@blah.com', '123 nowhere', null, 'Spokane', 'WA', '99999', '../../Pictures/default.jpg', null);

INSERT INTO AllowedConnections VALUES ('104264', '134120', '134122', 13412, null);

INSERT INTO Child VALUES ('134122', 'Child4265', '4265child', '2006-02-02', null, null, '../../Pictures/default.jpg', null);

INSERT INTO ChildcareTransaction VALUES ('1000004264', 'Regular Childcare', '104264', '2014-07-01', '12:00:00', '14:00:00', 20.50);

INSERT INTO AllowedConnections VALUES ('104265', '134120', '134123', 13412, null);

INSERT INTO Child VALUES ('134123', 'Child4266', '4266child', '2006-02-02', null, null, '../../Pictures/default.jpg', null);

INSERT INTO ChildcareTransaction VALUES ('1000004265', 'Regular Childcare', '104265', '2014-03-16', '12:00:00', '14:00:00', 20.50);

INSERT INTO AllowedConnections VALUES ('104266', '134120', '134124', 13412, null);

INSERT INTO Child VALUES ('134124', 'Child4267', '4267child', '2006-02-02', null, null, '../../Pictures/default.jpg', null);

INSERT INTO ChildcareTransaction VALUES ('1000004266', 'Regular Childcare', '104266', '2014-02-04', '12:00:00', '14:00:00', 20.50);

INSERT INTO AllowedConnections VALUES ('104267', '134120', '134125', 13412, null);

INSERT INTO Child VALUES ('134125', 'Child4268', '4268child', '2006-02-02', null, null, '../../Pictures/default.jpg', null);

INSERT INTO ChildcareTransaction VALUES ('1000004267', 'Regular Childcare', '104267', '2014-04-01', '12:00:00', '14:00:00', 20.50);

INSERT INTO Guardian VALUES ('134120', '1234', 'Guardian1067', '1067guardian', '555-555-5555', 'blah@blah.com', '123 nowhere', null, 'Spokane', 'WA', '99999', '../../Pictures/default.jpg', null);

INSERT INTO Family VALUES ('13412', 42);

INSERT INTO Guardian VALUES ('134121', '1234', 'Guardian21067', '10672guardian', '555-555-5555', 'blah@blah.com', '123 nowhere', null, 'Spokane', 'WA', '99999', '../../Pictures/default.jpg', null);

INSERT INTO AllowedConnections VALUES ('104268', '134130', '134132', 13413, null);

INSERT INTO Child VALUES ('134132', 'Child4269', '4269child', '2006-02-02', null, null, '../../Pictures/default.jpg', null);

INSERT INTO ChildcareTransaction VALUES ('1000004268', 'Regular Childcare', '104268', '2014-08-19', '12:00:00', '14:00:00', 20.50);

INSERT INTO AllowedConnections VALUES ('104269', '134130', '134133', 13413, null);

INSERT INTO Child VALUES ('134133', 'Child4270', '4270child', '2006-02-02', null, null, '../../Pictures/default.jpg', null);

INSERT INTO ChildcareTransaction VALUES ('1000004269', 'Regular Childcare', '104269', '2014-04-17', '12:00:00', '14:00:00', 20.50);

INSERT INTO AllowedConnections VALUES ('104270', '134130', '134134', 13413, null);

INSERT INTO Child VALUES ('134134', 'Child4271', '4271child', '2006-02-02', null, null, '../../Pictures/default.jpg', null);

INSERT INTO ChildcareTransaction VALUES ('1000004270', 'Regular Childcare', '104270', '2014-10-02', '12:00:00', '14:00:00', 20.50);

INSERT INTO AllowedConnections VALUES ('104271', '134130', '134135', 13413, null);

INSERT INTO Child VALUES ('134135', 'Child4272', '4272child', '2006-02-02', null, null, '../../Pictures/default.jpg', null);

INSERT INTO ChildcareTransaction VALUES ('1000004271', 'Regular Childcare', '104271', '2014-02-24', '12:00:00', '14:00:00', 20.50);

INSERT INTO Guardian VALUES ('134130', '1234', 'Guardian1068', '1068guardian', '555-555-5555', 'blah@blah.com', '123 nowhere', null, 'Spokane', 'WA', '99999', '../../Pictures/default.jpg', null);

INSERT INTO Family VALUES ('13413', 42);

INSERT INTO Guardian VALUES ('134131', '1234', 'Guardian21068', '10682guardian', '555-555-5555', 'blah@blah.com', '123 nowhere', null, 'Spokane', 'WA', '99999', '../../Pictures/default.jpg', null);

INSERT INTO AllowedConnections VALUES ('104272', '134140', '134142', 13414, null);

INSERT INTO Child VALUES ('134142', 'Child4273', '4273child', '2006-02-02', null, null, '../../Pictures/default.jpg', null);

INSERT INTO ChildcareTransaction VALUES ('1000004272', 'Regular Childcare', '104272', '2014-07-27', '12:00:00', '14:00:00', 20.50);

INSERT INTO AllowedConnections VALUES ('104273', '134140', '134143', 13414, null);

INSERT INTO Child VALUES ('134143', 'Child4274', '4274child', '2006-02-02', null, null, '../../Pictures/default.jpg', null);

INSERT INTO ChildcareTransaction VALUES ('1000004273', 'Regular Childcare', '104273', '2014-07-19', '12:00:00', '14:00:00', 20.50);

INSERT INTO AllowedConnections VALUES ('104274', '134140', '134144', 13414, null);

INSERT INTO Child VALUES ('134144', 'Child4275', '4275child', '2006-02-02', null, null, '../../Pictures/default.jpg', null);

INSERT INTO ChildcareTransaction VALUES ('1000004274', 'Regular Childcare', '104274', '2014-08-08', '12:00:00', '14:00:00', 20.50);

INSERT INTO AllowedConnections VALUES ('104275', '134140', '134145', 13414, null);

INSERT INTO Child VALUES ('134145', 'Child4276', '4276child', '2006-02-02', null, null, '../../Pictures/default.jpg', null);

INSERT INTO ChildcareTransaction VALUES ('1000004275', 'Regular Childcare', '104275', '2014-07-02', '12:00:00', '14:00:00', 20.50);

INSERT INTO Guardian VALUES ('134140', '1234', 'Guardian1069', '1069guardian', '555-555-5555', 'blah@blah.com', '123 nowhere', null, 'Spokane', 'WA', '99999', '../../Pictures/default.jpg', null);

INSERT INTO Family VALUES ('13414', 42);

INSERT INTO Guardian VALUES ('134141', '1234', 'Guardian21069', '10692guardian', '555-555-5555', 'blah@blah.com', '123 nowhere', null, 'Spokane', 'WA', '99999', '../../Pictures/default.jpg', null);

INSERT INTO AllowedConnections VALUES ('104276', '134150', '134152', 13415, null);

INSERT INTO Child VALUES ('134152', 'Child4277', '4277child', '2006-02-02', null, null, '../../Pictures/default.jpg', null);

INSERT INTO ChildcareTransaction VALUES ('1000004276', 'Regular Childcare', '104276', '2014-03-15', '12:00:00', '14:00:00', 20.50);

INSERT INTO AllowedConnections VALUES ('104277', '134150', '134153', 13415, null);

INSERT INTO Child VALUES ('134153', 'Child4278', '4278child', '2006-02-02', null, null, '../../Pictures/default.jpg', null);

INSERT INTO ChildcareTransaction VALUES ('1000004277', 'Regular Childcare', '104277', '2014-02-17', '12:00:00', '14:00:00', 20.50);

INSERT INTO AllowedConnections VALUES ('104278', '134150', '134154', 13415, null);

INSERT INTO Child VALUES ('134154', 'Child4279', '4279child', '2006-02-02', null, null, '../../Pictures/default.jpg', null);

INSERT INTO ChildcareTransaction VALUES ('1000004278', 'Regular Childcare', '104278', '2014-11-19', '12:00:00', '14:00:00', 20.50);

INSERT INTO AllowedConnections VALUES ('104279', '134150', '134155', 13415, null);

INSERT INTO Child VALUES ('134155', 'Child4280', '4280child', '2006-02-02', null, null, '../../Pictures/default.jpg', null);

INSERT INTO ChildcareTransaction VALUES ('1000004279', 'Regular Childcare', '104279', '2014-11-13', '12:00:00', '14:00:00', 20.50);

INSERT INTO Guardian VALUES ('134150', '1234', 'Guardian1070', '1070guardian', '555-555-5555', 'blah@blah.com', '123 nowhere', null, 'Spokane', 'WA', '99999', '../../Pictures/default.jpg', null);

INSERT INTO Family VALUES ('13415', 42);

INSERT INTO Guardian VALUES ('134151', '1234', 'Guardian21070', '10702guardian', '555-555-5555', 'blah@blah.com', '123 nowhere', null, 'Spokane', 'WA', '99999', '../../Pictures/default.jpg', null);

INSERT INTO AllowedConnections VALUES ('104280', '134160', '134162', 13416, null);

INSERT INTO Child VALUES ('134162', 'Child4281', '4281child', '2006-02-02', null, null, '../../Pictures/default.jpg', null);

INSERT INTO ChildcareTransaction VALUES ('1000004280', 'Regular Childcare', '104280', '2014-10-03', '12:00:00', '14:00:00', 20.50);

INSERT INTO AllowedConnections VALUES ('104281', '134160', '134163', 13416, null);

INSERT INTO Child VALUES ('134163', 'Child4282', '4282child', '2006-02-02', null, null, '../../Pictures/default.jpg', null);

INSERT INTO ChildcareTransaction VALUES ('1000004281', 'Regular Childcare', '104281', '2014-02-02', '12:00:00', '14:00:00', 20.50);

INSERT INTO AllowedConnections VALUES ('104282', '134160', '134164', 13416, null);

INSERT INTO Child VALUES ('134164', 'Child4283', '4283child', '2006-02-02', null, null, '../../Pictures/default.jpg', null);

INSERT INTO ChildcareTransaction VALUES ('1000004282', 'Regular Childcare', '104282', '2014-11-19', '12:00:00', '14:00:00', 20.50);

INSERT INTO AllowedConnections VALUES ('104283', '134160', '134165', 13416, null);

INSERT INTO Child VALUES ('134165', 'Child4284', '4284child', '2006-02-02', null, null, '../../Pictures/default.jpg', null);

INSERT INTO ChildcareTransaction VALUES ('1000004283', 'Regular Childcare', '104283', '2014-09-24', '12:00:00', '14:00:00', 20.50);

INSERT INTO Guardian VALUES ('134160', '1234', 'Guardian1071', '1071guardian', '555-555-5555', 'blah@blah.com', '123 nowhere', null, 'Spokane', 'WA', '99999', '../../Pictures/default.jpg', null);

INSERT INTO Family VALUES ('13416', 42);

INSERT INTO Guardian VALUES ('134161', '1234', 'Guardian21071', '10712guardian', '555-555-5555', 'blah@blah.com', '123 nowhere', null, 'Spokane', 'WA', '99999', '../../Pictures/default.jpg', null);

INSERT INTO AllowedConnections VALUES ('104284', '134170', '134172', 13417, null);

INSERT INTO Child VALUES ('134172', 'Child4285', '4285child', '2006-02-02', null, null, '../../Pictures/default.jpg', null);

INSERT INTO ChildcareTransaction VALUES ('1000004284', 'Regular Childcare', '104284', '2014-02-23', '12:00:00', '14:00:00', 20.50);

INSERT INTO AllowedConnections VALUES ('104285', '134170', '134173', 13417, null);

INSERT INTO Child VALUES ('134173', 'Child4286', '4286child', '2006-02-02', null, null, '../../Pictures/default.jpg', null);

INSERT INTO ChildcareTransaction VALUES ('1000004285', 'Regular Childcare', '104285', '2014-09-24', '12:00:00', '14:00:00', 20.50);

INSERT INTO AllowedConnections VALUES ('104286', '134170', '134174', 13417, null);

INSERT INTO Child VALUES ('134174', 'Child4287', '4287child', '2006-02-02', null, null, '../../Pictures/default.jpg', null);

INSERT INTO ChildcareTransaction VALUES ('1000004286', 'Regular Childcare', '104286', '2014-03-25', '12:00:00', '14:00:00', 20.50);

INSERT INTO AllowedConnections VALUES ('104287', '134170', '134175', 13417, null);

INSERT INTO Child VALUES ('134175', 'Child4288', '4288child', '2006-02-02', null, null, '../../Pictures/default.jpg', null);

INSERT INTO ChildcareTransaction VALUES ('1000004287', 'Regular Childcare', '104287', '2014-12-21', '12:00:00', '14:00:00', 20.50);

INSERT INTO Guardian VALUES ('134170', '1234', 'Guardian1072', '1072guardian', '555-555-5555', 'blah@blah.com', '123 nowhere', null, 'Spokane', 'WA', '99999', '../../Pictures/default.jpg', null);

INSERT INTO Family VALUES ('13417', 42);

INSERT INTO Guardian VALUES ('134171', '1234', 'Guardian21072', '10722guardian', '555-555-5555', 'blah@blah.com', '123 nowhere', null, 'Spokane', 'WA', '99999', '../../Pictures/default.jpg', null);

INSERT INTO AllowedConnections VALUES ('104288', '134180', '134182', 13418, null);

INSERT INTO Child VALUES ('134182', 'Child4289', '4289child', '2006-02-02', null, null, '../../Pictures/default.jpg', null);

INSERT INTO ChildcareTransaction VALUES ('1000004288', 'Regular Childcare', '104288', '2014-11-02', '12:00:00', '14:00:00', 20.50);

INSERT INTO AllowedConnections VALUES ('104289', '134180', '134183', 13418, null);

INSERT INTO Child VALUES ('134183', 'Child4290', '4290child', '2006-02-02', null, null, '../../Pictures/default.jpg', null);

INSERT INTO ChildcareTransaction VALUES ('1000004289', 'Regular Childcare', '104289', '2014-11-03', '12:00:00', '14:00:00', 20.50);

INSERT INTO AllowedConnections VALUES ('104290', '134180', '134184', 13418, null);

INSERT INTO Child VALUES ('134184', 'Child4291', '4291child', '2006-02-02', null, null, '../../Pictures/default.jpg', null);

INSERT INTO ChildcareTransaction VALUES ('1000004290', 'Regular Childcare', '104290', '2014-04-07', '12:00:00', '14:00:00', 20.50);

INSERT INTO AllowedConnections VALUES ('104291', '134180', '134185', 13418, null);

INSERT INTO Child VALUES ('134185', 'Child4292', '4292child', '2006-02-02', null, null, '../../Pictures/default.jpg', null);

INSERT INTO ChildcareTransaction VALUES ('1000004291', 'Regular Childcare', '104291', '2014-12-27', '12:00:00', '14:00:00', 20.50);

INSERT INTO Guardian VALUES ('134180', '1234', 'Guardian1073', '1073guardian', '555-555-5555', 'blah@blah.com', '123 nowhere', null, 'Spokane', 'WA', '99999', '../../Pictures/default.jpg', null);

INSERT INTO Family VALUES ('13418', 42);

INSERT INTO Guardian VALUES ('134181', '1234', 'Guardian21073', '10732guardian', '555-555-5555', 'blah@blah.com', '123 nowhere', null, 'Spokane', 'WA', '99999', '../../Pictures/default.jpg', null);

INSERT INTO AllowedConnections VALUES ('104292', '134190', '134192', 13419, null);

INSERT INTO Child VALUES ('134192', 'Child4293', '4293child', '2006-02-02', null, null, '../../Pictures/default.jpg', null);

INSERT INTO ChildcareTransaction VALUES ('1000004292', 'Regular Childcare', '104292', '2014-04-14', '12:00:00', '14:00:00', 20.50);

INSERT INTO AllowedConnections VALUES ('104293', '134190', '134193', 13419, null);

INSERT INTO Child VALUES ('134193', 'Child4294', '4294child', '2006-02-02', null, null, '../../Pictures/default.jpg', null);

INSERT INTO ChildcareTransaction VALUES ('1000004293', 'Regular Childcare', '104293', '2014-11-10', '12:00:00', '14:00:00', 20.50);

INSERT INTO AllowedConnections VALUES ('104294', '134190', '134194', 13419, null);

INSERT INTO Child VALUES ('134194', 'Child4295', '4295child', '2006-02-02', null, null, '../../Pictures/default.jpg', null);

INSERT INTO ChildcareTransaction VALUES ('1000004294', 'Regular Childcare', '104294', '2014-12-27', '12:00:00', '14:00:00', 20.50);

INSERT INTO AllowedConnections VALUES ('104295', '134190', '134195', 13419, null);

INSERT INTO Child VALUES ('134195', 'Child4296', '4296child', '2006-02-02', null, null, '../../Pictures/default.jpg', null);

INSERT INTO ChildcareTransaction VALUES ('1000004295', 'Regular Childcare', '104295', '2014-08-01', '12:00:00', '14:00:00', 20.50);

INSERT INTO Guardian VALUES ('134190', '1234', 'Guardian1074', '1074guardian', '555-555-5555', 'blah@blah.com', '123 nowhere', null, 'Spokane', 'WA', '99999', '../../Pictures/default.jpg', null);

INSERT INTO Family VALUES ('13419', 42);

INSERT INTO Guardian VALUES ('134191', '1234', 'Guardian21074', '10742guardian', '555-555-5555', 'blah@blah.com', '123 nowhere', null, 'Spokane', 'WA', '99999', '../../Pictures/default.jpg', null);

INSERT INTO AllowedConnections VALUES ('104296', '134200', '134202', 13420, null);

INSERT INTO Child VALUES ('134202', 'Child4297', '4297child', '2006-02-02', null, null, '../../Pictures/default.jpg', null);

INSERT INTO ChildcareTransaction VALUES ('1000004296', 'Regular Childcare', '104296', '2014-05-04', '12:00:00', '14:00:00', 20.50);

INSERT INTO AllowedConnections VALUES ('104297', '134200', '134203', 13420, null);

INSERT INTO Child VALUES ('134203', 'Child4298', '4298child', '2006-02-02', null, null, '../../Pictures/default.jpg', null);

INSERT INTO ChildcareTransaction VALUES ('1000004297', 'Regular Childcare', '104297', '2014-11-22', '12:00:00', '14:00:00', 20.50);

INSERT INTO AllowedConnections VALUES ('104298', '134200', '134204', 13420, null);

INSERT INTO Child VALUES ('134204', 'Child4299', '4299child', '2006-02-02', null, null, '../../Pictures/default.jpg', null);

INSERT INTO ChildcareTransaction VALUES ('1000004298', 'Regular Childcare', '104298', '2014-09-14', '12:00:00', '14:00:00', 20.50);

INSERT INTO AllowedConnections VALUES ('104299', '134200', '134205', 13420, null);

INSERT INTO Child VALUES ('134205', 'Child4300', '4300child', '2006-02-02', null, null, '../../Pictures/default.jpg', null);

INSERT INTO ChildcareTransaction VALUES ('1000004299', 'Regular Childcare', '104299', '2014-01-06', '12:00:00', '14:00:00', 20.50);

INSERT INTO Guardian VALUES ('134200', '1234', 'Guardian1075', '1075guardian', '555-555-5555', 'blah@blah.com', '123 nowhere', null, 'Spokane', 'WA', '99999', '../../Pictures/default.jpg', null);

INSERT INTO Family VALUES ('13420', 42);

INSERT INTO Guardian VALUES ('134201', '1234', 'Guardian21075', '10752guardian', '555-555-5555', 'blah@blah.com', '123 nowhere', null, 'Spokane', 'WA', '99999', '../../Pictures/default.jpg', null);

INSERT INTO AllowedConnections VALUES ('104300', '134210', '134212', 13421, null);

INSERT INTO Child VALUES ('134212', 'Child4301', '4301child', '2006-02-02', null, null, '../../Pictures/default.jpg', null);

INSERT INTO ChildcareTransaction VALUES ('1000004300', 'Regular Childcare', '104300', '2014-10-03', '12:00:00', '14:00:00', 20.50);

INSERT INTO AllowedConnections VALUES ('104301', '134210', '134213', 13421, null);

INSERT INTO Child VALUES ('134213', 'Child4302', '4302child', '2006-02-02', null, null, '../../Pictures/default.jpg', null);

INSERT INTO ChildcareTransaction VALUES ('1000004301', 'Regular Childcare', '104301', '2014-07-05', '12:00:00', '14:00:00', 20.50);

INSERT INTO AllowedConnections VALUES ('104302', '134210', '134214', 13421, null);

INSERT INTO Child VALUES ('134214', 'Child4303', '4303child', '2006-02-02', null, null, '../../Pictures/default.jpg', null);

INSERT INTO ChildcareTransaction VALUES ('1000004302', 'Regular Childcare', '104302', '2014-08-17', '12:00:00', '14:00:00', 20.50);

INSERT INTO AllowedConnections VALUES ('104303', '134210', '134215', 13421, null);

INSERT INTO Child VALUES ('134215', 'Child4304', '4304child', '2006-02-02', null, null, '../../Pictures/default.jpg', null);

INSERT INTO ChildcareTransaction VALUES ('1000004303', 'Regular Childcare', '104303', '2014-11-21', '12:00:00', '14:00:00', 20.50);

INSERT INTO Guardian VALUES ('134210', '1234', 'Guardian1076', '1076guardian', '555-555-5555', 'blah@blah.com', '123 nowhere', null, 'Spokane', 'WA', '99999', '../../Pictures/default.jpg', null);

INSERT INTO Family VALUES ('13421', 42);

INSERT INTO Guardian VALUES ('134211', '1234', 'Guardian21076', '10762guardian', '555-555-5555', 'blah@blah.com', '123 nowhere', null, 'Spokane', 'WA', '99999', '../../Pictures/default.jpg', null);

INSERT INTO AllowedConnections VALUES ('104304', '134220', '134222', 13422, null);

INSERT INTO Child VALUES ('134222', 'Child4305', '4305child', '2006-02-02', null, null, '../../Pictures/default.jpg', null);

INSERT INTO ChildcareTransaction VALUES ('1000004304', 'Regular Childcare', '104304', '2014-02-01', '12:00:00', '14:00:00', 20.50);

INSERT INTO AllowedConnections VALUES ('104305', '134220', '134223', 13422, null);

INSERT INTO Child VALUES ('134223', 'Child4306', '4306child', '2006-02-02', null, null, '../../Pictures/default.jpg', null);

INSERT INTO ChildcareTransaction VALUES ('1000004305', 'Regular Childcare', '104305', '2014-07-21', '12:00:00', '14:00:00', 20.50);

INSERT INTO AllowedConnections VALUES ('104306', '134220', '134224', 13422, null);

INSERT INTO Child VALUES ('134224', 'Child4307', '4307child', '2006-02-02', null, null, '../../Pictures/default.jpg', null);

INSERT INTO ChildcareTransaction VALUES ('1000004306', 'Regular Childcare', '104306', '2014-04-28', '12:00:00', '14:00:00', 20.50);

INSERT INTO AllowedConnections VALUES ('104307', '134220', '134225', 13422, null);

INSERT INTO Child VALUES ('134225', 'Child4308', '4308child', '2006-02-02', null, null, '../../Pictures/default.jpg', null);

INSERT INTO ChildcareTransaction VALUES ('1000004307', 'Regular Childcare', '104307', '2014-01-16', '12:00:00', '14:00:00', 20.50);

INSERT INTO Guardian VALUES ('134220', '1234', 'Guardian1077', '1077guardian', '555-555-5555', 'blah@blah.com', '123 nowhere', null, 'Spokane', 'WA', '99999', '../../Pictures/default.jpg', null);

INSERT INTO Family VALUES ('13422', 42);

INSERT INTO Guardian VALUES ('134221', '1234', 'Guardian21077', '10772guardian', '555-555-5555', 'blah@blah.com', '123 nowhere', null, 'Spokane', 'WA', '99999', '../../Pictures/default.jpg', null);

INSERT INTO AllowedConnections VALUES ('104308', '134230', '134232', 13423, null);

INSERT INTO Child VALUES ('134232', 'Child4309', '4309child', '2006-02-02', null, null, '../../Pictures/default.jpg', null);

INSERT INTO ChildcareTransaction VALUES ('1000004308', 'Regular Childcare', '104308', '2014-05-04', '12:00:00', '14:00:00', 20.50);

INSERT INTO AllowedConnections VALUES ('104309', '134230', '134233', 13423, null);

INSERT INTO Child VALUES ('134233', 'Child4310', '4310child', '2006-02-02', null, null, '../../Pictures/default.jpg', null);

INSERT INTO ChildcareTransaction VALUES ('1000004309', 'Regular Childcare', '104309', '2014-10-25', '12:00:00', '14:00:00', 20.50);

INSERT INTO AllowedConnections VALUES ('104310', '134230', '134234', 13423, null);

INSERT INTO Child VALUES ('134234', 'Child4311', '4311child', '2006-02-02', null, null, '../../Pictures/default.jpg', null);

INSERT INTO ChildcareTransaction VALUES ('1000004310', 'Regular Childcare', '104310', '2014-09-19', '12:00:00', '14:00:00', 20.50);

INSERT INTO AllowedConnections VALUES ('104311', '134230', '134235', 13423, null);

INSERT INTO Child VALUES ('134235', 'Child4312', '4312child', '2006-02-02', null, null, '../../Pictures/default.jpg', null);

INSERT INTO ChildcareTransaction VALUES ('1000004311', 'Regular Childcare', '104311', '2014-01-08', '12:00:00', '14:00:00', 20.50);

INSERT INTO Guardian VALUES ('134230', '1234', 'Guardian1078', '1078guardian', '555-555-5555', 'blah@blah.com', '123 nowhere', null, 'Spokane', 'WA', '99999', '../../Pictures/default.jpg', null);

INSERT INTO Family VALUES ('13423', 42);

INSERT INTO Guardian VALUES ('134231', '1234', 'Guardian21078', '10782guardian', '555-555-5555', 'blah@blah.com', '123 nowhere', null, 'Spokane', 'WA', '99999', '../../Pictures/default.jpg', null);

INSERT INTO AllowedConnections VALUES ('104312', '134240', '134242', 13424, null);

INSERT INTO Child VALUES ('134242', 'Child4313', '4313child', '2006-02-02', null, null, '../../Pictures/default.jpg', null);

INSERT INTO ChildcareTransaction VALUES ('1000004312', 'Regular Childcare', '104312', '2014-04-24', '12:00:00', '14:00:00', 20.50);

INSERT INTO AllowedConnections VALUES ('104313', '134240', '134243', 13424, null);

INSERT INTO Child VALUES ('134243', 'Child4314', '4314child', '2006-02-02', null, null, '../../Pictures/default.jpg', null);

INSERT INTO ChildcareTransaction VALUES ('1000004313', 'Regular Childcare', '104313', '2014-03-12', '12:00:00', '14:00:00', 20.50);

INSERT INTO AllowedConnections VALUES ('104314', '134240', '134244', 13424, null);

INSERT INTO Child VALUES ('134244', 'Child4315', '4315child', '2006-02-02', null, null, '../../Pictures/default.jpg', null);

INSERT INTO ChildcareTransaction VALUES ('1000004314', 'Regular Childcare', '104314', '2014-07-03', '12:00:00', '14:00:00', 20.50);

INSERT INTO AllowedConnections VALUES ('104315', '134240', '134245', 13424, null);

INSERT INTO Child VALUES ('134245', 'Child4316', '4316child', '2006-02-02', null, null, '../../Pictures/default.jpg', null);

INSERT INTO ChildcareTransaction VALUES ('1000004315', 'Regular Childcare', '104315', '2014-03-06', '12:00:00', '14:00:00', 20.50);

INSERT INTO Guardian VALUES ('134240', '1234', 'Guardian1079', '1079guardian', '555-555-5555', 'blah@blah.com', '123 nowhere', null, 'Spokane', 'WA', '99999', '../../Pictures/default.jpg', null);

INSERT INTO Family VALUES ('13424', 42);

INSERT INTO Guardian VALUES ('134241', '1234', 'Guardian21079', '10792guardian', '555-555-5555', 'blah@blah.com', '123 nowhere', null, 'Spokane', 'WA', '99999', '../../Pictures/default.jpg', null);

INSERT INTO AllowedConnections VALUES ('104316', '134250', '134252', 13425, null);

INSERT INTO Child VALUES ('134252', 'Child4317', '4317child', '2006-02-02', null, null, '../../Pictures/default.jpg', null);

INSERT INTO ChildcareTransaction VALUES ('1000004316', 'Regular Childcare', '104316', '2014-10-27', '12:00:00', '14:00:00', 20.50);

INSERT INTO AllowedConnections VALUES ('104317', '134250', '134253', 13425, null);

INSERT INTO Child VALUES ('134253', 'Child4318', '4318child', '2006-02-02', null, null, '../../Pictures/default.jpg', null);

INSERT INTO ChildcareTransaction VALUES ('1000004317', 'Regular Childcare', '104317', '2014-05-19', '12:00:00', '14:00:00', 20.50);

INSERT INTO AllowedConnections VALUES ('104318', '134250', '134254', 13425, null);

INSERT INTO Child VALUES ('134254', 'Child4319', '4319child', '2006-02-02', null, null, '../../Pictures/default.jpg', null);

INSERT INTO ChildcareTransaction VALUES ('1000004318', 'Regular Childcare', '104318', '2014-06-20', '12:00:00', '14:00:00', 20.50);

INSERT INTO AllowedConnections VALUES ('104319', '134250', '134255', 13425, null);

INSERT INTO Child VALUES ('134255', 'Child4320', '4320child', '2006-02-02', null, null, '../../Pictures/default.jpg', null);

INSERT INTO ChildcareTransaction VALUES ('1000004319', 'Regular Childcare', '104319', '2014-05-15', '12:00:00', '14:00:00', 20.50);

INSERT INTO Guardian VALUES ('134250', '1234', 'Guardian1080', '1080guardian', '555-555-5555', 'blah@blah.com', '123 nowhere', null, 'Spokane', 'WA', '99999', '../../Pictures/default.jpg', null);

INSERT INTO Family VALUES ('13425', 42);

INSERT INTO Guardian VALUES ('134251', '1234', 'Guardian21080', '10802guardian', '555-555-5555', 'blah@blah.com', '123 nowhere', null, 'Spokane', 'WA', '99999', '../../Pictures/default.jpg', null);

INSERT INTO AllowedConnections VALUES ('104320', '134260', '134262', 13426, null);

INSERT INTO Child VALUES ('134262', 'Child4321', '4321child', '2006-02-02', null, null, '../../Pictures/default.jpg', null);

INSERT INTO ChildcareTransaction VALUES ('1000004320', 'Regular Childcare', '104320', '2014-06-07', '12:00:00', '14:00:00', 20.50);

INSERT INTO AllowedConnections VALUES ('104321', '134260', '134263', 13426, null);

INSERT INTO Child VALUES ('134263', 'Child4322', '4322child', '2006-02-02', null, null, '../../Pictures/default.jpg', null);

INSERT INTO ChildcareTransaction VALUES ('1000004321', 'Regular Childcare', '104321', '2014-08-11', '12:00:00', '14:00:00', 20.50);

INSERT INTO AllowedConnections VALUES ('104322', '134260', '134264', 13426, null);

INSERT INTO Child VALUES ('134264', 'Child4323', '4323child', '2006-02-02', null, null, '../../Pictures/default.jpg', null);

INSERT INTO ChildcareTransaction VALUES ('1000004322', 'Regular Childcare', '104322', '2014-08-28', '12:00:00', '14:00:00', 20.50);

INSERT INTO AllowedConnections VALUES ('104323', '134260', '134265', 13426, null);

INSERT INTO Child VALUES ('134265', 'Child4324', '4324child', '2006-02-02', null, null, '../../Pictures/default.jpg', null);

INSERT INTO ChildcareTransaction VALUES ('1000004323', 'Regular Childcare', '104323', '2014-07-07', '12:00:00', '14:00:00', 20.50);

INSERT INTO Guardian VALUES ('134260', '1234', 'Guardian1081', '1081guardian', '555-555-5555', 'blah@blah.com', '123 nowhere', null, 'Spokane', 'WA', '99999', '../../Pictures/default.jpg', null);

INSERT INTO Family VALUES ('13426', 42);

INSERT INTO Guardian VALUES ('134261', '1234', 'Guardian21081', '10812guardian', '555-555-5555', 'blah@blah.com', '123 nowhere', null, 'Spokane', 'WA', '99999', '../../Pictures/default.jpg', null);

INSERT INTO AllowedConnections VALUES ('104324', '134270', '134272', 13427, null);

INSERT INTO Child VALUES ('134272', 'Child4325', '4325child', '2006-02-02', null, null, '../../Pictures/default.jpg', null);

INSERT INTO ChildcareTransaction VALUES ('1000004324', 'Regular Childcare', '104324', '2014-03-23', '12:00:00', '14:00:00', 20.50);

INSERT INTO AllowedConnections VALUES ('104325', '134270', '134273', 13427, null);

INSERT INTO Child VALUES ('134273', 'Child4326', '4326child', '2006-02-02', null, null, '../../Pictures/default.jpg', null);

INSERT INTO ChildcareTransaction VALUES ('1000004325', 'Regular Childcare', '104325', '2014-08-07', '12:00:00', '14:00:00', 20.50);

INSERT INTO AllowedConnections VALUES ('104326', '134270', '134274', 13427, null);

INSERT INTO Child VALUES ('134274', 'Child4327', '4327child', '2006-02-02', null, null, '../../Pictures/default.jpg', null);

INSERT INTO ChildcareTransaction VALUES ('1000004326', 'Regular Childcare', '104326', '2014-08-16', '12:00:00', '14:00:00', 20.50);

INSERT INTO AllowedConnections VALUES ('104327', '134270', '134275', 13427, null);

INSERT INTO Child VALUES ('134275', 'Child4328', '4328child', '2006-02-02', null, null, '../../Pictures/default.jpg', null);

INSERT INTO ChildcareTransaction VALUES ('1000004327', 'Regular Childcare', '104327', '2014-02-11', '12:00:00', '14:00:00', 20.50);

INSERT INTO Guardian VALUES ('134270', '1234', 'Guardian1082', '1082guardian', '555-555-5555', 'blah@blah.com', '123 nowhere', null, 'Spokane', 'WA', '99999', '../../Pictures/default.jpg', null);

INSERT INTO Family VALUES ('13427', 42);

INSERT INTO Guardian VALUES ('134271', '1234', 'Guardian21082', '10822guardian', '555-555-5555', 'blah@blah.com', '123 nowhere', null, 'Spokane', 'WA', '99999', '../../Pictures/default.jpg', null);

INSERT INTO AllowedConnections VALUES ('104328', '134280', '134282', 13428, null);

INSERT INTO Child VALUES ('134282', 'Child4329', '4329child', '2006-02-02', null, null, '../../Pictures/default.jpg', null);

INSERT INTO ChildcareTransaction VALUES ('1000004328', 'Regular Childcare', '104328', '2014-06-08', '12:00:00', '14:00:00', 20.50);

INSERT INTO AllowedConnections VALUES ('104329', '134280', '134283', 13428, null);

INSERT INTO Child VALUES ('134283', 'Child4330', '4330child', '2006-02-02', null, null, '../../Pictures/default.jpg', null);

INSERT INTO ChildcareTransaction VALUES ('1000004329', 'Regular Childcare', '104329', '2014-06-12', '12:00:00', '14:00:00', 20.50);

INSERT INTO AllowedConnections VALUES ('104330', '134280', '134284', 13428, null);

INSERT INTO Child VALUES ('134284', 'Child4331', '4331child', '2006-02-02', null, null, '../../Pictures/default.jpg', null);

INSERT INTO ChildcareTransaction VALUES ('1000004330', 'Regular Childcare', '104330', '2014-01-11', '12:00:00', '14:00:00', 20.50);

INSERT INTO AllowedConnections VALUES ('104331', '134280', '134285', 13428, null);

INSERT INTO Child VALUES ('134285', 'Child4332', '4332child', '2006-02-02', null, null, '../../Pictures/default.jpg', null);

INSERT INTO ChildcareTransaction VALUES ('1000004331', 'Regular Childcare', '104331', '2014-09-21', '12:00:00', '14:00:00', 20.50);

INSERT INTO Guardian VALUES ('134280', '1234', 'Guardian1083', '1083guardian', '555-555-5555', 'blah@blah.com', '123 nowhere', null, 'Spokane', 'WA', '99999', '../../Pictures/default.jpg', null);

INSERT INTO Family VALUES ('13428', 42);

INSERT INTO Guardian VALUES ('134281', '1234', 'Guardian21083', '10832guardian', '555-555-5555', 'blah@blah.com', '123 nowhere', null, 'Spokane', 'WA', '99999', '../../Pictures/default.jpg', null);

INSERT INTO AllowedConnections VALUES ('104332', '134290', '134292', 13429, null);

INSERT INTO Child VALUES ('134292', 'Child4333', '4333child', '2006-02-02', null, null, '../../Pictures/default.jpg', null);

INSERT INTO ChildcareTransaction VALUES ('1000004332', 'Regular Childcare', '104332', '2014-02-07', '12:00:00', '14:00:00', 20.50);

INSERT INTO AllowedConnections VALUES ('104333', '134290', '134293', 13429, null);

INSERT INTO Child VALUES ('134293', 'Child4334', '4334child', '2006-02-02', null, null, '../../Pictures/default.jpg', null);

INSERT INTO ChildcareTransaction VALUES ('1000004333', 'Regular Childcare', '104333', '2014-05-12', '12:00:00', '14:00:00', 20.50);

INSERT INTO AllowedConnections VALUES ('104334', '134290', '134294', 13429, null);

INSERT INTO Child VALUES ('134294', 'Child4335', '4335child', '2006-02-02', null, null, '../../Pictures/default.jpg', null);

INSERT INTO ChildcareTransaction VALUES ('1000004334', 'Regular Childcare', '104334', '2014-03-26', '12:00:00', '14:00:00', 20.50);

INSERT INTO AllowedConnections VALUES ('104335', '134290', '134295', 13429, null);

INSERT INTO Child VALUES ('134295', 'Child4336', '4336child', '2006-02-02', null, null, '../../Pictures/default.jpg', null);

INSERT INTO ChildcareTransaction VALUES ('1000004335', 'Regular Childcare', '104335', '2014-11-22', '12:00:00', '14:00:00', 20.50);

INSERT INTO Guardian VALUES ('134290', '1234', 'Guardian1084', '1084guardian', '555-555-5555', 'blah@blah.com', '123 nowhere', null, 'Spokane', 'WA', '99999', '../../Pictures/default.jpg', null);

INSERT INTO Family VALUES ('13429', 42);

INSERT INTO Guardian VALUES ('134291', '1234', 'Guardian21084', '10842guardian', '555-555-5555', 'blah@blah.com', '123 nowhere', null, 'Spokane', 'WA', '99999', '../../Pictures/default.jpg', null);

INSERT INTO AllowedConnections VALUES ('104336', '134300', '134302', 13430, null);

INSERT INTO Child VALUES ('134302', 'Child4337', '4337child', '2006-02-02', null, null, '../../Pictures/default.jpg', null);

INSERT INTO ChildcareTransaction VALUES ('1000004336', 'Regular Childcare', '104336', '2014-03-07', '12:00:00', '14:00:00', 20.50);

INSERT INTO AllowedConnections VALUES ('104337', '134300', '134303', 13430, null);

INSERT INTO Child VALUES ('134303', 'Child4338', '4338child', '2006-02-02', null, null, '../../Pictures/default.jpg', null);

INSERT INTO ChildcareTransaction VALUES ('1000004337', 'Regular Childcare', '104337', '2014-11-19', '12:00:00', '14:00:00', 20.50);

INSERT INTO AllowedConnections VALUES ('104338', '134300', '134304', 13430, null);

INSERT INTO Child VALUES ('134304', 'Child4339', '4339child', '2006-02-02', null, null, '../../Pictures/default.jpg', null);

INSERT INTO ChildcareTransaction VALUES ('1000004338', 'Regular Childcare', '104338', '2014-07-01', '12:00:00', '14:00:00', 20.50);

INSERT INTO AllowedConnections VALUES ('104339', '134300', '134305', 13430, null);

INSERT INTO Child VALUES ('134305', 'Child4340', '4340child', '2006-02-02', null, null, '../../Pictures/default.jpg', null);

INSERT INTO ChildcareTransaction VALUES ('1000004339', 'Regular Childcare', '104339', '2014-04-08', '12:00:00', '14:00:00', 20.50);

INSERT INTO Guardian VALUES ('134300', '1234', 'Guardian1085', '1085guardian', '555-555-5555', 'blah@blah.com', '123 nowhere', null, 'Spokane', 'WA', '99999', '../../Pictures/default.jpg', null);

INSERT INTO Family VALUES ('13430', 42);

INSERT INTO Guardian VALUES ('134301', '1234', 'Guardian21085', '10852guardian', '555-555-5555', 'blah@blah.com', '123 nowhere', null, 'Spokane', 'WA', '99999', '../../Pictures/default.jpg', null);

INSERT INTO AllowedConnections VALUES ('104340', '134310', '134312', 13431, null);

INSERT INTO Child VALUES ('134312', 'Child4341', '4341child', '2006-02-02', null, null, '../../Pictures/default.jpg', null);

INSERT INTO ChildcareTransaction VALUES ('1000004340', 'Regular Childcare', '104340', '2014-10-11', '12:00:00', '14:00:00', 20.50);

INSERT INTO AllowedConnections VALUES ('104341', '134310', '134313', 13431, null);

INSERT INTO Child VALUES ('134313', 'Child4342', '4342child', '2006-02-02', null, null, '../../Pictures/default.jpg', null);

INSERT INTO ChildcareTransaction VALUES ('1000004341', 'Regular Childcare', '104341', '2014-03-17', '12:00:00', '14:00:00', 20.50);

INSERT INTO AllowedConnections VALUES ('104342', '134310', '134314', 13431, null);

INSERT INTO Child VALUES ('134314', 'Child4343', '4343child', '2006-02-02', null, null, '../../Pictures/default.jpg', null);

INSERT INTO ChildcareTransaction VALUES ('1000004342', 'Regular Childcare', '104342', '2014-06-24', '12:00:00', '14:00:00', 20.50);

INSERT INTO AllowedConnections VALUES ('104343', '134310', '134315', 13431, null);

INSERT INTO Child VALUES ('134315', 'Child4344', '4344child', '2006-02-02', null, null, '../../Pictures/default.jpg', null);

INSERT INTO ChildcareTransaction VALUES ('1000004343', 'Regular Childcare', '104343', '2014-04-16', '12:00:00', '14:00:00', 20.50);

INSERT INTO Guardian VALUES ('134310', '1234', 'Guardian1086', '1086guardian', '555-555-5555', 'blah@blah.com', '123 nowhere', null, 'Spokane', 'WA', '99999', '../../Pictures/default.jpg', null);

INSERT INTO Family VALUES ('13431', 42);

INSERT INTO Guardian VALUES ('134311', '1234', 'Guardian21086', '10862guardian', '555-555-5555', 'blah@blah.com', '123 nowhere', null, 'Spokane', 'WA', '99999', '../../Pictures/default.jpg', null);

INSERT INTO AllowedConnections VALUES ('104344', '134320', '134322', 13432, null);

INSERT INTO Child VALUES ('134322', 'Child4345', '4345child', '2006-02-02', null, null, '../../Pictures/default.jpg', null);

INSERT INTO ChildcareTransaction VALUES ('1000004344', 'Regular Childcare', '104344', '2014-12-04', '12:00:00', '14:00:00', 20.50);

INSERT INTO AllowedConnections VALUES ('104345', '134320', '134323', 13432, null);

INSERT INTO Child VALUES ('134323', 'Child4346', '4346child', '2006-02-02', null, null, '../../Pictures/default.jpg', null);

INSERT INTO ChildcareTransaction VALUES ('1000004345', 'Regular Childcare', '104345', '2014-05-26', '12:00:00', '14:00:00', 20.50);

INSERT INTO AllowedConnections VALUES ('104346', '134320', '134324', 13432, null);

INSERT INTO Child VALUES ('134324', 'Child4347', '4347child', '2006-02-02', null, null, '../../Pictures/default.jpg', null);

INSERT INTO ChildcareTransaction VALUES ('1000004346', 'Regular Childcare', '104346', '2014-07-18', '12:00:00', '14:00:00', 20.50);

INSERT INTO AllowedConnections VALUES ('104347', '134320', '134325', 13432, null);

INSERT INTO Child VALUES ('134325', 'Child4348', '4348child', '2006-02-02', null, null, '../../Pictures/default.jpg', null);

INSERT INTO ChildcareTransaction VALUES ('1000004347', 'Regular Childcare', '104347', '2014-08-13', '12:00:00', '14:00:00', 20.50);

INSERT INTO Guardian VALUES ('134320', '1234', 'Guardian1087', '1087guardian', '555-555-5555', 'blah@blah.com', '123 nowhere', null, 'Spokane', 'WA', '99999', '../../Pictures/default.jpg', null);

INSERT INTO Family VALUES ('13432', 42);

INSERT INTO Guardian VALUES ('134321', '1234', 'Guardian21087', '10872guardian', '555-555-5555', 'blah@blah.com', '123 nowhere', null, 'Spokane', 'WA', '99999', '../../Pictures/default.jpg', null);

INSERT INTO AllowedConnections VALUES ('104348', '134330', '134332', 13433, null);

INSERT INTO Child VALUES ('134332', 'Child4349', '4349child', '2006-02-02', null, null, '../../Pictures/default.jpg', null);

INSERT INTO ChildcareTransaction VALUES ('1000004348', 'Regular Childcare', '104348', '2014-06-02', '12:00:00', '14:00:00', 20.50);

INSERT INTO AllowedConnections VALUES ('104349', '134330', '134333', 13433, null);

INSERT INTO Child VALUES ('134333', 'Child4350', '4350child', '2006-02-02', null, null, '../../Pictures/default.jpg', null);

INSERT INTO ChildcareTransaction VALUES ('1000004349', 'Regular Childcare', '104349', '2014-08-15', '12:00:00', '14:00:00', 20.50);

INSERT INTO AllowedConnections VALUES ('104350', '134330', '134334', 13433, null);

INSERT INTO Child VALUES ('134334', 'Child4351', '4351child', '2006-02-02', null, null, '../../Pictures/default.jpg', null);

INSERT INTO ChildcareTransaction VALUES ('1000004350', 'Regular Childcare', '104350', '2014-06-15', '12:00:00', '14:00:00', 20.50);

INSERT INTO AllowedConnections VALUES ('104351', '134330', '134335', 13433, null);

INSERT INTO Child VALUES ('134335', 'Child4352', '4352child', '2006-02-02', null, null, '../../Pictures/default.jpg', null);

INSERT INTO ChildcareTransaction VALUES ('1000004351', 'Regular Childcare', '104351', '2014-05-12', '12:00:00', '14:00:00', 20.50);

INSERT INTO Guardian VALUES ('134330', '1234', 'Guardian1088', '1088guardian', '555-555-5555', 'blah@blah.com', '123 nowhere', null, 'Spokane', 'WA', '99999', '../../Pictures/default.jpg', null);

INSERT INTO Family VALUES ('13433', 42);

INSERT INTO Guardian VALUES ('134331', '1234', 'Guardian21088', '10882guardian', '555-555-5555', 'blah@blah.com', '123 nowhere', null, 'Spokane', 'WA', '99999', '../../Pictures/default.jpg', null);

INSERT INTO AllowedConnections VALUES ('104352', '134340', '134342', 13434, null);

INSERT INTO Child VALUES ('134342', 'Child4353', '4353child', '2006-02-02', null, null, '../../Pictures/default.jpg', null);

INSERT INTO ChildcareTransaction VALUES ('1000004352', 'Regular Childcare', '104352', '2014-12-16', '12:00:00', '14:00:00', 20.50);

INSERT INTO AllowedConnections VALUES ('104353', '134340', '134343', 13434, null);

INSERT INTO Child VALUES ('134343', 'Child4354', '4354child', '2006-02-02', null, null, '../../Pictures/default.jpg', null);

INSERT INTO ChildcareTransaction VALUES ('1000004353', 'Regular Childcare', '104353', '2014-09-13', '12:00:00', '14:00:00', 20.50);

INSERT INTO AllowedConnections VALUES ('104354', '134340', '134344', 13434, null);

INSERT INTO Child VALUES ('134344', 'Child4355', '4355child', '2006-02-02', null, null, '../../Pictures/default.jpg', null);

INSERT INTO ChildcareTransaction VALUES ('1000004354', 'Regular Childcare', '104354', '2014-04-07', '12:00:00', '14:00:00', 20.50);

INSERT INTO AllowedConnections VALUES ('104355', '134340', '134345', 13434, null);

INSERT INTO Child VALUES ('134345', 'Child4356', '4356child', '2006-02-02', null, null, '../../Pictures/default.jpg', null);

INSERT INTO ChildcareTransaction VALUES ('1000004355', 'Regular Childcare', '104355', '2014-04-22', '12:00:00', '14:00:00', 20.50);

INSERT INTO Guardian VALUES ('134340', '1234', 'Guardian1089', '1089guardian', '555-555-5555', 'blah@blah.com', '123 nowhere', null, 'Spokane', 'WA', '99999', '../../Pictures/default.jpg', null);

INSERT INTO Family VALUES ('13434', 42);

INSERT INTO Guardian VALUES ('134341', '1234', 'Guardian21089', '10892guardian', '555-555-5555', 'blah@blah.com', '123 nowhere', null, 'Spokane', 'WA', '99999', '../../Pictures/default.jpg', null);

INSERT INTO AllowedConnections VALUES ('104356', '134350', '134352', 13435, null);

INSERT INTO Child VALUES ('134352', 'Child4357', '4357child', '2006-02-02', null, null, '../../Pictures/default.jpg', null);

INSERT INTO ChildcareTransaction VALUES ('1000004356', 'Regular Childcare', '104356', '2014-10-10', '12:00:00', '14:00:00', 20.50);

INSERT INTO AllowedConnections VALUES ('104357', '134350', '134353', 13435, null);

INSERT INTO Child VALUES ('134353', 'Child4358', '4358child', '2006-02-02', null, null, '../../Pictures/default.jpg', null);

INSERT INTO ChildcareTransaction VALUES ('1000004357', 'Regular Childcare', '104357', '2014-01-14', '12:00:00', '14:00:00', 20.50);

INSERT INTO AllowedConnections VALUES ('104358', '134350', '134354', 13435, null);

INSERT INTO Child VALUES ('134354', 'Child4359', '4359child', '2006-02-02', null, null, '../../Pictures/default.jpg', null);

INSERT INTO ChildcareTransaction VALUES ('1000004358', 'Regular Childcare', '104358', '2014-08-25', '12:00:00', '14:00:00', 20.50);

INSERT INTO AllowedConnections VALUES ('104359', '134350', '134355', 13435, null);

INSERT INTO Child VALUES ('134355', 'Child4360', '4360child', '2006-02-02', null, null, '../../Pictures/default.jpg', null);

INSERT INTO ChildcareTransaction VALUES ('1000004359', 'Regular Childcare', '104359', '2014-10-04', '12:00:00', '14:00:00', 20.50);

INSERT INTO Guardian VALUES ('134350', '1234', 'Guardian1090', '1090guardian', '555-555-5555', 'blah@blah.com', '123 nowhere', null, 'Spokane', 'WA', '99999', '../../Pictures/default.jpg', null);

INSERT INTO Family VALUES ('13435', 42);

INSERT INTO Guardian VALUES ('134351', '1234', 'Guardian21090', '10902guardian', '555-555-5555', 'blah@blah.com', '123 nowhere', null, 'Spokane', 'WA', '99999', '../../Pictures/default.jpg', null);

INSERT INTO AllowedConnections VALUES ('104360', '134360', '134362', 13436, null);

INSERT INTO Child VALUES ('134362', 'Child4361', '4361child', '2006-02-02', null, null, '../../Pictures/default.jpg', null);

INSERT INTO ChildcareTransaction VALUES ('1000004360', 'Regular Childcare', '104360', '2014-01-22', '12:00:00', '14:00:00', 20.50);

INSERT INTO AllowedConnections VALUES ('104361', '134360', '134363', 13436, null);

INSERT INTO Child VALUES ('134363', 'Child4362', '4362child', '2006-02-02', null, null, '../../Pictures/default.jpg', null);

INSERT INTO ChildcareTransaction VALUES ('1000004361', 'Regular Childcare', '104361', '2014-04-15', '12:00:00', '14:00:00', 20.50);

INSERT INTO AllowedConnections VALUES ('104362', '134360', '134364', 13436, null);

INSERT INTO Child VALUES ('134364', 'Child4363', '4363child', '2006-02-02', null, null, '../../Pictures/default.jpg', null);

INSERT INTO ChildcareTransaction VALUES ('1000004362', 'Regular Childcare', '104362', '2014-06-07', '12:00:00', '14:00:00', 20.50);

INSERT INTO AllowedConnections VALUES ('104363', '134360', '134365', 13436, null);

INSERT INTO Child VALUES ('134365', 'Child4364', '4364child', '2006-02-02', null, null, '../../Pictures/default.jpg', null);

INSERT INTO ChildcareTransaction VALUES ('1000004363', 'Regular Childcare', '104363', '2014-12-28', '12:00:00', '14:00:00', 20.50);

INSERT INTO Guardian VALUES ('134360', '1234', 'Guardian1091', '1091guardian', '555-555-5555', 'blah@blah.com', '123 nowhere', null, 'Spokane', 'WA', '99999', '../../Pictures/default.jpg', null);

INSERT INTO Family VALUES ('13436', 42);

INSERT INTO Guardian VALUES ('134361', '1234', 'Guardian21091', '10912guardian', '555-555-5555', 'blah@blah.com', '123 nowhere', null, 'Spokane', 'WA', '99999', '../../Pictures/default.jpg', null);

INSERT INTO AllowedConnections VALUES ('104364', '134370', '134372', 13437, null);

INSERT INTO Child VALUES ('134372', 'Child4365', '4365child', '2006-02-02', null, null, '../../Pictures/default.jpg', null);

INSERT INTO ChildcareTransaction VALUES ('1000004364', 'Regular Childcare', '104364', '2014-05-08', '12:00:00', '14:00:00', 20.50);

INSERT INTO AllowedConnections VALUES ('104365', '134370', '134373', 13437, null);

INSERT INTO Child VALUES ('134373', 'Child4366', '4366child', '2006-02-02', null, null, '../../Pictures/default.jpg', null);

INSERT INTO ChildcareTransaction VALUES ('1000004365', 'Regular Childcare', '104365', '2014-11-03', '12:00:00', '14:00:00', 20.50);

INSERT INTO AllowedConnections VALUES ('104366', '134370', '134374', 13437, null);

INSERT INTO Child VALUES ('134374', 'Child4367', '4367child', '2006-02-02', null, null, '../../Pictures/default.jpg', null);

INSERT INTO ChildcareTransaction VALUES ('1000004366', 'Regular Childcare', '104366', '2014-07-06', '12:00:00', '14:00:00', 20.50);

INSERT INTO AllowedConnections VALUES ('104367', '134370', '134375', 13437, null);

INSERT INTO Child VALUES ('134375', 'Child4368', '4368child', '2006-02-02', null, null, '../../Pictures/default.jpg', null);

INSERT INTO ChildcareTransaction VALUES ('1000004367', 'Regular Childcare', '104367', '2014-10-21', '12:00:00', '14:00:00', 20.50);

INSERT INTO Guardian VALUES ('134370', '1234', 'Guardian1092', '1092guardian', '555-555-5555', 'blah@blah.com', '123 nowhere', null, 'Spokane', 'WA', '99999', '../../Pictures/default.jpg', null);

INSERT INTO Family VALUES ('13437', 42);

INSERT INTO Guardian VALUES ('134371', '1234', 'Guardian21092', '10922guardian', '555-555-5555', 'blah@blah.com', '123 nowhere', null, 'Spokane', 'WA', '99999', '../../Pictures/default.jpg', null);

INSERT INTO AllowedConnections VALUES ('104368', '134380', '134382', 13438, null);

INSERT INTO Child VALUES ('134382', 'Child4369', '4369child', '2006-02-02', null, null, '../../Pictures/default.jpg', null);

INSERT INTO ChildcareTransaction VALUES ('1000004368', 'Regular Childcare', '104368', '2014-01-12', '12:00:00', '14:00:00', 20.50);

INSERT INTO AllowedConnections VALUES ('104369', '134380', '134383', 13438, null);

INSERT INTO Child VALUES ('134383', 'Child4370', '4370child', '2006-02-02', null, null, '../../Pictures/default.jpg', null);

INSERT INTO ChildcareTransaction VALUES ('1000004369', 'Regular Childcare', '104369', '2014-05-03', '12:00:00', '14:00:00', 20.50);

INSERT INTO AllowedConnections VALUES ('104370', '134380', '134384', 13438, null);

INSERT INTO Child VALUES ('134384', 'Child4371', '4371child', '2006-02-02', null, null, '../../Pictures/default.jpg', null);

INSERT INTO ChildcareTransaction VALUES ('1000004370', 'Regular Childcare', '104370', '2014-07-05', '12:00:00', '14:00:00', 20.50);

INSERT INTO AllowedConnections VALUES ('104371', '134380', '134385', 13438, null);

INSERT INTO Child VALUES ('134385', 'Child4372', '4372child', '2006-02-02', null, null, '../../Pictures/default.jpg', null);

INSERT INTO ChildcareTransaction VALUES ('1000004371', 'Regular Childcare', '104371', '2014-12-13', '12:00:00', '14:00:00', 20.50);

INSERT INTO Guardian VALUES ('134380', '1234', 'Guardian1093', '1093guardian', '555-555-5555', 'blah@blah.com', '123 nowhere', null, 'Spokane', 'WA', '99999', '../../Pictures/default.jpg', null);

INSERT INTO Family VALUES ('13438', 42);

INSERT INTO Guardian VALUES ('134381', '1234', 'Guardian21093', '10932guardian', '555-555-5555', 'blah@blah.com', '123 nowhere', null, 'Spokane', 'WA', '99999', '../../Pictures/default.jpg', null);

INSERT INTO AllowedConnections VALUES ('104372', '134390', '134392', 13439, null);

INSERT INTO Child VALUES ('134392', 'Child4373', '4373child', '2006-02-02', null, null, '../../Pictures/default.jpg', null);

INSERT INTO ChildcareTransaction VALUES ('1000004372', 'Regular Childcare', '104372', '2014-04-15', '12:00:00', '14:00:00', 20.50);

INSERT INTO AllowedConnections VALUES ('104373', '134390', '134393', 13439, null);

INSERT INTO Child VALUES ('134393', 'Child4374', '4374child', '2006-02-02', null, null, '../../Pictures/default.jpg', null);

INSERT INTO ChildcareTransaction VALUES ('1000004373', 'Regular Childcare', '104373', '2014-11-20', '12:00:00', '14:00:00', 20.50);

INSERT INTO AllowedConnections VALUES ('104374', '134390', '134394', 13439, null);

INSERT INTO Child VALUES ('134394', 'Child4375', '4375child', '2006-02-02', null, null, '../../Pictures/default.jpg', null);

INSERT INTO ChildcareTransaction VALUES ('1000004374', 'Regular Childcare', '104374', '2014-08-06', '12:00:00', '14:00:00', 20.50);

INSERT INTO AllowedConnections VALUES ('104375', '134390', '134395', 13439, null);

INSERT INTO Child VALUES ('134395', 'Child4376', '4376child', '2006-02-02', null, null, '../../Pictures/default.jpg', null);

INSERT INTO ChildcareTransaction VALUES ('1000004375', 'Regular Childcare', '104375', '2014-02-18', '12:00:00', '14:00:00', 20.50);

INSERT INTO Guardian VALUES ('134390', '1234', 'Guardian1094', '1094guardian', '555-555-5555', 'blah@blah.com', '123 nowhere', null, 'Spokane', 'WA', '99999', '../../Pictures/default.jpg', null);

INSERT INTO Family VALUES ('13439', 42);

INSERT INTO Guardian VALUES ('134391', '1234', 'Guardian21094', '10942guardian', '555-555-5555', 'blah@blah.com', '123 nowhere', null, 'Spokane', 'WA', '99999', '../../Pictures/default.jpg', null);

INSERT INTO AllowedConnections VALUES ('104376', '134400', '134402', 13440, null);

INSERT INTO Child VALUES ('134402', 'Child4377', '4377child', '2006-02-02', null, null, '../../Pictures/default.jpg', null);

INSERT INTO ChildcareTransaction VALUES ('1000004376', 'Regular Childcare', '104376', '2014-07-09', '12:00:00', '14:00:00', 20.50);

INSERT INTO AllowedConnections VALUES ('104377', '134400', '134403', 13440, null);

INSERT INTO Child VALUES ('134403', 'Child4378', '4378child', '2006-02-02', null, null, '../../Pictures/default.jpg', null);

INSERT INTO ChildcareTransaction VALUES ('1000004377', 'Regular Childcare', '104377', '2014-05-16', '12:00:00', '14:00:00', 20.50);

INSERT INTO AllowedConnections VALUES ('104378', '134400', '134404', 13440, null);

INSERT INTO Child VALUES ('134404', 'Child4379', '4379child', '2006-02-02', null, null, '../../Pictures/default.jpg', null);

INSERT INTO ChildcareTransaction VALUES ('1000004378', 'Regular Childcare', '104378', '2014-02-15', '12:00:00', '14:00:00', 20.50);

INSERT INTO AllowedConnections VALUES ('104379', '134400', '134405', 13440, null);

INSERT INTO Child VALUES ('134405', 'Child4380', '4380child', '2006-02-02', null, null, '../../Pictures/default.jpg', null);

INSERT INTO ChildcareTransaction VALUES ('1000004379', 'Regular Childcare', '104379', '2014-10-14', '12:00:00', '14:00:00', 20.50);

INSERT INTO Guardian VALUES ('134400', '1234', 'Guardian1095', '1095guardian', '555-555-5555', 'blah@blah.com', '123 nowhere', null, 'Spokane', 'WA', '99999', '../../Pictures/default.jpg', null);

INSERT INTO Family VALUES ('13440', 42);

INSERT INTO Guardian VALUES ('134401', '1234', 'Guardian21095', '10952guardian', '555-555-5555', 'blah@blah.com', '123 nowhere', null, 'Spokane', 'WA', '99999', '../../Pictures/default.jpg', null);

INSERT INTO AllowedConnections VALUES ('104380', '134410', '134412', 13441, null);

INSERT INTO Child VALUES ('134412', 'Child4381', '4381child', '2006-02-02', null, null, '../../Pictures/default.jpg', null);

INSERT INTO ChildcareTransaction VALUES ('1000004380', 'Regular Childcare', '104380', '2014-06-18', '12:00:00', '14:00:00', 20.50);

INSERT INTO AllowedConnections VALUES ('104381', '134410', '134413', 13441, null);

INSERT INTO Child VALUES ('134413', 'Child4382', '4382child', '2006-02-02', null, null, '../../Pictures/default.jpg', null);

INSERT INTO ChildcareTransaction VALUES ('1000004381', 'Regular Childcare', '104381', '2014-03-11', '12:00:00', '14:00:00', 20.50);

INSERT INTO AllowedConnections VALUES ('104382', '134410', '134414', 13441, null);

INSERT INTO Child VALUES ('134414', 'Child4383', '4383child', '2006-02-02', null, null, '../../Pictures/default.jpg', null);

INSERT INTO ChildcareTransaction VALUES ('1000004382', 'Regular Childcare', '104382', '2014-01-20', '12:00:00', '14:00:00', 20.50);

INSERT INTO AllowedConnections VALUES ('104383', '134410', '134415', 13441, null);

INSERT INTO Child VALUES ('134415', 'Child4384', '4384child', '2006-02-02', null, null, '../../Pictures/default.jpg', null);

INSERT INTO ChildcareTransaction VALUES ('1000004383', 'Regular Childcare', '104383', '2014-03-20', '12:00:00', '14:00:00', 20.50);

INSERT INTO Guardian VALUES ('134410', '1234', 'Guardian1096', '1096guardian', '555-555-5555', 'blah@blah.com', '123 nowhere', null, 'Spokane', 'WA', '99999', '../../Pictures/default.jpg', null);

INSERT INTO Family VALUES ('13441', 42);

INSERT INTO Guardian VALUES ('134411', '1234', 'Guardian21096', '10962guardian', '555-555-5555', 'blah@blah.com', '123 nowhere', null, 'Spokane', 'WA', '99999', '../../Pictures/default.jpg', null);

INSERT INTO AllowedConnections VALUES ('104384', '134420', '134422', 13442, null);

INSERT INTO Child VALUES ('134422', 'Child4385', '4385child', '2006-02-02', null, null, '../../Pictures/default.jpg', null);

INSERT INTO ChildcareTransaction VALUES ('1000004384', 'Regular Childcare', '104384', '2014-08-02', '12:00:00', '14:00:00', 20.50);

INSERT INTO AllowedConnections VALUES ('104385', '134420', '134423', 13442, null);

INSERT INTO Child VALUES ('134423', 'Child4386', '4386child', '2006-02-02', null, null, '../../Pictures/default.jpg', null);

INSERT INTO ChildcareTransaction VALUES ('1000004385', 'Regular Childcare', '104385', '2014-06-24', '12:00:00', '14:00:00', 20.50);

INSERT INTO AllowedConnections VALUES ('104386', '134420', '134424', 13442, null);

INSERT INTO Child VALUES ('134424', 'Child4387', '4387child', '2006-02-02', null, null, '../../Pictures/default.jpg', null);

INSERT INTO ChildcareTransaction VALUES ('1000004386', 'Regular Childcare', '104386', '2014-02-26', '12:00:00', '14:00:00', 20.50);

INSERT INTO AllowedConnections VALUES ('104387', '134420', '134425', 13442, null);

INSERT INTO Child VALUES ('134425', 'Child4388', '4388child', '2006-02-02', null, null, '../../Pictures/default.jpg', null);

INSERT INTO ChildcareTransaction VALUES ('1000004387', 'Regular Childcare', '104387', '2014-12-05', '12:00:00', '14:00:00', 20.50);

INSERT INTO Guardian VALUES ('134420', '1234', 'Guardian1097', '1097guardian', '555-555-5555', 'blah@blah.com', '123 nowhere', null, 'Spokane', 'WA', '99999', '../../Pictures/default.jpg', null);

INSERT INTO Family VALUES ('13442', 42);

INSERT INTO Guardian VALUES ('134421', '1234', 'Guardian21097', '10972guardian', '555-555-5555', 'blah@blah.com', '123 nowhere', null, 'Spokane', 'WA', '99999', '../../Pictures/default.jpg', null);

INSERT INTO AllowedConnections VALUES ('104388', '134430', '134432', 13443, null);

INSERT INTO Child VALUES ('134432', 'Child4389', '4389child', '2006-02-02', null, null, '../../Pictures/default.jpg', null);

INSERT INTO ChildcareTransaction VALUES ('1000004388', 'Regular Childcare', '104388', '2014-12-04', '12:00:00', '14:00:00', 20.50);

INSERT INTO AllowedConnections VALUES ('104389', '134430', '134433', 13443, null);

INSERT INTO Child VALUES ('134433', 'Child4390', '4390child', '2006-02-02', null, null, '../../Pictures/default.jpg', null);

INSERT INTO ChildcareTransaction VALUES ('1000004389', 'Regular Childcare', '104389', '2014-07-03', '12:00:00', '14:00:00', 20.50);

INSERT INTO AllowedConnections VALUES ('104390', '134430', '134434', 13443, null);

INSERT INTO Child VALUES ('134434', 'Child4391', '4391child', '2006-02-02', null, null, '../../Pictures/default.jpg', null);

INSERT INTO ChildcareTransaction VALUES ('1000004390', 'Regular Childcare', '104390', '2014-07-14', '12:00:00', '14:00:00', 20.50);

INSERT INTO AllowedConnections VALUES ('104391', '134430', '134435', 13443, null);

INSERT INTO Child VALUES ('134435', 'Child4392', '4392child', '2006-02-02', null, null, '../../Pictures/default.jpg', null);

INSERT INTO ChildcareTransaction VALUES ('1000004391', 'Regular Childcare', '104391', '2014-03-26', '12:00:00', '14:00:00', 20.50);

INSERT INTO Guardian VALUES ('134430', '1234', 'Guardian1098', '1098guardian', '555-555-5555', 'blah@blah.com', '123 nowhere', null, 'Spokane', 'WA', '99999', '../../Pictures/default.jpg', null);

INSERT INTO Family VALUES ('13443', 42);

INSERT INTO Guardian VALUES ('134431', '1234', 'Guardian21098', '10982guardian', '555-555-5555', 'blah@blah.com', '123 nowhere', null, 'Spokane', 'WA', '99999', '../../Pictures/default.jpg', null);

INSERT INTO AllowedConnections VALUES ('104392', '134440', '134442', 13444, null);

INSERT INTO Child VALUES ('134442', 'Child4393', '4393child', '2006-02-02', null, null, '../../Pictures/default.jpg', null);

INSERT INTO ChildcareTransaction VALUES ('1000004392', 'Regular Childcare', '104392', '2014-09-05', '12:00:00', '14:00:00', 20.50);

INSERT INTO AllowedConnections VALUES ('104393', '134440', '134443', 13444, null);

INSERT INTO Child VALUES ('134443', 'Child4394', '4394child', '2006-02-02', null, null, '../../Pictures/default.jpg', null);

INSERT INTO ChildcareTransaction VALUES ('1000004393', 'Regular Childcare', '104393', '2014-01-15', '12:00:00', '14:00:00', 20.50);

INSERT INTO AllowedConnections VALUES ('104394', '134440', '134444', 13444, null);

INSERT INTO Child VALUES ('134444', 'Child4395', '4395child', '2006-02-02', null, null, '../../Pictures/default.jpg', null);

INSERT INTO ChildcareTransaction VALUES ('1000004394', 'Regular Childcare', '104394', '2014-12-14', '12:00:00', '14:00:00', 20.50);

INSERT INTO AllowedConnections VALUES ('104395', '134440', '134445', 13444, null);

INSERT INTO Child VALUES ('134445', 'Child4396', '4396child', '2006-02-02', null, null, '../../Pictures/default.jpg', null);

INSERT INTO ChildcareTransaction VALUES ('1000004395', 'Regular Childcare', '104395', '2014-06-24', '12:00:00', '14:00:00', 20.50);

INSERT INTO Guardian VALUES ('134440', '1234', 'Guardian1099', '1099guardian', '555-555-5555', 'blah@blah.com', '123 nowhere', null, 'Spokane', 'WA', '99999', '../../Pictures/default.jpg', null);

INSERT INTO Family VALUES ('13444', 42);

INSERT INTO Guardian VALUES ('134441', '1234', 'Guardian21099', '10992guardian', '555-555-5555', 'blah@blah.com', '123 nowhere', null, 'Spokane', 'WA', '99999', '../../Pictures/default.jpg', null);

INSERT INTO AllowedConnections VALUES ('104396', '134450', '134452', 13445, null);

INSERT INTO Child VALUES ('134452', 'Child4397', '4397child', '2006-02-02', null, null, '../../Pictures/default.jpg', null);

INSERT INTO ChildcareTransaction VALUES ('1000004396', 'Regular Childcare', '104396', '2014-02-05', '12:00:00', '14:00:00', 20.50);

INSERT INTO AllowedConnections VALUES ('104397', '134450', '134453', 13445, null);

INSERT INTO Child VALUES ('134453', 'Child4398', '4398child', '2006-02-02', null, null, '../../Pictures/default.jpg', null);

INSERT INTO ChildcareTransaction VALUES ('1000004397', 'Regular Childcare', '104397', '2014-07-28', '12:00:00', '14:00:00', 20.50);

INSERT INTO AllowedConnections VALUES ('104398', '134450', '134454', 13445, null);

INSERT INTO Child VALUES ('134454', 'Child4399', '4399child', '2006-02-02', null, null, '../../Pictures/default.jpg', null);

INSERT INTO ChildcareTransaction VALUES ('1000004398', 'Regular Childcare', '104398', '2014-12-25', '12:00:00', '14:00:00', 20.50);

INSERT INTO AllowedConnections VALUES ('104399', '134450', '134455', 13445, null);

INSERT INTO Child VALUES ('134455', 'Child4400', '4400child', '2006-02-02', null, null, '../../Pictures/default.jpg', null);

INSERT INTO ChildcareTransaction VALUES ('1000004399', 'Regular Childcare', '104399', '2014-08-07', '12:00:00', '14:00:00', 20.50);

INSERT INTO Guardian VALUES ('134450', '1234', 'Guardian1100', '1100guardian', '555-555-5555', 'blah@blah.com', '123 nowhere', null, 'Spokane', 'WA', '99999', '../../Pictures/default.jpg', null);

INSERT INTO Family VALUES ('13445', 42);

INSERT INTO Guardian VALUES ('134451', '1234', 'Guardian21100', '11002guardian', '555-555-5555', 'blah@blah.com', '123 nowhere', null, 'Spokane', 'WA', '99999', '../../Pictures/default.jpg', null);

