INSERT into Guardian VALUES ("123450", "81DC9BDB52D04DC20036DBD8313ED0", "Bilbo", "Baggins", "555-123-4567", "myprecious@theshire.com", "123 Bag End", "Hole A", "Shire", "ME", "99999", "../../Pictures/Bilbo_Baggins.jpg", null);
				
INSERT into Child VALUES ("123451", "Frodo", "Baggins", '2005-02-15', "Rings of Power", "Addicted to the Ring of power", "../../Pictures/Frodo_Baggins.jpg", null);

INSERT into AllowedConnections VALUES ("000001", "123450", "123451", "12345", NULL);

Insert into ChildcareTransaction VALUES ("0000000001","Regular Childcare", "000001", '2015-03-12 12:00:00', '12:00:00', '14:00:00', 10.00);

Insert into ChildcareTransaction VALUES ("0000000002","Regular Childcare", "000001", '2015-03-12 12:00:00', '12:00:00', '14:00:00', 10.05);

Insert into ChildcareTransaction VALUES ("0000000003","Regular Childcare", "000001", '2015-03-12 12:00:00', '12:00:00', '14:00:00', 10.50);

Insert into ChildcareTransaction VALUES ("0000000004","Regular Childcare", "000001", '2015-03-12 12:00:00', '12:00:00', '14:00:00', 10.55);

Insert into ChildcareTransaction VALUES ("0000000005","Regular Childcare", "000001", '2015-02-12 12:00:00', '12:00:00', '14:00:00', 10.55);

Insert into ChildcareTransaction VALUES ("0000000006","Regular Childcare", "000001", '2015-02-12 12:00:00', '12:00:00', '14:00:00', 10.55);

Insert into ChildcareTransaction VALUES ("0000000007","Regular Childcare", "000001", '2015-02-12 12:00:00', '12:00:00', '14:00:00', 10.55);

Insert into ChildcareTransaction VALUES ("0000000008","Regular Childcare", "000001", '2015-02-12 12:00:00', '12:00:00', '14:00:00', 10.55);

Insert into ChildcareTransaction VALUES ("0000000009","Regular Childcare", "000001", '2015-02-12 12:00:00', '12:00:00', '14:00:00', 10.55);

Insert into ChildcareTransaction VALUES ("0000000010","Regular Childcare", "000001", '2015-02-12 12:00:00', '12:00:00', '14:00:00', 10.55);

Insert into ChildcareTransaction VALUES ("0000000011","Regular Childcare", "000001", '2015-02-12 12:00:00', '12:00:00', '14:00:00', 10.55);

Insert into ChildcareTransaction VALUES ("0000000012","Regular Childcare", "000001", '2015-02-12 12:00:00', '12:00:00', '14:00:00', 10.55);

Insert into ChildcareTransaction VALUES ("0000000013","Regular Childcare", "000001", '2015-02-12 12:00:00', '12:00:00', '14:00:00', 10.55);

Insert into ChildcareTransaction VALUES ("0000000014","Regular Childcare", "000001", '2015-02-12 12:00:00', '12:00:00', '14:00:00', 10.55);

Insert into ChildcareTransaction VALUES ("0000000015","Regular Childcare", "000001", '2015-02-12 12:00:00', '12:00:00', '14:00:00', 10.55);

Insert into ChildcareTransaction VALUES ("0000000016","Regular Childcare", "000001", '2015-02-12 12:00:00', '12:00:00', '14:00:00', 10.55);

Insert into ChildcareTransaction VALUES ("0000000017","Regular Childcare", "000001", '2015-02-12 12:00:00', '12:00:00', '14:00:00', 10.55);

Insert into ChildcareTransaction VALUES ("0000000018","Regular Childcare", "000001", '2015-02-12 12:00:00', '12:00:00', '14:00:00', 10.55);

Insert into ChildcareTransaction VALUES ("0000000019","Regular Childcare", "000001", '2015-02-12 12:00:00', '12:00:00', '14:00:00', 10.55);

Insert into ChildcareTransaction VALUES ("0000000020","Regular Childcare", "000001", '2015-02-12 12:00:00', '12:00:00', '14:00:00', 10.55);

Insert into ChildcareTransaction VALUES ("0000000021","Regular Childcare", "000001", '2015-02-12 12:00:00', '12:00:00', '14:00:00', 10.55);

Insert into ChildcareTransaction VALUES ("0000000022","Regular Childcare", "000001", '2015-02-12 12:00:00', '12:00:00', '14:00:00', 10.55);

Insert into ChildcareTransaction VALUES ("0000000023","Regular Childcare", "000001", '2015-02-12 12:00:00', '12:00:00', '14:00:00', 10.55);

Insert into ChildcareTransaction VALUES ("0000000024","Regular Childcare", "000001", '2015-02-12 12:00:00', '12:00:00', '14:00:00', 10.55);

Insert into ChildcareTransaction VALUES ("0000000025","Regular Childcare", "000001", '2015-02-12 12:00:00', '12:00:00', '14:00:00', 10.55);

Insert into ChildcareTransaction VALUES ("0000000026","Regular Childcare", "000001", '2015-02-12 12:00:00', '12:00:00', '14:00:00', 10.55);

Insert into ChildcareTransaction VALUES ("0000000027","Regular Childcare", "000001", '2015-02-12 12:00:00', '12:00:00', '14:00:00', 10.55);

Insert into ChildcareTransaction VALUES ("0000000028","Regular Childcare", "000001", '2015-02-12 12:00:00', '12:00:00', '14:00:00', 10.55);

Insert into ChildcareTransaction VALUES ("0000000029","Regular Childcare", "000001", '2015-02-12 12:00:00', '12:00:00', '14:00:00', 10.55);

Insert into ChildcareTransaction VALUES ("0000000030","Regular Childcare", "000001", '2015-02-12 12:00:00', '12:00:00', '14:00:00', 10.55);

Insert into ChildcareTransaction VALUES ("0000000031","Regular Childcare", "000001", '2015-02-12 12:00:00', '12:00:00', '14:00:00', 10.55);

Insert into ChildcareTransaction VALUES ("0000000032","Regular Childcare", "000001", '2015-02-12 12:00:00', '12:00:00', '14:00:00', 10.55);

Insert into ChildcareTransaction VALUES ("0000000033","Regular Childcare", "000001", '2015-02-12 12:00:00', '12:00:00', '14:00:00', 10.55);

Insert into ChildcareTransaction VALUES ("0000000034","Regular Childcare", "000001", '2015-02-12 12:00:00', '12:00:00', '14:00:00', 10.55);

Insert into ChildcareTransaction VALUES ("0000000050","Regular Childcare", "000001", '2015-04-21 12:00:00', '12:00:00', '14:00:00', 10.55);

Insert into ChildcareTransaction VALUES ("0000000054","Regular Childcare", "001000", '2015-04-21 12:00:00', '12:00:00', '14:00:00', 10.55);
Insert into ChildcareTransaction VALUES ("0000000051","Regular Childcare", "001000", '2015-04-21 12:00:00', '12:00:00', '14:00:00', 10.55);
Insert into ChildcareTransaction VALUES ("0000000052","Regular Childcare", "001001", '2015-04-21 12:00:00', '12:00:00', '14:00:00', 10.55);
Insert into ChildcareTransaction VALUES ("0000000053","Regular Childcare", "001001", '2015-04-21 12:00:00', '12:00:00', '14:00:00', 10.55);

Insert into ChildcareTransaction VALUES ("0000000055","Infant Childcare", "001000", '2015-04-21 12:00:00', '12:00:00', '14:00:00', 10.55);
Insert into ChildcareTransaction VALUES ("0000000056","Camp", "001000", '2015-04-21 12:00:00', '12:00:00', '14:00:00', 10.55);
Insert into ChildcareTransaction VALUES ("0000000057","Infant Childcare", "001001", '2015-04-21 12:00:00', '12:00:00', '14:00:00', 10.55);
Insert into ChildcareTransaction VALUES ("0000000058","Camp", "001001", '2015-04-21 12:00:00', '12:00:00', '14:00:00', 10.55);

INSERT into Guardian VALUES ("100040", "81DC9BDB52D04DC20036DBD8313ED0", "Bilbo", "Baggins", "555-123-4567", "myprecious@theshire.com", "123 Bag End", "Hole A", "Shire", "ME", "99999", "../../Pictures/Bilbo_Baggins.jpg", null);
INSERT into Guardian VALUES ("100041", "81DC9BDB52D04DC20036DBD8313ED0", "Gandalf", "The Grey", "555-123-4567", "myprecious@theshire.com", "123 Bag End", "Hole A", "Shire", "ME", "99999", "../../Pictures/Gandalf.jpg", null);
INSERT into Child VALUES ("100042", "Frodo", "Baggins", '2005-02-15', "Rings of Power", "Addicted to the Ring of power", "../../Pictures/Frodo_Baggins.jpg", null);
INSERT into AllowedConnections VALUES ("001000", "100040", "100042", "10004", NULL);
INSERT into AllowedConnections VALUES ("001001", "100041", "100042", "10004", NULL);
Insert into Family VALUES ('10004', 51.65, 24.25, 30.02);

Insert into Family VALUES ('12345', 51.65, 24.25, 30.02);

INSERT into Guardian VALUES ("123451", "81DC9BDB52D04DC20036DBD8313ED0", "Belba", "Baggins", "555-123-4567", "something@theshire.com", "123 Bag End", "Hole A", "Shire", "ME", "99999", "../../Pictures/Parent.jpg", null);

INSERT into AllowedConnections VALUES ("000002", "123450", "123452", "12345", NULL);

INSERT into AllowedConnections VALUES ("000003", "123450", "123453", "12345", NULL);

INSERT into AllowedConnections VALUES ("000004", "123451", "123451", "12345", NULL);

INSERT into Child VALUES ("123452", "Smeagol", "Golem", '2015-03-25', "Rings of Power", "Addicted to the Ring of power", "../../Pictures/Smeagol.jpg", null);

INSERT into Child VALUES ("123453", "Tauriel", "Silvan", '2013-01-15', "Authority", "Broken Heart", "../../Pictures/Tauriel.jpg", null);